PDR_Env,Burst_1_over_r,Action_N,Action_G,Success_Rate_URLLC,Expected_Latency,Coding_Rate
0.45,2,40,0,0.00096,26.081730769230763,0.675
0.45,2,40,1,0.01517,36.48914862329496,0.675
0.45,2,40,2,0.00311,47.76218154835518,0.675
0.45,2,41,0,0.00178,26.30023768366465,0.6585365853658537
0.45,2,41,1,0.02167,36.98936849952078,0.6585365853658537
0.45,2,41,2,0.00609,48.61074270557029,0.6585365853658537
0.45,2,42,0,0.00342,26.55617408906882,0.6428571428571429
0.45,2,42,1,0.03182,37.46627665232317,0.6428571428571429
0.45,2,42,2,0.00994,49.31763658876335,0.6428571428571429
0.45,2,43,0,0.00614,26.79685542470558,0.627906976744186
0.45,2,43,1,0.04243,37.95305389872913,0.627906976744186
0.45,2,43,2,0.01585,50.082746906090755,0.627906976744186
0.45,2,44,0,0.01057,27.056436940542902,0.6136363636363636
0.45,2,44,1,0.0568,38.438210996749724,0.6136363636363636
0.45,2,44,2,0.02403,50.862863728032266,0.6136363636363636
0.45,2,45,0,0.01655,27.290030211480364,0.6
0.45,2,45,1,0.07247,38.8414038700364,0.6
0.45,2,45,2,0.03572,51.524706047032474,0.6
0.45,2,46,0,0.02793,27.548541683880025,0.5869565217391305
0.45,2,46,1,0.09442,39.33671973017451,0.5869565217391305
0.45,2,46,2,0.05004,52.280368013281674,0.5869565217391305
0.45,2,47,0,0.04172,27.794361678589866,0.574468085106383
0.45,2,47,1,0.1189,39.777899980591314,0.574468085106383
0.45,2,47,2,0.06968,52.960925770555505,0.574468085106383
0.45,2,48,0,0.0622,28.03795139747712,0.5625
0.45,2,48,1,0.14465,40.21698263713472,0.5625
0.45,2,48,2,0.09437,53.64180272413821,0.5625
0.45,2,49,0,0.08499,28.26807678731435,0.5510204081632653
0.45,2,49,1,0.175,40.623065934065934,0.5510204081632653
0.45,2,49,2,0.12122,54.33809158173949,0.5510204081632653
0.45,2,50,0,0.11635,28.507685696340616,0.54
0.45,2,50,1,0.20887,41.057383871454824,0.54
0.45,2,50,2,0.15502,54.98392887270129,0.54
0.45,2,51,0,0.15472,28.716409543791265,0.5294117647058824
0.45,2,51,1,0.24286,41.42536219030907,0.5294117647058824
0.45,2,51,2,0.19325,55.65256741964374,0.5294117647058824
0.45,2,52,0,0.19738,28.931488070648573,0.5192307692307693
0.45,2,52,1,0.281,41.84901450862304,0.5192307692307693
0.45,2,52,2,0.23389,56.25896624646037,0.5192307692307693
0.45,2,53,0,0.25046,29.14669700059583,0.5094339622641509
0.45,2,53,1,0.32182,42.22307142549825,0.5094339622641509
0.45,2,53,2,0.28248,56.89327903405006,0.5094339622641509
0.45,2,54,0,0.30536,29.365490417363613,0.5
0.45,2,54,1,0.36289,42.632499358780045,0.5
0.45,2,54,2,0.33068,57.47494963757664,0.5
0.45,2,55,0,0.35978,29.5541907020102,0.4909090909090909
0.45,2,55,1,0.40535,42.9680380677667,0.4909090909090909
0.45,2,55,2,0.38188,58.04608626552037,0.4909090909090909
0.45,2,56,0,0.42081,29.755629253472694,0.48214285714285715
0.45,2,56,1,0.44642,43.33927519100675,0.48214285714285715
0.45,2,56,2,0.43648,58.55931146726257,0.48214285714285715
0.45,2,57,0,0.48278,29.93364751264312,0.47368421052631576
0.45,2,57,1,0.48461,43.67098523316925,0.47368421052631576
0.45,2,57,2,0.48528,59.134294396256564,0.47368421052631576
0.45,2,58,0,0.54406,30.099810470564616,0.46551724137931033
0.45,2,58,1,0.53291,44.028234670885396,0.46551724137931033
0.45,2,58,2,0.53875,59.629366410851325,0.46551724137931033
0.45,2,59,0,0.60589,30.264732935782956,0.4576271186440678
0.45,2,59,1,0.57028,44.353718281438,0.4576271186440678
0.45,2,59,2,0.59027,60.087378526906186,0.4576271186440678
0.45,2,60,0,0.66116,30.411383605504543,0.45
0.45,2,60,1,0.60753,44.617806148224396,0.45
0.45,2,60,2,0.63584,60.55643533932096,0.45
0.45,2,61,0,0.7126,30.547121591571486,0.4426229508196721
0.45,2,61,1,0.64608,44.9250539347354,0.4426229508196721
0.45,2,61,2,0.68195,60.94206940504323,0.4426229508196721
0.45,2,62,0,0.75883,30.67453919444813,0.43548387096774194
0.45,2,62,1,0.68177,45.209869446158805,0.43548387096774194
0.45,2,62,2,0.72513,61.36804116821493,0.43548387096774194
0.45,2,63,0,0.80351,30.79227748828936,0.42857142857142855
0.45,2,63,1,0.71731,45.44969292323992,0.42857142857142855
0.45,2,63,2,0.76467,61.771205225783675,0.42857142857142855
0.45,2,64,0,0.84093,30.902681920840386,0.421875
0.45,2,64,1,0.74781,45.71572838843268,0.421875
0.45,2,64,2,0.80226,62.07388766158678,0.421875
0.45,2,65,0,0.86941,30.991965815898137,0.4153846153846154
0.45,2,65,1,0.77755,45.948897671680776,0.4153846153846154
0.45,2,65,2,0.83179,62.36029781000566,0.4153846153846154
0.45,2,66,0,0.89881,31.081083278488734,0.4090909090909091
0.45,2,66,1,0.80106,46.1777783859463,0.4090909090909091
0.45,2,66,2,0.85967,62.697372247490314,0.4090909090909091
0.45,2,67,0,0.92102,31.14459115562512,0.40298507462686567
0.45,2,67,1,0.8274,46.388645618341044,0.40298507462686567
0.45,2,67,2,0.87986,62.914066092682575,0.40298507462686567
0.45,2,68,0,0.93796,31.206561826484307,0.39705882352941174
0.45,2,68,1,0.85059,46.56281115280162,0.39705882352941174
0.45,2,68,2,0.90236,63.1682402469422,0.39705882352941174
0.45,2,69,0,0.95358,31.253578619518024,0.391304347826087
0.45,2,69,1,0.87083,46.7206528872985,0.391304347826087
0.45,2,69,2,0.92059,63.364931310773116,0.391304347826087
0.45,2,70,0,0.96475,31.301208962066696,0.38571428571428573
0.45,2,70,1,0.88795,46.894129520459835,0.38571428571428573
0.45,2,70,2,0.93635,63.55559537648233,0.38571428571428573
0.45,2,71,0,0.97398,31.340630316212458,0.38028169014084506
0.45,2,71,1,0.90292,47.04333206110772,0.38028169014084506
0.45,2,71,2,0.94851,63.67725736641194,0.38028169014084506
0.45,2,72,0,0.981,31.364643613267468,0.375
0.45,2,72,1,0.91816,47.17090116688227,0.375
0.45,2,72,2,0.95903,63.87349016113236,0.375
0.45,2,73,0,0.98625,31.38647265282246,0.3698630136986301
0.45,2,73,1,0.92915,47.30933152302145,0.3698630136986301
0.45,2,73,2,0.96782,63.9769672682301,0.3698630136986301
0.45,2,74,0,0.99044,31.407023257728493,0.36486486486486486
0.45,2,74,1,0.94175,47.398290825182244,0.36486486486486486
0.45,2,74,2,0.97431,64.11130302865222,0.36486486486486486
0.45,2,75,0,0.99321,31.41900330164897,0.36
0.45,2,75,1,0.95005,47.48922526344768,0.36
0.45,2,75,2,0.98005,64.15688367547966,0.36
0.45,2,76,0,0.99451,31.420968424341936,0.35526315789473684
0.45,2,76,1,0.95756,47.59473196296999,0.35526315789473684
0.45,2,76,2,0.98485,64.20245566486109,0.35526315789473684
0.45,2,77,0,0.99627,31.44407100021542,0.35064935064935066
0.45,2,77,1,0.96443,47.667737579550774,0.35064935064935066
0.45,2,77,2,0.9876,64.30960837461443,0.35064935064935066
0.45,2,78,0,0.99755,31.45217128117734,0.34615384615384615
0.45,2,78,1,0.97026,47.744841192448014,0.34615384615384615
0.45,2,78,2,0.9911,64.36457355075555,0.34615384615384615
0.45,2,79,0,0.99827,31.44864172711097,0.34177215189873417
0.45,2,79,1,0.97586,47.7869914347739,0.34177215189873417
0.45,2,79,2,0.99276,64.37389875777552,0.34177215189873417
0.45,2,80,0,0.99885,31.4538334469255,0.3375
0.45,2,80,1,0.97926,47.875925541892705,0.3375
0.45,2,80,2,0.99446,64.36947612852124,0.3375
0.45,2,81,0,0.99928,31.463703866784076,0.3333333333333333
0.45,2,81,1,0.98287,47.941922047754964,0.3333333333333333
0.45,2,81,2,0.99542,64.47519350162204,0.3333333333333333
0.45,2,82,0,0.99949,31.453332545752176,0.32926829268292684
0.45,2,82,1,0.98602,47.983468505085696,0.32926829268292684
0.45,2,82,2,0.99675,64.4681628754992,0.32926829268292684
0.45,2,83,0,0.9997,31.45880687283107,0.3253012048192771
0.45,2,83,1,0.98915,47.99591724052119,0.3253012048192771
0.45,2,83,2,0.99781,64.45772684486717,0.3253012048192771
0.45,2,84,0,0.99979,31.458744797946032,0.32142857142857145
0.45,2,84,1,0.99084,48.037562534353135,0.32142857142857145
0.45,2,84,2,0.99847,64.49171077903037,0.32142857142857145
0.45,2,85,0,0.99982,31.460077236979576,0.3176470588235294
0.45,2,85,1,0.99254,48.04274115672144,0.3176470588235294
0.45,2,85,2,0.99868,64.45607913984921,0.3176470588235294
0.45,2,86,0,0.99992,31.460865907734153,0.313953488372093
0.45,2,86,1,0.99412,48.09586909489336,0.313953488372093
0.45,2,86,2,0.99902,64.47049262123035,0.313953488372093
0.45,2,87,0,0.99995,31.45823445018404,0.3103448275862069
0.45,2,87,1,0.99498,48.069037336660806,0.3103448275862069
0.45,2,87,2,0.9994,64.44613210233831,0.3103448275862069
0.45,2,88,0,0.99995,31.470191778819707,0.3068181818181818
0.45,2,88,1,0.9961,48.10676638891677,0.3068181818181818
0.45,2,88,2,0.99965,64.5085616504238,0.3068181818181818
0.45,2,89,0,0.99999,31.457172264030334,0.30337078651685395
0.45,2,89,1,0.99699,48.11323429677174,0.30337078651685395
0.45,2,89,2,0.99964,64.48628044557579,0.30337078651685395
0.45,2,90,0,1.0,31.46550288461538,0.3
0.45,2,90,1,0.99733,48.12979308600115,0.3
0.45,2,90,2,0.99969,64.54322378398842,0.3
0.45,2,91,0,0.99998,31.464767756893593,0.2967032967032967
0.45,2,91,1,0.99809,48.11999380354939,0.2967032967032967
0.45,2,91,2,0.99983,64.46912994439823,0.2967032967032967
0.45,2,92,0,0.99999,31.471278174320197,0.29347826086956524
0.45,2,92,1,0.99847,48.12528360699562,0.29347826086956524
0.45,2,92,2,0.99986,64.54181085351951,0.29347826086956524
0.45,2,93,0,1.0,31.460027884615375,0.2903225806451613
0.45,2,93,1,0.9988,48.15856142755922,0.2903225806451613
0.45,2,93,2,0.99989,64.5045887739959,0.2903225806451613
0.45,2,94,0,1.0,31.458738461538466,0.2872340425531915
0.45,2,94,1,0.9991,48.1295723843767,0.2872340425531915
0.45,2,94,2,0.99995,64.52424063510867,0.2872340425531915
0.45,2,95,0,1.0,31.45328365384615,0.28421052631578947
0.45,2,95,1,0.99922,48.16445096405965,0.28421052631578947
0.45,2,95,2,0.99995,64.49889225230493,0.28421052631578947
0.45,2,96,0,1.0,31.46254038461538,0.28125
0.45,2,96,1,0.9994,48.210108757562224,0.28125
0.45,2,96,2,0.99996,64.52879942120761,0.28125
0.45,2,97,0,1.0,31.460192307692306,0.27835051546391754
0.45,2,97,1,0.99948,48.167760697100945,0.27835051546391754
0.45,2,97,2,0.99997,64.52269625781081,0.27835051546391754
0.45,2,98,0,1.0,31.466674038461534,0.2755102040816326
0.45,2,98,1,0.99975,48.187183334295106,0.2755102040816326
0.45,2,98,2,0.99998,64.56174123482468,0.2755102040816326
0.45,2,99,0,1.0,31.46101153846154,0.2727272727272727
0.45,2,99,1,0.99974,48.16123538273797,0.2727272727272727
0.45,2,99,2,0.99999,64.56375525293714,0.2727272727272727
0.45,2,100,0,1.0,31.46534423076923,0.27
0.45,2,100,1,0.99981,48.212733496287356,0.27
0.45,2,100,2,0.99999,64.5318568570301,0.27
0.45,2,101,0,1.0,31.468350000000004,0.26732673267326734
0.45,2,101,1,0.99976,48.171934341164956,0.26732673267326734
0.45,2,101,2,1.0,64.54132211538462,0.26732673267326734
0.45,2,102,0,1.0,31.4738625,0.2647058823529412
0.45,2,102,1,0.99981,48.23502426999591,0.2647058823529412
0.45,2,102,2,0.99998,64.52443375790592,0.2647058823529412
0.45,2,103,0,1.0,31.452501923076923,0.2621359223300971
0.45,2,103,1,0.9999,48.167555217060155,0.2621359223300971
0.45,2,103,2,1.0,64.54139134615384,0.2621359223300971
0.45,2,104,0,1.0,31.46830673076923,0.25961538461538464
0.45,2,104,1,0.99997,48.16616806196494,0.25961538461538464
0.45,2,104,2,1.0,64.5137423076923,0.25961538461538464
0.45,2,105,0,1.0,31.457117307692304,0.2571428571428571
0.45,2,105,1,0.99996,48.20149152119931,0.2571428571428571
0.45,2,105,2,0.99999,64.50567005670057,0.2571428571428571
0.45,2,106,0,1.0,31.47420288461539,0.25471698113207547
0.45,2,106,1,0.99996,48.178171357623526,0.25471698113207547
0.45,2,106,2,0.99998,64.53792537389207,0.25471698113207547
0.45,2,107,0,1.0,31.4574,0.2523364485981308
0.45,2,107,1,0.99997,48.20208837034341,0.2523364485981308
0.45,2,107,2,1.0,64.5369346153846,0.2523364485981308
0.45,2,108,0,1.0,31.4619,0.25
0.45,2,108,1,0.99998,48.17647506796289,0.25
0.45,2,108,2,0.99998,64.51265563772813,0.25
0.45,2,109,0,1.0,31.460702884615387,0.24770642201834864
0.45,2,109,1,0.99999,48.21267443443664,0.24770642201834864
0.45,2,109,2,0.99999,64.55485901012855,0.24770642201834864
0.45,2,110,0,1.0,31.463826923076926,0.24545454545454545
0.45,2,110,1,0.99999,48.16823937470143,0.24545454545454545
0.45,2,110,2,1.0,64.52876538461538,0.24545454545454545
0.45,2,111,0,1.0,31.468000961538454,0.24324324324324326
0.45,2,111,1,1.0,48.18718846153846,0.24324324324324326
0.45,2,111,2,0.99999,64.53350975817449,0.24324324324324326
0.45,2,112,0,1.0,31.462713461538456,0.24107142857142858
0.45,2,112,1,1.0,48.17434615384615,0.24107142857142858
0.45,2,112,2,0.99999,64.55750711353268,0.24107142857142858
0.45,2,113,0,1.0,31.47693461538461,0.23893805309734514
0.45,2,113,1,0.99999,48.181964511952806,0.23893805309734514
0.45,2,113,2,1.0,64.53441634615385,0.23893805309734514
0.45,2,114,0,1.0,31.46995673076923,0.23684210526315788
0.45,2,114,1,1.0,48.19754423076923,0.23684210526315788
0.45,2,114,2,0.99999,64.54719162576241,0.23684210526315788
0.45,2,115,0,1.0,31.467565384615384,0.23478260869565218
0.45,2,115,1,1.0,48.17593846153846,0.23478260869565218
0.45,2,115,2,0.99998,64.5534247223406,0.23478260869565218
0.45,2,116,0,1.0,31.475939423076916,0.23275862068965517
0.45,2,116,1,1.0,48.19328653846153,0.23275862068965517
0.45,2,116,2,0.99999,64.5309481940973,0.23275862068965517
0.45,2,117,0,1.0,31.471476923076924,0.23076923076923078
0.45,2,117,1,1.0,48.18078461538461,0.23076923076923078
0.45,2,117,2,1.0,64.52674903846153,0.23076923076923078
0.45,2,118,0,1.0,31.46589519230768,0.2288135593220339
0.45,2,118,1,1.0,48.18450000000001,0.2288135593220339
0.45,2,118,2,0.99999,64.54650796507964,0.2288135593220339
0.45,2,119,0,1.0,31.466117307692304,0.226890756302521
0.45,2,119,1,1.0,48.18873461538461,0.226890756302521
0.45,2,119,2,1.0,64.53191538461537,0.226890756302521
0.45,2,120,0,1.0,31.460247115384615,0.225
0.45,2,120,1,1.0,48.20443846153846,0.225
0.45,2,120,2,1.0,64.50662019230766,0.225
0.45,2,121,0,1.0,31.47527307692307,0.2231404958677686
0.45,2,121,1,1.0,48.16292884615384,0.2231404958677686
0.45,2,121,2,1.0,64.52559807692306,0.2231404958677686
0.45,2,122,0,1.0,31.45912788461538,0.22131147540983606
0.45,2,122,1,1.0,48.21394038461537,0.22131147540983606
0.45,2,122,2,0.99997,64.53092631240476,0.22131147540983606
0.45,2,123,0,1.0,31.45814134615384,0.21951219512195122
0.45,2,123,1,1.0,48.17348653846153,0.21951219512195122
0.45,2,123,2,0.99998,64.52235679328972,0.21951219512195122
0.45,2,124,0,1.0,31.458729807692304,0.21774193548387097
0.45,2,124,1,1.0,48.16717499999999,0.21774193548387097
0.45,2,124,2,0.99996,64.48678331748654,0.21774193548387097
0.45,2,125,0,1.0,31.46234711538461,0.216
0.45,2,125,1,1.0,48.204721153846144,0.216
0.45,2,125,2,1.0,64.5205355769231,0.216
0.45,2,126,0,1.0,31.462540384615384,0.21428571428571427
0.45,2,126,1,1.0,48.18016153846154,0.21428571428571427
0.45,2,126,2,1.0,64.53797307692307,0.21428571428571427
0.45,2,127,0,1.0,31.464698076923074,0.2125984251968504
0.45,2,127,1,1.0,48.19371923076923,0.2125984251968504
0.45,2,127,2,1.0,64.51447788461537,0.2125984251968504
0.45,2,128,0,1.0,31.465938461538457,0.2109375
0.45,2,128,1,1.0,48.22234615384615,0.2109375
0.45,2,128,2,0.99998,64.51226620686258,0.2109375
0.45,3,40,0,0.00264,25.920017482517483,0.675
0.45,3,40,1,0.00352,36.75753933566433,0.675
0.45,3,40,2,0.00358,47.58003867640738,0.675
0.45,3,41,0,0.0046,26.179765886287626,0.6585365853658537
0.45,3,41,1,0.00604,37.40830361691289,0.6585365853658537
0.45,3,41,2,0.00559,48.45431402229256,0.6585365853658537
0.45,3,42,0,0.00808,26.47634234577304,0.6428571428571429
0.45,3,42,1,0.00926,37.790330619704264,0.6428571428571429
0.45,3,42,2,0.00926,49.25465193553746,0.6428571428571429
0.45,3,43,0,0.01232,26.685501998001996,0.627906976744186
0.45,3,43,1,0.01545,38.26811053024645,0.627906976744186
0.45,3,43,2,0.01472,50.017506270903006,0.627906976744186
0.45,3,44,0,0.01848,26.92026723276723,0.6136363636363636
0.45,3,44,1,0.02159,38.83876082231802,0.6136363636363636
0.45,3,44,2,0.02135,50.710998018375065,0.6136363636363636
0.45,3,45,0,0.02657,27.190404157378186,0.6
0.45,3,45,1,0.03144,39.305453611274224,0.6
0.45,3,45,2,0.02951,51.46521387795532,0.6
0.45,3,46,0,0.04012,27.404133752588386,0.5869565217391305
0.45,3,46,1,0.04282,39.75824560773183,0.5869565217391305
0.45,3,46,2,0.04206,52.186848458246466,0.5869565217391305
0.45,3,47,0,0.05386,27.656691850666974,0.574468085106383
0.45,3,47,1,0.05947,40.25074051557993,0.574468085106383
0.45,3,47,2,0.0583,52.89137749043409,0.574468085106383
0.45,3,48,0,0.07139,27.88783443059252,0.5625
0.45,3,48,1,0.07835,40.69181679838987,0.5625
0.45,3,48,2,0.07699,53.540020182441275,0.5625
0.45,3,49,0,0.09469,28.10780319585368,0.5510204081632653
0.45,3,49,1,0.09972,41.152515504952326,0.5510204081632653
0.45,3,49,2,0.10222,54.24140804900441,0.5510204081632653
0.45,3,50,0,0.12083,28.333712654142182,0.54
0.45,3,50,1,0.12893,41.58728051596275,0.54
0.45,3,50,2,0.12752,54.89876399478815,0.54
0.45,3,51,0,0.15029,28.565753645516104,0.5294117647058824
0.45,3,51,1,0.15891,42.033589404742884,0.5294117647058824
0.45,3,51,2,0.15729,55.580040786983375,0.5294117647058824
0.45,3,52,0,0.18614,28.763384259986275,0.5192307692307693
0.45,3,52,1,0.19302,42.46021735491738,0.5192307692307693
0.45,3,52,2,0.19489,56.211916386758595,0.5192307692307693
0.45,3,53,0,0.22533,28.991005499626187,0.5094339622641509
0.45,3,53,1,0.23233,42.88979700624774,0.5094339622641509
0.45,3,53,2,0.23349,56.82395803477006,0.5094339622641509
0.45,3,54,0,0.2675,29.192728253055357,0.5
0.45,3,54,1,0.27049,43.29079419970026,0.5
0.45,3,54,2,0.27256,57.44629622835339,0.5
0.45,3,55,0,0.31168,29.379143179395037,0.4909090909090909
0.45,3,55,1,0.31734,43.69491469959422,0.4909090909090909
0.45,3,55,2,0.31348,58.051669962996044,0.4909090909090909
0.45,3,56,0,0.35464,29.576043528431867,0.48214285714285715
0.45,3,56,1,0.36302,44.07435169920708,0.48214285714285715
0.45,3,56,2,0.36151,58.59976742849968,0.48214285714285715
0.45,3,57,0,0.40587,29.76342131148473,0.47368421052631576
0.45,3,57,1,0.41117,44.42908229985351,0.47368421052631576
0.45,3,57,2,0.40845,59.131522076894825,0.47368421052631576
0.45,3,58,0,0.45427,29.944551782995877,0.46551724137931033
0.45,3,58,1,0.45701,44.787717151450984,0.46551724137931033
0.45,3,58,2,0.45414,59.68341260404281,0.46551724137931033
0.45,3,59,0,0.50359,30.12650515452894,0.4576271186440678
0.45,3,59,1,0.50437,45.14208891213869,0.4576271186440678
0.45,3,59,2,0.50402,60.16800500895873,0.4576271186440678
0.45,3,60,0,0.5516,30.280298223350254,0.45
0.45,3,60,1,0.55044,45.44642258221395,0.45
0.45,3,60,2,0.55377,60.67751503331707,0.45
0.45,3,61,0,0.59774,30.43818897333803,0.4426229508196721
0.45,3,61,1,0.59605,45.769827647396646,0.4426229508196721
0.45,3,61,2,0.59476,61.185444225725185,0.4426229508196721
0.45,3,62,0,0.64371,30.58912995938209,0.43548387096774194
0.45,3,62,1,0.63739,46.06011052284135,0.43548387096774194
0.45,3,62,2,0.63825,61.59541263671698,0.43548387096774194
0.45,3,63,0,0.68096,30.734544161636066,0.42857142857142855
0.45,3,63,1,0.67778,46.351357486091466,0.42857142857142855
0.45,3,63,2,0.67755,62.030955705795186,0.42857142857142855
0.45,3,64,0,0.7221,30.861373877472747,0.421875
0.45,3,64,1,0.71618,46.63349834699913,0.421875
0.45,3,64,2,0.71786,62.44658670321404,0.421875
0.45,3,65,0,0.7603,30.98380446989549,0.4153846153846154
0.45,3,65,1,0.75273,46.872001299883806,0.4153846153846154
0.45,3,65,2,0.75138,62.81294341488584,0.4153846153846154
0.45,3,66,0,0.79178,31.09277149635582,0.4090909090909091
0.45,3,66,1,0.78541,47.11147925679189,0.4090909090909091
0.45,3,66,2,0.78332,63.174697245255885,0.4090909090909091
0.45,3,67,0,0.82138,31.198752989808895,0.40298507462686567
0.45,3,67,1,0.81375,47.33690889755405,0.40298507462686567
0.45,3,67,2,0.81641,63.45341895521951,0.40298507462686567
0.45,3,68,0,0.84777,31.294764499805368,0.39705882352941174
0.45,3,68,1,0.84076,47.515636036260226,0.39705882352941174
0.45,3,68,2,0.84182,63.76884652849229,0.39705882352941174
0.45,3,69,0,0.87301,31.40144112368084,0.391304347826087
0.45,3,69,1,0.86305,47.68057827115818,0.391304347826087
0.45,3,69,2,0.86402,64.06782450726746,0.391304347826087
0.45,3,70,0,0.8939,31.460640279845453,0.38571428571428573
0.45,3,70,1,0.88366,47.879829781381275,0.38571428571428573
0.45,3,70,2,0.88627,64.32153315841413,0.38571428571428573
0.45,3,71,0,0.90954,31.54198508629045,0.38028169014084506
0.45,3,71,1,0.90325,48.03364772509528,0.38028169014084506
0.45,3,71,2,0.90383,64.54419078979282,0.38028169014084506
0.45,3,72,0,0.92592,31.604595346333294,0.375
0.45,3,72,1,0.91974,48.15391389874396,0.375
0.45,3,72,2,0.91948,64.78279633806397,0.375
0.45,3,73,0,0.938,31.674042561915698,0.3698630136986301
0.45,3,73,1,0.93159,48.26634488430449,0.3698630136986301
0.45,3,73,2,0.93227,64.9324704546636,0.3698630136986301
0.45,3,74,0,0.94974,31.70661383439354,0.36486486486486486
0.45,3,74,1,0.94343,48.373993749485294,0.36486486486486486
0.45,3,74,2,0.94409,65.09813275624796,0.36486486486486486
0.45,3,75,0,0.95985,31.771030930313632,0.36
0.45,3,75,1,0.95551,48.51571009601799,0.36
0.45,3,75,2,0.95513,65.28264879770695,0.36
0.45,3,76,0,0.967,31.805175602577357,0.35526315789473684
0.45,3,76,1,0.96282,48.5562602163836,0.35526315789473684
0.45,3,76,2,0.96434,65.36604150148128,0.35526315789473684
0.45,3,77,0,0.97274,31.84877649336292,0.35064935064935066
0.45,3,77,1,0.96947,48.65331255539307,0.35064935064935066
0.45,3,77,2,0.96983,65.4647463988534,0.35064935064935066
0.45,3,78,0,0.97921,31.863536186549123,0.34615384615384615
0.45,3,78,1,0.97564,48.71928051961158,0.34615384615384615
0.45,3,78,2,0.97564,65.58542242882778,0.34615384615384615
0.45,3,79,0,0.98269,31.900938906314458,0.34177215189873417
0.45,3,79,1,0.98034,48.780136718658056,0.34177215189873417
0.45,3,79,2,0.9806,65.6578027189005,0.34177215189873417
0.45,3,80,0,0.9867,31.91505484482073,0.3375
0.45,3,80,1,0.98483,48.804682416879444,0.3375
0.45,3,80,2,0.98444,65.72798221089381,0.3375
0.45,3,81,0,0.98969,31.926054739751454,0.3333333333333333
0.45,3,81,1,0.98811,48.85829824303273,0.3333333333333333
0.45,3,81,2,0.98776,65.77019740858883,0.3333333333333333
0.45,3,82,0,0.99212,31.95713762913296,0.32926829268292684
0.45,3,82,1,0.99007,48.86449365274094,0.32926829268292684
0.45,3,82,2,0.99018,65.86710633031755,0.32926829268292684
0.45,3,83,0,0.99374,31.964678696331344,0.3253012048192771
0.45,3,83,1,0.99205,48.89674450341754,0.3253012048192771
0.45,3,83,2,0.99244,65.89465009316585,0.3253012048192771
0.45,3,84,0,0.99485,31.960651199832984,0.32142857142857145
0.45,3,84,1,0.99361,48.96439014533639,0.32142857142857145
0.45,3,84,2,0.99434,65.89556215100545,0.32142857142857145
0.45,3,85,0,0.9963,31.97055451323744,0.3176470588235294
0.45,3,85,1,0.9952,48.960276635542925,0.3176470588235294
0.45,3,85,2,0.99527,65.96408222430557,0.3176470588235294
0.45,3,86,0,0.99718,31.99537985580876,0.313953488372093
0.45,3,86,1,0.99603,48.979577769900345,0.313953488372093
0.45,3,86,2,0.9965,65.9591869620595,0.313953488372093
0.45,3,87,0,0.9979,31.986285622884985,0.3103448275862069
0.45,3,87,1,0.99722,48.97405363834537,0.3103448275862069
0.45,3,87,2,0.99738,66.01830063998445,0.3103448275862069
0.45,3,88,0,0.99833,31.99131877157931,0.3068181818181818
0.45,3,88,1,0.99765,49.028237511999336,0.3068181818181818
0.45,3,88,2,0.99798,65.98327467638475,0.3068181818181818
0.45,3,89,0,0.99876,31.994978581132916,0.30337078651685395
0.45,3,89,1,0.99824,49.00696957414279,0.30337078651685395
0.45,3,89,2,0.99838,66.0294436602681,0.30337078651685395
0.45,3,90,0,0.99886,32.01767418703476,0.3
0.45,3,90,1,0.99865,48.99780858004459,0.3
0.45,3,90,2,0.99889,66.01928717799834,0.3
0.45,3,91,0,0.99939,32.010225275879826,0.2967032967032967
0.45,3,91,1,0.99897,49.030468690443456,0.2967032967032967
0.45,3,91,2,0.99902,66.05880108660332,0.2967032967032967
0.45,3,92,0,0.99946,32.00691257894648,0.29347826086956524
0.45,3,92,1,0.99925,49.023952579819486,0.29347826086956524
0.45,3,92,2,0.99933,66.00066852483472,0.29347826086956524
0.45,3,93,0,0.99968,32.000714267026986,0.2903225806451613
0.45,3,93,1,0.99945,49.029941467807284,0.2903225806451613
0.45,3,93,2,0.99938,66.09619983620613,0.2903225806451613
0.45,3,94,0,0.99973,32.00586562217953,0.2872340425531915
0.45,3,94,1,0.99959,49.03604901086368,0.2872340425531915
0.45,3,94,2,0.99971,66.03159339285315,0.2872340425531915
0.45,3,95,0,0.99988,32.00914494354707,0.28421052631578947
0.45,3,95,1,0.99976,49.04860628089203,0.28421052631578947
0.45,3,95,2,0.99965,66.03947824046108,0.28421052631578947
0.45,3,96,0,0.99985,32.01537057481699,0.28125
0.45,3,96,1,0.99985,49.028779316897534,0.28125
0.45,3,96,2,0.99974,66.03714273403394,0.28125
0.45,3,97,0,0.99992,32.00964442540018,0.27835051546391754
0.45,3,97,1,0.99974,49.024323247121174,0.27835051546391754
0.45,3,97,2,0.99982,66.020681799647,0.27835051546391754
0.45,3,98,0,0.99993,32.01153407661612,0.2755102040816326
0.45,3,98,1,0.99998,49.01879960676136,0.2755102040816326
0.45,3,98,2,0.99986,66.08990643305448,0.2755102040816326
0.45,3,99,0,0.99995,32.003580948278184,0.2727272727272727
0.45,3,99,1,0.99993,49.03790188390109,0.2727272727272727
0.45,3,99,2,0.9999,66.06119746590042,0.2727272727272727
0.45,3,100,0,0.99999,32.010043177354845,0.27
0.45,3,100,1,0.99994,49.050069927272546,0.27
0.45,3,100,2,0.99988,66.03454914589751,0.27
0.45,3,101,0,0.99997,32.01354502173526,0.26732673267326734
0.45,3,101,1,0.99997,49.02955357891504,0.26732673267326734
0.45,3,101,2,0.99994,66.05370264523563,0.26732673267326734
0.45,3,102,0,0.99998,32.01584127836403,0.2647058823529412
0.45,3,102,1,0.99998,49.04618669296463,0.2647058823529412
0.45,3,102,2,0.99989,66.08337109389726,0.2647058823529412
0.45,3,103,0,0.99997,32.00472360324656,0.2621359223300971
0.45,3,103,1,0.99996,49.040394308080025,0.2621359223300971
0.45,3,103,2,0.99988,66.09841354039408,0.2621359223300971
0.45,3,104,0,0.99999,32.01776825460563,0.25961538461538464
0.45,3,104,1,0.99997,49.045684832083424,0.25961538461538464
0.45,3,104,2,0.99993,66.02332547893738,0.25961538461538464
0.45,3,105,0,1.0,32.00767499999999,0.2571428571428571
0.45,3,105,1,0.99999,49.045015450154494,0.2571428571428571
0.45,3,105,2,0.99987,66.03812341758275,0.2571428571428571
0.45,3,106,0,1.0,31.999370192307694,0.25471698113207547
0.45,3,106,1,1.0,49.05185192307693,0.25471698113207547
0.45,3,106,2,0.99985,66.01034866768475,0.25471698113207547
0.45,3,107,0,0.99998,32.017889396249466,0.2523364485981308
0.45,3,107,1,1.0,49.00023461538462,0.2523364485981308
0.45,3,107,2,0.99992,66.07308007717539,0.2523364485981308
0.45,3,108,0,1.0,32.01087403846154,0.25
0.45,3,108,1,1.0,49.03311923076923,0.25
0.45,3,108,2,0.99992,66.0499724593352,0.25
0.45,3,109,0,0.99999,32.01305186128784,0.24770642201834864
0.45,3,109,1,1.0,49.03372499999999,0.24770642201834864
0.45,3,109,2,0.99995,66.06367241438996,0.24770642201834864
0.45,3,110,0,1.0,32.01359711538461,0.24545454545454545
0.45,3,110,1,1.0,49.03962115384614,0.24545454545454545
0.45,3,110,2,0.99989,66.06099844059767,0.24545454545454545
0.45,3,111,0,1.0,31.998343269230766,0.24324324324324326
0.45,3,111,1,1.0,49.03946538461539,0.24324324324324326
0.45,3,111,2,0.99989,66.07229295222473,0.24324324324324326
0.45,3,112,0,1.0,32.01689134615384,0.24107142857142858
0.45,3,112,1,1.0,49.05050192307692,0.24107142857142858
0.45,3,112,2,0.99993,66.04188927840335,0.24107142857142858
0.45,3,113,0,1.0,32.01200192307692,0.23893805309734514
0.45,3,113,1,1.0,49.02137307692306,0.23893805309734514
0.45,3,113,2,0.99994,66.05082074155219,0.23893805309734514
0.45,3,114,0,1.0,32.0175375,0.23684210526315788
0.45,3,114,1,1.0,49.04464038461538,0.23684210526315788
0.45,3,114,2,0.99989,66.06034067593588,0.23684210526315788
0.45,3,115,0,1.0,31.996427884615386,0.23478260869565218
0.45,3,115,1,1.0,49.03094423076923,0.23478260869565218
0.45,3,115,2,0.99989,66.04144725150533,0.23478260869565218
0.45,3,116,0,1.0,32.0089673076923,0.23275862068965517
0.45,3,116,1,1.0,49.04514807692306,0.23275862068965517
0.45,3,116,2,0.99987,66.10624669668594,0.23275862068965517
0.45,3,117,0,1.0,32.00209326923077,0.23076923076923078
0.45,3,117,1,1.0,49.04117307692307,0.23076923076923078
0.45,3,117,2,0.99988,66.0372494699364,0.23076923076923078
0.45,3,118,0,1.0,32.00843653846154,0.2288135593220339
0.45,3,118,1,1.0,49.014519230769224,0.2288135593220339
0.45,3,118,2,0.99988,66.05153002975742,0.2288135593220339
0.45,3,119,0,1.0,32.01162692307692,0.226890756302521
0.45,3,119,1,1.0,49.04978076923077,0.226890756302521
0.45,3,119,2,0.99984,66.01107523357584,0.226890756302521
0.45,3,120,0,1.0,32.01074711538462,0.225
0.45,3,120,1,1.0,49.0480846153846,0.225
0.45,3,120,2,0.9999,66.01721422142214,0.225
0.45,3,121,0,1.0,32.00851730769231,0.2231404958677686
0.45,3,121,1,1.0,49.03318846153847,0.2231404958677686
0.45,3,121,2,0.9999,66.02846534653466,0.2231404958677686
0.45,3,122,0,1.0,32.0117451923077,0.22131147540983606
0.45,3,122,1,1.0,49.01738076923076,0.22131147540983606
0.45,3,122,2,0.9999,66.0068199127605,0.22131147540983606
0.45,3,123,0,1.0,32.007712500000004,0.21951219512195122
0.45,3,123,1,1.0,49.02020192307692,0.21951219512195122
0.45,3,123,2,0.99993,66.05423052690612,0.21951219512195122
0.45,3,124,0,1.0,32.01148557692307,0.21774193548387097
0.45,3,124,1,1.0,49.04547692307692,0.21774193548387097
0.45,3,124,2,0.9999,66.06153499965382,0.21774193548387097
0.45,3,125,0,1.0,32.01145096153846,0.216
0.45,3,125,1,1.0,49.02143076923077,0.216
0.45,3,125,2,0.99989,66.07579814548832,0.216
0.45,3,126,0,1.0,32.014569230769226,0.21428571428571427
0.45,3,126,1,1.0,49.00633846153845,0.21428571428571427
0.45,3,126,2,0.99993,66.05630759537782,0.21428571428571427
0.45,3,127,0,1.0,32.01199903846153,0.2125984251968504
0.45,3,127,1,1.0,49.01155961538461,0.2125984251968504
0.45,3,127,2,0.99992,66.05792598023226,0.2125984251968504
0.45,3,128,0,1.0,32.01361153846153,0.2109375
0.45,3,128,1,1.0,49.05413653846154,0.2109375
0.45,3,128,2,0.99991,66.03785590703163,0.2109375
0.45,5,40,0,0.01835,25.686753301194713,0.675
0.45,5,40,1,0.00674,36.738187628395345,0.675
0.45,5,40,2,0.00412,47.65776699029125,0.675
0.45,5,41,0,0.02561,25.954667647853903,0.6585365853658537
0.45,5,41,1,0.01003,37.21872843009432,0.6585365853658537
0.45,5,41,2,0.0074,48.445945945945944,0.6585365853658537
0.45,5,42,0,0.03351,26.169857447834172,0.6428571428571429
0.45,5,42,1,0.01425,37.65627530364372,0.6428571428571429
0.45,5,42,2,0.01126,49.19498906954502,0.6428571428571429
0.45,5,43,0,0.04354,26.391183173739442,0.627906976744186
0.45,5,43,1,0.02254,38.160364480240254,0.627906976744186
0.45,5,43,2,0.01697,49.92135442636325,0.627906976744186
0.45,5,44,0,0.05847,26.612414650511106,0.6136363636363636
0.45,5,44,1,0.03151,38.6617191123697,0.6136363636363636
0.45,5,44,2,0.02354,50.69178485066335,0.6136363636363636
0.45,5,45,0,0.07135,26.85801304511886,0.6
0.45,5,45,1,0.04309,39.14561650927397,0.6
0.45,5,45,2,0.03591,51.338924233661075,0.6
0.45,5,46,0,0.09088,27.061869413596966,0.5869565217391305
0.45,5,46,1,0.05613,39.59791144184516,0.5869565217391305
0.45,5,46,2,0.04706,52.10727303932786,0.5869565217391305
0.45,5,47,0,0.10959,27.25060013897955,0.574468085106383
0.45,5,47,1,0.07492,40.03431865785043,0.574468085106383
0.45,5,47,2,0.06263,52.78233581842076,0.574468085106383
0.45,5,48,0,0.13242,27.499716810149526,0.5625
0.45,5,48,1,0.09328,40.51035344372608,0.5625
0.45,5,48,2,0.08393,53.42016928026102,0.5625
0.45,5,49,0,0.15945,27.725323829510096,0.5510204081632653
0.45,5,49,1,0.1187,40.94880435487006,0.5510204081632653
0.45,5,49,2,0.10741,54.1412309411099,0.5510204081632653
0.45,5,50,0,0.187,27.926732825997533,0.54
0.45,5,50,1,0.14525,41.40933403945453,0.54
0.45,5,50,2,0.1345,54.805376036602794,0.54
0.45,5,51,0,0.21615,28.13083862702183,0.5294117647058824
0.45,5,51,1,0.17862,41.824532957804706,0.5294117647058824
0.45,5,51,2,0.16452,55.41607052684733,0.5294117647058824
0.45,5,52,0,0.24994,28.33460030407298,0.5192307692307693
0.45,5,52,1,0.21332,42.23833100145682,0.5192307692307693
0.45,5,52,2,0.1995,56.09405725853094,0.5192307692307693
0.45,5,53,0,0.27879,28.519181104056816,0.5094339622641509
0.45,5,53,1,0.25097,42.658676642320096,0.5094339622641509
0.45,5,53,2,0.23721,56.67946366899825,0.5094339622641509
0.45,5,54,0,0.31893,28.726592403927555,0.5
0.45,5,54,1,0.28626,43.05296019218676,0.5
0.45,5,54,2,0.27904,57.32119671290578,0.5
0.45,5,55,0,0.34964,28.922930618746314,0.4909090909090909
0.45,5,55,1,0.32745,43.44233412030022,0.4909090909090909
0.45,5,55,2,0.32006,57.89210196165142,0.4909090909090909
0.45,5,56,0,0.38834,29.088011694748054,0.48214285714285715
0.45,5,56,1,0.37347,43.831942015731876,0.48214285714285715
0.45,5,56,2,0.368,58.466270380434786,0.48214285714285715
0.45,5,57,0,0.4243,29.274053191682224,0.47368421052631576
0.45,5,57,1,0.41652,44.17640394034085,0.47368421052631576
0.45,5,57,2,0.41129,59.00117500846306,0.47368421052631576
0.45,5,58,0,0.45969,29.451898603908656,0.46551724137931033
0.45,5,58,1,0.45809,44.54576863464854,0.46551724137931033
0.45,5,58,2,0.45793,59.56852659711174,0.46551724137931033
0.45,5,59,0,0.50086,29.61941230314628,0.4576271186440678
0.45,5,59,1,0.50123,44.88572726477481,0.4576271186440678
0.45,5,59,2,0.50166,60.06425781789074,0.4576271186440678
0.45,5,60,0,0.53538,29.782277217907044,0.45
0.45,5,60,1,0.54528,45.20180880958829,0.45
0.45,5,60,2,0.54822,60.55949604734763,0.45
0.45,5,61,0,0.56917,29.93740885851327,0.4426229508196721
0.45,5,61,1,0.5858,45.51303608477558,0.4426229508196721
0.45,5,61,2,0.59147,61.060958290361285,0.4426229508196721
0.45,5,62,0,0.60514,30.073852903714588,0.43548387096774194
0.45,5,62,1,0.62609,45.810137888752784,0.43548387096774194
0.45,5,62,2,0.63156,61.50252945088353,0.43548387096774194
0.45,5,63,0,0.63919,30.238796818569657,0.42857142857142855
0.45,5,63,1,0.66632,46.10633779565373,0.42857142857142855
0.45,5,63,2,0.6756,61.9317060049187,0.42857142857142855
0.45,5,64,0,0.67181,30.377188548044142,0.421875
0.45,5,64,1,0.70172,46.35824227502532,0.421875
0.45,5,64,2,0.71228,62.31003311143845,0.421875
0.45,5,65,0,0.70291,30.508216939908053,0.4153846153846154
0.45,5,65,1,0.73666,46.60970043585497,0.4153846153846154
0.45,5,65,2,0.74849,62.700406048279774,0.4153846153846154
0.45,5,66,0,0.7319,30.6433058845786,0.4090909090909091
0.45,5,66,1,0.76441,46.87757174210778,0.4090909090909091
0.45,5,66,2,0.779,63.05662955465588,0.4090909090909091
0.45,5,67,0,0.75681,30.752284640083424,0.40298507462686567
0.45,5,67,1,0.79414,47.1000002905901,0.40298507462686567
0.45,5,67,2,0.80839,63.37058845359293,0.40298507462686567
0.45,5,68,0,0.78154,30.8681048364078,0.39705882352941174
0.45,5,68,1,0.823,47.311905318254034,0.39705882352941174
0.45,5,68,2,0.83591,63.67035050700158,0.39705882352941174
0.45,5,69,0,0.80698,30.974277076736247,0.391304347826087
0.45,5,69,1,0.84624,47.47783634757188,0.391304347826087
0.45,5,69,2,0.85764,63.95310767831581,0.391304347826087
0.45,5,70,0,0.82584,31.07699433304272,0.38571428571428573
0.45,5,70,1,0.8665,47.66417950197522,0.38571428571428573
0.45,5,70,2,0.87949,64.19972632740827,0.38571428571428573
0.45,5,71,0,0.84664,31.180932864027213,0.38028169014084506
0.45,5,71,1,0.88541,47.85766567943752,0.38028169014084506
0.45,5,71,2,0.89686,64.45503350149838,0.38028169014084506
0.45,5,72,0,0.86287,31.266844501934955,0.375
0.45,5,72,1,0.90288,47.972142988590356,0.375
0.45,5,72,2,0.9152,64.6424404922001,0.375
0.45,5,73,0,0.87954,31.3522114269522,0.3698630136986301
0.45,5,73,1,0.91791,48.12423792176709,0.3698630136986301
0.45,5,73,2,0.92852,64.84921827623114,0.3698630136986301
0.45,5,74,0,0.89501,31.434678856188114,0.36486486486486486
0.45,5,74,1,0.92916,48.25384466366643,0.36486486486486486
0.45,5,74,2,0.9406,65.04891108784899,0.36486486486486486
0.45,5,75,0,0.90833,31.519474877395457,0.36
0.45,5,75,1,0.9415,48.35728787940683,0.36
0.45,5,75,2,0.9506,65.20538951107801,0.36
0.45,5,76,0,0.9183,31.554318598748516,0.35526315789473684
0.45,5,76,1,0.95053,48.450668007888716,0.35526315789473684
0.45,5,76,2,0.95811,65.28888906284246,0.35526315789473684
0.45,5,77,0,0.93035,31.625430462481038,0.35064935064935066
0.45,5,77,1,0.95854,48.522400252948785,0.35064935064935066
0.45,5,77,2,0.96578,65.4364447548972,0.35064935064935066
0.45,5,78,0,0.94071,31.684567425749616,0.34615384615384615
0.45,5,78,1,0.96605,48.64938707584015,0.34615384615384615
0.45,5,78,2,0.97284,65.54646210302587,0.34615384615384615
0.45,5,79,0,0.94882,31.74071680938104,0.34177215189873417
0.45,5,79,1,0.97292,48.70862178564764,0.34177215189873417
0.45,5,79,2,0.97852,65.64884291504596,0.34177215189873417
0.45,5,80,0,0.95558,31.779192298837433,0.3375
0.45,5,80,1,0.9778,48.76638489859496,0.3375
0.45,5,80,2,0.98198,65.7126682432824,0.3375
0.45,5,81,0,0.96175,31.820044590190154,0.3333333333333333
0.45,5,81,1,0.98135,48.7921309342311,0.3333333333333333
0.45,5,81,2,0.9857,65.8007107405124,0.3333333333333333
0.45,5,82,0,0.96688,31.850019770172736,0.32926829268292684
0.45,5,82,1,0.98436,48.86411748984893,0.32926829268292684
0.45,5,82,2,0.98812,65.75372346553985,0.32926829268292684
0.45,5,83,0,0.9724,31.89794283770528,0.3253012048192771
0.45,5,83,1,0.98763,48.8858175632575,0.3253012048192771
0.45,5,83,2,0.99032,65.91653164167603,0.3253012048192771
0.45,5,84,0,0.97542,31.925803559176874,0.32142857142857145
0.45,5,84,1,0.99062,48.93768548989521,0.32142857142857145
0.45,5,84,2,0.99303,65.90679923683457,0.32142857142857145
0.45,5,85,0,0.98045,31.950484863700733,0.3176470588235294
0.45,5,85,1,0.99212,48.95769626192862,0.3176470588235294
0.45,5,85,2,0.9943,65.92009067066897,0.3176470588235294
0.45,5,86,0,0.98274,31.96278830303343,0.313953488372093
0.45,5,86,1,0.99356,48.988681338589736,0.313953488372093
0.45,5,86,2,0.99543,66.03447176674324,0.313953488372093
0.45,5,87,0,0.98538,31.996645768832643,0.3103448275862069
0.45,5,87,1,0.99461,49.00587435508157,0.3103448275862069
0.45,5,87,2,0.99648,65.9904662488884,0.3103448275862069
0.45,5,88,0,0.98811,32.01587062480586,0.3068181818181818
0.45,5,88,1,0.99583,49.02566394171386,0.3068181818181818
0.45,5,88,2,0.99731,65.99431412808146,0.3068181818181818
0.45,5,89,0,0.99013,32.033482976982825,0.30337078651685395
0.45,5,89,1,0.9967,49.04284330598668,0.30337078651685395
0.45,5,89,2,0.99779,66.040415664773,0.30337078651685395
0.45,5,90,0,0.99204,32.06098331177713,0.3
0.45,5,90,1,0.99729,49.060218576958945,0.3
0.45,5,90,2,0.99831,66.03123605816907,0.3
0.45,5,91,0,0.99287,32.0651262734063,0.2967032967032967
0.45,5,91,1,0.99793,49.068194238997805,0.2967032967032967
0.45,5,91,2,0.99877,66.06066423239045,0.2967032967032967
0.45,5,92,0,0.99411,32.060667137130004,0.29347826086956524
0.45,5,92,1,0.99845,49.06420336136395,0.29347826086956524
0.45,5,92,2,0.99906,66.07868030564116,0.29347826086956524
0.45,5,93,0,0.99501,32.070356076823344,0.2903225806451613
0.45,5,93,1,0.99862,49.060536232308266,0.2903225806451613
0.45,5,93,2,0.99929,66.07024930007996,0.2903225806451613
0.45,5,94,0,0.99578,32.09486146924638,0.2872340425531915
0.45,5,94,1,0.99908,49.08563378308043,0.2872340425531915
0.45,5,94,2,0.99955,66.06413366784282,0.2872340425531915
0.45,5,95,0,0.99673,32.0871982150864,0.28421052631578947
0.45,5,95,1,0.99918,49.088925996239986,0.28421052631578947
0.45,5,95,2,0.99964,66.06363098407734,0.28421052631578947
0.45,5,96,0,0.99746,32.12136904660915,0.28125
0.45,5,96,1,0.99942,49.08345301813513,0.28125
0.45,5,96,2,0.99956,66.07064416035364,0.28125
0.45,5,97,0,0.99768,32.0973572148924,0.27835051546391754
0.45,5,97,1,0.99958,49.084553974207616,0.27835051546391754
0.45,5,97,2,0.99973,66.05645447347707,0.27835051546391754
0.45,5,98,0,0.99812,32.09872733816498,0.2755102040816326
0.45,5,98,1,0.99965,49.07041118237538,0.2755102040816326
0.45,5,98,2,0.99979,66.05155544202744,0.2755102040816326
0.45,5,99,0,0.99876,32.099025869000634,0.2727272727272727
0.45,5,99,1,0.99968,49.10821655237367,0.2727272727272727
0.45,5,99,2,0.99981,66.11950982225085,0.2727272727272727
0.45,5,100,0,0.99887,32.13342326829317,0.27
0.45,5,100,1,0.99984,49.110034528601496,0.27
0.45,5,100,2,0.9998,66.07664802191208,0.27
0.45,5,101,0,0.99895,32.10216689061976,0.26732673267326734
0.45,5,101,1,0.99982,49.08995542274533,0.26732673267326734
0.45,5,101,2,0.99982,66.08890369497279,0.26732673267326734
0.45,5,102,0,0.99914,32.115861948968416,0.2647058823529412
0.45,5,102,1,0.99989,49.11419679241641,0.2647058823529412
0.45,5,102,2,0.99985,66.10704394120656,0.2647058823529412
0.45,5,103,0,0.99936,32.13495194616862,0.2621359223300971
0.45,5,103,1,0.99988,49.04929168423287,0.2621359223300971
0.45,5,103,2,0.99986,66.1028890198474,0.2621359223300971
0.45,5,104,0,0.99935,32.11682305036735,0.25961538461538464
0.45,5,104,1,0.99992,49.077112707478136,0.25961538461538464
0.45,5,104,2,0.99984,66.11851261586469,0.25961538461538464
0.45,5,105,0,0.99956,32.12377195966226,0.2571428571428571
0.45,5,105,1,0.99994,49.09975752391298,0.2571428571428571
0.45,5,105,2,0.99987,66.11386307143005,0.2571428571428571
0.45,5,106,0,0.99959,32.12104751409616,0.25471698113207547
0.45,5,106,1,0.99998,49.08830291990456,0.25471698113207547
0.45,5,106,2,0.99985,66.02922553767681,0.25471698113207547
0.45,5,107,0,0.99974,32.12084180348429,0.2523364485981308
0.45,5,107,1,0.99998,49.08538940009569,0.2523364485981308
0.45,5,107,2,0.99992,66.03604730686146,0.2523364485981308
0.45,5,108,0,0.99979,32.108545679208014,0.25
0.45,5,108,1,0.99997,49.07144522027968,0.25
0.45,5,108,2,0.99983,66.10241433351362,0.25
0.45,5,109,0,0.99978,32.14026701258892,0.24770642201834864
0.45,5,109,1,0.99999,49.12715280998964,0.24770642201834864
0.45,5,109,2,0.99987,66.13101722454688,0.24770642201834864
0.45,5,110,0,0.99978,32.11788035675541,0.24545454545454545
0.45,5,110,1,0.99998,49.09500113079184,0.24545454545454545
0.45,5,110,2,0.99984,66.07770320174306,0.24545454545454545
0.45,5,111,0,0.99989,32.11920234302697,0.24324324324324326
0.45,5,111,1,0.99999,49.08473700121617,0.24324324324324326
0.45,5,111,2,0.99987,66.03818400238185,0.24324324324324326
0.45,5,112,0,0.99986,32.12952794160413,0.24107142857142858
0.45,5,112,1,0.99997,49.07827042503583,0.24107142857142858
0.45,5,112,2,0.99984,66.11370896266479,0.24107142857142858
0.45,5,113,0,0.99995,32.12339366968349,0.23893805309734514
0.45,5,113,1,0.99998,49.110959142259766,0.23893805309734514
0.45,5,113,2,0.99984,66.05488801285128,0.23893805309734514
0.45,5,114,0,0.99994,32.13575602997718,0.23684210526315788
0.45,5,114,1,1.0,49.11216923076923,0.23684210526315788
0.45,5,114,2,0.99983,66.08034327374114,0.23684210526315788
0.45,5,115,0,1.0,32.13728365384615,0.23478260869565218
0.45,5,115,1,0.99999,49.08561970235086,0.23478260869565218
0.45,5,115,2,0.99988,66.06693572459463,0.23478260869565218
0.45,5,116,0,0.99996,32.14491848904725,0.23275862068965517
0.45,5,116,1,0.99999,49.09608519162115,0.23275862068965517
0.45,5,116,2,0.99984,66.06591477713359,0.23275862068965517
0.45,5,117,0,0.99996,32.149917727478325,0.23076923076923078
0.45,5,117,1,1.0,49.101825,0.23076923076923078
0.45,5,117,2,0.99989,66.04693439355252,0.23076923076923078
0.45,5,118,0,0.99998,32.1256896291772,0.2288135593220339
0.45,5,118,1,1.0,49.08243461538462,0.2288135593220339
0.45,5,118,2,0.99987,66.07459546664141,0.2288135593220339
0.45,5,119,0,0.99999,32.12717415635695,0.226890756302521
0.45,5,119,1,1.0,49.113842307692295,0.226890756302521
0.45,5,119,2,0.9998,66.10789465585427,0.226890756302521
0.45,5,120,0,0.99999,32.12159236976985,0.225
0.45,5,120,1,1.0,49.08615,0.225
0.45,5,120,2,0.99985,66.07976292597735,0.225
0.45,5,121,0,0.99998,32.13683600595088,0.2231404958677686
0.45,5,121,1,1.0,49.09337307692308,0.2231404958677686
0.45,5,121,2,0.99989,66.02502909935477,0.2231404958677686
0.45,5,122,0,1.0,32.13050769230769,0.22131147540983606
0.45,5,122,1,1.0,49.1032326923077,0.22131147540983606
0.45,5,122,2,0.99988,66.07382501284768,0.22131147540983606
0.45,5,123,0,1.0,32.14759326923076,0.21951219512195122
0.45,5,123,1,1.0,49.10117884615385,0.21951219512195122
0.45,5,123,2,0.99992,66.07933730852314,0.21951219512195122
0.45,5,124,0,1.0,32.125387499999995,0.21774193548387097
0.45,5,124,1,1.0,49.08615,0.21774193548387097
0.45,5,124,2,0.99982,66.1099709486169,0.21774193548387097
0.45,5,125,0,1.0,32.13371826923077,0.216
0.45,5,125,1,1.0,49.10091923076923,0.216
0.45,5,125,2,0.99987,66.09063312846054,0.216
0.45,5,126,0,1.0,32.143197115384616,0.21428571428571427
0.45,5,126,1,1.0,49.09532884615384,0.21428571428571427
0.45,5,126,2,0.9999,66.11007062244684,0.21428571428571427
0.45,5,127,0,1.0,32.13328269230769,0.2125984251968504
0.45,5,127,1,1.0,49.07702884615385,0.2125984251968504
0.45,5,127,2,0.99983,66.07786785291961,0.2125984251968504
0.45,5,128,0,1.0,32.135333653846146,0.2109375
0.45,5,128,1,1.0,49.11582115384615,0.2109375
0.45,5,128,2,0.99986,66.06578478679322,0.2109375
0.45,10,40,0,0.07377,25.179638377076362,0.675
0.45,10,40,1,0.0294,36.13461538461538,0.675
0.45,10,40,2,0.01503,47.12171810225703,0.675
0.45,10,41,0,0.08569,25.387308455344396,0.6585365853658537
0.45,10,41,1,0.03826,36.61817925931883,0.6585365853658537
0.45,10,41,2,0.02026,47.92134938112233,0.6585365853658537
0.45,10,42,0,0.102,25.588574660633483,0.6428571428571429
0.45,10,42,1,0.04871,37.06792950428754,0.6428571428571429
0.45,10,42,2,0.02845,48.63502095444099,0.6428571428571429
0.45,10,43,0,0.11657,25.79341564329125,0.627906976744186
0.45,10,43,1,0.06125,37.52128728414442,0.627906976744186
0.45,10,43,2,0.03771,49.33013585459886,0.627906976744186
0.45,10,44,0,0.13359,26.02573459551901,0.6136363636363636
0.45,10,44,1,0.07535,37.97210453779797,0.6136363636363636
0.45,10,44,2,0.05118,50.01713409685273,0.6136363636363636
0.45,10,45,0,0.15282,26.197959137446766,0.6
0.45,10,45,1,0.09191,38.40389427784705,0.6
0.45,10,45,2,0.0662,50.69057924703694,0.6
0.45,10,46,0,0.17254,26.422568679726435,0.5869565217391305
0.45,10,46,1,0.11196,38.826469618270266,0.5869565217391305
0.45,10,46,2,0.08184,51.37227188134447,0.5869565217391305
0.45,10,47,0,0.19286,26.614428361745066,0.574468085106383
0.45,10,47,1,0.13246,39.26347866990325,0.574468085106383
0.45,10,47,2,0.10201,52.09226282491158,0.574468085106383
0.45,10,48,0,0.21568,26.81583560402876,0.5625
0.45,10,48,1,0.15529,39.6895510632712,0.5625
0.45,10,48,2,0.12445,52.68661340668171,0.5625
0.45,10,49,0,0.2384,26.994905943469284,0.5510204081632653
0.45,10,49,1,0.17972,40.13432219349758,0.5510204081632653
0.45,10,49,2,0.14902,53.33087066268854,0.5510204081632653
0.45,10,50,0,0.25684,27.17560618403556,0.54
0.45,10,50,1,0.20723,40.53481081963927,0.54
0.45,10,50,2,0.17706,54.01825978156035,0.54
0.45,10,51,0,0.28355,27.371556366398544,0.5294117647058824
0.45,10,51,1,0.2337,40.929421348869354,0.5294117647058824
0.45,10,51,2,0.21073,54.640142873308534,0.5294117647058824
0.45,10,52,0,0.30657,27.573731435410657,0.5192307692307693
0.45,10,52,1,0.26547,41.33296243817206,0.5192307692307693
0.45,10,52,2,0.23756,55.20672510264613,0.5192307692307693
0.45,10,53,0,0.33475,27.74163267650945,0.5094339622641509
0.45,10,53,1,0.29559,41.720776179062995,0.5094339622641509
0.45,10,53,2,0.27337,55.80815378424845,0.5094339622641509
0.45,10,54,0,0.35926,27.929734839563373,0.5
0.45,10,54,1,0.32741,42.11237145616059,0.5
0.45,10,54,2,0.30873,56.4078675915475,0.5
0.45,10,55,0,0.38353,28.11515847722272,0.4909090909090909
0.45,10,55,1,0.36289,42.458829439732746,0.4909090909090909
0.45,10,55,2,0.34583,56.980550136905855,0.4909090909090909
0.45,10,56,0,0.40942,28.265355681395437,0.48214285714285715
0.45,10,56,1,0.39182,42.79936725262385,0.48214285714285715
0.45,10,56,2,0.38179,57.50784009332556,0.48214285714285715
0.45,10,57,0,0.43727,28.445683972761064,0.47368421052631576
0.45,10,57,1,0.42908,43.17507135122731,0.47368421052631576
0.45,10,57,2,0.42228,58.09995737425404,0.47368421052631576
0.45,10,58,0,0.4604,28.618542404598006,0.46551724137931033
0.45,10,58,1,0.46374,43.563663823561605,0.46551724137931033
0.45,10,58,2,0.46214,58.59756533984041,0.46551724137931033
0.45,10,59,0,0.48498,28.761687635017463,0.4576271186440678
0.45,10,59,1,0.4962,43.84773509440981,0.4576271186440678
0.45,10,59,2,0.49993,59.10323214480796,0.4576271186440678
0.45,10,60,0,0.51035,28.933429923657215,0.45
0.45,10,60,1,0.52863,44.15721189315196,0.45
0.45,10,60,2,0.5386,59.58870933188608,0.45
0.45,10,61,0,0.5357,29.0914350023693,0.4426229508196721
0.45,10,61,1,0.56523,44.48157251166646,0.4426229508196721
0.45,10,61,2,0.57403,60.032050723695754,0.4426229508196721
0.45,10,62,0,0.56182,29.267642866727094,0.43548387096774194
0.45,10,62,1,0.59587,44.82782447384625,0.43548387096774194
0.45,10,62,2,0.60921,60.467331272657006,0.43548387096774194
0.45,10,63,0,0.58761,29.400455953909773,0.42857142857142855
0.45,10,63,1,0.62447,45.069696025306385,0.42857142857142855
0.45,10,63,2,0.64447,60.94748248710031,0.42857142857142855
0.45,10,64,0,0.60979,29.552144054636717,0.421875
0.45,10,64,1,0.65415,45.37218880637821,0.421875
0.45,10,64,2,0.6741,61.36412652767792,0.421875
0.45,10,65,0,0.63335,29.69574788517711,0.4153846153846154
0.45,10,65,1,0.68374,45.628798396151474,0.4153846153846154
0.45,10,65,2,0.70829,61.74183868623999,0.4153846153846154
0.45,10,66,0,0.65324,29.828841325840894,0.4090909090909091
0.45,10,66,1,0.70463,45.91341718894477,0.4090909090909091
0.45,10,66,2,0.73475,62.15388017902478,0.4090909090909091
0.45,10,67,0,0.67879,29.95379787789811,0.40298507462686567
0.45,10,67,1,0.73808,46.19628995814503,0.40298507462686567
0.45,10,67,2,0.76332,62.480356559805536,0.40298507462686567
0.45,10,68,0,0.69877,30.08197233380412,0.39705882352941174
0.45,10,68,1,0.76002,46.430298899016826,0.39705882352941174
0.45,10,68,2,0.79118,62.801830080483484,0.39705882352941174
0.45,10,69,0,0.71835,30.214566233515907,0.391304347826087
0.45,10,69,1,0.78103,46.631661937540066,0.391304347826087
0.45,10,69,2,0.81348,63.1303864025781,0.391304347826087
0.45,10,70,0,0.73944,30.33338638803586,0.38571428571428573
0.45,10,70,1,0.80221,46.83831348591823,0.38571428571428573
0.45,10,70,2,0.83672,63.42643573440615,0.38571428571428573
0.45,10,71,0,0.75356,30.449278960993357,0.38028169014084506
0.45,10,71,1,0.82241,47.04241895068247,0.38028169014084506
0.45,10,71,2,0.85496,63.71945538612691,0.38028169014084506
0.45,10,72,0,0.77467,30.556893456370002,0.375
0.45,10,72,1,0.8409,47.23410357035045,0.375
0.45,10,72,2,0.87515,63.9905884265994,0.375
0.45,10,73,0,0.78873,30.661285815853915,0.3698630136986301
0.45,10,73,1,0.85928,47.39864725745346,0.3698630136986301
0.45,10,73,2,0.8914,64.1756021211232,0.3698630136986301
0.45,10,74,0,0.80534,30.773133803018695,0.36486486486486486
0.45,10,74,1,0.87318,47.579510436653294,0.36486486486486486
0.45,10,74,2,0.90331,64.46932244063073,0.36486486486486486
0.45,10,75,0,0.8203,30.859902334042893,0.36
0.45,10,75,1,0.88671,47.72448801663539,0.36
0.45,10,75,2,0.91907,64.66317330813506,0.36
0.45,10,76,0,0.83307,30.9874701174802,0.35526315789473684
0.45,10,76,1,0.90061,47.866461022571876,0.35526315789473684
0.45,10,76,2,0.92596,64.8113350967146,0.35526315789473684
0.45,10,77,0,0.84542,31.067958029054285,0.35064935064935066
0.45,10,77,1,0.91144,48.0755220817101,0.35064935064935066
0.45,10,77,2,0.93693,64.99352221535308,0.35064935064935066
0.45,10,78,0,0.86056,31.162990467745516,0.34615384615384615
0.45,10,78,1,0.92325,48.180047491095415,0.34615384615384615
0.45,10,78,2,0.9454,65.17092480187466,0.34615384615384615
0.45,10,79,0,0.87236,31.244088758346056,0.34177215189873417
0.45,10,79,1,0.93183,48.28307449609081,0.34177215189873417
0.45,10,79,2,0.95453,65.26423797777238,0.34177215189873417
0.45,10,80,0,0.88296,31.30446060802475,0.3375
0.45,10,80,1,0.94052,48.38251916288534,0.3375
0.45,10,80,2,0.96083,65.48411369497045,0.3375
0.45,10,81,0,0.89147,31.370631567048722,0.3333333333333333
0.45,10,81,1,0.94819,48.507378835952224,0.3333333333333333
0.45,10,81,2,0.96737,65.51983828477051,0.3333333333333333
0.45,10,82,0,0.9011,31.46936756784443,0.32926829268292684
0.45,10,82,1,0.9558,48.587504225216094,0.32926829268292684
0.45,10,82,2,0.97184,65.64343252133936,0.32926829268292684
0.45,10,83,0,0.91054,31.54723908551308,0.3253012048192771
0.45,10,83,1,0.96057,48.672242682830145,0.3253012048192771
0.45,10,83,2,0.97629,65.70347752913895,0.3253012048192771
0.45,10,84,0,0.91935,31.630774878572232,0.32142857142857145
0.45,10,84,1,0.96599,48.76777670098512,0.32142857142857145
0.45,10,84,2,0.98076,65.85183742905816,0.32142857142857145
0.45,10,85,0,0.92599,31.674300561478073,0.3176470588235294
0.45,10,85,1,0.97009,48.81740155750814,0.3176470588235294
0.45,10,85,2,0.98346,65.89984008578817,0.3176470588235294
0.45,10,86,0,0.93302,31.744975579713852,0.313953488372093
0.45,10,86,1,0.97452,48.88842909645457,0.313953488372093
0.45,10,86,2,0.98551,65.95647275171073,0.313953488372093
0.45,10,87,0,0.93996,31.785929106639564,0.3103448275862069
0.45,10,87,1,0.97734,48.97365258291343,0.3103448275862069
0.45,10,87,2,0.98868,66.01268474516138,0.3103448275862069
0.45,10,88,0,0.94555,31.826897654193935,0.3068181818181818
0.45,10,88,1,0.98067,49.011517635901974,0.3068181818181818
0.45,10,88,2,0.99019,66.03777480157265,0.3068181818181818
0.45,10,89,0,0.95106,31.86949197575499,0.30337078651685395
0.45,10,89,1,0.98351,49.0386844449589,0.30337078651685395
0.45,10,89,2,0.99197,66.06286557983687,0.30337078651685395
0.45,10,90,0,0.95527,31.911941327904874,0.3
0.45,10,90,1,0.98634,49.124812242930744,0.3
0.45,10,90,2,0.99324,66.1161548219812,0.3
0.45,10,91,0,0.95999,31.974942447317158,0.2967032967032967
0.45,10,91,1,0.98822,49.14112281133289,0.2967032967032967
0.45,10,91,2,0.99439,66.1442403421657,0.2967032967032967
0.45,10,92,0,0.96383,32.00572695152911,0.29347826086956524
0.45,10,92,1,0.98981,49.1331825144375,0.29347826086956524
0.45,10,92,2,0.99535,66.21539775339947,0.29347826086956524
0.45,10,93,0,0.968,32.032154918944684,0.2903225806451613
0.45,10,93,1,0.99179,49.1793082747821,0.2903225806451613
0.45,10,93,2,0.99645,66.1586429903079,0.2903225806451613
0.45,10,94,0,0.97164,32.0864268342501,0.2872340425531915
0.45,10,94,1,0.99289,49.220238588673155,0.2872340425531915
0.45,10,94,2,0.99701,66.25547020205799,0.2872340425531915
0.45,10,95,0,0.97478,32.113470968597255,0.28421052631578947
0.45,10,95,1,0.99394,49.1945884366956,0.28421052631578947
0.45,10,95,2,0.99741,66.23168718519426,0.28421052631578947
0.45,10,96,0,0.97647,32.13590692848888,0.28125
0.45,10,96,1,0.995,49.266807112485495,0.28125
0.45,10,96,2,0.99799,66.30590756651638,0.28125
0.45,10,97,0,0.97886,32.1707669361062,0.27835051546391754
0.45,10,97,1,0.9958,49.26812999212075,0.27835051546391754
0.45,10,97,2,0.99857,66.30010434151605,0.27835051546391754
0.45,10,98,0,0.98064,32.166850220264315,0.2755102040816326
0.45,10,98,1,0.99603,49.25941758010069,0.2755102040816326
0.45,10,98,2,0.99886,66.29603132186077,0.2755102040816326
0.45,10,99,0,0.98373,32.208224935078334,0.2727272727272727
0.45,10,99,1,0.99693,49.270994645870516,0.2727272727272727
0.45,10,99,2,0.99907,66.25705463773616,0.2727272727272727
0.45,10,100,0,0.9854,32.232965722627284,0.27
0.45,10,100,1,0.99723,49.31741500880516,0.27
0.45,10,100,2,0.99904,66.28756875831569,0.27
0.45,10,101,0,0.98645,32.25660000701817,0.26732673267326734
0.45,10,101,1,0.99761,49.31184376814433,0.26732673267326734
0.45,10,101,2,0.99905,66.25593255900797,0.26732673267326734
0.45,10,102,0,0.98801,32.27653994470626,0.2647058823529412
0.45,10,102,1,0.99845,49.335928381298714,0.2647058823529412
0.45,10,102,2,0.99903,66.28244300817947,0.2647058823529412
0.45,10,103,0,0.98955,32.30780891081027,0.2621359223300971
0.45,10,103,1,0.99842,49.32450194384049,0.2621359223300971
0.45,10,103,2,0.99904,66.27506925879612,0.2621359223300971
0.45,10,104,0,0.99153,32.2817330093585,0.25961538461538464
0.45,10,104,1,0.99874,49.35237437632956,0.25961538461538464
0.45,10,104,2,0.99905,66.30183289509648,0.25961538461538464
0.45,10,105,0,0.99175,32.30963816873824,0.2571428571428571
0.45,10,105,1,0.99903,49.341472767045566,0.2571428571428571
0.45,10,105,2,0.99902,66.26026967967069,0.2571428571428571
0.45,10,106,0,0.99281,32.35717307440497,0.25471698113207547
0.45,10,106,1,0.99907,49.358258950054314,0.25471698113207547
0.45,10,106,2,0.99893,66.31929241211174,0.25471698113207547
0.45,10,107,0,0.99348,32.33626320532951,0.2523364485981308
0.45,10,107,1,0.99935,49.34062525256801,0.2523364485981308
0.45,10,107,2,0.99905,66.33655049219836,0.2523364485981308
0.45,10,108,0,0.99477,32.3430377412328,0.25
0.45,10,108,1,0.99948,49.389372858501794,0.25
0.45,10,108,2,0.9988,66.35755310218414,0.25
0.45,10,109,0,0.99539,32.35386864213254,0.24770642201834864
0.45,10,109,1,0.99938,49.371875947702954,0.24770642201834864
0.45,10,109,2,0.99894,66.32107437730146,0.24770642201834864
0.45,10,110,0,0.99583,32.33743846455102,0.24545454545454545
0.45,10,110,1,0.99972,49.360492091631805,0.24545454545454545
0.45,10,110,2,0.99894,66.24163440169657,0.24545454545454545
0.45,10,111,0,0.99625,32.37804941607953,0.24324324324324326
0.45,10,111,1,0.9997,49.37034956640837,0.24324324324324326
0.45,10,111,2,0.99896,66.32596361754686,0.24324324324324326
0.45,10,112,0,0.997,32.37731367178458,0.24107142857142858
0.45,10,112,1,0.99974,49.40934065934065,0.24107142857142858
0.45,10,112,2,0.99919,66.35253401408987,0.24107142857142858
0.45,10,113,0,0.9972,32.3748495788207,0.23893805309734514
0.45,10,113,1,0.99981,49.37301356488502,0.23893805309734514
0.45,10,113,2,0.99915,66.30951693554904,0.23893805309734514
0.45,10,114,0,0.99757,32.406271277666264,0.23684210526315788
0.45,10,114,1,0.99982,49.386137581687784,0.23684210526315788
0.45,10,114,2,0.99881,66.28649535254644,0.23684210526315788
0.45,10,115,0,0.9976,32.40594445900931,0.23478260869565218
0.45,10,115,1,0.99988,49.36370633706813,0.23478260869565218
0.45,10,115,2,0.99888,66.3105293313126,0.23478260869565218
0.45,10,116,0,0.99802,32.380580857790726,0.23275862068965517
0.45,10,116,1,0.9998,49.37400941726807,0.23275862068965517
0.45,10,116,2,0.99898,66.29052787689598,0.23275862068965517
0.45,10,117,0,0.99854,32.40983855660032,0.23076923076923078
0.45,10,117,1,0.99994,49.384561150592106,0.23076923076923078
0.45,10,117,2,0.99906,66.31581090070821,0.23076923076923078
0.45,10,118,0,0.9986,32.41453804557149,0.2288135593220339
0.45,10,118,1,0.99988,49.37882353574736,0.2288135593220339
0.45,10,118,2,0.99884,66.28942554132023,0.2288135593220339
0.45,10,119,0,0.99906,32.400687415401244,0.226890756302521
0.45,10,119,1,0.99993,49.36459013669417,0.226890756302521
0.45,10,119,2,0.99893,66.31127036698497,0.226890756302521
0.45,10,120,0,0.99913,32.408998713496125,0.225
0.45,10,120,1,0.99992,49.37163819259387,0.225
0.45,10,120,2,0.99905,66.25150623861899,0.225
0.45,10,121,0,0.99917,32.40676299790364,0.2231404958677686
0.45,10,121,1,0.99996,49.348748949958,0.2231404958677686
0.45,10,121,2,0.99901,66.34735503533113,0.2231404958677686
0.45,10,122,0,0.99926,32.421770956661774,0.22131147540983606
0.45,10,122,1,0.99997,49.387960484968396,0.22131147540983606
0.45,10,122,2,0.99902,66.24090069806871,0.22131147540983606
0.45,10,123,0,0.99932,32.40541741461116,0.21951219512195122
0.45,10,123,1,0.99996,49.35293757904162,0.21951219512195122
0.45,10,123,2,0.99893,66.28640722496148,0.21951219512195122
0.45,10,124,0,0.99932,32.44144479784715,0.21774193548387097
0.45,10,124,1,0.99997,49.359096157500105,0.21774193548387097
0.45,10,124,2,0.99898,66.26536278542575,0.21774193548387097
0.45,10,125,0,0.99948,32.4104178403539,0.216
0.45,10,125,1,1.0,49.34185384615384,0.216
0.45,10,125,2,0.999,66.30409736659736,0.216
0.45,10,126,0,0.99947,32.42566060011806,0.21428571428571427
0.45,10,126,1,0.99998,49.40115148456815,0.21428571428571427
0.45,10,126,2,0.99892,66.26847668558966,0.21428571428571427
0.45,10,127,0,0.99959,32.41437739473184,0.2125984251968504
0.45,10,127,1,0.99998,49.384737694753895,0.2125984251968504
0.45,10,127,2,0.99903,66.295843506663,0.2125984251968504
0.45,10,128,0,0.99971,32.42785119223035,0.2109375
0.45,10,128,1,1.0,49.3369673076923,0.2109375
0.45,10,128,2,0.99897,66.29875983801776,0.2109375
0.45,20,40,0,0.14789,24.540627909516946,0.675
0.45,20,40,1,0.08195,35.24384005256488,0.675
0.45,20,40,2,0.04972,46.10580790890525,0.675
0.45,20,41,0,0.1622,24.70701531822062,0.6585365853658537
0.45,20,41,1,0.09558,35.61235453184605,0.6585365853658537
0.45,20,41,2,0.06109,46.7687806137225,0.6585365853658537
0.45,20,42,0,0.17936,24.910509804089752,0.6428571428571429
0.45,20,42,1,0.11074,36.030289242994684,0.6428571428571429
0.45,20,42,2,0.07573,47.416327235421385,0.6428571428571429
0.45,20,43,0,0.19297,25.06148823452031,0.627906976744186
0.45,20,43,1,0.12792,36.43130321835763,0.627906976744186
0.45,20,43,2,0.09016,48.11036789297658,0.627906976744186
0.45,20,44,0,0.20844,25.22718214428059,0.6136363636363636
0.45,20,44,1,0.14419,36.854337492731275,0.6136363636363636
0.45,20,44,2,0.10555,48.7085959989797,0.6136363636363636
0.45,20,45,0,0.22273,25.416747251760494,0.6
0.45,20,45,1,0.16372,37.24579018587081,0.6
0.45,20,45,2,0.12374,49.34501311683306,0.6
0.45,20,46,0,0.24181,25.6069649406877,0.5869565217391305
0.45,20,46,1,0.18284,37.63154628679131,0.5869565217391305
0.45,20,46,2,0.14408,49.91485766454534,0.5869565217391305
0.45,20,47,0,0.25927,25.765355242975097,0.574468085106383
0.45,20,47,1,0.20133,38.06119115573742,0.574468085106383
0.45,20,47,2,0.16681,50.65004865046829,0.574468085106383
0.45,20,48,0,0.27577,25.939383711621446,0.5625
0.45,20,48,1,0.2226,38.40775969313705,0.5625
0.45,20,48,2,0.18884,51.16431492675932,0.5625
0.45,20,49,0,0.29149,26.120816257055925,0.5510204081632653
0.45,20,49,1,0.24762,38.81381521313675,0.5510204081632653
0.45,20,49,2,0.21129,51.8323157745279,0.5510204081632653
0.45,20,50,0,0.31268,26.274023085779515,0.54
0.45,20,50,1,0.26689,39.16016970402672,0.54
0.45,20,50,2,0.23504,52.42968872728701,0.54
0.45,20,51,0,0.32936,26.43296848433325,0.5294117647058824
0.45,20,51,1,0.29088,39.547156638740795,0.5294117647058824
0.45,20,51,2,0.26146,52.96167526728607,0.5294117647058824
0.45,20,52,0,0.34616,26.62594331656326,0.5192307692307693
0.45,20,52,1,0.31539,39.910294214489014,0.5192307692307693
0.45,20,52,2,0.28911,53.568807321142074,0.5192307692307693
0.45,20,53,0,0.36669,26.78205967312569,0.5094339622641509
0.45,20,53,1,0.33987,40.257032666336215,0.5094339622641509
0.45,20,53,2,0.31683,54.049814994209456,0.5094339622641509
0.45,20,54,0,0.38092,26.95967354340503,0.5
0.45,20,54,1,0.36251,40.656374466062466,0.5
0.45,20,54,2,0.34627,54.68425872651621,0.5
0.45,20,55,0,0.40053,27.137833236346452,0.4909090909090909
0.45,20,55,1,0.38692,40.99449100986886,0.4909090909090909
0.45,20,55,2,0.37303,55.253016358758515,0.4909090909090909
0.45,20,56,0,0.41924,27.276706751410977,0.48214285714285715
0.45,20,56,1,0.41231,41.340929994794806,0.48214285714285715
0.45,20,56,2,0.40255,55.7252730191185,0.48214285714285715
0.45,20,57,0,0.43773,27.436031431388155,0.47368421052631576
0.45,20,57,1,0.43995,41.68095150672716,0.47368421052631576
0.45,20,57,2,0.43502,56.26224744750903,0.47368421052631576
0.45,20,58,0,0.45497,27.606327805214548,0.46551724137931033
0.45,20,58,1,0.46204,41.98101812696869,0.46551724137931033
0.45,20,58,2,0.46183,56.82418105896443,0.46551724137931033
0.45,20,59,0,0.47496,27.7529565242741,0.4576271186440678
0.45,20,59,1,0.48639,42.320953271116714,0.4576271186440678
0.45,20,59,2,0.49298,57.32286884785465,0.4576271186440678
0.45,20,60,0,0.48938,27.90701224783635,0.45
0.45,20,60,1,0.50923,42.65485295295008,0.45
0.45,20,60,2,0.5209,57.77169691510255,0.45
0.45,20,61,0,0.5075,28.055132625994695,0.4426229508196721
0.45,20,61,1,0.53449,42.976467862246835,0.4426229508196721
0.45,20,61,2,0.54619,58.24330994990472,0.4426229508196721
0.45,20,62,0,0.52366,28.20419113693853,0.43548387096774194
0.45,20,62,1,0.5591,43.28849593440005,0.43548387096774194
0.45,20,62,2,0.57547,58.66758408845745,0.43548387096774194
0.45,20,63,0,0.54343,28.339877119549755,0.42857142857142855
0.45,20,63,1,0.58263,43.5879084100082,0.42857142857142855
0.45,20,63,2,0.60203,59.12854936950496,0.42857142857142855
0.45,20,64,0,0.55959,28.50785499548433,0.421875
0.45,20,64,1,0.60548,43.867554540326545,0.421875
0.45,20,64,2,0.63188,59.60034098489975,0.421875
0.45,20,65,0,0.57611,28.62850710935278,0.4153846153846154
0.45,20,65,1,0.63027,44.15154494227748,0.4153846153846154
0.45,20,65,2,0.65577,59.99527566536578,0.4153846153846154
0.45,20,66,0,0.59526,28.782632799112996,0.4090909090909091
0.45,20,66,1,0.64981,44.40033062918983,0.4090909090909091
0.45,20,66,2,0.67943,60.43965303495351,0.4090909090909091
0.45,20,67,0,0.60777,28.919900746866542,0.40298507462686567
0.45,20,67,1,0.66986,44.716266774458035,0.40298507462686567
0.45,20,67,2,0.70332,60.805364337931294,0.40298507462686567
0.45,20,68,0,0.62521,29.07697475186799,0.39705882352941174
0.45,20,68,1,0.69089,44.94804360484859,0.39705882352941174
0.45,20,68,2,0.72723,61.20845404956003,0.39705882352941174
0.45,20,69,0,0.63828,29.19716780916019,0.391304347826087
0.45,20,69,1,0.70768,45.19266367675959,0.391304347826087
0.45,20,69,2,0.74633,61.564157791614136,0.391304347826087
0.45,20,70,0,0.65419,29.34372453545018,0.38571428571428573
0.45,20,70,1,0.7276,45.46536822852793,0.38571428571428573
0.45,20,70,2,0.76568,61.89253720172315,0.38571428571428573
0.45,20,71,0,0.66964,29.463418633663093,0.38028169014084506
0.45,20,71,1,0.74563,45.69910421646537,0.38028169014084506
0.45,20,71,2,0.78567,62.205917340515825,0.38028169014084506
0.45,20,72,0,0.68679,29.57921299423068,0.375
0.45,20,72,1,0.76298,45.96024293408235,0.375
0.45,20,72,2,0.8047,62.56228909961668,0.375
0.45,20,73,0,0.69733,29.71234924641131,0.3698630136986301
0.45,20,73,1,0.7782,46.15558833995611,0.3698630136986301
0.45,20,73,2,0.81949,62.82520108660451,0.3698630136986301
0.45,20,74,0,0.71137,29.865369476665286,0.36486486486486486
0.45,20,74,1,0.7946,46.39077958914983,0.36486486486486486
0.45,20,74,2,0.83775,63.157065629088905,0.36486486486486486
0.45,20,75,0,0.7235,29.970033491042475,0.36
0.45,20,75,1,0.8093,46.589621610318495,0.36
0.45,20,75,2,0.85387,63.37401387889166,0.36
0.45,20,76,0,0.73952,30.06445449023067,0.35526315789473684
0.45,20,76,1,0.82266,46.7748733470599,0.35526315789473684
0.45,20,76,2,0.86714,63.68828851165902,0.35526315789473684
0.45,20,77,0,0.75099,30.17527632755532,0.35064935064935066
0.45,20,77,1,0.83649,46.933277514007706,0.35064935064935066
0.45,20,77,2,0.87928,63.90976139568738,0.35064935064935066
0.45,20,78,0,0.76018,30.292020918122628,0.34615384615384615
0.45,20,78,1,0.84776,47.12742766457851,0.34615384615384615
0.45,20,78,2,0.89002,64.08708080025859,0.34615384615384615
0.45,20,79,0,0.77416,30.399283888840312,0.34177215189873417
0.45,20,79,1,0.85934,47.376264610944716,0.34177215189873417
0.45,20,79,2,0.89902,64.34543361746037,0.34177215189873417
0.45,20,80,0,0.78569,30.51940626416564,0.3375
0.45,20,80,1,0.87311,47.495720426450795,0.3375
0.45,20,80,2,0.91061,64.52746278276689,0.3375
0.45,20,81,0,0.80068,30.617929087198956,0.3333333333333333
0.45,20,81,1,0.88365,47.65573299557343,0.3333333333333333
0.45,20,81,2,0.9205,64.7506559979944,0.3333333333333333
0.45,20,82,0,0.81002,30.73680873026877,0.32926829268292684
0.45,20,82,1,0.89244,47.81792699703146,0.32926829268292684
0.45,20,82,2,0.92859,64.93261495716833,0.32926829268292684
0.45,20,83,0,0.81911,30.806918249920408,0.3253012048192771
0.45,20,83,1,0.9,47.95853205128204,0.3253012048192771
0.45,20,83,2,0.93589,65.13955556085239,0.3253012048192771
0.45,20,84,0,0.82925,30.94100206395956,0.32142857142857145
0.45,20,84,1,0.90777,48.120343089277945,0.32142857142857145
0.45,20,84,2,0.94338,65.22058877489616,0.32142857142857145
0.45,20,85,0,0.83809,31.00507380793508,0.3176470588235294
0.45,20,85,1,0.91747,48.25361927575078,0.3176470588235294
0.45,20,85,2,0.94894,65.43546969817334,0.3176470588235294
0.45,20,86,0,0.84784,31.112368580065905,0.313953488372093
0.45,20,86,1,0.92219,48.345289265435866,0.313953488372093
0.45,20,86,2,0.95418,65.54081777023204,0.313953488372093
0.45,20,87,0,0.85728,31.189934129770005,0.3103448275862069
0.45,20,87,1,0.93138,48.44096724958993,0.3103448275862069
0.45,20,87,2,0.96085,65.6848163284912,0.3103448275862069
0.45,20,88,0,0.86238,31.27284598793678,0.3068181818181818
0.45,20,88,1,0.93744,48.58590334396786,0.3068181818181818
0.45,20,88,2,0.96403,65.84778920860266,0.3068181818181818
0.45,20,89,0,0.8727,31.34421358119364,0.30337078651685395
0.45,20,89,1,0.9437,48.69864730479861,0.30337078651685395
0.45,20,89,2,0.96825,65.87084251921587,0.30337078651685395
0.45,20,90,0,0.87806,31.465750982498133,0.3
0.45,20,90,1,0.94921,48.80309374678376,0.3
0.45,20,90,2,0.972,66.07581908831908,0.3
0.45,20,91,0,0.88751,31.53503037452232,0.2967032967032967
0.45,20,91,1,0.95336,48.914612124889466,0.2967032967032967
0.45,20,91,2,0.97549,66.06927820101455,0.2967032967032967
0.45,20,92,0,0.89345,31.56569607011713,0.29347826086956524
0.45,20,92,1,0.95806,48.964718766610076,0.29347826086956524
0.45,20,92,2,0.97837,66.15917291004425,0.29347826086956524
0.45,20,93,0,0.90207,31.677644622496462,0.2903225806451613
0.45,20,93,1,0.96081,49.00904525268342,0.2903225806451613
0.45,20,93,2,0.98159,66.27841347672182,0.2903225806451613
0.45,20,94,0,0.90655,31.770887515220423,0.2872340425531915
0.45,20,94,1,0.96634,49.08320809207144,0.2872340425531915
0.45,20,94,2,0.9837,66.33598423534379,0.2872340425531915
0.45,20,95,0,0.91433,31.812137134463313,0.28421052631578947
0.45,20,95,1,0.96913,49.19733519913578,0.28421052631578947
0.45,20,95,2,0.98538,66.37444144937447,0.28421052631578947
0.45,20,96,0,0.91889,31.886023437977418,0.28125
0.45,20,96,1,0.97295,49.28945672755736,0.28125
0.45,20,96,2,0.98669,66.46471750538123,0.28125
0.45,20,97,0,0.92359,31.93578340205902,0.27835051546391754
0.45,20,97,1,0.97517,49.30108438686429,0.27835051546391754
0.45,20,97,2,0.98937,66.4563813335759,0.27835051546391754
0.45,20,98,0,0.9301,32.00065956514188,0.2755102040816326
0.45,20,98,1,0.9778,49.41748548546974,0.2755102040816326
0.45,20,98,2,0.99003,66.63280599888581,0.2755102040816326
0.45,20,99,0,0.93457,32.07377045469698,0.2727272727272727
0.45,20,99,1,0.98005,49.41745711561027,0.2727272727272727
0.45,20,99,2,0.99142,66.54257374426425,0.2727272727272727
0.45,20,100,0,0.93831,32.108814906997274,0.27
0.45,20,100,1,0.98157,49.46739368092404,0.27
0.45,20,100,2,0.99178,66.5851966627214,0.27
0.45,20,101,0,0.94222,32.16330233997286,0.26732673267326734
0.45,20,101,1,0.98356,49.523516613119675,0.26732673267326734
0.45,20,101,2,0.99205,66.56199768932241,0.26732673267326734
0.45,20,102,0,0.946,32.203062489835744,0.2647058823529412
0.45,20,102,1,0.98576,49.59017173785474,0.2647058823529412
0.45,20,102,2,0.99196,66.60332535120833,0.2647058823529412
0.45,20,103,0,0.95028,32.28226356766102,0.2621359223300971
0.45,20,103,1,0.98737,49.62154901015206,0.2621359223300971
0.45,20,103,2,0.99167,66.60270825204724,0.2621359223300971
0.45,20,104,0,0.95409,32.34114041007259,0.25961538461538464
0.45,20,104,1,0.98855,49.61722880831676,0.25961538461538464
0.45,20,104,2,0.99156,66.57812223628967,0.25961538461538464
0.45,20,105,0,0.95775,32.35462321546894,0.2571428571428571
0.45,20,105,1,0.99012,49.656271267818354,0.2571428571428571
0.45,20,105,2,0.99188,66.58664412723624,0.2571428571428571
0.45,20,106,0,0.9602,32.40132063832855,0.25471698113207547
0.45,20,106,1,0.99132,49.71980832084027,0.25471698113207547
0.45,20,106,2,0.99149,66.60019748831787,0.25471698113207547
0.45,20,107,0,0.96384,32.455700036392884,0.2523364485981308
0.45,20,107,1,0.99185,49.682514415563766,0.2523364485981308
0.45,20,107,2,0.99138,66.60725841367974,0.2523364485981308
0.45,20,108,0,0.96522,32.473458621629504,0.25
0.45,20,108,1,0.99272,49.692869861824846,0.25
0.45,20,108,2,0.99162,66.62005878492536,0.25
0.45,20,109,0,0.96819,32.49531937866614,0.24770642201834864
0.45,20,109,1,0.99354,49.759159555342904,0.24770642201834864
0.45,20,109,2,0.99161,66.55795392574468,0.24770642201834864
0.45,20,110,0,0.97083,32.524590378256825,0.24545454545454545
0.45,20,110,1,0.99454,49.79290967142134,0.24545454545454545
0.45,20,110,2,0.99175,66.57130363964244,0.24545454545454545
0.45,20,111,0,0.97426,32.53568783565909,0.24324324324324326
0.45,20,111,1,0.99568,49.79835582022027,0.24324324324324326
0.45,20,111,2,0.99201,66.57212861532878,0.24324324324324326
0.45,20,112,0,0.97415,32.587978079509156,0.24107142857142858
0.45,20,112,1,0.99586,49.813193930564836,0.24107142857142858
0.45,20,112,2,0.99185,66.59997440680003,0.24107142857142858
0.45,20,113,0,0.97827,32.616980446644035,0.23893805309734514
0.45,20,113,1,0.99631,49.81389789863056,0.23893805309734514
0.45,20,113,2,0.99251,66.59805307135056,0.23893805309734514
0.45,20,114,0,0.97909,32.6623760524883,0.23684210526315788
0.45,20,114,1,0.99629,49.8570832403602,0.23684210526315788
0.45,20,114,2,0.99148,66.57448092362311,0.23684210526315788
0.45,20,115,0,0.98134,32.69078112972685,0.23478260869565218
0.45,20,115,1,0.99725,49.861154713924826,0.23478260869565218
0.45,20,115,2,0.99128,66.60955745640446,0.23478260869565218
0.45,20,116,0,0.98195,32.70896215144904,0.23275862068965517
0.45,20,116,1,0.99756,49.83295394608998,0.23275862068965517
0.45,20,116,2,0.99156,66.63692817378676,0.23275862068965517
0.45,20,117,0,0.98411,32.710514303044604,0.23076923076923078
0.45,20,117,1,0.99792,49.91183584933585,0.23076923076923078
0.45,20,117,2,0.99194,66.62571383039607,0.23076923076923078
0.45,20,118,0,0.98549,32.721544417185676,0.2288135593220339
0.45,20,118,1,0.99806,49.89766107787569,0.2288135593220339
0.45,20,118,2,0.99204,66.56543974653627,0.2288135593220339
0.45,20,119,0,0.9868,32.77298123694303,0.226890756302521
0.45,20,119,1,0.99833,49.91214173824132,0.226890756302521
0.45,20,119,2,0.99156,66.59574307152366,0.226890756302521
0.45,20,120,0,0.98769,32.79404274309052,0.225
0.45,20,120,1,0.99857,49.93436575841916,0.225
0.45,20,120,2,0.99157,66.56930229527221,0.225
0.45,20,121,0,0.98821,32.808087155252736,0.2231404958677686
0.45,20,121,1,0.99853,49.97797724193024,0.2231404958677686
0.45,20,121,2,0.99158,66.60958249227727,0.2231404958677686
0.45,20,122,0,0.99002,32.829295989358414,0.22131147540983606
0.45,20,122,1,0.99887,49.94575216148093,0.22131147540983606
0.45,20,122,2,0.99173,66.59564211413002,0.22131147540983606
0.45,20,123,0,0.99013,32.833969354451504,0.21951219512195122
0.45,20,123,1,0.99897,49.927273168286405,0.21951219512195122
0.45,20,123,2,0.9919,66.58262018503726,0.21951219512195122
0.45,20,124,0,0.99136,32.83087801683469,0.21774193548387097
0.45,20,124,1,0.99926,49.9743002129268,0.21774193548387097
0.45,20,124,2,0.99135,66.60985020426689,0.21774193548387097
0.45,20,125,0,0.99179,32.85335488979909,0.216
0.45,20,125,1,0.9991,49.97950848070956,0.216
0.45,20,125,2,0.99167,66.56950377413081,0.216
0.45,20,126,0,0.99246,32.88447877767598,0.21428571428571427
0.45,20,126,1,0.99945,49.967051108879105,0.21428571428571427
0.45,20,126,2,0.99221,66.64224404263054,0.21428571428571427
0.45,20,127,0,0.99327,32.92467537295228,0.2125984251968504
0.45,20,127,1,0.99922,49.904868104814064,0.2125984251968504
0.45,20,127,2,0.99134,66.55362943087134,0.2125984251968504
0.45,20,128,0,0.99395,32.920834510325925,0.2109375
0.45,20,128,1,0.99953,49.927900728727124,0.2109375
0.45,20,128,2,0.99145,66.59008561663764,0.2109375
0.45,40,40,0,0.21459,23.882018303240166,0.675
0.45,40,40,1,0.15433,33.996667979205405,0.675
0.45,40,40,2,0.11338,44.56870700299876,0.675
0.45,40,41,0,0.23049,24.019688823476407,0.6585365853658537
0.45,40,41,1,0.16692,34.36843305867389,0.6585365853658537
0.45,40,41,2,0.12734,45.13704981213226,0.6585365853658537
0.45,40,42,0,0.23935,24.169979592164676,0.6428571428571429
0.45,40,42,1,0.1825,34.72346680716544,0.6428571428571429
0.45,40,42,2,0.14249,45.675270059437366,0.6428571428571429
0.45,40,43,0,0.25244,24.29671407067026,0.627906976744186
0.45,40,43,1,0.19602,35.035494808222076,0.627906976744186
0.45,40,43,2,0.15768,46.291161749209685,0.627906976744186
0.45,40,44,0,0.26334,24.4517982017982,0.6136363636363636
0.45,40,44,1,0.21137,35.40070092182501,0.6136363636363636
0.45,40,44,2,0.17524,46.892267527610485,0.6136363636363636
0.45,40,45,0,0.27689,24.618325938931594,0.6
0.45,40,45,1,0.22929,35.70534626958806,0.6
0.45,40,45,2,0.19386,47.46692200557103,0.6
0.45,40,46,0,0.28711,24.74554110860753,0.5869565217391305
0.45,40,46,1,0.24669,36.10440696358245,0.5869565217391305
0.45,40,46,2,0.21027,47.98919246682836,0.5869565217391305
0.45,40,47,0,0.30225,24.876417255201375,0.574468085106383
0.45,40,47,1,0.26379,36.42285384352938,0.574468085106383
0.45,40,47,2,0.22723,48.47137684961695,0.574468085106383
0.45,40,48,0,0.31618,25.0259133064418,0.5625
0.45,40,48,1,0.28023,36.778099857534606,0.5625
0.45,40,48,2,0.249,49.05316265060241,0.5625
0.45,40,49,0,0.32512,25.18054872047244,0.5510204081632653
0.45,40,49,1,0.29334,37.10088975250562,0.5510204081632653
0.45,40,49,2,0.27275,49.58943100895438,0.5510204081632653
0.45,40,50,0,0.33919,25.33156479123341,0.54
0.45,40,50,1,0.31332,37.445073358277114,0.54
0.45,40,50,2,0.28935,50.10395980380428,0.54
0.45,40,51,0,0.35038,25.48383732826338,0.5294117647058824
0.45,40,51,1,0.32931,37.76774514544397,0.5294117647058824
0.45,40,51,2,0.3077,50.64650571235719,0.5294117647058824
0.45,40,52,0,0.36261,25.61836938605367,0.5192307692307693
0.45,40,52,1,0.34786,38.15208594085153,0.5192307692307693
0.45,40,52,2,0.33114,51.25270046134332,0.5192307692307693
0.45,40,53,0,0.37672,25.751762173905938,0.5094339622641509
0.45,40,53,1,0.36566,38.457241699939836,0.5094339622641509
0.45,40,53,2,0.35132,51.793305358253264,0.5094339622641509
0.45,40,54,0,0.38742,25.910781084333042,0.5
0.45,40,54,1,0.38336,38.773351218376774,0.5
0.45,40,54,2,0.37243,52.24114133993171,0.5
0.45,40,55,0,0.39917,26.051234195571194,0.4909090909090909
0.45,40,55,1,0.39939,39.12692336582519,0.4909090909090909
0.45,40,55,2,0.39851,52.76851946577926,0.4909090909090909
0.45,40,56,0,0.41477,26.210900480525815,0.48214285714285715
0.45,40,56,1,0.41556,39.45125946822453,0.48214285714285715
0.45,40,56,2,0.41816,53.30456873335197,0.48214285714285715
0.45,40,57,0,0.4283,26.360818261822228,0.47368421052631576
0.45,40,57,1,0.43429,39.7581950734798,0.47368421052631576
0.45,40,57,2,0.4349,53.79157675504537,0.47368421052631576
0.45,40,58,0,0.43918,26.471702508521126,0.46551724137931033
0.45,40,58,1,0.45194,40.04107080245505,0.46551724137931033
0.45,40,58,2,0.45933,54.34524198288811,0.46551724137931033
0.45,40,59,0,0.45055,26.637001357315416,0.4576271186440678
0.45,40,59,1,0.47264,40.39833537315765,0.4576271186440678
0.45,40,59,2,0.48112,54.716139104909054,0.4576271186440678
0.45,40,60,0,0.46311,26.760549080381303,0.45
0.45,40,60,1,0.49029,40.70693639714014,0.45
0.45,40,60,2,0.49818,55.19852069224282,0.45
0.45,40,61,0,0.474,26.903298442064262,0.4426229508196721
0.45,40,61,1,0.50464,41.03632902053558,0.4426229508196721
0.45,40,61,2,0.52239,55.69070301145473,0.4426229508196721
0.45,40,62,0,0.48611,27.042294558211733,0.43548387096774194
0.45,40,62,1,0.52462,41.324812391679835,0.43548387096774194
0.45,40,62,2,0.54146,56.17041815717617,0.43548387096774194
0.45,40,63,0,0.50025,27.205195479183484,0.42857142857142855
0.45,40,63,1,0.53961,41.5997130406148,0.42857142857142855
0.45,40,63,2,0.56398,56.64280239070125,0.42857142857142855
0.45,40,64,0,0.5126,27.323233365347097,0.421875
0.45,40,64,1,0.55777,41.832286122898736,0.421875
0.45,40,64,2,0.58361,57.08074115617252,0.421875
0.45,40,65,0,0.52018,27.49746389563376,0.4153846153846154
0.45,40,65,1,0.5726,42.192250597812944,0.4153846153846154
0.45,40,65,2,0.60302,57.41270062480386,0.4153846153846154
0.45,40,66,0,0.53251,27.616989496766404,0.4090909090909091
0.45,40,66,1,0.58856,42.44682915799709,0.4090909090909091
0.45,40,66,2,0.62091,57.879263438402425,0.4090909090909091
0.45,40,67,0,0.54461,27.782578711936416,0.40298507462686567
0.45,40,67,1,0.60392,42.71229250945107,0.40298507462686567
0.45,40,67,2,0.63952,58.30324967283154,0.40298507462686567
0.45,40,68,0,0.55769,27.885255042434654,0.39705882352941174
0.45,40,68,1,0.62142,43.014544232440336,0.39705882352941174
0.45,40,68,2,0.65844,58.725067817638894,0.39705882352941174
0.45,40,69,0,0.56821,28.029185444709633,0.391304347826087
0.45,40,69,1,0.6349,43.275845984225256,0.391304347826087
0.45,40,69,2,0.67678,59.09688155678359,0.391304347826087
0.45,40,70,0,0.58106,28.10957560320793,0.38571428571428573
0.45,40,70,1,0.64989,43.56380428877312,0.38571428571428573
0.45,40,70,2,0.69203,59.50221283203596,0.38571428571428573
0.45,40,71,0,0.58895,28.311920823891278,0.38028169014084506
0.45,40,71,1,0.66624,43.798587826978505,0.38028169014084506
0.45,40,71,2,0.70774,59.867809180250894,0.38028169014084506
0.45,40,72,0,0.60158,28.44075025509747,0.375
0.45,40,72,1,0.67876,44.02574321046977,0.375
0.45,40,72,2,0.72347,60.244482786485214,0.375
0.45,40,73,0,0.61537,28.559651729228563,0.3698630136986301
0.45,40,73,1,0.69474,44.308670537511546,0.3698630136986301
0.45,40,73,2,0.74136,60.54432057300096,0.3698630136986301
0.45,40,74,0,0.62438,28.651024893617542,0.36486486486486486
0.45,40,74,1,0.7059,44.617060054267874,0.36486486486486486
0.45,40,74,2,0.75626,60.96946969804848,0.36486486486486486
0.45,40,75,0,0.63257,28.80786224935884,0.36
0.45,40,75,1,0.72072,44.78630344014959,0.36
0.45,40,75,2,0.77061,61.29497186544525,0.36
0.45,40,76,0,0.64576,28.934301324140428,0.35526315789473684
0.45,40,76,1,0.73328,44.99818256013025,0.35526315789473684
0.45,40,76,2,0.78318,61.64833902020754,0.35526315789473684
0.45,40,77,0,0.65729,29.032403739363374,0.35064935064935066
0.45,40,77,1,0.74649,45.26443756781738,0.35064935064935066
0.45,40,77,2,0.79613,61.96098264778946,0.35064935064935066
0.45,40,78,0,0.66639,29.168262521254007,0.34615384615384615
0.45,40,78,1,0.75886,45.49948404387957,0.34615384615384615
0.45,40,78,2,0.80698,62.241841376299476,0.34615384615384615
0.45,40,79,0,0.67398,29.29108259318354,0.34177215189873417
0.45,40,79,1,0.77052,45.70608160722628,0.34177215189873417
0.45,40,79,2,0.8217,62.57584884994524,0.34177215189873417
0.45,40,80,0,0.68589,29.434301811122438,0.3375
0.45,40,80,1,0.78023,45.924246696486925,0.3375
0.45,40,80,2,0.83378,62.78917308015212,0.3375
0.45,40,81,0,0.69189,29.531629916716415,0.3333333333333333
0.45,40,81,1,0.79578,46.11153643159977,0.3333333333333333
0.45,40,81,2,0.84382,63.149533577157364,0.3333333333333333
0.45,40,82,0,0.7024,29.658979652181532,0.32926829268292684
0.45,40,82,1,0.80305,46.299030618842586,0.32926829268292684
0.45,40,82,2,0.85582,63.41893761808288,0.32926829268292684
0.45,40,83,0,0.71541,29.795430646009336,0.3253012048192771
0.45,40,83,1,0.81404,46.56209485075388,0.3253012048192771
0.45,40,83,2,0.86461,63.65824453533073,0.3253012048192771
0.45,40,84,0,0.7248,29.881741912888437,0.32142857142857145
0.45,40,84,1,0.82487,46.76004657144108,0.32142857142857145
0.45,40,84,2,0.87446,63.93482505247195,0.32142857142857145
0.45,40,85,0,0.73118,29.999566033408588,0.3176470588235294
0.45,40,85,1,0.83088,46.91810536372927,0.3176470588235294
0.45,40,85,2,0.88421,64.12938037692055,0.3176470588235294
0.45,40,86,0,0.7405,30.092132394951438,0.313953488372093
0.45,40,86,1,0.84046,47.10730067234243,0.313953488372093
0.45,40,86,2,0.88848,64.29023228088768,0.313953488372093
0.45,40,87,0,0.75031,30.229382111804046,0.3103448275862069
0.45,40,87,1,0.85003,47.32936348852845,0.3103448275862069
0.45,40,87,2,0.89946,64.52779359923646,0.3103448275862069
0.45,40,88,0,0.75662,30.322800745420416,0.3068181818181818
0.45,40,88,1,0.85881,47.54747400920594,0.3068181818181818
0.45,40,88,2,0.90505,64.72334295172811,0.3068181818181818
0.45,40,89,0,0.76651,30.44556471238771,0.30337078651685395
0.45,40,89,1,0.86623,47.69420139792327,0.30337078651685395
0.45,40,89,2,0.91329,64.95642550137836,0.30337078651685395
0.45,40,90,0,0.77456,30.556853369853652,0.3
0.45,40,90,1,0.87386,47.7729028061175,0.3
0.45,40,90,2,0.92074,65.2358241113753,0.3
0.45,40,91,0,0.78161,30.65553300731331,0.2967032967032967
0.45,40,91,1,0.88203,48.03555216593887,0.2967032967032967
0.45,40,91,2,0.92565,65.3611401967017,0.2967032967032967
0.45,40,92,0,0.7909,30.76733905871597,0.29347826086956524
0.45,40,92,1,0.88835,48.14441423382156,0.29347826086956524
0.45,40,92,2,0.93049,65.48988043520494,0.29347826086956524
0.45,40,93,0,0.79753,30.87670562669936,0.2903225806451613
0.45,40,93,1,0.89611,48.307024463857886,0.2903225806451613
0.45,40,93,2,0.93783,65.74902249792689,0.2903225806451613
0.45,40,94,0,0.8053,30.954523636676246,0.2872340425531915
0.45,40,94,1,0.90033,48.42052785773421,0.2872340425531915
0.45,40,94,2,0.94067,65.8393567269156,0.2872340425531915
0.45,40,95,0,0.81248,31.071708037310266,0.28421052631578947
0.45,40,95,1,0.90665,48.51805675160883,0.28421052631578947
0.45,40,95,2,0.94754,65.92487165145047,0.28421052631578947
0.45,40,96,0,0.82189,31.195510207710747,0.28125
0.45,40,96,1,0.91315,48.723764736604906,0.28125
0.45,40,96,2,0.95193,66.16250063635901,0.28125
0.45,40,97,0,0.82608,31.28349461404371,0.27835051546391754
0.45,40,97,1,0.91943,48.78475920281713,0.27835051546391754
0.45,40,97,2,0.95476,66.32492317843872,0.27835051546391754
0.45,40,98,0,0.83293,31.390955145367275,0.2755102040816326
0.45,40,98,1,0.92363,48.88765814482822,0.2755102040816326
0.45,40,98,2,0.96077,66.35425432005258,0.2755102040816326
0.45,40,99,0,0.8401,31.494749938194172,0.2727272727272727
0.45,40,99,1,0.92957,49.079547532730174,0.2727272727272727
0.45,40,99,2,0.96237,66.53202310641755,0.2727272727272727
0.45,40,100,0,0.84596,31.573546848914482,0.27
0.45,40,100,1,0.93322,49.16293750504869,0.27
0.45,40,100,2,0.96165,66.55046614592706,0.27
0.45,40,101,0,0.85491,31.640000566861286,0.26732673267326734
0.45,40,101,1,0.93891,49.2841535561285,0.26732673267326734
0.45,40,101,2,0.96312,66.4657651095478,0.26732673267326734
0.45,40,102,0,0.85851,31.73028202708987,0.2647058823529412
0.45,40,102,1,0.94317,49.40812122131502,0.2647058823529412
0.45,40,102,2,0.9632,66.56275456012011,0.2647058823529412
0.45,40,103,0,0.86413,31.80240308393769,0.2621359223300971
0.45,40,103,1,0.94607,49.47618935336546,0.2621359223300971
0.45,40,103,2,0.96296,66.48841652500941,0.2621359223300971
0.45,40,104,0,0.87132,31.932975697350436,0.25961538461538464
0.45,40,104,1,0.94987,49.579355393572065,0.25961538461538464
0.45,40,104,2,0.96334,66.52780849799814,0.25961538461538464
0.45,40,105,0,0.87668,31.99302942745533,0.2571428571428571
0.45,40,105,1,0.9531,49.66035326021162,0.2571428571428571
0.45,40,105,2,0.96286,66.4835719786725,0.2571428571428571
0.45,40,106,0,0.88161,32.07086270485904,0.25471698113207547
0.45,40,106,1,0.95712,49.80024810006944,0.25471698113207547
0.45,40,106,2,0.96236,66.49865754699185,0.25471698113207547
0.45,40,107,0,0.88622,32.17295627236162,0.2523364485981308
0.45,40,107,1,0.9588,49.87791831135072,0.2523364485981308
0.45,40,107,2,0.96178,66.50113691440708,0.2523364485981308
0.45,40,108,0,0.89393,32.29328746270789,0.25
0.45,40,108,1,0.96346,49.907588674792294,0.25
0.45,40,108,2,0.96324,66.49210057881572,0.25
0.45,40,109,0,0.89832,32.31773990936929,0.24770642201834864
0.45,40,109,1,0.96646,49.97450051655606,0.24770642201834864
0.45,40,109,2,0.96321,66.57586651365267,0.24770642201834864
0.45,40,110,0,0.90108,32.352558340248116,0.24545454545454545
0.45,40,110,1,0.96826,50.04171042742811,0.24545454545454545
0.45,40,110,2,0.96315,66.44793526050339,0.24545454545454545
0.45,40,111,0,0.90767,32.49164704047811,0.24324324324324326
0.45,40,111,1,0.97112,50.22221962587211,0.24324324324324326
0.45,40,111,2,0.96155,66.49415107018717,0.24324324324324326
0.45,40,112,0,0.91076,32.557301045280866,0.24107142857142858
0.45,40,112,1,0.97281,50.2454981722259,0.24107142857142858
0.45,40,112,2,0.96298,66.46591430127951,0.24107142857142858
0.45,40,113,0,0.91665,32.60100952884458,0.23893805309734514
0.45,40,113,1,0.97451,50.25944202332848,0.23893805309734514
0.45,40,113,2,0.96189,66.50520669643177,0.23893805309734514
0.45,40,114,0,0.9195,32.673641611243575,0.23684210526315788
0.45,40,114,1,0.97659,50.36255668271151,0.23684210526315788
0.45,40,114,2,0.962,66.52973172877019,0.23684210526315788
0.45,40,115,0,0.9232,32.72618963304892,0.23478260869565218
0.45,40,115,1,0.97893,50.39001374342001,0.23478260869565218
0.45,40,115,2,0.96181,66.51000357499042,0.23478260869565218
0.45,40,116,0,0.92899,32.80601886084722,0.23275862068965517
0.45,40,116,1,0.97987,50.42894230082326,0.23275862068965517
0.45,40,116,2,0.96169,66.54540644394444,0.23275862068965517
0.45,40,117,0,0.93206,32.87250201786283,0.23076923076923078
0.45,40,117,1,0.98266,50.599610711271914,0.23076923076923078
0.45,40,117,2,0.96249,66.55279635272932,0.23076923076923078
0.45,40,118,0,0.93566,32.95672306179595,0.2288135593220339
0.45,40,118,1,0.983,50.563780421003194,0.2288135593220339
0.45,40,118,2,0.96283,66.56844925895537,0.2288135593220339
0.45,40,119,0,0.93914,32.99424514408435,0.226890756302521
0.45,40,119,1,0.98472,50.57899707531074,0.226890756302521
0.45,40,119,2,0.96177,66.45024078201969,0.226890756302521
0.45,40,120,0,0.94329,33.07956827861894,0.225
0.45,40,120,1,0.98589,50.692068938881455,0.225
0.45,40,120,2,0.96266,66.5543989490658,0.225
0.45,40,121,0,0.94563,33.076078096897554,0.2231404958677686
0.45,40,121,1,0.98731,50.65803702835133,0.2231404958677686
0.45,40,121,2,0.96174,66.53044421889172,0.2231404958677686
0.45,40,122,0,0.94777,33.190041847218694,0.22131147540983606
0.45,40,122,1,0.98758,50.722309546101044,0.22131147540983606
0.45,40,122,2,0.96316,66.51744697741728,0.22131147540983606
0.45,40,123,0,0.95105,33.2428257432069,0.21951219512195122
0.45,40,123,1,0.9893,50.81552807346297,0.21951219512195122
0.45,40,123,2,0.96339,66.55957388452795,0.21951219512195122
0.45,40,124,0,0.95341,33.25874008518411,0.21774193548387097
0.45,40,124,1,0.99007,50.820992843551856,0.21774193548387097
0.45,40,124,2,0.96144,66.51157278505319,0.21774193548387097
0.45,40,125,0,0.9579,33.28277602447662,0.216
0.45,40,125,1,0.99129,50.79260939707934,0.216
0.45,40,125,2,0.96105,66.48468922212484,0.216
0.45,40,126,0,0.9602,33.34440541233397,0.21428571428571427
0.45,40,126,1,0.99207,50.77253970137033,0.21428571428571427
0.45,40,126,2,0.96212,66.53438600334518,0.21428571428571427
0.45,40,127,0,0.96121,33.40786212570214,0.2125984251968504
0.45,40,127,1,0.99205,50.86764586152217,0.2125984251968504
0.45,40,127,2,0.96216,66.45139481838939,0.2125984251968504
0.45,40,128,0,0.96436,33.47239360819611,0.2109375
0.45,40,128,1,0.99323,50.956312698507354,0.2109375
0.45,40,128,2,0.96151,66.51432982416279,0.2109375
0.55,2,40,0,0.05948,25.83670658527753,0.675
0.55,2,40,1,0.07639,36.542288056229665,0.675
0.55,2,40,2,0.0756,47.32337454212454,0.675
0.55,2,41,0,0.08891,26.067890606750126,0.6585365853658537
0.55,2,41,1,0.11044,36.971711057866436,0.6585365853658537
0.55,2,41,2,0.10593,48.010424155283964,0.6585365853658537
0.55,2,42,0,0.12823,26.2862179737131,0.6428571428571429
0.55,2,42,1,0.14946,37.42604144149708,0.6428571428571429
0.55,2,42,2,0.14536,48.68004768003048,0.6428571428571429
0.55,2,43,0,0.17238,26.51064954885004,0.627906976744186
0.55,2,43,1,0.19289,37.85329023716187,0.627906976744186
0.55,2,43,2,0.19281,49.29348541609316,0.627906976744186
0.55,2,44,0,0.22766,26.714901269774764,0.6136363636363636
0.55,2,44,1,0.24509,38.26822642859609,0.6136363636363636
0.55,2,44,2,0.24379,49.950868023235635,0.6136363636363636
0.55,2,45,0,0.28535,26.92811459611004,0.6
0.55,2,45,1,0.30537,38.64827283925427,0.6
0.55,2,45,2,0.30206,50.5479521389026,0.6
0.55,2,46,0,0.35204,27.121374428605137,0.5869565217391305
0.55,2,46,1,0.36418,39.05155206427928,0.5869565217391305
0.55,2,46,2,0.36055,51.12456930117448,0.5869565217391305
0.55,2,47,0,0.42072,27.311710145245513,0.574468085106383
0.55,2,47,1,0.42769,39.41487094354825,0.574468085106383
0.55,2,47,2,0.42571,51.662925556039404,0.574468085106383
0.55,2,48,0,0.48941,27.48559097060354,0.5625
0.55,2,48,1,0.48816,39.77976561909084,0.5625
0.55,2,48,2,0.48906,52.1959669884771,0.5625
0.55,2,49,0,0.55584,27.65189588315398,0.5510204081632653
0.55,2,49,1,0.55142,40.100380695435284,0.5510204081632653
0.55,2,49,2,0.55379,52.68700854392181,0.5510204081632653
0.55,2,50,0,0.62418,27.800297066674553,0.54
0.55,2,50,1,0.60863,40.394786399214375,0.54
0.55,2,50,2,0.61403,53.14202106136132,0.54
0.55,2,51,0,0.68346,27.94884456689829,0.5294117647058824
0.55,2,51,1,0.66988,40.68122419170368,0.5294117647058824
0.55,2,51,2,0.67183,53.59363174521026,0.5294117647058824
0.55,2,52,0,0.73695,28.079741345566703,0.5192307692307693
0.55,2,52,1,0.72128,40.96590569756331,0.5192307692307693
0.55,2,52,2,0.71925,53.99671532846714,0.5192307692307693
0.55,2,53,0,0.78634,28.195917649636772,0.5094339622641509
0.55,2,53,1,0.76381,41.181911429846124,0.5094339622641509
0.55,2,53,2,0.76806,54.336590290422016,0.5094339622641509
0.55,2,54,0,0.82731,28.31067068153227,0.5
0.55,2,54,1,0.80792,41.41373955532536,0.5
0.55,2,54,2,0.80901,54.66452587350351,0.5
0.55,2,55,0,0.86392,28.40612245079672,0.4909090909090909
0.55,2,55,1,0.84308,41.623123638234894,0.4909090909090909
0.55,2,55,2,0.84357,54.95461595909691,0.4909090909090909
0.55,2,56,0,0.89422,28.49073666263508,0.48214285714285715
0.55,2,56,1,0.87289,41.8012094219291,0.48214285714285715
0.55,2,56,2,0.87586,55.21494258829563,0.48214285714285715
0.55,2,57,0,0.91681,28.546387432007137,0.47368421052631576
0.55,2,57,1,0.899,41.97055702917772,0.47368421052631576
0.55,2,57,2,0.90166,55.47522070403478,0.47368421052631576
0.55,2,58,0,0.93672,28.61398837679103,0.46551724137931033
0.55,2,58,1,0.92008,42.11365399664243,0.46551724137931033
0.55,2,58,2,0.92357,55.670949934243446,0.46551724137931033
0.55,2,59,0,0.95308,28.66352429047848,0.4576271186440678
0.55,2,59,1,0.93852,42.22409710542622,0.4576271186440678
0.55,2,59,2,0.93941,55.84559007167346,0.4576271186440678
0.55,2,60,0,0.96537,28.707198555197245,0.45
0.55,2,60,1,0.95226,42.321887283531154,0.45
0.55,2,60,2,0.95379,55.99021857738398,0.45
0.55,2,61,0,0.97503,28.73739387900491,0.4426229508196721
0.55,2,61,1,0.96266,42.393076715319246,0.4426229508196721
0.55,2,61,2,0.96622,56.14843748756056,0.4426229508196721
0.55,2,62,0,0.98198,28.761011895902627,0.43548387096774194
0.55,2,62,1,0.97218,42.47114731839782,0.43548387096774194
0.55,2,62,2,0.97297,56.23371757845328,0.43548387096774194
0.55,2,63,0,0.98725,28.78744472797397,0.42857142857142855
0.55,2,63,1,0.97971,42.526905528559084,0.42857142857142855
0.55,2,63,2,0.98045,56.324889081544185,0.42857142857142855
0.55,2,64,0,0.9903,28.79814974483257,0.421875
0.55,2,64,1,0.98463,42.573926637026474,0.421875
0.55,2,64,2,0.98561,56.36757263951337,0.421875
0.55,2,65,0,0.99349,28.82243791699347,0.4153846153846154
0.55,2,65,1,0.98891,42.62997216049061,0.4153846153846154
0.55,2,65,2,0.9898,56.42093779629139,0.4153846153846154
0.55,2,66,0,0.99546,28.831349132755008,0.4090909090909091
0.55,2,66,1,0.9912,42.666627863661766,0.4090909090909091
0.55,2,66,2,0.99199,56.48235055099036,0.4090909090909091
0.55,2,67,0,0.99702,28.843136199721318,0.40298507462686567
0.55,2,67,1,0.99424,42.68268689188185,0.40298507462686567
0.55,2,67,2,0.99443,56.505349218222406,0.40298507462686567
0.55,2,68,0,0.99756,28.840902571505243,0.39705882352941174
0.55,2,68,1,0.99571,42.7019954064475,0.39705882352941174
0.55,2,68,2,0.99584,56.52574807352432,0.39705882352941174
0.55,2,69,0,0.9985,28.862005508262385,0.391304347826087
0.55,2,69,1,0.99659,42.70622437897847,0.391304347826087
0.55,2,69,2,0.99727,56.54135115789182,0.391304347826087
0.55,2,70,0,0.99899,28.84675445276653,0.38571428571428573
0.55,2,70,1,0.99788,42.74126532865059,0.38571428571428573
0.55,2,70,2,0.99805,56.589202791597465,0.38571428571428573
0.55,2,71,0,0.99943,28.856752194904935,0.38028169014084506
0.55,2,71,1,0.9985,42.72310966449675,0.38028169014084506
0.55,2,71,2,0.99851,56.60745761184163,0.38028169014084506
0.55,2,72,0,0.99966,28.857491354752927,0.375
0.55,2,72,1,0.999,42.73050358050357,0.375
0.55,2,72,2,0.99912,56.58164761913561,0.375
0.55,2,73,0,0.99962,28.860048549217932,0.3698630136986301
0.55,2,73,1,0.99917,42.73699863194143,0.3698630136986301
0.55,2,73,2,0.9993,56.60321167124679,0.3698630136986301
0.55,2,74,0,0.99978,28.85988186631828,0.36486486486486486
0.55,2,74,1,0.9996,42.745619401606795,0.36486486486486486
0.55,2,74,2,0.99957,56.57645960840084,0.36486486486486486
0.55,2,75,0,0.99986,28.853611621011556,0.36
0.55,2,75,1,0.99967,42.730645343732654,0.36
0.55,2,75,2,0.99963,56.619491519554536,0.36
0.55,2,76,0,0.99988,28.84715781278369,0.35526315789473684
0.55,2,76,1,0.99968,42.73010247894711,0.35526315789473684
0.55,2,76,2,0.99988,56.60049109739321,0.35526315789473684
0.55,2,77,0,0.99997,28.851813631332014,0.35064935064935066
0.55,2,77,1,0.99989,42.7427882451685,0.35064935064935066
0.55,2,77,2,0.9998,56.635230892332316,0.35064935064935066
0.55,2,78,0,0.99998,28.851666456406047,0.34615384615384615
0.55,2,78,1,0.99983,42.74801331610989,0.34615384615384615
0.55,2,78,2,0.9999,56.630331302361,0.34615384615384615
0.55,2,79,0,0.99997,28.853956964862792,0.34177215189873417
0.55,2,79,1,0.99992,42.73840753414119,0.34177215189873417
0.55,2,79,2,0.99992,56.61194722500876,0.34177215189873417
0.55,2,80,0,0.99998,28.856166546407852,0.3375
0.55,2,80,1,0.99992,42.75700902226024,0.3375
0.55,2,80,2,0.99993,56.61894794174053,0.3375
0.55,2,81,0,0.99999,28.848905796750273,0.3333333333333333
0.55,2,81,1,0.99998,42.75446662779409,0.3333333333333333
0.55,2,81,2,0.99996,56.60419012914362,0.3333333333333333
0.55,2,82,0,1.0,28.863438461538465,0.32926829268292684
0.55,2,82,1,0.99997,42.748876697070145,0.32926829268292684
0.55,2,82,2,0.99997,56.61260126265326,0.32926829268292684
0.55,2,83,0,0.99999,28.857248187866492,0.3253012048192771
0.55,2,83,1,0.99999,42.74713324056317,0.3253012048192771
0.55,2,83,2,0.99999,56.61515268998844,0.3253012048192771
0.55,2,84,0,1.0,28.849378846153844,0.32142857142857145
0.55,2,84,1,0.99996,42.732313138679395,0.32142857142857145
0.55,2,84,2,0.99999,56.62462874628746,0.32142857142857145
0.55,2,85,0,0.99999,28.86037225756873,0.3176470588235294
0.55,2,85,1,0.99999,42.757506421218054,0.3176470588235294
0.55,2,85,2,0.99999,56.61412287199795,0.3176470588235294
0.55,2,86,0,1.0,28.857787500000004,0.313953488372093
0.55,2,86,1,1.0,42.75568846153846,0.313953488372093
0.55,2,86,2,1.0,56.618526923076914,0.313953488372093
0.55,2,87,0,1.0,28.860199038461534,0.3103448275862069
0.55,2,87,1,1.0,42.72791538461539,0.3103448275862069
0.55,2,87,2,0.99999,56.607260303372264,0.3103448275862069
0.55,2,88,0,1.0,28.863775961538465,0.3068181818181818
0.55,2,88,1,0.99999,42.756519872891026,0.3068181818181818
0.55,2,88,2,1.0,56.63958173076921,0.3068181818181818
0.55,2,89,0,1.0,28.856674038461534,0.30337078651685395
0.55,2,89,1,1.0,42.72774230769231,0.30337078651685395
0.55,2,89,2,1.0,56.61044423076923,0.30337078651685395
0.55,2,90,0,1.0,28.85262692307692,0.3
0.55,2,90,1,1.0,42.74963076923077,0.3
0.55,2,90,2,1.0,56.63267596153847,0.3
0.55,2,91,0,1.0,28.85196923076922,0.2967032967032967
0.55,2,91,1,1.0,42.76854807692306,0.2967032967032967
0.55,2,91,2,1.0,56.64493846153846,0.2967032967032967
0.55,2,92,0,1.0,28.85560673076922,0.29347826086956524
0.55,2,92,1,1.0,42.745753846153846,0.29347826086956524
0.55,2,92,2,1.0,56.60308846153846,0.29347826086956524
0.55,2,93,0,1.0,28.853004807692304,0.2903225806451613
0.55,2,93,1,1.0,42.754805769230764,0.2903225806451613
0.55,2,93,2,1.0,56.59787019230768,0.2903225806451613
0.55,2,94,0,1.0,28.860516346153844,0.2872340425531915
0.55,2,94,1,1.0,42.75646153846153,0.2872340425531915
0.55,2,94,2,1.0,56.61942692307692,0.2872340425531915
0.55,2,95,0,1.0,28.859616346153846,0.28421052631578947
0.55,2,95,1,1.0,42.74639423076924,0.28421052631578947
0.55,2,95,2,1.0,56.64310384615384,0.28421052631578947
0.55,2,96,0,1.0,28.860977884615384,0.28125
0.55,2,96,1,1.0,42.74258076923077,0.28125
0.55,2,96,2,1.0,56.63417307692307,0.28125
0.55,2,97,0,1.0,28.85995096153846,0.27835051546391754
0.55,2,97,1,1.0,42.74042307692308,0.27835051546391754
0.55,2,97,2,1.0,56.61418269230769,0.27835051546391754
0.55,2,98,0,1.0,28.86356826923077,0.2755102040816326
0.55,2,98,1,1.0,42.75395192307692,0.2755102040816326
0.55,2,98,2,1.0,56.6540423076923,0.2755102040816326
0.55,2,99,0,1.0,28.847420192307695,0.2727272727272727
0.55,2,99,1,1.0,42.74065961538461,0.2727272727272727
0.55,2,99,2,1.0,56.58650769230769,0.2727272727272727
0.55,2,100,0,1.0,28.85762019230769,0.27
0.55,2,100,1,1.0,42.74703461538462,0.27
0.55,2,100,2,1.0,56.60933653846154,0.27
0.55,2,101,0,1.0,28.8545048076923,0.26732673267326734
0.55,2,101,1,1.0,42.75145961538461,0.26732673267326734
0.55,2,101,2,1.0,56.63361057692307,0.26732673267326734
0.55,2,102,0,1.0,28.85313173076923,0.2647058823529412
0.55,2,102,1,1.0,42.75329423076922,0.2647058823529412
0.55,2,102,2,1.0,56.61024519230768,0.2647058823529412
0.55,2,103,0,1.0,28.849626923076926,0.2621359223300971
0.55,2,103,1,1.0,42.74203846153846,0.2621359223300971
0.55,2,103,2,1.0,56.61001153846153,0.2621359223300971
0.55,2,104,0,1.0,28.84886826923077,0.25961538461538464
0.55,2,104,1,1.0,42.73722692307692,0.25961538461538464
0.55,2,104,2,1.0,56.61303173076922,0.25961538461538464
0.55,2,105,0,1.0,28.868325,0.2571428571428571
0.55,2,105,1,1.0,42.758025,0.2571428571428571
0.55,2,105,2,1.0,56.60240480769231,0.2571428571428571
0.55,2,106,0,1.0,28.85518557692307,0.25471698113207547
0.55,2,106,1,1.0,42.7458576923077,0.25471698113207547
0.55,2,106,2,1.0,56.61299711538462,0.25471698113207547
0.55,2,107,0,1.0,28.852298076923073,0.2523364485981308
0.55,2,107,1,1.0,42.75833653846153,0.2523364485981308
0.55,2,107,2,1.0,56.62519038461538,0.2523364485981308
0.55,2,108,0,1.0,28.8559875,0.25
0.55,2,108,1,1.0,42.72645576923076,0.25
0.55,2,108,2,1.0,56.58861923076924,0.25
0.55,2,109,0,1.0,28.85480769230769,0.24770642201834864
0.55,2,109,1,1.0,42.74830384615384,0.24770642201834864
0.55,2,109,2,1.0,56.60525192307692,0.24770642201834864
0.55,2,110,0,1.0,28.8528375,0.24545454545454545
0.55,2,110,1,1.0,42.75342115384615,0.24545454545454545
0.55,2,110,2,1.0,56.626886538461534,0.24545454545454545
0.55,2,111,0,1.0,28.86110192307692,0.24324324324324326
0.55,2,111,1,1.0,42.74709807692307,0.24324324324324326
0.55,2,111,2,1.0,56.60977788461539,0.24324324324324326
0.55,2,112,0,1.0,28.857259615384613,0.24107142857142858
0.55,2,112,1,1.0,42.74575961538461,0.24107142857142858
0.55,2,112,2,1.0,56.61631153846154,0.24107142857142858
0.55,2,113,0,1.0,28.85137211538461,0.23893805309734514
0.55,2,113,1,1.0,42.73911923076922,0.23893805309734514
0.55,2,113,2,1.0,56.60027596153846,0.23893805309734514
0.55,2,114,0,1.0,28.85237884615385,0.23684210526315788
0.55,2,114,1,1.0,42.74642307692308,0.23684210526315788
0.55,2,114,2,1.0,56.58755480769231,0.23684210526315788
0.55,2,115,0,1.0,28.856123076923076,0.23478260869565218
0.55,2,115,1,1.0,42.75260769230769,0.23478260869565218
0.55,2,115,2,1.0,56.61880384615385,0.23478260869565218
0.55,2,116,0,1.0,28.86006923076922,0.23275862068965517
0.55,2,116,1,1.0,42.76483269230768,0.23275862068965517
0.55,2,116,2,1.0,56.61875192307693,0.23275862068965517
0.55,2,117,0,1.0,28.849566346153846,0.23076923076923078
0.55,2,117,1,1.0,42.73994423076922,0.23076923076923078
0.55,2,117,2,1.0,56.61771346153845,0.23076923076923078
0.55,2,118,0,1.0,28.85092211538461,0.2288135593220339
0.55,2,118,1,1.0,42.74204423076923,0.2288135593220339
0.55,2,118,2,1.0,56.59436538461539,0.2288135593220339
0.55,2,119,0,1.0,28.857966346153844,0.226890756302521
0.55,2,119,1,1.0,42.75305192307692,0.226890756302521
0.55,2,119,2,1.0,56.64207403846153,0.226890756302521
0.55,2,120,0,1.0,28.85766057692307,0.225
0.55,2,120,1,1.0,42.76259423076923,0.225
0.55,2,120,2,1.0,56.59695288461538,0.225
0.55,2,121,0,1.0,28.855797115384615,0.2231404958677686
0.55,2,121,1,1.0,42.75980192307692,0.2231404958677686
0.55,2,121,2,1.0,56.61702115384616,0.2231404958677686
0.55,2,122,0,1.0,28.857034615384617,0.22131147540983606
0.55,2,122,1,1.0,42.7401173076923,0.22131147540983606
0.55,2,122,2,1.0,56.62825384615384,0.22131147540983606
0.55,2,123,0,1.0,28.8561,0.21951219512195122
0.55,2,123,1,1.0,42.74672307692308,0.21951219512195122
0.55,2,123,2,1.0,56.62718942307692,0.21951219512195122
0.55,2,124,0,1.0,28.856948076923075,0.21774193548387097
0.55,2,124,1,1.0,42.73955192307692,0.21774193548387097
0.55,2,124,2,1.0,56.61113653846154,0.21774193548387097
0.55,2,125,0,1.0,28.85387596153846,0.216
0.55,2,125,1,1.0,42.75387115384615,0.216
0.55,2,125,2,1.0,56.62205769230768,0.216
0.55,2,126,0,1.0,28.8555,0.21428571428571427
0.55,2,126,1,1.0,42.7481423076923,0.21428571428571427
0.55,2,126,2,1.0,56.57965384615384,0.21428571428571427
0.55,2,127,0,1.0,28.8440048076923,0.2125984251968504
0.55,2,127,1,1.0,42.74431153846153,0.2125984251968504
0.55,2,127,2,1.0,56.64012692307693,0.2125984251968504
0.55,2,128,0,1.0,28.851236538461535,0.2109375
0.55,2,128,1,1.0,42.77349807692307,0.2109375
0.55,2,128,2,1.0,56.60687019230768,0.2109375
0.55,3,40,0,0.11416,25.629843067759143,0.675
0.55,3,40,1,0.08493,36.47413254354264,0.675
0.55,3,40,2,0.07723,47.285244374943964,0.675
0.55,3,41,0,0.14944,25.83549096112667,0.6585365853658537
0.55,3,41,1,0.11569,36.9381370639042,0.6585365853658537
0.55,3,41,2,0.10947,47.99457701793958,0.6585365853658537
0.55,3,42,0,0.18768,26.04481236474523,0.6428571428571429
0.55,3,42,1,0.15609,37.36978666154142,0.6428571428571429
0.55,3,42,2,0.14931,48.65633838735105,0.6428571428571429
0.55,3,43,0,0.23247,26.247729235534113,0.627906976744186
0.55,3,43,1,0.19945,37.78506276876795,0.627906976744186
0.55,3,43,2,0.1953,49.26160935838355,0.627906976744186
0.55,3,44,0,0.28139,26.448362797868818,0.6136363636363636
0.55,3,44,1,0.25108,38.207252362103404,0.6136363636363636
0.55,3,44,2,0.24753,49.924018533883995,0.6136363636363636
0.55,3,45,0,0.33202,26.643161556532736,0.6
0.55,3,45,1,0.30974,38.609236779234195,0.6
0.55,3,45,2,0.30022,50.51244792280532,0.6
0.55,3,46,0,0.38283,26.833666881664687,0.5869565217391305
0.55,3,46,1,0.36733,38.9855537569446,0.5869565217391305
0.55,3,46,2,0.36382,51.083960052096764,0.5869565217391305
0.55,3,47,0,0.43854,27.009377269330756,0.574468085106383
0.55,3,47,1,0.42856,39.34514151146595,0.574468085106383
0.55,3,47,2,0.42692,51.62550045405733,0.574468085106383
0.55,3,48,0,0.49533,27.176917020354733,0.5625
0.55,3,48,1,0.48973,39.70027833233069,0.5625
0.55,3,48,2,0.49108,52.15712150926373,0.5625
0.55,3,49,0,0.54542,27.324641137528452,0.5510204081632653
0.55,3,49,1,0.54795,40.02350017898881,0.5510204081632653
0.55,3,49,2,0.55243,52.63869317240333,0.5510204081632653
0.55,3,50,0,0.59637,27.48680478432981,0.54
0.55,3,50,1,0.61069,40.340875453616775,0.54
0.55,3,50,2,0.61481,53.11212626039564,0.54
0.55,3,51,0,0.64581,27.636577142836725,0.5294117647058824
0.55,3,51,1,0.66367,40.610057593498155,0.5294117647058824
0.55,3,51,2,0.66923,53.54167792146887,0.5294117647058824
0.55,3,52,0,0.68904,27.769877990783158,0.5192307692307693
0.55,3,52,1,0.71654,40.8983985004863,0.5192307692307693
0.55,3,52,2,0.7197,53.93545387501202,0.5192307692307693
0.55,3,53,0,0.7323,27.90167963949201,0.5094339622641509
0.55,3,53,1,0.7602,41.125857567846516,0.5094339622641509
0.55,3,53,2,0.76847,54.30556945819415,0.5094339622641509
0.55,3,54,0,0.76965,28.012405738872307,0.5
0.55,3,54,1,0.80047,41.35461762368454,0.5
0.55,3,54,2,0.80698,54.63952256942789,0.5
0.55,3,55,0,0.80375,28.123505203971764,0.4909090909090909
0.55,3,55,1,0.83316,41.56678973841944,0.4909090909090909
0.55,3,55,2,0.84315,54.92603287123834,0.4909090909090909
0.55,3,56,0,0.83613,28.231660700535155,0.48214285714285715
0.55,3,56,1,0.86747,41.747996605513286,0.48214285714285715
0.55,3,56,2,0.87272,55.19017025462392,0.48214285714285715
0.55,3,57,0,0.8622,28.31474827364702,0.47368421052631576
0.55,3,57,1,0.8938,41.91563032514588,0.47368421052631576
0.55,3,57,2,0.89988,55.449431719101,0.47368421052631576
0.55,3,58,0,0.88589,28.41011581573333,0.46551724137931033
0.55,3,58,1,0.91457,42.04098647451807,0.46551724137931033
0.55,3,58,2,0.92086,55.62498955825574,0.46551724137931033
0.55,3,59,0,0.90407,28.479319164360145,0.4576271186440678
0.55,3,59,1,0.93185,42.195591069873416,0.4576271186440678
0.55,3,59,2,0.93871,55.83737563743368,0.4576271186440678
0.55,3,60,0,0.92367,28.538236058332522,0.45
0.55,3,60,1,0.94582,42.27725880513937,0.45
0.55,3,60,2,0.95204,56.00922654348717,0.45
0.55,3,61,0,0.93713,28.600219861130824,0.4426229508196721
0.55,3,61,1,0.96055,42.37775833556897,0.4426229508196721
0.55,3,61,2,0.96494,56.10571542112623,0.4426229508196721
0.55,3,62,0,0.94897,28.645479795502975,0.43548387096774194
0.55,3,62,1,0.96869,42.452554877840576,0.43548387096774194
0.55,3,62,2,0.97228,56.20623886439803,0.43548387096774194
0.55,3,63,0,0.95887,28.686184900335405,0.42857142857142855
0.55,3,63,1,0.97657,42.50648856555243,0.42857142857142855
0.55,3,63,2,0.97919,56.32282019597046,0.42857142857142855
0.55,3,64,0,0.96753,28.7440967841188,0.421875
0.55,3,64,1,0.98133,42.5772969807851,0.421875
0.55,3,64,2,0.98454,56.37705562613387,0.421875
0.55,3,65,0,0.97318,28.768286600470777,0.4153846153846154
0.55,3,65,1,0.98599,42.604709284771964,0.4153846153846154
0.55,3,65,2,0.98909,56.4410818180192,0.4153846153846154
0.55,3,66,0,0.97912,28.804094885831553,0.4090909090909091
0.55,3,66,1,0.99036,42.663093373971236,0.4090909090909091
0.55,3,66,2,0.99164,56.450530279288685,0.4090909090909091
0.55,3,67,0,0.98428,28.81384596628226,0.40298507462686567
0.55,3,67,1,0.99285,42.66378258393668,0.40298507462686567
0.55,3,67,2,0.99409,56.522469912567885,0.40298507462686567
0.55,3,68,0,0.98792,28.841677658421432,0.39705882352941174
0.55,3,68,1,0.99472,42.704359788916236,0.39705882352941174
0.55,3,68,2,0.99572,56.5352806164229,0.39705882352941174
0.55,3,69,0,0.98999,28.862677905837433,0.391304347826087
0.55,3,69,1,0.99591,42.7008059115629,0.391304347826087
0.55,3,69,2,0.99703,56.56779866974144,0.391304347826087
0.55,3,70,0,0.99251,28.878362395883627,0.38571428571428573
0.55,3,70,1,0.99708,42.70207467343103,0.38571428571428573
0.55,3,70,2,0.99802,56.591458780693465,0.38571428571428573
0.55,3,71,0,0.99422,28.884069150458878,0.38028169014084506
0.55,3,71,1,0.99818,42.732592549208775,0.38028169014084506
0.55,3,71,2,0.99836,56.593174344386334,0.38028169014084506
0.55,3,72,0,0.99542,28.877294547489036,0.375
0.55,3,72,1,0.99854,42.72591637637104,0.375
0.55,3,72,2,0.99882,56.583211458752096,0.375
0.55,3,73,0,0.99679,28.892508413545944,0.3698630136986301
0.55,3,73,1,0.99914,42.760246889247824,0.3698630136986301
0.55,3,73,2,0.99914,56.58143022229888,0.3698630136986301
0.55,3,74,0,0.99757,28.90460839069709,0.36486486486486486
0.55,3,74,1,0.99942,42.739492751949975,0.36486486486486486
0.55,3,74,2,0.99949,56.59789184791937,0.36486486486486486
0.55,3,75,0,0.99814,28.897407832414437,0.36
0.55,3,75,1,0.99948,42.741458250598,0.36
0.55,3,75,2,0.9996,56.65416647428201,0.36
0.55,3,76,0,0.99866,28.910362000465238,0.35526315789473684
0.55,3,76,1,0.99965,42.763115167231604,0.35526315789473684
0.55,3,76,2,0.99973,56.613077838708755,0.35526315789473684
0.55,3,77,0,0.99887,28.90667223192977,0.35064935064935066
0.55,3,77,1,0.99977,42.74229803624065,0.35064935064935066
0.55,3,77,2,0.99986,56.62509001260175,0.35064935064935066
0.55,3,78,0,0.99921,28.901671743754488,0.34615384615384615
0.55,3,78,1,0.99978,42.78435294226268,0.34615384615384615
0.55,3,78,2,0.99989,56.59887202976942,0.34615384615384615
0.55,3,79,0,0.99931,28.908048476525725,0.34177215189873417
0.55,3,79,1,0.99984,42.761220641456475,0.34177215189873417
0.55,3,79,2,0.99997,56.63365670200876,0.34177215189873417
0.55,3,80,0,0.99948,28.91191111685769,0.3375
0.55,3,80,1,0.9999,42.78975397539754,0.3375
0.55,3,80,2,0.99992,56.5985153812305,0.3375
0.55,3,81,0,0.99965,28.921817828547677,0.3333333333333333
0.55,3,81,1,0.99993,42.76647634565189,0.3333333333333333
0.55,3,81,2,0.99996,56.62921805333752,0.3333333333333333
0.55,3,82,0,0.99971,28.9252671736342,0.32926829268292684
0.55,3,82,1,0.99998,42.762162935566394,0.32926829268292684
0.55,3,82,2,0.99999,56.61496230346918,0.32926829268292684
0.55,3,83,0,0.99985,28.928169994729974,0.3253012048192771
0.55,3,83,1,0.99998,42.77130734922392,0.3253012048192771
0.55,3,83,2,0.99997,56.61434073791444,0.3253012048192771
0.55,3,84,0,0.99991,28.914712901084183,0.32142857142857145
0.55,3,84,1,0.99999,42.78477207849001,0.32142857142857145
0.55,3,84,2,0.99999,56.6212710204025,0.32142857142857145
0.55,3,85,0,0.99992,28.917441279917778,0.3176470588235294
0.55,3,85,1,1.0,42.74623269230769,0.3176470588235294
0.55,3,85,2,1.0,56.63194038461538,0.3176470588235294
0.55,3,86,0,0.99991,28.919095026244666,0.313953488372093
0.55,3,86,1,1.0,42.75913846153847,0.313953488372093
0.55,3,86,2,0.99999,56.62912879128791,0.313953488372093
0.55,3,87,0,0.99993,28.920469625181447,0.3103448275862069
0.55,3,87,1,0.99999,42.763275709680165,0.3103448275862069
0.55,3,87,2,1.0,56.64426346153846,0.3103448275862069
0.55,3,88,0,0.99994,28.908248918012006,0.3068181818181818
0.55,3,88,1,1.0,42.74294423076922,0.3068181818181818
0.55,3,88,2,1.0,56.60822884615384,0.3068181818181818
0.55,3,89,0,0.99998,28.91887645445216,0.30337078651685395
0.55,3,89,1,1.0,42.76375961538461,0.30337078651685395
0.55,3,89,2,1.0,56.63779903846153,0.30337078651685395
0.55,3,90,0,0.99999,28.926502726565726,0.3
0.55,3,90,1,1.0,42.74425384615384,0.3
0.55,3,90,2,1.0,56.64699807692307,0.3
0.55,3,91,0,0.99999,28.906483295602182,0.2967032967032967
0.55,3,91,1,1.0,42.75838846153846,0.2967032967032967
0.55,3,91,2,1.0,56.62066442307692,0.2967032967032967
0.55,3,92,0,1.0,28.922079807692306,0.29347826086956524
0.55,3,92,1,1.0,42.78294807692307,0.29347826086956524
0.55,3,92,2,1.0,56.58634326923077,0.29347826086956524
0.55,3,93,0,1.0,28.914141346153844,0.2903225806451613
0.55,3,93,1,1.0,42.78570576923077,0.2903225806451613
0.55,3,93,2,1.0,56.64722307692307,0.2903225806451613
0.55,3,94,0,1.0,28.911366346153844,0.2872340425531915
0.55,3,94,1,1.0,42.76266923076922,0.2872340425531915
0.55,3,94,2,1.0,56.62617692307692,0.2872340425531915
0.55,3,95,0,1.0,28.915693269230765,0.28421052631578947
0.55,3,95,1,1.0,42.77130576923075,0.28421052631578947
0.55,3,95,2,1.0,56.62941346153845,0.28421052631578947
0.55,3,96,0,1.0,28.91314903846153,0.28125
0.55,3,96,1,1.0,42.76836923076924,0.28125
0.55,3,96,2,1.0,56.60762307692307,0.28125
0.55,3,97,0,1.0,28.915733653846154,0.27835051546391754
0.55,3,97,1,1.0,42.77009999999999,0.27835051546391754
0.55,3,97,2,1.0,56.62241250000001,0.27835051546391754
0.55,3,98,0,1.0,28.92239423076923,0.2755102040816326
0.55,3,98,1,1.0,42.77215961538461,0.2755102040816326
0.55,3,98,2,1.0,56.63807596153846,0.2755102040816326
0.55,3,99,0,1.0,28.91440961538461,0.2727272727272727
0.55,3,99,1,1.0,42.75456923076923,0.2727272727272727
0.55,3,99,2,1.0,56.64018749999999,0.2727272727272727
0.55,3,100,0,1.0,28.923075,0.27
0.55,3,100,1,1.0,42.73595192307692,0.27
0.55,3,100,2,1.0,56.61391442307692,0.27
0.55,3,101,0,1.0,28.920542307692305,0.26732673267326734
0.55,3,101,1,1.0,42.79114038461538,0.26732673267326734
0.55,3,101,2,1.0,56.64527596153846,0.26732673267326734
0.55,3,102,0,1.0,28.929075,0.2647058823529412
0.55,3,102,1,1.0,42.75915,0.2647058823529412
0.55,3,102,2,1.0,56.66544807692307,0.2647058823529412
0.55,3,103,0,1.0,28.922699999999995,0.2621359223300971
0.55,3,103,1,1.0,42.75753461538462,0.2621359223300971
0.55,3,103,2,1.0,56.63997115384614,0.2621359223300971
0.55,3,104,0,1.0,28.902790384615386,0.25961538461538464
0.55,3,104,1,1.0,42.75863653846154,0.25961538461538464
0.55,3,104,2,1.0,56.62461923076922,0.25961538461538464
0.55,3,105,0,1.0,28.91564134615384,0.2571428571428571
0.55,3,105,1,1.0,42.77607692307692,0.2571428571428571
0.55,3,105,2,1.0,56.6124173076923,0.2571428571428571
0.55,3,106,0,1.0,28.92162980769231,0.25471698113207547
0.55,3,106,1,1.0,42.768375,0.25471698113207547
0.55,3,106,2,1.0,56.59485865384615,0.25471698113207547
0.55,3,107,0,1.0,28.915231730769236,0.2523364485981308
0.55,3,107,1,1.0,42.73609615384615,0.2523364485981308
0.55,3,107,2,1.0,56.63316923076922,0.2523364485981308
0.55,3,108,0,1.0,28.923931730769233,0.25
0.55,3,108,1,1.0,42.75148269230769,0.25
0.55,3,108,2,1.0,56.62935288461537,0.25
0.55,3,109,0,1.0,28.92796730769231,0.24770642201834864
0.55,3,109,1,1.0,42.77158846153846,0.24770642201834864
0.55,3,109,2,1.0,56.62370192307692,0.24770642201834864
0.55,3,110,0,1.0,28.91386442307692,0.24545454545454545
0.55,3,110,1,1.0,42.770659615384616,0.24545454545454545
0.55,3,110,2,1.0,56.60839326923076,0.24545454545454545
0.55,3,111,0,1.0,28.916221153846156,0.24324324324324326
0.55,3,111,1,1.0,42.77686730769229,0.24324324324324326
0.55,3,111,2,1.0,56.62396153846154,0.24324324324324326
0.55,3,112,0,1.0,28.923086538461536,0.24107142857142858
0.55,3,112,1,1.0,42.758873076923074,0.24107142857142858
0.55,3,112,2,1.0,56.62661826923077,0.24107142857142858
0.55,3,113,0,1.0,28.93103942307692,0.23893805309734514
0.55,3,113,1,1.0,42.77270769230769,0.23893805309734514
0.55,3,113,2,1.0,56.64563942307692,0.23893805309734514
0.55,3,114,0,1.0,28.91726538461538,0.23684210526315788
0.55,3,114,1,1.0,42.76663846153846,0.23684210526315788
0.55,3,114,2,1.0,56.65451826923077,0.23684210526315788
0.55,3,115,0,1.0,28.92488942307692,0.23478260869565218
0.55,3,115,1,1.0,42.75905192307692,0.23478260869565218
0.55,3,115,2,1.0,56.62347692307691,0.23478260869565218
0.55,3,116,0,1.0,28.92602884615385,0.23275862068965517
0.55,3,116,1,1.0,42.76239230769231,0.23275862068965517
0.55,3,116,2,1.0,56.62290576923076,0.23275862068965517
0.55,3,117,0,1.0,28.9147875,0.23076923076923078
0.55,3,117,1,1.0,42.77075192307692,0.23076923076923078
0.55,3,117,2,1.0,56.60751923076923,0.23076923076923078
0.55,3,118,0,1.0,28.92724903846154,0.2288135593220339
0.55,3,118,1,1.0,42.74596153846154,0.2288135593220339
0.55,3,118,2,1.0,56.61792115384615,0.2288135593220339
0.55,3,119,0,1.0,28.917487500000004,0.226890756302521
0.55,3,119,1,1.0,42.75453461538461,0.226890756302521
0.55,3,119,2,1.0,56.61401826923076,0.226890756302521
0.55,3,120,0,1.0,28.92166730769231,0.225
0.55,3,120,1,1.0,42.76939615384615,0.225
0.55,3,120,2,1.0,56.63265865384613,0.225
0.55,3,121,0,1.0,28.92252403846154,0.2231404958677686
0.55,3,121,1,1.0,42.76443461538461,0.2231404958677686
0.55,3,121,2,1.0,56.63723653846152,0.2231404958677686
0.55,3,122,0,1.0,28.91929326923077,0.22131147540983606
0.55,3,122,1,1.0,42.76152115384614,0.22131147540983606
0.55,3,122,2,1.0,56.62485288461538,0.22131147540983606
0.55,3,123,0,1.0,28.920077884615385,0.21951219512195122
0.55,3,123,1,1.0,42.77929615384614,0.21951219512195122
0.55,3,123,2,1.0,56.6113096153846,0.21951219512195122
0.55,3,124,0,1.0,28.92999519230769,0.21774193548387097
0.55,3,124,1,1.0,42.770175,0.21774193548387097
0.55,3,124,2,1.0,56.62576153846153,0.21774193548387097
0.55,3,125,0,1.0,28.91855480769231,0.216
0.55,3,125,1,1.0,42.74486538461538,0.216
0.55,3,125,2,1.0,56.59861442307692,0.216
0.55,3,126,0,1.0,28.91286923076923,0.21428571428571427
0.55,3,126,1,1.0,42.77393653846154,0.21428571428571427
0.55,3,126,2,1.0,56.64250673076922,0.21428571428571427
0.55,3,127,0,1.0,28.926876923076925,0.2125984251968504
0.55,3,127,1,1.0,42.75652499999999,0.2125984251968504
0.55,3,127,2,1.0,56.62868653846154,0.2125984251968504
0.55,3,128,0,1.0,28.921465384615384,0.2109375
0.55,3,128,1,1.0,42.75557884615384,0.2109375
0.55,3,128,2,1.0,56.62587403846153,0.2109375
0.55,5,40,0,0.1835,25.261182142108574,0.675
0.55,5,40,1,0.12191,36.1783440495195,0.675
0.55,5,40,2,0.09784,47.053814312220894,0.675
0.55,5,41,0,0.22016,25.47555885929114,0.6585365853658537
0.55,5,41,1,0.15672,36.567027918482744,0.6585365853658537
0.55,5,41,2,0.13264,47.68718973276421,0.6585365853658537
0.55,5,42,0,0.25639,25.669757910874957,0.6428571428571429
0.55,5,42,1,0.19778,37.00058145414096,0.6428571428571429
0.55,5,42,2,0.17095,48.35373028550858,0.6428571428571429
0.55,5,43,0,0.29066,25.868547179099025,0.627906976744186
0.55,5,43,1,0.24006,37.402932920615996,0.627906976744186
0.55,5,43,2,0.21604,48.974758057624655,0.627906976744186
0.55,5,44,0,0.33128,26.041098745193466,0.6136363636363636
0.55,5,44,1,0.28799,37.792698464423175,0.6136363636363636
0.55,5,44,2,0.26643,49.56685837526958,0.6136363636363636
0.55,5,45,0,0.37164,26.224727403690913,0.6
0.55,5,45,1,0.33915,38.17437825332562,0.6
0.55,5,45,2,0.31919,50.117957835579,0.6
0.55,5,46,0,0.41554,26.39805572730201,0.5869565217391305
0.55,5,46,1,0.38973,38.53243073607172,0.5869565217391305
0.55,5,46,2,0.37641,50.71964030629448,0.5869565217391305
0.55,5,47,0,0.45275,26.556122839060443,0.574468085106383
0.55,5,47,1,0.4431,38.87422530076558,0.574468085106383
0.55,5,47,2,0.43612,51.26708024961372,0.574468085106383
0.55,5,48,0,0.49166,26.71725535783014,0.5625
0.55,5,48,1,0.49496,39.24876602305081,0.5625
0.55,5,48,2,0.49481,51.76913088629201,0.5625
0.55,5,49,0,0.53227,26.885491169172383,0.5510204081632653
0.55,5,49,1,0.54056,39.5437886351476,0.5510204081632653
0.55,5,49,2,0.54708,52.276124360942845,0.5510204081632653
0.55,5,50,0,0.57404,27.035309453106994,0.54
0.55,5,50,1,0.59103,39.85090565492575,0.54
0.55,5,50,2,0.60094,52.73089307520782,0.54
0.55,5,51,0,0.60551,27.176482189838698,0.5294117647058824
0.55,5,51,1,0.63946,40.14780499892939,0.5294117647058824
0.55,5,51,2,0.64992,53.15580260765822,0.5294117647058824
0.55,5,52,0,0.64391,27.320951148213496,0.5192307692307693
0.55,5,52,1,0.68033,40.41392242904743,0.5192307692307693
0.55,5,52,2,0.70066,53.56216885617736,0.5192307692307693
0.55,5,53,0,0.67871,27.45482663378377,0.5094339622641509
0.55,5,53,1,0.72348,40.67756644168569,0.5094339622641509
0.55,5,53,2,0.74615,53.94954484301464,0.5094339622641509
0.55,5,54,0,0.70996,27.590633491811026,0.5
0.55,5,54,1,0.76245,40.93197536282328,0.5
0.55,5,54,2,0.78189,54.28066312692027,0.5
0.55,5,55,0,0.73951,27.68621478047314,0.4909090909090909
0.55,5,55,1,0.79363,41.1210949880733,0.4909090909090909
0.55,5,55,2,0.8188,54.59857530720379,0.4909090909090909
0.55,5,56,0,0.76454,27.813096764067282,0.48214285714285715
0.55,5,56,1,0.82448,41.33673998716207,0.48214285714285715
0.55,5,56,2,0.84624,54.89118948797942,0.48214285714285715
0.55,5,57,0,0.79152,27.920235748938744,0.47368421052631576
0.55,5,57,1,0.85121,41.51998557709251,0.47368421052631576
0.55,5,57,2,0.87547,55.146424645750706,0.47368421052631576
0.55,5,58,0,0.81504,28.015432465796863,0.46551724137931033
0.55,5,58,1,0.87516,41.68933065426278,0.46551724137931033
0.55,5,58,2,0.90077,55.382594677545114,0.46551724137931033
0.55,5,59,0,0.83798,28.130383825940402,0.4576271186440678
0.55,5,59,1,0.8952,41.85860486698287,0.4576271186440678
0.55,5,59,2,0.91736,55.601420631779476,0.4576271186440678
0.55,5,60,0,0.85555,28.21817049761062,0.45
0.55,5,60,1,0.91203,42.003558840422755,0.45
0.55,5,60,2,0.93496,55.77734403281753,0.45
0.55,5,61,0,0.87455,28.294648236675563,0.4426229508196721
0.55,5,61,1,0.92853,42.141840825324394,0.4426229508196721
0.55,5,61,2,0.94933,55.8969412840959,0.4426229508196721
0.55,5,62,0,0.89072,28.374573378839585,0.43548387096774194
0.55,5,62,1,0.9415,42.21930430164631,0.43548387096774194
0.55,5,62,2,0.95781,56.09464258609182,0.43548387096774194
0.55,5,63,0,0.90494,28.438666141911664,0.42857142857142855
0.55,5,63,1,0.95251,42.33515214457672,0.42857142857142855
0.55,5,63,2,0.9671,56.193828893678955,0.42857142857142855
0.55,5,64,0,0.91872,28.50774091210513,0.421875
0.55,5,64,1,0.96133,42.4134212297226,0.421875
0.55,5,64,2,0.97469,56.295206681098605,0.421875
0.55,5,65,0,0.92868,28.55770783842078,0.4153846153846154
0.55,5,65,1,0.96823,42.49908437203811,0.4153846153846154
0.55,5,65,2,0.98053,56.368487725241216,0.4153846153846154
0.55,5,66,0,0.93828,28.62897453933711,0.4090909090909091
0.55,5,66,1,0.97578,42.539246709141565,0.4090909090909091
0.55,5,66,2,0.98553,56.45128470506693,0.4090909090909091
0.55,5,67,0,0.94838,28.662102135301172,0.40298507462686567
0.55,5,67,1,0.97984,42.606585298070634,0.40298507462686567
0.55,5,67,2,0.98874,56.485036900110636,0.40298507462686567
0.55,5,68,0,0.95425,28.72140122125713,0.39705882352941174
0.55,5,68,1,0.98405,42.66409618022848,0.39705882352941174
0.55,5,68,2,0.99073,56.55943383627768,0.39705882352941174
0.55,5,69,0,0.96257,28.767641074655106,0.391304347826087
0.55,5,69,1,0.98741,42.69272253050521,0.391304347826087
0.55,5,69,2,0.99333,56.54046528808692,0.391304347826087
0.55,5,70,0,0.96776,28.80710053668741,0.38571428571428573
0.55,5,70,1,0.98993,42.729157617205246,0.38571428571428573
0.55,5,70,2,0.99506,56.61731550010899,0.38571428571428573
0.55,5,71,0,0.97194,28.826292696130338,0.38028169014084506
0.55,5,71,1,0.99199,42.72578934185905,0.38028169014084506
0.55,5,71,2,0.99687,56.60993235750978,0.38028169014084506
0.55,5,72,0,0.97693,28.859030723404324,0.375
0.55,5,72,1,0.99372,42.80058382023725,0.375
0.55,5,72,2,0.99755,56.650005976180104,0.375
0.55,5,73,0,0.97944,28.89014287599193,0.3698630136986301
0.55,5,73,1,0.99528,42.786421138543155,0.3698630136986301
0.55,5,73,2,0.998,56.65593880067828,0.3698630136986301
0.55,5,74,0,0.9835,28.893759532282658,0.36486486486486486
0.55,5,74,1,0.99624,42.823444999351395,0.36486486486486486
0.55,5,74,2,0.99837,56.663098350310996,0.36486486486486486
0.55,5,75,0,0.98615,28.92171576332201,0.36
0.55,5,75,1,0.99702,42.821895787909504,0.36
0.55,5,75,2,0.99893,56.68587311500227,0.36
0.55,5,76,0,0.98808,28.946126286878048,0.35526315789473684
0.55,5,76,1,0.99764,42.8241977991136,0.35526315789473684
0.55,5,76,2,0.99916,56.68665332725644,0.35526315789473684
0.55,5,77,0,0.98999,28.965656801506146,0.35064935064935066
0.55,5,77,1,0.99829,42.86028339229312,0.35064935064935066
0.55,5,77,2,0.99956,56.68699227660171,0.35064935064935066
0.55,5,78,0,0.99192,28.961219150737964,0.34615384615384615
0.55,5,78,1,0.99867,42.819134063689326,0.34615384615384615
0.55,5,78,2,0.99966,56.74059757240538,0.34615384615384615
0.55,5,79,0,0.99285,28.975827164224203,0.34177215189873417
0.55,5,79,1,0.99922,42.852413343946736,0.34177215189873417
0.55,5,79,2,0.99982,56.665618080485245,0.34177215189873417
0.55,5,80,0,0.99403,28.981784716294737,0.3375
0.55,5,80,1,0.99927,42.867595267622285,0.3375
0.55,5,80,2,0.99986,56.71602005049939,0.3375
0.55,5,81,0,0.99534,29.01485634595678,0.3333333333333333
0.55,5,81,1,0.99939,42.88776730728821,0.3333333333333333
0.55,5,81,2,0.99988,56.71220834961733,0.3333333333333333
0.55,5,82,0,0.9962,29.01840551789106,0.32926829268292684
0.55,5,82,1,0.99959,42.86804128154081,0.32926829268292684
0.55,5,82,2,0.99993,56.7203521554201,0.32926829268292684
0.55,5,83,0,0.99692,29.0413396337643,0.3253012048192771
0.55,5,83,1,0.99981,42.89298812928303,0.3253012048192771
0.55,5,83,2,0.99991,56.681686928746664,0.3253012048192771
0.55,5,84,0,0.99767,29.016124878659582,0.32142857142857145
0.55,5,84,1,0.99971,42.85788070848237,0.32142857142857145
0.55,5,84,2,0.99989,56.72784583227231,0.32142857142857145
0.55,5,85,0,0.99796,29.025776044669588,0.3176470588235294
0.55,5,85,1,0.99982,42.85407719543364,0.3176470588235294
0.55,5,85,2,0.99997,56.705044420563375,0.3176470588235294
0.55,5,86,0,0.99838,29.03392341747477,0.313953488372093
0.55,5,86,1,0.99982,42.86284800494858,0.313953488372093
0.55,5,86,2,0.99996,56.71948993344348,0.313953488372093
0.55,5,87,0,0.99836,29.048041672959037,0.3103448275862069
0.55,5,87,1,0.99983,42.86393109905607,0.3103448275862069
0.55,5,87,2,0.99995,56.69094127783311,0.3103448275862069
0.55,5,88,0,0.99896,29.02929816239658,0.3068181818181818
0.55,5,88,1,0.99995,42.87753810767462,0.3068181818181818
0.55,5,88,2,0.99999,56.677331196388884,0.3068181818181818
0.55,5,89,0,0.99921,29.048802400049883,0.30337078651685395
0.55,5,89,1,0.99996,42.860799047346504,0.30337078651685395
0.55,5,89,2,1.0,56.70143942307691,0.30337078651685395
0.55,5,90,0,0.99933,29.037869795840137,0.3
0.55,5,90,1,1.0,42.87718846153845,0.3
0.55,5,90,2,1.0,56.69547692307692,0.3
0.55,5,91,0,0.99943,29.0438626940433,0.2967032967032967
0.55,5,91,1,0.99997,42.859851180150784,0.2967032967032967
0.55,5,91,2,1.0,56.7444923076923,0.2967032967032967
0.55,5,92,0,0.99949,29.039409137121464,0.29347826086956524
0.55,5,92,1,0.99999,42.86913061438307,0.29347826086956524
0.55,5,92,2,1.0,56.71912788461538,0.29347826086956524
0.55,5,93,0,0.99972,29.02382955689131,0.2903225806451613
0.55,5,93,1,0.99998,42.86860160280128,0.2903225806451613
0.55,5,93,2,1.0,56.65570384615384,0.2903225806451613
0.55,5,94,0,0.99976,29.02920643262075,0.2872340425531915
0.55,5,94,1,1.0,42.85760769230769,0.2872340425531915
0.55,5,94,2,1.0,56.69648076923077,0.2872340425531915
0.55,5,95,0,0.99972,29.04905392740736,0.28421052631578947
0.55,5,95,1,1.0,42.88763076923077,0.28421052631578947
0.55,5,95,2,1.0,56.72707211538463,0.28421052631578947
0.55,5,96,0,0.99984,29.06262694338786,0.28125
0.55,5,96,1,0.99999,42.85772473109346,0.28125
0.55,5,96,2,1.0,56.7387375,0.28125
0.55,5,97,0,0.99983,29.050301051178696,0.27835051546391754
0.55,5,97,1,1.0,42.86377499999999,0.27835051546391754
0.55,5,97,2,1.0,56.70776538461538,0.27835051546391754
0.55,5,98,0,0.99987,29.040665671152624,0.2755102040816326
0.55,5,98,1,1.0,42.90252115384615,0.2755102040816326
0.55,5,98,2,1.0,56.66498942307692,0.2755102040816326
0.55,5,99,0,0.99986,29.052787582569255,0.2727272727272727
0.55,5,99,1,1.0,42.88502884615386,0.2727272727272727
0.55,5,99,2,1.0,56.70976442307692,0.2727272727272727
0.55,5,100,0,0.99994,29.04626008329731,0.27
0.55,5,100,1,0.99999,42.86272670419011,0.27
0.55,5,100,2,1.0,56.72942596153846,0.27
0.55,5,101,0,0.99993,29.046011105392758,0.26732673267326734
0.55,5,101,1,1.0,42.86077499999999,0.26732673267326734
0.55,5,101,2,1.0,56.70805096153846,0.26732673267326734
0.55,5,102,0,0.99993,29.055031929158112,0.2647058823529412
0.55,5,102,1,1.0,42.86383269230769,0.2647058823529412
0.55,5,102,2,1.0,56.71036153846155,0.2647058823529412
0.55,5,103,0,0.99997,29.039962545030196,0.2621359223300971
0.55,5,103,1,1.0,42.89149615384614,0.2621359223300971
0.55,5,103,2,1.0,56.69542499999999,0.2621359223300971
0.55,5,104,0,0.99996,29.045107958164476,0.25961538461538464
0.55,5,104,1,1.0,42.85516153846153,0.25961538461538464
0.55,5,104,2,1.0,56.68394134615384,0.25961538461538464
0.55,5,105,0,1.0,29.053393269230764,0.2571428571428571
0.55,5,105,1,1.0,42.85494230769231,0.2571428571428571
0.55,5,105,2,1.0,56.6768798076923,0.2571428571428571
0.55,5,106,0,0.99999,29.053147262241854,0.25471698113207547
0.55,5,106,1,1.0,42.85386346153845,0.25471698113207547
0.55,5,106,2,1.0,56.73055096153846,0.25471698113207547
0.55,5,107,0,0.99998,29.05749941921915,0.2523364485981308
0.55,5,107,1,1.0,42.87625384615383,0.2523364485981308
0.55,5,107,2,1.0,56.71484423076923,0.2523364485981308
0.55,5,108,0,0.99998,29.05441281902561,0.25
0.55,5,108,1,1.0,42.87494423076923,0.25
0.55,5,108,2,1.0,56.7234375,0.25
0.55,5,109,0,0.99998,29.04088081761635,0.24770642201834864
0.55,5,109,1,1.0,42.89438653846154,0.24770642201834864
0.55,5,109,2,1.0,56.698202884615384,0.24770642201834864
0.55,5,110,0,0.99999,29.049149145337598,0.24545454545454545
0.55,5,110,1,1.0,42.86541346153846,0.24545454545454545
0.55,5,110,2,1.0,56.69089038461537,0.24545454545454545
0.55,5,111,0,0.99998,29.05100025077424,0.24324324324324326
0.55,5,111,1,1.0,42.8971096153846,0.24324324324324326
0.55,5,111,2,1.0,56.71167692307692,0.24324324324324326
0.55,5,112,0,0.99999,29.049296262193387,0.24107142857142858
0.55,5,112,1,1.0,42.869042307692304,0.24107142857142858
0.55,5,112,2,1.0,56.68645961538462,0.24107142857142858
0.55,5,113,0,1.0,29.038312499999996,0.23893805309734514
0.55,5,113,1,1.0,42.86469807692307,0.23893805309734514
0.55,5,113,2,1.0,56.691825,0.23893805309734514
0.55,5,114,0,1.0,29.051803846153845,0.23684210526315788
0.55,5,114,1,1.0,42.863763461538454,0.23684210526315788
0.55,5,114,2,1.0,56.68929807692307,0.23684210526315788
0.55,5,115,0,1.0,29.043354807692307,0.23478260869565218
0.55,5,115,1,1.0,42.87590192307693,0.23478260869565218
0.55,5,115,2,1.0,56.76970961538461,0.23478260869565218
0.55,5,116,0,1.0,29.03563269230769,0.23275862068965517
0.55,5,116,1,1.0,42.89036538461538,0.23275862068965517
0.55,5,116,2,0.99999,56.68187451105279,0.23275862068965517
0.55,5,117,0,1.0,29.049876923076916,0.23076923076923078
0.55,5,117,1,1.0,42.86429423076923,0.23076923076923078
0.55,5,117,2,1.0,56.69059615384616,0.23076923076923078
0.55,5,118,0,1.0,29.04771346153846,0.2288135593220339
0.55,5,118,1,1.0,42.87184615384614,0.2288135593220339
0.55,5,118,2,1.0,56.6869875,0.2288135593220339
0.55,5,119,0,1.0,29.053044230769224,0.226890756302521
0.55,5,119,1,1.0,42.87709038461538,0.226890756302521
0.55,5,119,2,1.0,56.72323846153846,0.226890756302521
0.55,5,120,0,1.0,29.036783653846154,0.225
0.55,5,120,1,1.0,42.89982692307692,0.225
0.55,5,120,2,1.0,56.7025298076923,0.225
0.55,5,121,0,1.0,29.057304807692304,0.2231404958677686
0.55,5,121,1,1.0,42.88557692307691,0.2231404958677686
0.55,5,121,2,1.0,56.7202701923077,0.2231404958677686
0.55,5,122,0,1.0,29.04106730769231,0.22131147540983606
0.55,5,122,1,1.0,42.86326153846153,0.22131147540983606
0.55,5,122,2,1.0,56.69584903846153,0.22131147540983606
0.55,5,123,0,1.0,29.04226442307692,0.21951219512195122
0.55,5,123,1,1.0,42.92432884615384,0.21951219512195122
0.55,5,123,2,1.0,56.73522403846154,0.21951219512195122
0.55,5,124,0,1.0,29.032246153846156,0.21774193548387097
0.55,5,124,1,1.0,42.88383461538461,0.21774193548387097
0.55,5,124,2,1.0,56.69155673076922,0.21774193548387097
0.55,5,125,0,1.0,29.066183653846156,0.216
0.55,5,125,1,1.0,42.86843076923077,0.216
0.55,5,125,2,1.0,56.71782980769231,0.216
0.55,5,126,0,1.0,29.05505192307692,0.21428571428571427
0.55,5,126,1,1.0,42.85475769230769,0.21428571428571427
0.55,5,126,2,1.0,56.69714711538461,0.21428571428571427
0.55,5,127,0,1.0,29.063751923076925,0.2125984251968504
0.55,5,127,1,1.0,42.87140192307692,0.2125984251968504
0.55,5,127,2,1.0,56.69924999999999,0.2125984251968504
0.55,5,128,0,1.0,29.049703846153847,0.2109375
0.55,5,128,1,1.0,42.857186538461534,0.2109375
0.55,5,128,2,1.0,56.70047884615385,0.2109375
0.55,10,40,0,0.26626,24.705312620977757,0.675
0.55,10,40,1,0.19933,35.3752860544362,0.675
0.55,10,40,2,0.1609,46.226884830520625,0.675
0.55,10,41,0,0.29463,24.87631488255152,0.6585365853658537
0.55,10,41,1,0.22886,35.75602148441438,0.6585365853658537
0.55,10,41,2,0.19659,46.78702649403092,0.6585365853658537
0.55,10,42,0,0.32226,25.06034007418759,0.6428571428571429
0.55,10,42,1,0.26644,36.11858060120333,0.6428571428571429
0.55,10,42,2,0.23242,47.45352412409895,0.6428571428571429
0.55,10,43,0,0.3483,25.20864804876433,0.627906976744186
0.55,10,43,1,0.30138,36.51202545215087,0.627906976744186
0.55,10,43,2,0.27186,48.00067483829346,0.627906976744186
0.55,10,44,0,0.37812,25.381327356394795,0.6136363636363636
0.55,10,44,1,0.33938,36.86686015675644,0.6136363636363636
0.55,10,44,2,0.31721,48.53038693124913,0.6136363636363636
0.55,10,45,0,0.40724,25.53632615052171,0.6
0.55,10,45,1,0.37872,37.210868187579216,0.6
0.55,10,45,2,0.35693,49.10531369003618,0.6
0.55,10,46,0,0.43299,25.68809992058797,0.5869565217391305
0.55,10,46,1,0.4173,37.568890670795774,0.5869565217391305
0.55,10,46,2,0.40179,49.64191971695892,0.5869565217391305
0.55,10,47,0,0.46228,25.851671231554633,0.574468085106383
0.55,10,47,1,0.45509,37.904171955843054,0.574468085106383
0.55,10,47,2,0.44814,50.13621043904549,0.574468085106383
0.55,10,48,0,0.49047,26.01481742002569,0.5625
0.55,10,48,1,0.49192,38.24434007405832,0.5625
0.55,10,48,2,0.49286,50.59129952646873,0.5625
0.55,10,49,0,0.51901,26.152425179298454,0.5510204081632653
0.55,10,49,1,0.53082,38.52265218109572,0.5510204081632653
0.55,10,49,2,0.53596,51.13022749975601,0.5510204081632653
0.55,10,50,0,0.54415,26.31281851016758,0.54
0.55,10,50,1,0.56714,38.84803914919936,0.54
0.55,10,50,2,0.5801,51.575381565512586,0.54
0.55,10,51,0,0.56969,26.43878688409486,0.5294117647058824
0.55,10,51,1,0.60017,39.12142521157466,0.5294117647058824
0.55,10,51,2,0.61976,52.01148738717717,0.5294117647058824
0.55,10,52,0,0.59683,26.580442955667056,0.5192307692307693
0.55,10,52,1,0.63365,39.40777485751051,0.5192307692307693
0.55,10,52,2,0.65613,52.45925848418875,0.5192307692307693
0.55,10,53,0,0.61966,26.71608841324895,0.5094339622641509
0.55,10,53,1,0.6665,39.677782907265275,0.5094339622641509
0.55,10,53,2,0.69477,52.81251349367416,0.5094339622641509
0.55,10,54,0,0.64156,26.843932397953065,0.5
0.55,10,54,1,0.69825,39.92769561265801,0.5
0.55,10,54,2,0.72934,53.21451322692171,0.5
0.55,10,55,0,0.66743,26.969859414816188,0.4909090909090909
0.55,10,55,1,0.72422,40.171401911446374,0.4909090909090909
0.55,10,55,2,0.76044,53.55345134193564,0.4909090909090909
0.55,10,56,0,0.6874,27.08590899935095,0.48214285714285715
0.55,10,56,1,0.75199,40.40503044741798,0.48214285714285715
0.55,10,56,2,0.78937,53.91354083733766,0.48214285714285715
0.55,10,57,0,0.70876,27.2188752186918,0.47368421052631576
0.55,10,57,1,0.77773,40.63046400322832,0.47368421052631576
0.55,10,57,2,0.8183,54.19423476438019,0.47368421052631576
0.55,10,58,0,0.72838,27.322707187921772,0.46551724137931033
0.55,10,58,1,0.79958,40.839938563899885,0.46551724137931033
0.55,10,58,2,0.83907,54.487671102896876,0.46551724137931033
0.55,10,59,0,0.75121,27.454621927905027,0.4576271186440678
0.55,10,59,1,0.82015,41.029532590192225,0.4576271186440678
0.55,10,59,2,0.86227,54.75521343038188,0.4576271186440678
0.55,10,60,0,0.76887,27.546758179586224,0.45
0.55,10,60,1,0.84394,41.224474124117464,0.45
0.55,10,60,2,0.88022,54.99564029447183,0.45
0.55,10,61,0,0.78299,27.661346495239652,0.4426229508196721
0.55,10,61,1,0.85986,41.39362355947032,0.4426229508196721
0.55,10,61,2,0.89541,55.22552517840989,0.4426229508196721
0.55,10,62,0,0.79923,27.744360196689307,0.43548387096774194
0.55,10,62,1,0.87501,41.57160621461029,0.43548387096774194
0.55,10,62,2,0.91056,55.4085366317262,0.43548387096774194
0.55,10,63,0,0.81565,27.83419547411455,0.42857142857142855
0.55,10,63,1,0.89026,41.73153823688498,0.42857142857142855
0.55,10,63,2,0.92432,55.61081701641788,0.42857142857142855
0.55,10,64,0,0.83077,27.94314426560716,0.421875
0.55,10,64,1,0.90336,41.84508603776669,0.421875
0.55,10,64,2,0.93541,55.80327178620975,0.421875
0.55,10,65,0,0.84361,28.030138106106257,0.4153846153846154
0.55,10,65,1,0.91461,42.00668759193705,0.4153846153846154
0.55,10,65,2,0.94626,55.931368066021854,0.4153846153846154
0.55,10,66,0,0.85582,28.131542308501245,0.4090909090909091
0.55,10,66,1,0.92529,42.12618372452046,0.4090909090909091
0.55,10,66,2,0.95419,56.08657403339279,0.4090909090909091
0.55,10,67,0,0.86424,28.195406457607927,0.40298507462686567
0.55,10,67,1,0.9356,42.23451220113789,0.40298507462686567
0.55,10,67,2,0.96184,56.19892601680113,0.40298507462686567
0.55,10,68,0,0.87767,28.289417522443607,0.39705882352941174
0.55,10,68,1,0.94426,42.320673575889295,0.39705882352941174
0.55,10,68,2,0.96794,56.31072074556433,0.39705882352941174
0.55,10,69,0,0.88929,28.343424572930697,0.391304347826087
0.55,10,69,1,0.95152,42.42538254582142,0.391304347826087
0.55,10,69,2,0.97418,56.423228529872056,0.391304347826087
0.55,10,70,0,0.89824,28.427900030144414,0.38571428571428573
0.55,10,70,1,0.95745,42.52685619253064,0.38571428571428573
0.55,10,70,2,0.9779,56.4653387950632,0.38571428571428573
0.55,10,71,0,0.90721,28.48454115025526,0.38028169014084506
0.55,10,71,1,0.96377,42.56680296368189,0.38028169014084506
0.55,10,71,2,0.98196,56.54086744094228,0.38028169014084506
0.55,10,72,0,0.91658,28.55527529595805,0.375
0.55,10,72,1,0.96995,42.62859901580969,0.375
0.55,10,72,2,0.98564,56.63151119303974,0.375
0.55,10,73,0,0.92259,28.6164795679721,0.3698630136986301
0.55,10,73,1,0.97299,42.712971593509934,0.3698630136986301
0.55,10,73,2,0.9874,56.6515294635484,0.3698630136986301
0.55,10,74,0,0.9301,28.645790775185464,0.36486486486486486
0.55,10,74,1,0.97608,42.76717151179285,0.36486486486486486
0.55,10,74,2,0.98999,56.73649675560049,0.36486486486486486
0.55,10,75,0,0.93725,28.708406344255902,0.36
0.55,10,75,1,0.98048,42.821286905001,0.36
0.55,10,75,2,0.99248,56.79969524671685,0.36
0.55,10,76,0,0.94361,28.7639236141398,0.35526315789473684
0.55,10,76,1,0.98327,42.882581355305014,0.35526315789473684
0.55,10,76,2,0.99327,56.80921060274106,0.35526315789473684
0.55,10,77,0,0.94998,28.822751531611196,0.35064935064935066
0.55,10,77,1,0.98558,42.899491435734056,0.35064935064935066
0.55,10,77,2,0.99487,56.86345374849902,0.35064935064935066
0.55,10,78,0,0.95443,28.85418723539382,0.34615384615384615
0.55,10,78,1,0.98818,42.94811596143337,0.34615384615384615
0.55,10,78,2,0.99595,56.88311218125717,0.34615384615384615
0.55,10,79,0,0.95781,28.89952981681769,0.34177215189873417
0.55,10,79,1,0.98978,42.99961374477933,0.34177215189873417
0.55,10,79,2,0.9962,56.864531373063784,0.34177215189873417
0.55,10,80,0,0.9625,28.93809290709291,0.3375
0.55,10,80,1,0.99135,43.023278280200664,0.3375
0.55,10,80,2,0.99716,56.908061201504594,0.3375
0.55,10,81,0,0.96578,28.996934721556265,0.3333333333333333
0.55,10,81,1,0.99242,43.02994389782242,0.3333333333333333
0.55,10,81,2,0.9979,56.917144272202385,0.3333333333333333
0.55,10,82,0,0.96926,28.984420509540186,0.32926829268292684
0.55,10,82,1,0.99374,43.07785583909117,0.32926829268292684
0.55,10,82,2,0.99806,57.00986837541755,0.32926829268292684
0.55,10,83,0,0.97371,29.037362451148375,0.3253012048192771
0.55,10,83,1,0.99497,43.061561191253546,0.3253012048192771
0.55,10,83,2,0.99874,56.91984111518975,0.3253012048192771
0.55,10,84,0,0.97489,29.06469033587221,0.32142857142857145
0.55,10,84,1,0.99588,43.11040718529572,0.32142857142857145
0.55,10,84,2,0.99883,56.94559942825413,0.32142857142857145
0.55,10,85,0,0.97881,29.091936008638434,0.3176470588235294
0.55,10,85,1,0.99657,43.080303903928936,0.3176470588235294
0.55,10,85,2,0.99931,56.97408519570812,0.3176470588235294
0.55,10,86,0,0.98018,29.120244986399673,0.313953488372093
0.55,10,86,1,0.99692,43.142199127157795,0.313953488372093
0.55,10,86,2,0.99915,56.96821336597647,0.313953488372093
0.55,10,87,0,0.98223,29.124039959307666,0.3103448275862069
0.55,10,87,1,0.99771,43.105806527717704,0.3103448275862069
0.55,10,87,2,0.99946,56.96891128901914,0.3103448275862069
0.55,10,88,0,0.98429,29.16375782778215,0.3068181818181818
0.55,10,88,1,0.99798,43.10193706672093,0.3068181818181818
0.55,10,88,2,0.99962,56.98128269511645,0.3068181818181818
0.55,10,89,0,0.986,29.175874746450305,0.30337078651685395
0.55,10,89,1,0.99821,43.170128375946796,0.30337078651685395
0.55,10,89,2,0.99968,56.99577326282871,0.30337078651685395
0.55,10,90,0,0.98758,29.2063612762822,0.3
0.55,10,90,1,0.99881,43.14539686842727,0.3
0.55,10,90,2,0.99974,56.93974952718476,0.3
0.55,10,91,0,0.98886,29.24661498322077,0.2967032967032967
0.55,10,91,1,0.99882,43.144352643812006,0.2967032967032967
0.55,10,91,2,0.99977,57.021656327109085,0.2967032967032967
0.55,10,92,0,0.98984,29.254477413599087,0.29347826086956524
0.55,10,92,1,0.99899,43.128879398962184,0.29347826086956524
0.55,10,92,2,0.99977,57.015848260484525,0.29347826086956524
0.55,10,93,0,0.99107,29.279546154855172,0.2903225806451613
0.55,10,93,1,0.99934,43.138800454453786,0.2903225806451613
0.55,10,93,2,0.99994,56.95001123144311,0.2903225806451613
0.55,10,94,0,0.99263,29.262254159307943,0.2872340425531915
0.55,10,94,1,0.99929,43.15259218660634,0.2872340425531915
0.55,10,94,2,0.99992,56.99989556856855,0.2872340425531915
0.55,10,95,0,0.99373,29.286319453744202,0.28421052631578947
0.55,10,95,1,0.99941,43.19790407109424,0.28421052631578947
0.55,10,95,2,0.99993,56.96936670182297,0.28421052631578947
0.55,10,96,0,0.99407,29.29284309803287,0.28125
0.55,10,96,1,0.99961,43.19061164623434,0.28125
0.55,10,96,2,0.99991,56.97547683137636,0.28125
0.55,10,97,0,0.99475,29.284374697933377,0.27835051546391754
0.55,10,97,1,0.99957,43.181102489455085,0.27835051546391754
0.55,10,97,2,0.99998,56.983961794620505,0.27835051546391754
0.55,10,98,0,0.99535,29.300070327020645,0.2755102040816326
0.55,10,98,1,0.99967,43.19278054065535,0.2755102040816326
0.55,10,98,2,0.99998,57.01474414103667,0.2755102040816326
0.55,10,99,0,0.99578,29.28756274555547,0.2727272727272727
0.55,10,99,1,0.99973,43.145170349840605,0.2727272727272727
0.55,10,99,2,0.99996,56.959349527827264,0.2727272727272727
0.55,10,100,0,0.99663,29.307661048502688,0.27
0.55,10,100,1,0.99976,43.18563185933855,0.27
0.55,10,100,2,1.0,56.96884326923077,0.27
0.55,10,101,0,0.99686,29.32600480894624,0.26732673267326734
0.55,10,101,1,0.99988,43.206142429399215,0.26732673267326734
0.55,10,101,2,0.99998,56.998163040183876,0.26732673267326734
0.55,10,102,0,0.99715,29.33814255242827,0.2647058823529412
0.55,10,102,1,0.99988,43.15394193457061,0.2647058823529412
0.55,10,102,2,0.99996,56.99053923695408,0.2647058823529412
0.55,10,103,0,0.99747,29.34316416688067,0.2621359223300971
0.55,10,103,1,0.99991,43.18482509579708,0.2621359223300971
0.55,10,103,2,0.99998,56.98715512771793,0.2621359223300971
0.55,10,104,0,0.99785,29.360519347366072,0.25961538461538464
0.55,10,104,1,0.9999,43.185424311661926,0.25961538461538464
0.55,10,104,2,0.99995,56.98755803174772,0.25961538461538464
0.55,10,105,0,0.99802,29.33995368521981,0.2571428571428571
0.55,10,105,1,0.99997,43.17122590600795,0.2571428571428571
0.55,10,105,2,0.99997,56.98104116200408,0.2571428571428571
0.55,10,106,0,0.99817,29.349132951763263,0.25471698113207547
0.55,10,106,1,0.99995,43.15094408566581,0.25471698113207547
0.55,10,106,2,0.99999,56.97437743608205,0.25471698113207547
0.55,10,107,0,0.99866,29.377724805084963,0.2523364485981308
0.55,10,107,1,0.99998,43.2096334234377,0.2523364485981308
0.55,10,107,2,0.99999,57.00303926116183,0.2523364485981308
0.55,10,108,0,0.99885,29.37191712777387,0.25
0.55,10,108,1,0.99997,43.16063328053688,0.25
0.55,10,108,2,0.99995,57.009678368533805,0.25
0.55,10,109,0,0.99892,29.362980287941745,0.24770642201834864
0.55,10,109,1,0.99999,43.174412513355904,0.24770642201834864
0.55,10,109,2,0.99999,56.96555042473501,0.24770642201834864
0.55,10,110,0,0.99902,29.383490051019233,0.24545454545454545
0.55,10,110,1,0.99998,43.18302519896552,0.24545454545454545
0.55,10,110,2,0.99999,57.00005365438268,0.24545454545454545
0.55,10,111,0,0.99921,29.35529260423427,0.24324324324324326
0.55,10,111,1,0.99997,43.1691200736022,0.24324324324324326
0.55,10,111,2,0.99996,56.957627343555274,0.24324324324324326
0.55,10,112,0,0.99924,29.337731291165902,0.24107142857142858
0.55,10,112,1,0.99998,43.17411732850041,0.24107142857142858
0.55,10,112,2,0.99999,57.0056354409698,0.24107142857142858
0.55,10,113,0,0.99943,29.363666135851286,0.23893805309734514
0.55,10,113,1,0.99999,43.215414846456156,0.23893805309734514
0.55,10,113,2,0.99999,57.02345388838504,0.23893805309734514
0.55,10,114,0,0.99943,29.355105487050693,0.23684210526315788
0.55,10,114,1,1.0,43.21695576923077,0.23684210526315788
0.55,10,114,2,0.99999,56.99465360038215,0.23684210526315788
0.55,10,115,0,0.99955,29.365979113678076,0.23478260869565218
0.55,10,115,1,0.99997,43.18699368673367,0.23478260869565218
0.55,10,115,2,0.99998,56.99696013151031,0.23478260869565218
0.55,10,116,0,0.99958,29.375267420008708,0.23275862068965517
0.55,10,116,1,1.0,43.20492115384616,0.23275862068965517
0.55,10,116,2,0.99998,56.99953902924212,0.23275862068965517
0.55,10,117,0,0.99971,29.371297483962653,0.23076923076923078
0.55,10,117,1,1.0,43.19824615384615,0.23076923076923078
0.55,10,117,2,0.99997,57.01736244395025,0.23076923076923078
0.55,10,118,0,0.99966,29.3858267580208,0.2288135593220339
0.55,10,118,1,0.99999,43.18996651504976,0.2288135593220339
0.55,10,118,2,0.99999,56.9385674625977,0.2288135593220339
0.55,10,119,0,0.99971,29.396025809023083,0.226890756302521
0.55,10,119,1,1.0,43.17456923076923,0.226890756302521
0.55,10,119,2,0.99997,56.977345858837296,0.226890756302521
0.55,10,120,0,0.99971,29.376701935869093,0.225
0.55,10,120,1,1.0,43.202521153846156,0.225
0.55,10,120,2,0.99998,56.998353428607025,0.225
0.55,10,121,0,0.99986,29.372081322154337,0.2231404958677686
0.55,10,121,1,1.0,43.18465961538461,0.2231404958677686
0.55,10,121,2,0.99992,57.016970973062456,0.2231404958677686
0.55,10,122,0,0.99988,29.38438093340431,0.22131147540983606
0.55,10,122,1,1.0,43.17785769230768,0.22131147540983606
0.55,10,122,2,1.0,57.02177884615385,0.22131147540983606
0.55,10,123,0,0.99989,29.37102985174523,0.21951219512195122
0.55,10,123,1,1.0,43.18281346153845,0.21951219512195122
0.55,10,123,2,1.0,57.04982596153847,0.21951219512195122
0.55,10,124,0,0.99989,29.355872415196437,0.21774193548387097
0.55,10,124,1,1.0,43.21326346153845,0.21774193548387097
0.55,10,124,2,0.99998,56.995887033125264,0.21774193548387097
0.55,10,125,0,0.99989,29.35684463752551,0.216
0.55,10,125,1,1.0,43.19094807692308,0.216
0.55,10,125,2,0.99999,57.016513434365116,0.216
0.55,10,126,0,0.99984,29.35721350031389,0.21428571428571427
0.55,10,126,1,1.0,43.19095384615385,0.21428571428571427
0.55,10,126,2,0.99993,56.99589259709717,0.21428571428571427
0.55,10,127,0,0.99994,29.38499771524753,0.2125984251968504
0.55,10,127,1,1.0,43.18572115384615,0.2125984251968504
0.55,10,127,2,0.99998,57.00615069993706,0.2125984251968504
0.55,10,128,0,0.99997,29.405073498358792,0.2109375
0.55,10,128,1,1.0,43.18287115384614,0.2109375
0.55,10,128,2,0.99999,56.96696966969669,0.2109375
0.55,20,40,0,0.33001,24.079777302785693,0.675
0.55,20,40,1,0.27217,34.301857436387316,0.675
0.55,20,40,2,0.23547,44.87331801209364,0.675
0.55,20,41,0,0.34806,24.22539880391975,0.6585365853658537
0.55,20,41,1,0.29956,34.63522140164549,0.6585365853658537
0.55,20,41,2,0.26416,45.398501927736106,0.6585365853658537
0.55,20,42,0,0.37099,24.350285721987117,0.6428571428571429
0.55,20,42,1,0.32919,34.99134238585619,0.6428571428571429
0.55,20,42,2,0.29901,45.948562950042835,0.6428571428571429
0.55,20,43,0,0.3913,24.50926399182213,0.627906976744186
0.55,20,43,1,0.35564,35.30336424906776,0.627906976744186
0.55,20,43,2,0.32915,46.44597097418759,0.627906976744186
0.55,20,44,0,0.40948,24.628724705254694,0.6136363636363636
0.55,20,44,1,0.38191,35.61560013132373,0.6136363636363636
0.55,20,44,2,0.36002,46.99459271493463,0.6136363636363636
0.55,20,45,0,0.42885,24.77731589851212,0.6
0.55,20,45,1,0.40963,35.95006938719557,0.6
0.55,20,45,2,0.39412,47.53441698740719,0.6
0.55,20,46,0,0.44861,24.923292975052856,0.5869565217391305
0.55,20,46,1,0.4346,36.282076356685195,0.5869565217391305
0.55,20,46,2,0.42856,48.006196511394144,0.5869565217391305
0.55,20,47,0,0.466,25.065828243644763,0.574468085106383
0.55,20,47,1,0.46092,36.57528588308333,0.574468085106383
0.55,20,47,2,0.46061,48.473105480524985,0.574468085106383
0.55,20,48,0,0.48568,25.18230981462945,0.5625
0.55,20,48,1,0.49059,36.87449726937894,0.5625
0.55,20,48,2,0.49203,48.92172967877193,0.5625
0.55,20,49,0,0.5037,25.32001649333395,0.5510204081632653
0.55,20,49,1,0.51868,37.152442442650276,0.5510204081632653
0.55,20,49,2,0.52384,49.42206736643014,0.5510204081632653
0.55,20,50,0,0.52325,25.460434047557793,0.54
0.55,20,50,1,0.54379,37.44458763068888,0.54
0.55,20,50,2,0.55651,49.85928962503956,0.54
0.55,20,51,0,0.53871,25.594572076027774,0.5294117647058824
0.55,20,51,1,0.56663,37.73861724989445,0.5294117647058824
0.55,20,51,2,0.58409,50.2724422079316,0.5294117647058824
0.55,20,52,0,0.55757,25.730399839413057,0.5192307692307693
0.55,20,52,1,0.59171,37.995061250118624,0.5192307692307693
0.55,20,52,2,0.61557,50.712055805688536,0.5192307692307693
0.55,20,53,0,0.57289,25.845079334601756,0.5094339622641509
0.55,20,53,1,0.61653,38.28836702687124,0.5094339622641509
0.55,20,53,2,0.64158,51.097186153414526,0.5094339622641509
0.55,20,54,0,0.59403,25.950277375268534,0.5
0.55,20,54,1,0.63805,38.55089425111367,0.5
0.55,20,54,2,0.66889,51.55173266387367,0.5
0.55,20,55,0,0.60767,26.089964061971898,0.4909090909090909
0.55,20,55,1,0.66196,38.80469189400243,0.4909090909090909
0.55,20,55,2,0.69711,51.867723392070324,0.4909090909090909
0.55,20,56,0,0.62608,26.22131879189683,0.48214285714285715
0.55,20,56,1,0.683,39.0714523031873,0.48214285714285715
0.55,20,56,2,0.7182,52.28358155002893,0.48214285714285715
0.55,20,57,0,0.64023,26.345131076692393,0.47368421052631576
0.55,20,57,1,0.70089,39.322721001978806,0.47368421052631576
0.55,20,57,2,0.74179,52.595985334850106,0.47368421052631576
0.55,20,58,0,0.6548,26.45453544241342,0.46551724137931033
0.55,20,58,1,0.72284,39.504800509102985,0.46551724137931033
0.55,20,58,2,0.76638,52.97346716932953,0.46551724137931033
0.55,20,59,0,0.66997,26.578791989537994,0.4576271186440678
0.55,20,59,1,0.741,39.773824353783866,0.4576271186440678
0.55,20,59,2,0.78164,53.28890710065228,0.4576271186440678
0.55,20,60,0,0.68337,26.687924437825657,0.45
0.55,20,60,1,0.75967,39.96427345476933,0.45
0.55,20,60,2,0.80382,53.57828029811496,0.45
0.55,20,61,0,0.70136,26.811421600670343,0.4426229508196721
0.55,20,61,1,0.77826,40.21373122290553,0.4426229508196721
0.55,20,61,2,0.82025,53.88714041216327,0.4426229508196721
0.55,20,62,0,0.71449,26.922958495408775,0.43548387096774194
0.55,20,62,1,0.79356,40.38256522700042,0.43548387096774194
0.55,20,62,2,0.83962,54.12398672109911,0.43548387096774194
0.55,20,63,0,0.7242,27.035298897457142,0.42857142857142855
0.55,20,63,1,0.80707,40.59928077919082,0.42857142857142855
0.55,20,63,2,0.85439,54.41978397543186,0.42857142857142855
0.55,20,64,0,0.73979,27.122902341308915,0.421875
0.55,20,64,1,0.82398,40.74136414812158,0.421875
0.55,20,64,2,0.86751,54.62353459902479,0.421875
0.55,20,65,0,0.75103,27.223505360330787,0.4153846153846154
0.55,20,65,1,0.83609,40.9305977365337,0.4153846153846154
0.55,20,65,2,0.88249,54.902566993568016,0.4153846153846154
0.55,20,66,0,0.76355,27.327351238899272,0.4090909090909091
0.55,20,66,1,0.84852,41.139635890908686,0.4090909090909091
0.55,20,66,2,0.89193,55.1559496304039,0.4090909090909091
0.55,20,67,0,0.77431,27.431864896091113,0.40298507462686567
0.55,20,67,1,0.86063,41.31149453128701,0.40298507462686567
0.55,20,67,2,0.90362,55.309816881841066,0.40298507462686567
0.55,20,68,0,0.78368,27.52031588639005,0.39705882352941174
0.55,20,68,1,0.87125,41.44204833903542,0.39705882352941174
0.55,20,68,2,0.91421,55.53469451977454,0.39705882352941174
0.55,20,69,0,0.79641,27.612116101775946,0.391304347826087
0.55,20,69,1,0.88392,41.59487327429562,0.391304347826087
0.55,20,69,2,0.92294,55.72643796329788,0.391304347826087
0.55,20,70,0,0.80869,27.734651815804664,0.38571428571428573
0.55,20,70,1,0.89233,41.77068418117134,0.38571428571428573
0.55,20,70,2,0.93136,55.89129069317987,0.38571428571428573
0.55,20,71,0,0.81662,27.815301769206283,0.38028169014084506
0.55,20,71,1,0.89983,41.88464231277874,0.38028169014084506
0.55,20,71,2,0.93836,56.0263559253952,0.38028169014084506
0.55,20,72,0,0.82626,27.919432838238656,0.375
0.55,20,72,1,0.90985,42.031609183255064,0.375
0.55,20,72,2,0.94433,56.16590802270067,0.375
0.55,20,73,0,0.83645,27.987845841169413,0.3698630136986301
0.55,20,73,1,0.91726,42.13528502110802,0.3698630136986301
0.55,20,73,2,0.95157,56.310804371075825,0.3698630136986301
0.55,20,74,0,0.8433,28.04959226117177,0.36486486486486486
0.55,20,74,1,0.9238,42.25788548969973,0.36486486486486486
0.55,20,74,2,0.95762,56.47652312704733,0.36486486486486486
0.55,20,75,0,0.85146,28.151364217841213,0.36
0.55,20,75,1,0.93257,42.42100407393629,0.36
0.55,20,75,2,0.96222,56.556116024961504,0.36
0.55,20,76,0,0.86255,28.243519885134866,0.35526315789473684
0.55,20,76,1,0.93741,42.486084817988676,0.35526315789473684
0.55,20,76,2,0.96707,56.66749026202065,0.35526315789473684
0.55,20,77,0,0.86947,28.31548905566698,0.35064935064935066
0.55,20,77,1,0.94293,42.606197213432104,0.35064935064935066
0.55,20,77,2,0.97075,56.8203678757503,0.35064935064935066
0.55,20,78,0,0.87808,28.39226253258858,0.34615384615384615
0.55,20,78,1,0.94836,42.705447785164345,0.34615384615384615
0.55,20,78,2,0.97452,56.83516382029496,0.34615384615384615
0.55,20,79,0,0.88281,28.46090782666886,0.34177215189873417
0.55,20,79,1,0.9536,42.76974703149199,0.34177215189873417
0.55,20,79,2,0.97778,56.920520110706036,0.34177215189873417
0.55,20,80,0,0.88814,28.557546150901363,0.3375
0.55,20,80,1,0.95882,42.81656499254692,0.3375
0.55,20,80,2,0.98103,56.99568996949047,0.3375
0.55,20,81,0,0.89598,28.623946576760808,0.3333333333333333
0.55,20,81,1,0.96196,42.97261280654561,0.3333333333333333
0.55,20,81,2,0.98239,57.012296150596626,0.3333333333333333
0.55,20,82,0,0.90291,28.647319180802576,0.32926829268292684
0.55,20,82,1,0.96453,42.986526319315345,0.32926829268292684
0.55,20,82,2,0.98422,57.14122018529316,0.32926829268292684
0.55,20,83,0,0.9072,28.714622761497758,0.3253012048192771
0.55,20,83,1,0.96877,43.055242134951456,0.3253012048192771
0.55,20,83,2,0.98733,57.18514443382269,0.3253012048192771
0.55,20,84,0,0.91579,28.774995233203448,0.32142857142857145
0.55,20,84,1,0.97156,43.11099793512099,0.32142857142857145
0.55,20,84,2,0.98814,57.259081164145215,0.32142857142857145
0.55,20,85,0,0.91959,28.842844469985362,0.3176470588235294
0.55,20,85,1,0.97509,43.19244495774354,0.3176470588235294
0.55,20,85,2,0.99071,57.21076784093458,0.3176470588235294
0.55,20,86,0,0.92541,28.899257127609967,0.313953488372093
0.55,20,86,1,0.97707,43.241998644298384,0.313953488372093
0.55,20,86,2,0.99129,57.34690985405962,0.313953488372093
0.55,20,87,0,0.92859,28.954540879596614,0.3103448275862069
0.55,20,87,1,0.97961,43.291639608541225,0.3103448275862069
0.55,20,87,2,0.99243,57.3928068168342,0.3103448275862069
0.55,20,88,0,0.9333,29.007167494992956,0.3068181818181818
0.55,20,88,1,0.98216,43.32151545103101,0.3068181818181818
0.55,20,88,2,0.99334,57.37405156805866,0.3068181818181818
0.55,20,89,0,0.93649,29.04876289286427,0.30337078651685395
0.55,20,89,1,0.98381,43.39434287264661,0.30337078651685395
0.55,20,89,2,0.99428,57.34662848416015,0.30337078651685395
0.55,20,90,0,0.94182,29.114700996270717,0.3
0.55,20,90,1,0.98554,43.40927308886498,0.3
0.55,20,90,2,0.99523,57.436862294684104,0.3
0.55,20,91,0,0.94439,29.172933770028187,0.2967032967032967
0.55,20,91,1,0.98679,43.47234857077377,0.2967032967032967
0.55,20,91,2,0.99626,57.455503776431534,0.2967032967032967
0.55,20,92,0,0.94945,29.190035121548107,0.29347826086956524
0.55,20,92,1,0.98782,43.48340284667247,0.29347826086956524
0.55,20,92,2,0.99625,57.45381044300743,0.29347826086956524
0.55,20,93,0,0.95262,29.24907703935543,0.2903225806451613
0.55,20,93,1,0.98977,43.52595125052362,0.2903225806451613
0.55,20,93,2,0.99698,57.508796758518415,0.2903225806451613
0.55,20,94,0,0.95481,29.27631896962182,0.2872340425531915
0.55,20,94,1,0.99079,43.53210375248345,0.2872340425531915
0.55,20,94,2,0.99732,57.535703377359006,0.2872340425531915
0.55,20,95,0,0.95908,29.325702957321273,0.28421052631578947
0.55,20,95,1,0.99217,43.57005158080075,0.28421052631578947
0.55,20,95,2,0.99764,57.5376561762683,0.28421052631578947
0.55,20,96,0,0.96096,29.37103761622992,0.28125
0.55,20,96,1,0.99279,43.60687479806326,0.28125
0.55,20,96,2,0.9983,57.56230784641583,0.28125
0.55,20,97,0,0.96364,29.421759801777235,0.27835051546391754
0.55,20,97,1,0.99336,43.61294766480197,0.27835051546391754
0.55,20,97,2,0.99826,57.538309928506365,0.27835051546391754
0.55,20,98,0,0.96627,29.411879025690386,0.2755102040816326
0.55,20,98,1,0.9938,43.7056326145177,0.2755102040816326
0.55,20,98,2,0.99849,57.560180295322866,0.2755102040816326
0.55,20,99,0,0.96826,29.51052462863598,0.2727272727272727
0.55,20,99,1,0.99482,43.68620415289662,0.2727272727272727
0.55,20,99,2,0.99886,57.600711926981376,0.2727272727272727
0.55,20,100,0,0.9699,29.51625365818839,0.27
0.55,20,100,1,0.99515,43.68098160694753,0.27
0.55,20,100,2,0.99891,57.559586102698084,0.27
0.55,20,101,0,0.9733,29.519784002086478,0.26732673267326734
0.55,20,101,1,0.99593,43.710689042865994,0.26732673267326734
0.55,20,101,2,0.99878,57.56256093973107,0.26732673267326734
0.55,20,102,0,0.97509,29.56484194358391,0.2647058823529412
0.55,20,102,1,0.99612,43.69039179709581,0.2647058823529412
0.55,20,102,2,0.99889,57.59004995545055,0.2647058823529412
0.55,20,103,0,0.97704,29.60885685335298,0.2621359223300971
0.55,20,103,1,0.99682,43.74910677492888,0.2621359223300971
0.55,20,103,2,0.99883,57.61553325082654,0.2621359223300971
0.55,20,104,0,0.97903,29.61133134916114,0.25961538461538464
0.55,20,104,1,0.99722,43.771540652244006,0.25961538461538464
0.55,20,104,2,0.99895,57.599550682062315,0.25961538461538464
0.55,20,105,0,0.98081,29.652399743383214,0.2571428571428571
0.55,20,105,1,0.99752,43.737202878523355,0.2571428571428571
0.55,20,105,2,0.9987,57.63886128890634,0.2571428571428571
0.55,20,106,0,0.9814,29.688288708438495,0.25471698113207547
0.55,20,106,1,0.99796,43.76911013852876,0.25471698113207547
0.55,20,106,2,0.99888,57.60277857354082,0.25471698113207547
0.55,20,107,0,0.98304,29.682491009051983,0.2523364485981308
0.55,20,107,1,0.99804,43.79040033850962,0.2523364485981308
0.55,20,107,2,0.99893,57.57388578856298,0.2523364485981308
0.55,20,108,0,0.98365,29.69617476510172,0.25
0.55,20,108,1,0.99837,43.74373883275893,0.25
0.55,20,108,2,0.9988,57.58868911925078,0.25
0.55,20,109,0,0.98619,29.72698543813137,0.24770642201834864
0.55,20,109,1,0.99845,43.718970172998915,0.24770642201834864
0.55,20,109,2,0.99887,57.57975262046112,0.24770642201834864
0.55,20,110,0,0.98688,29.746318818280454,0.24545454545454545
0.55,20,110,1,0.99878,43.78457872450544,0.24545454545454545
0.55,20,110,2,0.99884,57.597787471928974,0.24545454545454545
0.55,20,111,0,0.98864,29.782991514372497,0.24324324324324326
0.55,20,111,1,0.99903,43.775504547103,0.24324324324324326
0.55,20,111,2,0.99892,57.562573348447096,0.24324324324324326
0.55,20,112,0,0.98874,29.816882325757252,0.24107142857142858
0.55,20,112,1,0.99903,43.79473473885052,0.24107142857142858
0.55,20,112,2,0.99886,57.54866028041197,0.24107142857142858
0.55,20,113,0,0.98936,29.82683735717262,0.23893805309734514
0.55,20,113,1,0.99916,43.78639210783212,0.23893805309734514
0.55,20,113,2,0.99878,57.6063249086963,0.23893805309734514
0.55,20,114,0,0.99019,29.858372169443783,0.23684210526315788
0.55,20,114,1,0.99936,43.80138480935491,0.23684210526315788
0.55,20,114,2,0.99887,57.60771017403512,0.23684210526315788
0.55,20,115,0,0.99122,29.839024131877892,0.23478260869565218
0.55,20,115,1,0.99942,43.831624265150715,0.23478260869565218
0.55,20,115,2,0.99896,57.54987590940731,0.23478260869565218
0.55,20,116,0,0.99225,29.862366998081285,0.23275862068965517
0.55,20,116,1,0.99945,43.78375414170102,0.23275862068965517
0.55,20,116,2,0.99895,57.542565847986545,0.23275862068965517
0.55,20,117,0,0.99263,29.88170993297526,0.23076923076923078
0.55,20,117,1,0.9995,43.79361603878863,0.23076923076923078
0.55,20,117,2,0.99904,57.591278011506425,0.23076923076923078
0.55,20,118,0,0.99305,29.85488181321724,0.2288135593220339
0.55,20,118,1,0.99962,43.79564234409075,0.2288135593220339
0.55,20,118,2,0.99886,57.57659212271219,0.2288135593220339
0.55,20,119,0,0.99369,29.90208117064833,0.226890756302521
0.55,20,119,1,0.99973,43.821806887859715,0.226890756302521
0.55,20,119,2,0.99888,57.57104399234834,0.226890756302521
0.55,20,120,0,0.99473,29.905257437464662,0.225
0.55,20,120,1,0.99973,43.8215529731489,0.225
0.55,20,120,2,0.99877,57.61950564579048,0.225
0.55,20,121,0,0.9942,29.91649064574532,0.2231404958677686
0.55,20,121,1,0.99976,43.86137095979959,0.2231404958677686
0.55,20,121,2,0.99886,57.61034598673257,0.2231404958677686
0.55,20,122,0,0.99522,29.908246031414777,0.22131147540983606
0.55,20,122,1,0.99978,43.80286932355887,0.22131147540983606
0.55,20,122,2,0.99867,57.60180655656638,0.22131147540983606
0.55,20,123,0,0.99557,29.91708364207284,0.21951219512195122
0.55,20,123,1,0.99976,43.85379414136316,0.21951219512195122
0.55,20,123,2,0.99875,57.59126311735824,0.21951219512195122
0.55,20,124,0,0.99632,29.93593346592383,0.21774193548387097
0.55,20,124,1,0.99975,43.856921922788395,0.21774193548387097
0.55,20,124,2,0.99891,57.63311143762085,0.21774193548387097
0.55,20,125,0,0.99631,29.948596860878176,0.216
0.55,20,125,1,0.99989,43.821643457703416,0.216
0.55,20,125,2,0.99872,57.56631372772533,0.216
0.55,20,126,0,0.99683,29.930358081271475,0.21428571428571427
0.55,20,126,1,0.9998,43.89517903580715,0.21428571428571427
0.55,20,126,2,0.99902,57.553011566719995,0.21428571428571427
0.55,20,127,0,0.99726,29.949721853262556,0.2125984251968504
0.55,20,127,1,0.99981,43.812934072858454,0.2125984251968504
0.55,20,127,2,0.99883,57.61155648262312,0.2125984251968504
0.55,20,128,0,0.99735,29.966695396647275,0.2109375
0.55,20,128,1,0.99989,43.82169538649251,0.2109375
0.55,20,128,2,0.99877,57.598156309183366,0.2109375
0.55,40,40,0,0.37353,23.511843349005023,0.675
0.55,40,40,1,0.33312,33.11708531921969,0.675
0.55,40,40,2,0.30011,43.18900057158528,0.675
0.55,40,41,0,0.38679,23.61525932378333,0.6585365853658537
0.55,40,41,1,0.35161,33.373558553729765,0.6585365853658537
0.55,40,41,2,0.32666,43.64487717174761,0.6585365853658537
0.55,40,42,0,0.39691,23.719778558595923,0.6428571428571429
0.55,40,42,1,0.37271,33.68284374529176,0.6428571428571429
0.55,40,42,2,0.34849,44.13335720923457,0.6428571428571429
0.55,40,43,0,0.41482,23.829077394087516,0.627906976744186
0.55,40,43,1,0.3918,33.937139239015195,0.627906976744186
0.55,40,43,2,0.37232,44.56035027767676,0.627906976744186
0.55,40,44,0,0.42811,23.932308464934422,0.6136363636363636
0.55,40,44,1,0.40995,34.21376903374708,0.6136363636363636
0.55,40,44,2,0.39736,45.06299025491319,0.6136363636363636
0.55,40,45,0,0.44042,24.05675701166369,0.6
0.55,40,45,1,0.42757,34.48894108207203,0.6
0.55,40,45,2,0.41685,45.53839233814045,0.6
0.55,40,46,0,0.45587,24.164473761919307,0.5869565217391305
0.55,40,46,1,0.44604,34.78544525154694,0.5869565217391305
0.55,40,46,2,0.44096,45.918620736574745,0.5869565217391305
0.55,40,47,0,0.46748,24.28067058401511,0.574468085106383
0.55,40,47,1,0.46528,35.03699178658343,0.574468085106383
0.55,40,47,2,0.46637,46.4157791519114,0.574468085106383
0.55,40,48,0,0.47573,24.376033836258124,0.5625
0.55,40,48,1,0.48707,35.30067546759193,0.5625
0.55,40,48,2,0.48667,46.82156879325905,0.5625
0.55,40,49,0,0.49196,24.488582170532936,0.5510204081632653
0.55,40,49,1,0.50193,35.57961269499731,0.5510204081632653
0.55,40,49,2,0.51743,47.20261677908122,0.5510204081632653
0.55,40,50,0,0.50002,24.611073249377714,0.54
0.55,40,50,1,0.52226,35.84273527185103,0.54
0.55,40,50,2,0.53341,47.66416870844047,0.54
0.55,40,51,0,0.51283,24.740502925695875,0.5294117647058824
0.55,40,51,1,0.54082,36.11277959679461,0.5294117647058824
0.55,40,51,2,0.55578,48.08751629726206,0.5294117647058824
0.55,40,52,0,0.52462,24.833865097961013,0.5192307692307693
0.55,40,52,1,0.55572,36.387378951215055,0.5192307692307693
0.55,40,52,2,0.57732,48.51968345778105,0.5192307692307693
0.55,40,53,0,0.54069,24.938129270718186,0.5094339622641509
0.55,40,53,1,0.57443,36.64695370260016,0.5094339622641509
0.55,40,53,2,0.59807,48.85273430817848,0.5094339622641509
0.55,40,54,0,0.55109,25.064501540304043,0.5
0.55,40,54,1,0.59178,36.85611141874449,0.5
0.55,40,54,2,0.61794,49.24018015191915,0.5
0.55,40,55,0,0.55915,25.159216599371295,0.4909090909090909
0.55,40,55,1,0.60588,37.12539230921583,0.4909090909090909
0.55,40,55,2,0.63699,49.662689427560146,0.4909090909090909
0.55,40,56,0,0.57309,25.275178284522365,0.48214285714285715
0.55,40,56,1,0.62391,37.36211028957579,0.48214285714285715
0.55,40,56,2,0.65385,50.041942400338826,0.48214285714285715
0.55,40,57,0,0.58265,25.408092336737322,0.47368421052631576
0.55,40,57,1,0.64074,37.60025967571149,0.47368421052631576
0.55,40,57,2,0.67366,50.417541147211885,0.47368421052631576
0.55,40,58,0,0.5952,25.523926992866002,0.46551724137931033
0.55,40,58,1,0.65306,37.83463764667636,0.46551724137931033
0.55,40,58,2,0.6913,50.74626817923867,0.46551724137931033
0.55,40,59,0,0.6041,25.61573797002534,0.4576271186440678
0.55,40,59,1,0.66928,38.03640019584766,0.4576271186440678
0.55,40,59,2,0.70825,51.14563387547856,0.4576271186440678
0.55,40,60,0,0.61057,25.73716898837278,0.45
0.55,40,60,1,0.68385,38.32070123340138,0.45
0.55,40,60,2,0.72335,51.50987525987525,0.45
0.55,40,61,0,0.62995,25.83609810302405,0.4426229508196721
0.55,40,61,1,0.69454,38.51079076134508,0.4426229508196721
0.55,40,61,2,0.74072,51.8177856576138,0.4426229508196721
0.55,40,62,0,0.63566,25.934056425907414,0.43548387096774194
0.55,40,62,1,0.71272,38.75720695148381,0.43548387096774194
0.55,40,62,2,0.75343,52.04633629381117,0.43548387096774194
0.55,40,63,0,0.64645,26.06316152715719,0.42857142857142855
0.55,40,63,1,0.72279,38.978645249657575,0.42857142857142855
0.55,40,63,2,0.77137,52.38887404129117,0.42857142857142855
0.55,40,64,0,0.65655,26.156983181314914,0.421875
0.55,40,64,1,0.73469,39.17875357162676,0.421875
0.55,40,64,2,0.78373,52.70374093707703,0.421875
0.55,40,65,0,0.66716,26.258167513732143,0.4153846153846154
0.55,40,65,1,0.74793,39.402450764108934,0.4153846153846154
0.55,40,65,2,0.79967,52.99261065381778,0.4153846153846154
0.55,40,66,0,0.67401,26.36187776259882,0.4090909090909091
0.55,40,66,1,0.76056,39.588524346433,0.4090909090909091
0.55,40,66,2,0.80992,53.297511102710985,0.4090909090909091
0.55,40,67,0,0.68608,26.46437845328645,0.40298507462686567
0.55,40,67,1,0.77114,39.78583904748414,0.40298507462686567
0.55,40,67,2,0.82046,53.43642590741778,0.40298507462686567
0.55,40,68,0,0.69419,26.58592831490381,0.39705882352941174
0.55,40,68,1,0.78296,39.99453503863051,0.39705882352941174
0.55,40,68,2,0.83477,53.815957827167495,0.39705882352941174
0.55,40,69,0,0.70368,26.657838079809004,0.391304347826087
0.55,40,69,1,0.79595,40.20600443591837,0.391304347826087
0.55,40,69,2,0.8441,54.04663364712529,0.391304347826087
0.55,40,70,0,0.7131,26.775330895440277,0.38571428571428573
0.55,40,70,1,0.80361,40.365992688761196,0.38571428571428573
0.55,40,70,2,0.85521,54.36112182972603,0.38571428571428573
0.55,40,71,0,0.71922,26.882568295140246,0.38028169014084506
0.55,40,71,1,0.81268,40.52178262993098,0.38028169014084506
0.55,40,71,2,0.86553,54.60872573407667,0.38028169014084506
0.55,40,72,0,0.73031,26.959768401827255,0.375
0.55,40,72,1,0.82621,40.7451635037842,0.375
0.55,40,72,2,0.87441,54.81249224751985,0.375
0.55,40,73,0,0.73745,27.113409253300095,0.3698630136986301
0.55,40,73,1,0.83137,40.92680663335125,0.3698630136986301
0.55,40,73,2,0.88155,54.9462539757333,0.3698630136986301
0.55,40,74,0,0.74629,27.197123566112165,0.36486486486486486
0.55,40,74,1,0.83941,41.049044979394864,0.36486486486486486
0.55,40,74,2,0.89031,55.23658894093067,0.36486486486486486
0.55,40,75,0,0.75029,27.26544966715434,0.36
0.55,40,75,1,0.84753,41.223149350737756,0.36
0.55,40,75,2,0.89774,55.44398241053174,0.36
0.55,40,76,0,0.76232,27.371436233118335,0.35526315789473684
0.55,40,76,1,0.85798,41.35429237188601,0.35526315789473684
0.55,40,76,2,0.90644,55.63020103159275,0.35526315789473684
0.55,40,77,0,0.76825,27.47137975919297,0.35064935064935066
0.55,40,77,1,0.86469,41.60576889716813,0.35064935064935066
0.55,40,77,2,0.91392,55.866404103708796,0.35064935064935066
0.55,40,78,0,0.7753,27.543474486303065,0.34615384615384615
0.55,40,78,1,0.87209,41.68786390254357,0.34615384615384615
0.55,40,78,2,0.91981,55.99101152161021,0.34615384615384615
0.55,40,79,0,0.78366,27.66292632794049,0.34177215189873417
0.55,40,79,1,0.87979,41.85219243753099,0.34177215189873417
0.55,40,79,2,0.92482,56.23471324149564,0.34177215189873417
0.55,40,80,0,0.78798,27.748236972043415,0.3375
0.55,40,80,1,0.88535,42.02601318035892,0.3375
0.55,40,80,2,0.93261,56.35422363045646,0.3375
0.55,40,81,0,0.79658,27.79233748312497,0.3333333333333333
0.55,40,81,1,0.89454,42.171739321112184,0.3333333333333333
0.55,40,81,2,0.93571,56.48687380952185,0.3333333333333333
0.55,40,82,0,0.80244,27.923529149555392,0.32926829268292684
0.55,40,82,1,0.89829,42.26955574566034,0.32926829268292684
0.55,40,82,2,0.94039,56.64060819283652,0.32926829268292684
0.55,40,83,0,0.81044,28.00421091297035,0.3253012048192771
0.55,40,83,1,0.9045,42.37963388187269,0.3253012048192771
0.55,40,83,2,0.94599,56.75594432206552,0.3253012048192771
0.55,40,84,0,0.81589,28.06693752080079,0.32142857142857145
0.55,40,84,1,0.91057,42.52517442582457,0.32142857142857145
0.55,40,84,2,0.95009,56.886850597959544,0.32142857142857145
0.55,40,85,0,0.82356,28.18692977392708,0.3176470588235294
0.55,40,85,1,0.91624,42.65547236531913,0.3176470588235294
0.55,40,85,2,0.95382,56.9680146471758,0.3176470588235294
0.55,40,86,0,0.83145,28.249011226911275,0.313953488372093
0.55,40,86,1,0.92235,42.79592679234898,0.313953488372093
0.55,40,86,2,0.95742,57.17642305523015,0.313953488372093
0.55,40,87,0,0.83453,28.33694161338164,0.3103448275862069
0.55,40,87,1,0.92555,42.8842309977851,0.3103448275862069
0.55,40,87,2,0.96128,57.272671894205146,0.3103448275862069
0.55,40,88,0,0.84047,28.457178492619974,0.3068181818181818
0.55,40,88,1,0.92846,42.994955252618475,0.3068181818181818
0.55,40,88,2,0.96442,57.39639847305595,0.3068181818181818
0.55,40,89,0,0.84542,28.525281243915177,0.30337078651685395
0.55,40,89,1,0.9335,43.08067858761484,0.30337078651685395
0.55,40,89,2,0.96747,57.53101467666259,0.30337078651685395
0.55,40,90,0,0.85286,28.57736029360035,0.3
0.55,40,90,1,0.93935,43.224924354402184,0.3
0.55,40,90,2,0.97092,57.52448411340235,0.3
0.55,40,91,0,0.85713,28.65252017241797,0.2967032967032967
0.55,40,91,1,0.94152,43.24370943547911,0.2967032967032967
0.55,40,91,2,0.973,57.63099849790496,0.2967032967032967
0.55,40,92,0,0.86238,28.764798045480582,0.29347826086956524
0.55,40,92,1,0.94565,43.39648756044885,0.29347826086956524
0.55,40,92,2,0.97479,57.795519271606416,0.29347826086956524
0.55,40,93,0,0.86824,28.805541183224776,0.2903225806451613
0.55,40,93,1,0.94973,43.58668334077134,0.2903225806451613
0.55,40,93,2,0.97757,57.887205205057114,0.2903225806451613
0.55,40,94,0,0.87369,28.891046331342658,0.2872340425531915
0.55,40,94,1,0.95322,43.60416232914187,0.2872340425531915
0.55,40,94,2,0.97939,57.92545909659622,0.2872340425531915
0.55,40,95,0,0.87801,28.985244604713632,0.28421052631578947
0.55,40,95,1,0.95659,43.66577152658442,0.28421052631578947
0.55,40,95,2,0.98128,58.05165878319055,0.28421052631578947
0.55,40,96,0,0.88197,29.054085434617086,0.28125
0.55,40,96,1,0.9589,43.71179917694152,0.28125
0.55,40,96,2,0.98363,58.004239007944655,0.28125
0.55,40,97,0,0.8867,29.13949844280001,0.27835051546391754
0.55,40,97,1,0.96174,43.794690632843356,0.27835051546391754
0.55,40,97,2,0.98414,58.105367474296166,0.27835051546391754
0.55,40,98,0,0.89061,29.152137946938698,0.2755102040816326
0.55,40,98,1,0.96429,43.80713350675706,0.2755102040816326
0.55,40,98,2,0.98538,58.19805069344587,0.2755102040816326
0.55,40,99,0,0.8979,29.227479503456788,0.2727272727272727
0.55,40,99,1,0.96686,43.99748830074833,0.2727272727272727
0.55,40,99,2,0.98688,58.34495016929811,0.2727272727272727
0.55,40,100,0,0.89994,29.314162610840718,0.27
0.55,40,100,1,0.96934,44.00158870984381,0.27
0.55,40,100,2,0.98716,58.33300637882722,0.27
0.55,40,101,0,0.90422,29.404778108799253,0.26732673267326734
0.55,40,101,1,0.97111,44.1340480322676,0.26732673267326734
0.55,40,101,2,0.98668,58.234507680769376,0.26732673267326734
0.55,40,102,0,0.90872,29.41502354114325,0.2647058823529412
0.55,40,102,1,0.97329,44.195986333427385,0.2647058823529412
0.55,40,102,2,0.98775,58.22901699667076,0.2647058823529412
0.55,40,103,0,0.91081,29.50929772569302,0.2621359223300971
0.55,40,103,1,0.9745,44.164985988870036,0.2621359223300971
0.55,40,103,2,0.98726,58.312120453033174,0.2621359223300971
0.55,40,104,0,0.91541,29.59588095456176,0.25961538461538464
0.55,40,104,1,0.97702,44.24478358839989,0.25961538461538464
0.55,40,104,2,0.98647,58.24659761963988,0.25961538461538464
0.55,40,105,0,0.91943,29.67340655874584,0.2571428571428571
0.55,40,105,1,0.97789,44.32744913105689,0.2571428571428571
0.55,40,105,2,0.98767,58.28931299850228,0.2571428571428571
0.55,40,106,0,0.92276,29.728631830261726,0.25471698113207547
0.55,40,106,1,0.97993,44.34363836035383,0.25471698113207547
0.55,40,106,2,0.98654,58.24805536365635,0.25471698113207547
0.55,40,107,0,0.92669,29.756447056811798,0.2523364485981308
0.55,40,107,1,0.98162,44.384404587079764,0.2523364485981308
0.55,40,107,2,0.98681,58.299073432419775,0.2523364485981308
0.55,40,108,0,0.92836,29.814626578880212,0.25
0.55,40,108,1,0.98344,44.490147222622,0.25
0.55,40,108,2,0.9867,58.251768716233585,0.25
0.55,40,109,0,0.93218,29.833693187350743,0.24770642201834864
0.55,40,109,1,0.98441,44.53937461954955,0.24770642201834864
0.55,40,109,2,0.98669,58.260302316135466,0.24770642201834864
0.55,40,110,0,0.93456,29.934776999130815,0.24545454545454545
0.55,40,110,1,0.986,44.52272195350289,0.24545454545454545
0.55,40,110,2,0.98751,58.31866454322176,0.24545454545454545
0.55,40,111,0,0.93894,29.97940394323549,0.24324324324324326
0.55,40,111,1,0.98673,44.64364813381261,0.24324324324324326
0.55,40,111,2,0.9867,58.239463713543984,0.24324324324324326
0.55,40,112,0,0.94279,30.06953685746153,0.24107142857142858
0.55,40,112,1,0.98723,44.61380872199526,0.24107142857142858
0.55,40,112,2,0.9876,58.332408402654444,0.24107142857142858
0.55,40,113,0,0.94525,30.09289666958273,0.23893805309734514
0.55,40,113,1,0.98891,44.66113623157743,0.23893805309734514
0.55,40,113,2,0.98713,58.28724628273571,0.23893805309734514
0.55,40,114,0,0.94679,30.152735721592062,0.23684210526315788
0.55,40,114,1,0.99013,44.66629090663308,0.23684210526315788
0.55,40,114,2,0.98668,58.259898774756685,0.23684210526315788
0.55,40,115,0,0.94942,30.151972337767347,0.23478260869565218
0.55,40,115,1,0.98993,44.683147759476384,0.23478260869565218
0.55,40,115,2,0.98687,58.28048137429059,0.23478260869565218
0.55,40,116,0,0.95327,30.258749034699182,0.23275862068965517
0.55,40,116,1,0.9913,44.69287415902971,0.23275862068965517
0.55,40,116,2,0.98709,58.27361428347661,0.23275862068965517
0.55,40,117,0,0.95542,30.265968410187707,0.23076923076923078
0.55,40,117,1,0.99175,44.78398906362102,0.23076923076923078
0.55,40,117,2,0.9872,58.311833780077286,0.23076923076923078
0.55,40,118,0,0.95711,30.320918020033062,0.2288135593220339
0.55,40,118,1,0.9923,44.76394584454143,0.2288135593220339
0.55,40,118,2,0.98692,58.30733006961829,0.2288135593220339
0.55,40,119,0,0.96027,30.357877111485468,0.226890756302521
0.55,40,119,1,0.99335,44.81082080450379,0.226890756302521
0.55,40,119,2,0.98699,58.28804671857792,0.226890756302521
0.55,40,120,0,0.96229,30.416236669419177,0.225
0.55,40,120,1,0.99355,44.8646403920673,0.225
0.55,40,120,2,0.98615,58.345269482330266,0.225
0.55,40,121,0,0.96467,30.442657353531022,0.2231404958677686
0.55,40,121,1,0.994,44.84193816746633,0.2231404958677686
0.55,40,121,2,0.98667,58.32385506493869,0.2231404958677686
0.55,40,122,0,0.96701,30.467839804377174,0.22131147540983606
0.55,40,122,1,0.99455,44.836247935865856,0.22131147540983606
0.55,40,122,2,0.98601,58.27409302292924,0.22131147540983606
0.55,40,123,0,0.96851,30.555511320720246,0.21951219512195122
0.55,40,123,1,0.99529,44.98611150828092,0.21951219512195122
0.55,40,123,2,0.98705,58.3044756520011,0.21951219512195122
0.55,40,124,0,0.96936,30.5893380882549,0.21774193548387097
0.55,40,124,1,0.99568,44.91215898836821,0.21774193548387097
0.55,40,124,2,0.98724,58.33876903909266,0.21774193548387097
0.55,40,125,0,0.97135,30.58779513840769,0.216
0.55,40,125,1,0.99574,44.93642918834234,0.216
0.55,40,125,2,0.98719,58.37312706540008,0.216
0.55,40,126,0,0.97288,30.588993701492154,0.21428571428571427
0.55,40,126,1,0.9964,44.930878084179966,0.21428571428571427
0.55,40,126,2,0.98681,58.23559090558311,0.21428571428571427
0.55,40,127,0,0.97378,30.682448610253143,0.2125984251968504
0.55,40,127,1,0.99664,45.018112782024524,0.2125984251968504
0.55,40,127,2,0.98629,58.251050751963255,0.2125984251968504
0.55,40,128,0,0.97639,30.676299153790218,0.2109375
0.55,40,128,1,0.99713,44.955454847720645,0.2109375
0.55,40,128,2,0.98739,58.287075015951146,0.2109375
0.65,2,40,0,0.44535,25.409228696530818,0.675
0.65,2,40,1,0.44137,35.96192624015086,0.675
0.65,2,40,2,0.44219,46.48724791118332,0.675
0.65,2,41,0,0.52712,25.582459329068257,0.6585365853658537
0.65,2,41,1,0.52572,36.30357487753059,0.6585365853658537
0.65,2,41,2,0.52567,46.97698797578475,0.6585365853658537
0.65,2,42,0,0.59854,25.735705280284588,0.6428571428571429
0.65,2,42,1,0.60759,36.62124129758554,0.6428571428571429
0.65,2,42,2,0.60706,47.438836675629574,0.6428571428571429
0.65,2,43,0,0.67028,25.886647256485233,0.627906976744186
0.65,2,43,1,0.67976,36.90638268257574,0.627906976744186
0.65,2,43,2,0.68371,47.88024865468152,0.627906976744186
0.65,2,44,0,0.73308,26.008127982673734,0.6136363636363636
0.65,2,44,1,0.74497,37.16341184621786,0.6136363636363636
0.65,2,44,2,0.74977,48.25729505766384,0.6136363636363636
0.65,2,45,0,0.78796,26.125029042864334,0.6
0.65,2,45,1,0.8037,37.37049559250007,0.6
0.65,2,45,2,0.80455,48.61773184245373,0.6
0.65,2,46,0,0.83308,26.23007971346366,0.5869565217391305
0.65,2,46,1,0.85164,37.58325565515222,0.5869565217391305
0.65,2,46,2,0.8513,48.88170354841915,0.5869565217391305
0.65,2,47,0,0.87109,26.321995342705026,0.574468085106383
0.65,2,47,1,0.88693,37.75137488085522,0.574468085106383
0.65,2,47,2,0.89128,49.14039790655444,0.574468085106383
0.65,2,48,0,0.90187,26.39571966282024,0.5625
0.65,2,48,1,0.91901,37.89442527201093,0.5625
0.65,2,48,2,0.92031,49.34493017820918,0.5625
0.65,2,49,0,0.92812,26.458989470857546,0.5510204081632653
0.65,2,49,1,0.94285,38.00886224662541,0.5510204081632653
0.65,2,49,2,0.94378,49.51480604997579,0.5510204081632653
0.65,2,50,0,0.94666,26.516531197131943,0.54
0.65,2,50,1,0.95795,38.12917407765781,0.54
0.65,2,50,2,0.96177,49.67079327297986,0.54
0.65,2,51,0,0.96089,26.560838629571784,0.5294117647058824
0.65,2,51,1,0.97182,38.17986830419688,0.5294117647058824
0.65,2,51,2,0.9713,49.7688516183703,0.5294117647058824
0.65,2,52,0,0.97154,26.599643151792314,0.5192307692307693
0.65,2,52,1,0.98092,38.229970137923885,0.5192307692307693
0.65,2,52,2,0.98213,49.87967968363894,0.5192307692307693
0.65,2,53,0,0.9802,26.615715199409852,0.5094339622641509
0.65,2,53,1,0.98716,38.27907057386068,0.5094339622641509
0.65,2,53,2,0.98816,49.92032199706057,0.5094339622641509
0.65,2,54,0,0.9863,26.6382634398958,0.5
0.65,2,54,1,0.99128,38.30746416443696,0.5
0.65,2,54,2,0.99139,49.96471931018375,0.5
0.65,2,55,0,0.9897,26.65794121761839,0.4909090909090909
0.65,2,55,1,0.99449,38.339322745249405,0.4909090909090909
0.65,2,55,2,0.99471,50.0172576390645,0.4909090909090909
0.65,2,56,0,0.99341,26.67544309306018,0.48214285714285715
0.65,2,56,1,0.99636,38.359866452348086,0.48214285714285715
0.65,2,56,2,0.99661,50.02546131385397,0.48214285714285715
0.65,2,57,0,0.99555,26.68261262618653,0.47368421052631576
0.65,2,57,1,0.99754,38.38198314006302,0.47368421052631576
0.65,2,57,2,0.99761,50.019533222864176,0.47368421052631576
0.65,2,58,0,0.99694,26.69638420489776,0.46551724137931033
0.65,2,58,1,0.99847,38.35372735670191,0.46551724137931033
0.65,2,58,2,0.9987,50.066394967303644,0.46551724137931033
0.65,2,59,0,0.99801,26.70483685611289,0.4576271186440678
0.65,2,59,1,0.99903,38.37815565714127,0.4576271186440678
0.65,2,59,2,0.9992,50.081637425324864,0.4576271186440678
0.65,2,60,0,0.99878,26.697987891381334,0.45
0.65,2,60,1,0.99954,38.38898008468511,0.45
0.65,2,60,2,0.99955,50.07066930118553,0.45
0.65,2,61,0,0.99921,26.706992755045714,0.4426229508196721
0.65,2,61,1,0.9997,38.39504736036194,0.4426229508196721
0.65,2,61,2,0.99966,50.08138824892771,0.4426229508196721
0.65,2,62,0,0.9994,26.71087748803128,0.43548387096774194
0.65,2,62,1,0.99968,38.38279595624445,0.43548387096774194
0.65,2,62,2,0.99984,50.084151925846605,0.43548387096774194
0.65,2,63,0,0.9997,26.705542431960353,0.42857142857142855
0.65,2,63,1,0.99988,38.378516960496796,0.42857142857142855
0.65,2,63,2,0.99988,50.069541037232156,0.42857142857142855
0.65,2,64,0,0.99987,26.70032969670672,0.421875
0.65,2,64,1,0.99997,38.3924171571301,0.421875
0.65,2,64,2,0.99994,50.061785437895495,0.421875
0.65,2,65,0,0.99982,26.70731404729774,0.4153846153846154
0.65,2,65,1,0.99994,38.397653859231546,0.4153846153846154
0.65,2,65,2,0.99994,50.08170778708261,0.4153846153846154
0.65,2,66,0,0.99991,26.707252691203745,0.4090909090909091
0.65,2,66,1,0.99999,38.38334729501141,0.4090909090909091
0.65,2,66,2,0.99996,50.086112098330084,0.4090909090909091
0.65,2,67,0,0.99992,26.703988242136283,0.40298507462686567
0.65,2,67,1,0.99995,38.391177251170255,0.40298507462686567
0.65,2,67,2,0.99999,50.095331722547996,0.40298507462686567
0.65,2,68,0,0.99995,26.710433598603004,0.39705882352941174
0.65,2,68,1,1.0,38.39562692307691,0.39705882352941174
0.65,2,68,2,1.0,50.08089230769229,0.39705882352941174
0.65,2,69,0,0.99998,26.71154480781923,0.391304347826087
0.65,2,69,1,1.0,38.38567499999999,0.391304347826087
0.65,2,69,2,1.0,50.09992211538462,0.391304347826087
0.65,2,70,0,0.99998,26.70531968331674,0.38571428571428573
0.65,2,70,1,0.99999,38.40728984212919,0.38571428571428573
0.65,2,70,2,0.99999,50.07788539423854,0.38571428571428573
0.65,2,71,0,0.99998,26.700966711641918,0.38028169014084506
0.65,2,71,1,1.0,38.39209038461538,0.38028169014084506
0.65,2,71,2,0.99999,50.08088830888309,0.38028169014084506
0.65,2,72,0,1.0,26.70768461538462,0.375
0.65,2,72,1,1.0,38.39803846153846,0.375
0.65,2,72,2,1.0,50.09305096153846,0.375
0.65,2,73,0,0.99999,26.707570921863063,0.3698630136986301
0.65,2,73,1,1.0,38.39141538461538,0.3698630136986301
0.65,2,73,2,1.0,50.06914038461538,0.3698630136986301
0.65,2,74,0,0.99999,26.707270918863035,0.36486486486486486
0.65,2,74,1,1.0,38.408290384615384,0.36486486486486486
0.65,2,74,2,1.0,50.09306826923076,0.36486486486486486
0.65,2,75,0,1.0,26.710275,0.36
0.65,2,75,1,1.0,38.38725576923076,0.36
0.65,2,75,2,1.0,50.10810865384615,0.36
0.65,2,76,0,1.0,26.70330576923077,0.35526315789473684
0.65,2,76,1,1.0,38.389471153846145,0.35526315789473684
0.65,2,76,2,1.0,50.09428846153846,0.35526315789473684
0.65,2,77,0,1.0,26.71366442307692,0.35064935064935066
0.65,2,77,1,1.0,38.38540384615385,0.35064935064935066
0.65,2,77,2,1.0,50.10231923076922,0.35064935064935066
0.65,2,78,0,1.0,26.703075,0.34615384615384615
0.65,2,78,1,1.0,38.388525,0.34615384615384615
0.65,2,78,2,1.0,50.0727576923077,0.34615384615384615
0.65,2,79,0,1.0,26.71242692307692,0.34177215189873417
0.65,2,79,1,1.0,38.390619230769225,0.34177215189873417
0.65,2,79,2,1.0,50.08194807692308,0.34177215189873417
0.65,2,80,0,1.0,26.708962499999995,0.3375
0.65,2,80,1,1.0,38.39442692307692,0.3375
0.65,2,80,2,1.0,50.0920125,0.3375
0.65,2,81,0,1.0,26.7052875,0.3333333333333333
0.65,2,81,1,1.0,38.38938461538461,0.3333333333333333
0.65,2,81,2,1.0,50.08187884615384,0.3333333333333333
0.65,2,82,0,1.0,26.708884615384612,0.32926829268292684
0.65,2,82,1,1.0,38.37070384615384,0.32926829268292684
0.65,2,82,2,1.0,50.06236442307692,0.32926829268292684
0.65,2,83,0,1.0,26.707061538461534,0.3253012048192771
0.65,2,83,1,1.0,38.40436730769231,0.3253012048192771
0.65,2,83,2,1.0,50.07262788461538,0.3253012048192771
0.65,2,84,0,1.0,26.714417307692308,0.32142857142857145
0.65,2,84,1,1.0,38.389125,0.32142857142857145
0.65,2,84,2,1.0,50.058297115384605,0.32142857142857145
0.65,2,85,0,1.0,26.705414423076924,0.3176470588235294
0.65,2,85,1,1.0,38.38183269230768,0.3176470588235294
0.65,2,85,2,1.0,50.06942596153847,0.3176470588235294
0.65,2,86,0,1.0,26.71298942307692,0.313953488372093
0.65,2,86,1,1.0,38.38227115384615,0.313953488372093
0.65,2,86,2,1.0,50.078936538461534,0.313953488372093
0.65,2,87,0,1.0,26.709216346153845,0.3103448275862069
0.65,2,87,1,1.0,38.38874423076923,0.3103448275862069
0.65,2,87,2,1.0,50.07319903846153,0.3103448275862069
0.65,2,88,0,1.0,26.714371153846155,0.3068181818181818
0.65,2,88,1,1.0,38.37466153846154,0.3068181818181818
0.65,2,88,2,1.0,50.08410288461539,0.3068181818181818
0.65,2,89,0,1.0,26.711959615384604,0.30337078651685395
0.65,2,89,1,1.0,38.392730769230766,0.30337078651685395
0.65,2,89,2,1.0,50.10641249999998,0.30337078651685395
0.65,2,90,0,1.0,26.71281923076923,0.3
0.65,2,90,1,1.0,38.39275961538462,0.3
0.65,2,90,2,1.0,50.06676057692307,0.3
0.65,2,91,0,1.0,26.71667596153846,0.2967032967032967
0.65,2,91,1,1.0,38.409507692307685,0.2967032967032967
0.65,2,91,2,1.0,50.10171346153845,0.2967032967032967
0.65,2,92,0,1.0,26.718317307692306,0.29347826086956524
0.65,2,92,1,1.0,38.397975,0.29347826086956524
0.65,2,92,2,1.0,50.07448846153846,0.29347826086956524
0.65,2,93,0,1.0,26.695733653846155,0.2903225806451613
0.65,2,93,1,1.0,38.39944038461538,0.2903225806451613
0.65,2,93,2,1.0,50.11078269230769,0.2903225806451613
0.65,2,94,0,1.0,26.717391346153846,0.2872340425531915
0.65,2,94,1,1.0,38.3863673076923,0.2872340425531915
0.65,2,94,2,1.0,50.06311730769231,0.2872340425531915
0.65,2,95,0,1.0,26.709452884615384,0.28421052631578947
0.65,2,95,1,1.0,38.40246346153845,0.28421052631578947
0.65,2,95,2,1.0,50.07514615384615,0.28421052631578947
0.65,2,96,0,1.0,26.71614230769231,0.28125
0.65,2,96,1,1.0,38.386401923076924,0.28125
0.65,2,96,2,1.0,50.07032596153845,0.28125
0.65,2,97,0,1.0,26.70377019230769,0.27835051546391754
0.65,2,97,1,1.0,38.37377884615385,0.27835051546391754
0.65,2,97,2,1.0,50.07566538461537,0.27835051546391754
0.65,2,98,0,1.0,26.710153846153844,0.2755102040816326
0.65,2,98,1,1.0,38.38239230769229,0.2755102040816326
0.65,2,98,2,1.0,50.08369615384615,0.2755102040816326
0.65,2,99,0,1.0,26.70286153846153,0.2727272727272727
0.65,2,99,1,1.0,38.41100769230769,0.2727272727272727
0.65,2,99,2,1.0,50.07417692307692,0.2727272727272727
0.65,2,100,0,1.0,26.712103846153845,0.27
0.65,2,100,1,1.0,38.38305576923076,0.27
0.65,2,100,2,1.0,50.08073653846153,0.27
0.65,2,101,0,1.0,26.706700961538456,0.26732673267326734
0.65,2,101,1,1.0,38.3994173076923,0.26732673267326734
0.65,2,101,2,1.0,50.08250192307692,0.26732673267326734
0.65,2,102,0,1.0,26.70766153846154,0.2647058823529412
0.65,2,102,1,1.0,38.38944230769231,0.2647058823529412
0.65,2,102,2,1.0,50.07699807692307,0.2647058823529412
0.65,2,103,0,1.0,26.71212980769231,0.2621359223300971
0.65,2,103,1,1.0,38.39100576923077,0.2621359223300971
0.65,2,103,2,1.0,50.07441923076923,0.2621359223300971
0.65,2,104,0,1.0,26.710127884615382,0.25961538461538464
0.65,2,104,1,1.0,38.388790384615376,0.25961538461538464
0.65,2,104,2,1.0,50.10323653846154,0.25961538461538464
0.65,2,105,0,1.0,26.70798461538461,0.2571428571428571
0.65,2,105,1,1.0,38.40376153846154,0.2571428571428571
0.65,2,105,2,1.0,50.09048076923076,0.2571428571428571
0.65,2,106,0,1.0,26.70839711538461,0.25471698113207547
0.65,2,106,1,1.0,38.38322307692307,0.25471698113207547
0.65,2,106,2,1.0,50.07962884615384,0.25471698113207547
0.65,2,107,0,1.0,26.712400961538457,0.2523364485981308
0.65,2,107,1,1.0,38.40140192307693,0.2523364485981308
0.65,2,107,2,1.0,50.0673576923077,0.2523364485981308
0.65,2,108,0,1.0,26.704975961538455,0.25
0.65,2,108,1,1.0,38.39810769230768,0.25
0.65,2,108,2,1.0,50.06417307692307,0.25
0.65,2,109,0,1.0,26.70470769230769,0.24770642201834864
0.65,2,109,1,1.0,38.39344038461538,0.24770642201834864
0.65,2,109,2,1.0,50.08193942307692,0.24770642201834864
0.65,2,110,0,1.0,26.705252884615376,0.24545454545454545
0.65,2,110,1,1.0,38.38701346153846,0.24545454545454545
0.65,2,110,2,1.0,50.079914423076914,0.24545454545454545
0.65,2,111,0,1.0,26.711166346153846,0.24324324324324326
0.65,2,111,1,1.0,38.38863461538461,0.24324324324324326
0.65,2,111,2,1.0,50.0813423076923,0.24324324324324326
0.65,2,112,0,1.0,26.694268269230765,0.24107142857142858
0.65,2,112,1,1.0,38.375971153846145,0.24107142857142858
0.65,2,112,2,1.0,50.115975,0.24107142857142858
0.65,2,113,0,1.0,26.714137499999996,0.23893805309734514
0.65,2,113,1,1.0,38.402682692307685,0.23893805309734514
0.65,2,113,2,1.0,50.07849519230768,0.23893805309734514
0.65,2,114,0,1.0,26.70454326923077,0.23684210526315788
0.65,2,114,1,1.0,38.37666346153846,0.23684210526315788
0.65,2,114,2,1.0,50.08728749999999,0.23684210526315788
0.65,2,115,0,1.0,26.70888173076923,0.23478260869565218
0.65,2,115,1,1.0,38.38302115384615,0.23478260869565218
0.65,2,115,2,1.0,50.08767692307692,0.23478260869565218
0.65,2,116,0,1.0,26.70453461538461,0.23275862068965517
0.65,2,116,1,1.0,38.38914807692308,0.23275862068965517
0.65,2,116,2,1.0,50.0915798076923,0.23275862068965517
0.65,2,117,0,1.0,26.713514423076926,0.23076923076923078
0.65,2,117,1,1.0,38.40657692307692,0.23076923076923078
0.65,2,117,2,1.0,50.09180480769231,0.23076923076923078
0.65,2,118,0,1.0,26.69879711538461,0.2288135593220339
0.65,2,118,1,1.0,38.39316346153846,0.2288135593220339
0.65,2,118,2,1.0,50.08546153846153,0.2288135593220339
0.65,2,119,0,1.0,26.702965384615386,0.226890756302521
0.65,2,119,1,1.0,38.372982692307694,0.226890756302521
0.65,2,119,2,1.0,50.08230288461538,0.226890756302521
0.65,2,120,0,1.0,26.716416346153846,0.225
0.65,2,120,1,1.0,38.393226923076924,0.225
0.65,2,120,2,1.0,50.064605769230766,0.225
0.65,2,121,0,1.0,26.71046538461538,0.2231404958677686
0.65,2,121,1,1.0,38.39824615384615,0.2231404958677686
0.65,2,121,2,1.0,50.08817019230769,0.2231404958677686
0.65,2,122,0,1.0,26.707024038461537,0.22131147540983606
0.65,2,122,1,1.0,38.384653846153846,0.22131147540983606
0.65,2,122,2,1.0,50.07866826923077,0.22131147540983606
0.65,2,123,0,1.0,26.71953173076923,0.21951219512195122
0.65,2,123,1,1.0,38.39652692307691,0.21951219512195122
0.65,2,123,2,1.0,50.08412884615383,0.21951219512195122
0.65,2,124,0,1.0,26.705486538461532,0.21774193548387097
0.65,2,124,1,1.0,38.3857673076923,0.21774193548387097
0.65,2,124,2,1.0,50.06776442307692,0.21774193548387097
0.65,2,125,0,1.0,26.713491346153848,0.216
0.65,2,125,1,1.0,38.37590769230769,0.216
0.65,2,125,2,1.0,50.08640480769231,0.216
0.65,2,126,0,1.0,26.710026923076924,0.21428571428571427
0.65,2,126,1,1.0,38.40021346153846,0.21428571428571427
0.65,2,126,2,1.0,50.08502884615384,0.21428571428571427
0.65,2,127,0,1.0,26.711953846153847,0.2125984251968504
0.65,2,127,1,1.0,38.401650000000004,0.2125984251968504
0.65,2,127,2,1.0,50.0814548076923,0.2125984251968504
0.65,2,128,0,1.0,26.714469230769225,0.2109375
0.65,2,128,1,1.0,38.39721923076923,0.2109375
0.65,2,128,2,1.0,50.09105192307692,0.2109375
0.65,3,40,0,0.46487,25.166216857980146,0.675
0.65,3,40,1,0.45091,35.7579586920808,0.675
0.65,3,40,2,0.44424,46.34582268420395,0.675
0.65,3,41,0,0.52395,25.32769384923693,0.6585365853658537
0.65,3,41,1,0.52335,36.100546773375655,0.6585365853658537
0.65,3,41,2,0.52571,46.83404165502185,0.6585365853658537
0.65,3,42,0,0.58389,25.474060248439837,0.6428571428571429
0.65,3,42,1,0.59661,36.408641516878056,0.6428571428571429
0.65,3,42,2,0.6023,47.31332935286529,0.6428571428571429
0.65,3,43,0,0.63795,25.615452440811012,0.627906976744186
0.65,3,43,1,0.66281,36.69699403356107,0.627906976744186
0.65,3,43,2,0.67218,47.7371917892872,0.627906976744186
0.65,3,44,0,0.68959,25.742930303067485,0.6136363636363636
0.65,3,44,1,0.72452,36.95003907096051,0.6136363636363636
0.65,3,44,2,0.73963,48.13408783393776,0.6136363636363636
0.65,3,45,0,0.7346,25.871941035414356,0.6
0.65,3,45,1,0.7781,37.193143060512284,0.6
0.65,3,45,2,0.7958,48.48106525605583,0.6
0.65,3,46,0,0.77882,25.974375929660845,0.5869565217391305
0.65,3,46,1,0.82525,37.39071143942394,0.5869565217391305
0.65,3,46,2,0.84277,48.768698641202405,0.5869565217391305
0.65,3,47,0,0.81222,26.079956785107484,0.574468085106383
0.65,3,47,1,0.8618,37.56827614831212,0.574468085106383
0.65,3,47,2,0.88049,49.04324143811531,0.574468085106383
0.65,3,48,0,0.84726,26.165963268018718,0.5625
0.65,3,48,1,0.89514,37.735599158533,0.5625
0.65,3,48,2,0.90958,49.25299208256726,0.5625
0.65,3,49,0,0.87412,26.249339995564767,0.5510204081632653
0.65,3,49,1,0.9197,37.87849716880922,0.5510204081632653
0.65,3,49,2,0.93499,49.46643505854032,0.5510204081632653
0.65,3,50,0,0.89593,26.338003741707155,0.54
0.65,3,50,1,0.93971,37.982075894117905,0.54
0.65,3,50,2,0.95262,49.60753581620243,0.54
0.65,3,51,0,0.91603,26.407266221546315,0.5294117647058824
0.65,3,51,1,0.95561,38.07998998625928,0.5294117647058824
0.65,3,51,2,0.96596,49.72181520496151,0.5294117647058824
0.65,3,52,0,0.9347,26.45457098534289,0.5192307692307693
0.65,3,52,1,0.96632,38.17153459277703,0.5192307692307693
0.65,3,52,2,0.97627,49.803970331347486,0.5192307692307693
0.65,3,53,0,0.94716,26.52059029909657,0.5094339622641509
0.65,3,53,1,0.97555,38.228269654593255,0.5094339622641509
0.65,3,53,2,0.98315,49.8936825901048,0.5094339622641509
0.65,3,54,0,0.95779,26.55168910480618,0.5
0.65,3,54,1,0.98283,38.27274691060901,0.5
0.65,3,54,2,0.9892,49.953140066565055,0.5
0.65,3,55,0,0.96585,26.595765587107408,0.4909090909090909
0.65,3,55,1,0.98786,38.32640758811977,0.4909090909090909
0.65,3,55,2,0.99245,49.994995872684925,0.4909090909090909
0.65,3,56,0,0.97458,26.623773436131067,0.48214285714285715
0.65,3,56,1,0.99141,38.33978296645105,0.48214285714285715
0.65,3,56,2,0.99479,50.05927710293706,0.48214285714285715
0.65,3,57,0,0.97988,26.644378157765,0.47368421052631576
0.65,3,57,1,0.99404,38.38067188133583,0.47368421052631576
0.65,3,57,2,0.99699,50.05525960062865,0.47368421052631576
0.65,3,58,0,0.98471,26.67203952276461,0.46551724137931033
0.65,3,58,1,0.99609,38.38451808108165,0.46551724137931033
0.65,3,58,2,0.99802,50.06397089313764,0.46551724137931033
0.65,3,59,0,0.98805,26.6979919655265,0.4576271186440678
0.65,3,59,1,0.99744,38.404392167024504,0.4576271186440678
0.65,3,59,2,0.99862,50.095669523943045,0.4576271186440678
0.65,3,60,0,0.99085,26.69951207393807,0.45
0.65,3,60,1,0.99804,38.40901628730774,0.45
0.65,3,60,2,0.99929,50.100500201296754,0.45
0.65,3,61,0,0.99355,26.72544546943168,0.4426229508196721
0.65,3,61,1,0.99896,38.38436204421829,0.4426229508196721
0.65,3,61,2,0.99957,50.09854622102889,0.4426229508196721
0.65,3,62,0,0.99476,26.73266184035113,0.43548387096774194
0.65,3,62,1,0.99926,38.421809061782646,0.43548387096774194
0.65,3,62,2,0.99968,50.087871388074944,0.43548387096774194
0.65,3,63,0,0.99602,26.724538663882257,0.42857142857142855
0.65,3,63,1,0.99939,38.45487093280748,0.42857142857142855
0.65,3,63,2,0.99978,50.10255621621372,0.42857142857142855
0.65,3,64,0,0.99729,26.75601167625804,0.421875
0.65,3,64,1,0.99974,38.437934247519735,0.421875
0.65,3,64,2,0.99988,50.115221518889946,0.421875
0.65,3,65,0,0.99759,26.745354380981244,0.4153846153846154
0.65,3,65,1,0.99975,38.427601131052,0.4153846153846154
0.65,3,65,2,0.99988,50.12921646751456,0.4153846153846154
0.65,3,66,0,0.99818,26.751907702788305,0.4090909090909091
0.65,3,66,1,0.99981,38.437551211653286,0.4090909090909091
0.65,3,66,2,0.99995,50.109604518687476,0.4090909090909091
0.65,3,67,0,0.999,26.76656849156849,0.40298507462686567
0.65,3,67,1,0.99996,38.4173039998523,0.40298507462686567
0.65,3,67,2,0.99998,50.10706271817743,0.40298507462686567
0.65,3,68,0,0.99919,26.761602859854943,0.39705882352941174
0.65,3,68,1,0.99986,38.426200821961224,0.39705882352941174
0.65,3,68,2,0.99997,50.097773125501455,0.39705882352941174
0.65,3,69,0,0.99934,26.759326540131873,0.391304347826087
0.65,3,69,1,0.99995,38.42392504240597,0.391304347826087
0.65,3,69,2,1.0,50.07531923076922,0.391304347826087
0.65,3,70,0,0.99945,26.772850067537142,0.38571428571428573
0.65,3,70,1,1.0,38.42847692307692,0.38571428571428573
0.65,3,70,2,1.0,50.10761538461538,0.38571428571428573
0.65,3,71,0,0.99963,26.764026728351023,0.38028169014084506
0.65,3,71,1,0.99999,38.4283938993236,0.38028169014084506
0.65,3,71,2,1.0,50.12124519230768,0.38028169014084506
0.65,3,72,0,0.99975,26.769476022851862,0.375
0.65,3,72,1,0.99998,38.4324013403345,0.375
0.65,3,72,2,1.0,50.11022019230768,0.375
0.65,3,73,0,0.99983,26.77394676325745,0.3698630136986301
0.65,3,73,1,0.99999,38.41184758001426,0.3698630136986301
0.65,3,73,2,1.0,50.09388173076923,0.3698630136986301
0.65,3,74,0,0.99986,26.762070728363508,0.36486486486486486
0.65,3,74,1,1.0,38.44332115384614,0.36486486486486486
0.65,3,74,2,1.0,50.08292596153846,0.36486486486486486
0.65,3,75,0,0.99992,26.76909633539914,0.36
0.65,3,75,1,1.0,38.43008653846154,0.36
0.65,3,75,2,1.0,50.09792307692306,0.36
0.65,3,76,0,0.99995,26.755554123860037,0.35526315789473684
0.65,3,76,1,1.0,38.42592115384615,0.35526315789473684
0.65,3,76,2,1.0,50.12447307692306,0.35526315789473684
0.65,3,77,0,1.0,26.76955096153846,0.35064935064935066
0.65,3,77,1,0.99999,38.429172753265995,0.35064935064935066
0.65,3,77,2,1.0,50.10000865384615,0.35064935064935066
0.65,3,78,0,0.99994,26.767248342592865,0.34615384615384615
0.65,3,78,1,1.0,38.43523269230769,0.34615384615384615
0.65,3,78,2,1.0,50.11773173076922,0.34615384615384615
0.65,3,79,0,0.99998,26.768101708188006,0.34177215189873417
0.65,3,79,1,1.0,38.41551346153847,0.34177215189873417
0.65,3,79,2,1.0,50.11145769230768,0.34177215189873417
0.65,3,80,0,0.99998,26.772904688863008,0.3375
0.65,3,80,1,1.0,38.43346153846154,0.3375
0.65,3,80,2,1.0,50.094816346153834,0.3375
0.65,3,81,0,1.0,26.776629807692302,0.3333333333333333
0.65,3,81,1,1.0,38.427525,0.3333333333333333
0.65,3,81,2,1.0,50.08495096153846,0.3333333333333333
0.65,3,82,0,0.99997,26.771115633468998,0.32926829268292684
0.65,3,82,1,1.0,38.43819807692307,0.32926829268292684
0.65,3,82,2,1.0,50.10518365384615,0.32926829268292684
0.65,3,83,0,1.0,26.7695625,0.3253012048192771
0.65,3,83,1,1.0,38.43029423076922,0.3253012048192771
0.65,3,83,2,1.0,50.10606634615385,0.3253012048192771
0.65,3,84,0,1.0,26.77478653846154,0.32142857142857145
0.65,3,84,1,1.0,38.415836538461534,0.32142857142857145
0.65,3,84,2,1.0,50.12260384615385,0.32142857142857145
0.65,3,85,0,1.0,26.780512499999997,0.3176470588235294
0.65,3,85,1,1.0,38.41810384615385,0.3176470588235294
0.65,3,85,2,1.0,50.1160875,0.3176470588235294
0.65,3,86,0,1.0,26.77133076923076,0.313953488372093
0.65,3,86,1,1.0,38.41584230769231,0.313953488372093
0.65,3,86,2,1.0,50.11497980769231,0.313953488372093
0.65,3,87,0,1.0,26.75167211538461,0.3103448275862069
0.65,3,87,1,1.0,38.431938461538465,0.3103448275862069
0.65,3,87,2,1.0,50.124109615384604,0.3103448275862069
0.65,3,88,0,1.0,26.76216346153846,0.3068181818181818
0.65,3,88,1,1.0,38.43237115384615,0.3068181818181818
0.65,3,88,2,1.0,50.11127596153846,0.3068181818181818
0.65,3,89,0,1.0,26.773347115384617,0.30337078651685395
0.65,3,89,1,1.0,38.41463653846154,0.30337078651685395
0.65,3,89,2,1.0,50.10667211538462,0.30337078651685395
0.65,3,90,0,1.0,26.76147403846154,0.3
0.65,3,90,1,1.0,38.43226730769231,0.3
0.65,3,90,2,1.0,50.12680961538461,0.3
0.65,3,91,0,1.0,26.775164423076927,0.2967032967032967
0.65,3,91,1,1.0,38.41307307692308,0.2967032967032967
0.65,3,91,2,1.0,50.098425,0.2967032967032967
0.65,3,92,0,1.0,26.76671538461538,0.29347826086956524
0.65,3,92,1,1.0,38.43390576923076,0.29347826086956524
0.65,3,92,2,1.0,50.10634326923076,0.29347826086956524
0.65,3,93,0,1.0,26.77729615384615,0.2903225806451613
0.65,3,93,1,1.0,38.429030769230764,0.2903225806451613
0.65,3,93,2,1.0,50.10514038461537,0.2903225806451613
0.65,3,94,0,1.0,26.7630173076923,0.2872340425531915
0.65,3,94,1,1.0,38.431465384615386,0.2872340425531915
0.65,3,94,2,1.0,50.108074038461524,0.2872340425531915
0.65,3,95,0,1.0,26.77399038461538,0.28421052631578947
0.65,3,95,1,1.0,38.4225,0.28421052631578947
0.65,3,95,2,1.0,50.1102548076923,0.28421052631578947
0.65,3,96,0,1.0,26.770430769230764,0.28125
0.65,3,96,1,1.0,38.43178269230769,0.28125
0.65,3,96,2,1.0,50.11887403846154,0.28125
0.65,3,97,0,1.0,26.7543375,0.27835051546391754
0.65,3,97,1,1.0,38.42500961538461,0.27835051546391754
0.65,3,97,2,1.0,50.12603076923077,0.27835051546391754
0.65,3,98,0,1.0,26.772974999999995,0.2755102040816326
0.65,3,98,1,1.0,38.42321538461538,0.2755102040816326
0.65,3,98,2,1.0,50.10338365384615,0.2755102040816326
0.65,3,99,0,1.0,26.76568269230769,0.2727272727272727
0.65,3,99,1,1.0,38.42435769230769,0.2727272727272727
0.65,3,99,2,1.0,50.1002423076923,0.2727272727272727
0.65,3,100,0,1.0,26.77427307692307,0.27
0.65,3,100,1,1.0,38.433225,0.27
0.65,3,100,2,1.0,50.12202403846154,0.27
0.65,3,101,0,1.0,26.770947115384615,0.26732673267326734
0.65,3,101,1,1.0,38.42529230769231,0.26732673267326734
0.65,3,101,2,1.0,50.12425673076923,0.26732673267326734
0.65,3,102,0,1.0,26.776840384615387,0.2647058823529412
0.65,3,102,1,1.0,38.43253846153845,0.2647058823529412
0.65,3,102,2,1.0,50.10055384615385,0.2647058823529412
0.65,3,103,0,1.0,26.77096153846154,0.2621359223300971
0.65,3,103,1,1.0,38.43455192307692,0.2621359223300971
0.65,3,103,2,1.0,50.104275,0.2621359223300971
0.65,3,104,0,1.0,26.770049999999994,0.25961538461538464
0.65,3,104,1,1.0,38.426994230769225,0.25961538461538464
0.65,3,104,2,1.0,50.074981730769224,0.25961538461538464
0.65,3,105,0,1.0,26.766721153846156,0.2571428571428571
0.65,3,105,1,1.0,38.42048653846153,0.2571428571428571
0.65,3,105,2,1.0,50.122716346153844,0.2571428571428571
0.65,3,106,0,1.0,26.769631730769227,0.25471698113207547
0.65,3,106,1,1.0,38.42911730769231,0.25471698113207547
0.65,3,106,2,1.0,50.1141923076923,0.25471698113207547
0.65,3,107,0,1.0,26.771483653846154,0.2523364485981308
0.65,3,107,1,1.0,38.45014038461539,0.2523364485981308
0.65,3,107,2,1.0,50.07411634615384,0.2523364485981308
0.65,3,108,0,1.0,26.767805769230765,0.25
0.65,3,108,1,1.0,38.42419038461538,0.25
0.65,3,108,2,1.0,50.09922980769231,0.25
0.65,3,109,0,1.0,26.758165384615385,0.24770642201834864
0.65,3,109,1,1.0,38.430259615384614,0.24770642201834864
0.65,3,109,2,1.0,50.1097875,0.24770642201834864
0.65,3,110,0,1.0,26.76495865384616,0.24545454545454545
0.65,3,110,1,1.0,38.42909423076923,0.24545454545454545
0.65,3,110,2,1.0,50.10870576923076,0.24545454545454545
0.65,3,111,0,1.0,26.76955673076923,0.24324324324324326
0.65,3,111,1,1.0,38.43065769230769,0.24324324324324326
0.65,3,111,2,1.0,50.10319326923076,0.24324324324324326
0.65,3,112,0,1.0,26.77631538461538,0.24107142857142858
0.65,3,112,1,1.0,38.44643076923076,0.24107142857142858
0.65,3,112,2,1.0,50.09808749999999,0.24107142857142858
0.65,3,113,0,1.0,26.75797788461538,0.23893805309734514
0.65,3,113,1,1.0,38.42543653846153,0.23893805309734514
0.65,3,113,2,1.0,50.09677211538462,0.23893805309734514
0.65,3,114,0,1.0,26.76432980769231,0.23684210526315788
0.65,3,114,1,1.0,38.429659615384615,0.23684210526315788
0.65,3,114,2,1.0,50.08547884615385,0.23684210526315788
0.65,3,115,0,1.0,26.76109615384615,0.23478260869565218
0.65,3,115,1,1.0,38.43231923076923,0.23478260869565218
0.65,3,115,2,1.0,50.10576346153845,0.23478260869565218
0.65,3,116,0,1.0,26.76872596153846,0.23275862068965517
0.65,3,116,1,1.0,38.43327115384614,0.23275862068965517
0.65,3,116,2,1.0,50.10167884615385,0.23275862068965517
0.65,3,117,0,1.0,26.76843173076923,0.23076923076923078
0.65,3,117,1,1.0,38.43132692307692,0.23076923076923078
0.65,3,117,2,1.0,50.10488076923076,0.23076923076923078
0.65,3,118,0,1.0,26.774806730769225,0.2288135593220339
0.65,3,118,1,1.0,38.44191346153846,0.2288135593220339
0.65,3,118,2,1.0,50.10861057692307,0.2288135593220339
0.65,3,119,0,1.0,26.772236538461534,0.226890756302521
0.65,3,119,1,1.0,38.436444230769226,0.226890756302521
0.65,3,119,2,1.0,50.07163269230769,0.226890756302521
0.65,3,120,0,1.0,26.77719519230769,0.225
0.65,3,120,1,1.0,38.44443461538461,0.225
0.65,3,120,2,1.0,50.13072115384616,0.225
0.65,3,121,0,1.0,26.761742307692305,0.2231404958677686
0.65,3,121,1,1.0,38.430525,0.2231404958677686
0.65,3,121,2,1.0,50.10129807692308,0.2231404958677686
0.65,3,122,0,1.0,26.768979807692304,0.22131147540983606
0.65,3,122,1,1.0,38.453728846153844,0.22131147540983606
0.65,3,122,2,1.0,50.0786423076923,0.22131147540983606
0.65,3,123,0,1.0,26.754040384615386,0.21951219512195122
0.65,3,123,1,1.0,38.43533076923076,0.21951219512195122
0.65,3,123,2,1.0,50.10008653846152,0.21951219512195122
0.65,3,124,0,1.0,26.756604807692305,0.21774193548387097
0.65,3,124,1,1.0,38.44679423076923,0.21774193548387097
0.65,3,124,2,1.0,50.085902884615386,0.21774193548387097
0.65,3,125,0,1.0,26.77059230769231,0.216
0.65,3,125,1,1.0,38.42522884615385,0.216
0.65,3,125,2,1.0,50.11122403846153,0.216
0.65,3,126,0,1.0,26.76925096153846,0.21428571428571427
0.65,3,126,1,1.0,38.43473653846154,0.21428571428571427
0.65,3,126,2,1.0,50.09858942307691,0.21428571428571427
0.65,3,127,0,1.0,26.774855769230765,0.2125984251968504
0.65,3,127,1,1.0,38.42190576923077,0.2125984251968504
0.65,3,127,2,1.0,50.09627019230769,0.2125984251968504
0.65,3,128,0,1.0,26.7570375,0.2109375
0.65,3,128,1,1.0,38.41367884615385,0.2109375
0.65,3,128,2,1.0,50.11558557692308,0.2109375
0.65,5,40,0,0.47803,24.798695044887754,0.675
0.65,5,40,1,0.46512,35.320091093117405,0.675
0.65,5,40,2,0.45473,45.89721669156168,0.675
0.65,5,41,0,0.52466,24.940382636080802,0.6585365853658537
0.65,5,41,1,0.52564,35.6201048684973,0.6585365853658537
0.65,5,41,2,0.52527,46.407413549954526,0.6585365853658537
0.65,5,42,0,0.56977,25.093809782894848,0.6428571428571429
0.65,5,42,1,0.5806,35.93709094040648,0.6428571428571429
0.65,5,42,2,0.59247,46.845692284322084,0.6428571428571429
0.65,5,43,0,0.60895,25.238260056718055,0.627906976744186
0.65,5,43,1,0.63612,36.194712898872496,0.627906976744186
0.65,5,43,2,0.65843,47.279504625805664,0.627906976744186
0.65,5,44,0,0.64936,25.36262183593787,0.6136363636363636
0.65,5,44,1,0.6862,36.48288511983499,0.6136363636363636
0.65,5,44,2,0.71053,47.67456903784714,0.6136363636363636
0.65,5,45,0,0.68574,25.48754181333585,0.6
0.65,5,45,1,0.73346,36.72491447281483,0.6
0.65,5,45,2,0.76263,48.014837823362264,0.6
0.65,5,46,0,0.71976,25.603550542488517,0.5869565217391305
0.65,5,46,1,0.77617,36.93853745363079,0.5869565217391305
0.65,5,46,2,0.80727,48.35964590057087,0.5869565217391305
0.65,5,47,0,0.74951,25.732939109962096,0.574468085106383
0.65,5,47,1,0.81333,37.15444766955223,0.574468085106383
0.65,5,47,2,0.84434,48.65516375102265,0.574468085106383
0.65,5,48,0,0.77811,25.820905537381996,0.5625
0.65,5,48,1,0.84287,37.34832043631146,0.5625
0.65,5,48,2,0.87525,48.89406762902907,0.5625
0.65,5,49,0,0.80592,25.91696923535071,0.5510204081632653
0.65,5,49,1,0.87069,37.51374241649196,0.5510204081632653
0.65,5,49,2,0.9022,49.135883651927756,0.5510204081632653
0.65,5,50,0,0.83056,26.014350373427376,0.54
0.65,5,50,1,0.89577,37.676212815618015,0.54
0.65,5,50,2,0.92551,49.317098971627274,0.54
0.65,5,51,0,0.85189,26.095470298169587,0.5294117647058824
0.65,5,51,1,0.91518,37.79351729041954,0.5294117647058824
0.65,5,51,2,0.94045,49.49462000597095,0.5294117647058824
0.65,5,52,0,0.87112,26.199829176586107,0.5192307692307693
0.65,5,52,1,0.9317,37.89681805797508,0.5192307692307693
0.65,5,52,2,0.95636,49.5923827364655,0.5192307692307693
0.65,5,53,0,0.88935,26.255854535075315,0.5094339622641509
0.65,5,53,1,0.94728,38.010873643078476,0.5094339622641509
0.65,5,53,2,0.9658,49.751168819790685,0.5094339622641509
0.65,5,54,0,0.90418,26.329400459745077,0.5
0.65,5,54,1,0.95736,38.10440851765432,0.5
0.65,5,54,2,0.97514,49.85787938142215,0.5
0.65,5,55,0,0.91706,26.38834238679124,0.4909090909090909
0.65,5,55,1,0.96628,38.17031454491611,0.4909090909090909
0.65,5,55,2,0.981,49.90212597035992,0.4909090909090909
0.65,5,56,0,0.92921,26.426930692987344,0.48214285714285715
0.65,5,56,1,0.97362,38.23686543320486,0.48214285714285715
0.65,5,56,2,0.98632,49.993608721151496,0.48214285714285715
0.65,5,57,0,0.93896,26.511316120617895,0.47368421052631576
0.65,5,57,1,0.97974,38.289393104292984,0.47368421052631576
0.65,5,57,2,0.99012,50.011726434091905,0.47368421052631576
0.65,5,58,0,0.94887,26.537294157990353,0.46551724137931033
0.65,5,58,1,0.98518,38.364910278012445,0.46551724137931033
0.65,5,58,2,0.99259,50.06541356063818,0.46551724137931033
0.65,5,59,0,0.9555,26.597615022340293,0.4576271186440678
0.65,5,59,1,0.98808,38.39258772257619,0.4576271186440678
0.65,5,59,2,0.99475,50.10696831441992,0.4576271186440678
0.65,5,60,0,0.96272,26.62451879130924,0.45
0.65,5,60,1,0.99081,38.42569948596835,0.45
0.65,5,60,2,0.99631,50.12781780153381,0.45
0.65,5,61,0,0.96893,26.646313459176614,0.4426229508196721
0.65,5,61,1,0.9928,38.44439192958532,0.4426229508196721
0.65,5,61,2,0.99747,50.1815670569618,0.4426229508196721
0.65,5,62,0,0.97295,26.684354085710783,0.43548387096774194
0.65,5,62,1,0.9942,38.47276704888351,0.43548387096774194
0.65,5,62,2,0.99823,50.17403592820831,0.43548387096774194
0.65,5,63,0,0.97724,26.71391643026042,0.42857142857142855
0.65,5,63,1,0.99604,38.48381127727339,0.42857142857142855
0.65,5,63,2,0.99895,50.190716598582355,0.42857142857142855
0.65,5,64,0,0.98147,26.732652199095387,0.421875
0.65,5,64,1,0.99692,38.47856204803101,0.421875
0.65,5,64,2,0.9992,50.169336430683,0.421875
0.65,5,65,0,0.98452,26.749331575871405,0.4153846153846154
0.65,5,65,1,0.99791,38.497779590112565,0.4153846153846154
0.65,5,65,2,0.99928,50.17894807338207,0.4153846153846154
0.65,5,66,0,0.98625,26.7782451009067,0.4090909090909091
0.65,5,66,1,0.99833,38.51937158131002,0.4090909090909091
0.65,5,66,2,0.99959,50.17294686975505,0.4090909090909091
0.65,5,67,0,0.98893,26.792871121779637,0.40298507462686567
0.65,5,67,1,0.9987,38.5280865124662,0.40298507462686567
0.65,5,67,2,0.9997,50.181386146613214,0.40298507462686567
0.65,5,68,0,0.9914,26.830240064555174,0.39705882352941174
0.65,5,68,1,0.99907,38.51362728876317,0.39705882352941174
0.65,5,68,2,0.99981,50.18239715545954,0.39705882352941174
0.65,5,69,0,0.99316,26.812351290519462,0.391304347826087
0.65,5,69,1,0.99935,38.53092779537469,0.391304347826087
0.65,5,69,2,0.99984,50.18079623508992,0.391304347826087
0.65,5,70,0,0.99415,26.836414176780316,0.38571428571428573
0.65,5,70,1,0.99947,38.54505003036224,0.38571428571428573
0.65,5,70,2,0.99987,50.220367109262654,0.38571428571428573
0.65,5,71,0,0.99525,26.851478175178247,0.38028169014084506
0.65,5,71,1,0.99969,38.52738579728946,0.38028169014084506
0.65,5,71,2,0.99993,50.20747894660318,0.38028169014084506
0.65,5,72,0,0.99571,26.84562928810752,0.375
0.65,5,72,1,0.99973,38.537368551047244,0.375
0.65,5,72,2,0.99998,50.23064211284225,0.375
0.65,5,73,0,0.99672,26.856741072255453,0.3698630136986301
0.65,5,73,1,0.99969,38.55324573694768,0.3698630136986301
0.65,5,73,2,0.99999,50.18755668325913,0.3698630136986301
0.65,5,74,0,0.99738,26.867292305841303,0.36486486486486486
0.65,5,74,1,0.99988,38.531812279011945,0.36486486486486486
0.65,5,74,2,0.99998,50.18354694016957,0.36486486486486486
0.65,5,75,0,0.99778,26.86711422434728,0.36
0.65,5,75,1,0.99987,38.54764965599374,0.36
0.65,5,75,2,0.99999,50.19190095747111,0.36
0.65,5,76,0,0.99801,26.859191136515513,0.35526315789473684
0.65,5,76,1,0.99994,38.532177315254295,0.35526315789473684
0.65,5,76,2,1.0,50.18498076923077,0.35526315789473684
0.65,5,77,0,0.99862,26.863157696082133,0.35064935064935066
0.65,5,77,1,0.99989,38.53834498717936,0.35064935064935066
0.65,5,77,2,1.0,50.24175865384616,0.35064935064935066
0.65,5,78,0,0.99893,26.87196839079353,0.34615384615384615
0.65,5,78,1,0.99996,38.55199784914473,0.34615384615384615
0.65,5,78,2,1.0,50.21568461538461,0.34615384615384615
0.65,5,79,0,0.99878,26.878848926459504,0.34177215189873417
0.65,5,79,1,0.99998,38.5567192113073,0.34177215189873417
0.65,5,79,2,1.0,50.21513076923078,0.34177215189873417
0.65,5,80,0,0.99915,26.88219024632476,0.3375
0.65,5,80,1,0.99997,38.533738704468824,0.3375
0.65,5,80,2,1.0,50.18132884615383,0.3375
0.65,5,81,0,0.99935,26.859601048373754,0.3333333333333333
0.65,5,81,1,1.0,38.53039038461538,0.3333333333333333
0.65,5,81,2,1.0,50.16924807692308,0.3333333333333333
0.65,5,82,0,0.9995,26.875056759148805,0.32926829268292684
0.65,5,82,1,0.99999,38.531958396507044,0.32926829268292684
0.65,5,82,2,1.0,50.21686153846153,0.32926829268292684
0.65,5,83,0,0.9996,26.881426609105176,0.3253012048192771
0.65,5,83,1,1.0,38.52985961538461,0.3253012048192771
0.65,5,83,2,1.0,50.21929326923076,0.3253012048192771
0.65,5,84,0,0.99967,26.882158612342067,0.32142857142857145
0.65,5,84,1,0.99999,38.54000655391169,0.32142857142857145
0.65,5,84,2,1.0,50.21665384615383,0.32142857142857145
0.65,5,85,0,0.99977,26.865790670315707,0.3176470588235294
0.65,5,85,1,1.0,38.5351326923077,0.3176470588235294
0.65,5,85,2,1.0,50.18488557692307,0.3176470588235294
0.65,5,86,0,0.99976,26.86558043161127,0.313953488372093
0.65,5,86,1,1.0,38.54612884615384,0.313953488372093
0.65,5,86,2,1.0,50.20910769230769,0.313953488372093
0.65,5,87,0,0.99985,26.87133262297036,0.3103448275862069
0.65,5,87,1,1.0,38.53060961538461,0.3103448275862069
0.65,5,87,2,1.0,50.18131153846153,0.3103448275862069
0.65,5,88,0,0.99989,26.882631127885606,0.3068181818181818
0.65,5,88,1,1.0,38.53960961538461,0.3068181818181818
0.65,5,88,2,1.0,50.20407115384615,0.3068181818181818
0.65,5,89,0,0.99992,26.88466038821568,0.30337078651685395
0.65,5,89,1,1.0,38.55031730769231,0.30337078651685395
0.65,5,89,2,1.0,50.18655576923076,0.30337078651685395
0.65,5,90,0,0.99993,26.875131259188144,0.3
0.65,5,90,1,1.0,38.54750769230769,0.3
0.65,5,90,2,1.0,50.21194615384615,0.3
0.65,5,91,0,0.9999,26.872423780839625,0.2967032967032967
0.65,5,91,1,1.0,38.55482307692307,0.2967032967032967
0.65,5,91,2,1.0,50.20315384615385,0.2967032967032967
0.65,5,92,0,0.99993,26.879446945901595,0.29347826086956524
0.65,5,92,1,1.0,38.53423846153846,0.29347826086956524
0.65,5,92,2,1.0,50.22505673076923,0.29347826086956524
0.65,5,93,0,0.99996,26.875663488077983,0.2903225806451613
0.65,5,93,1,1.0,38.53761923076923,0.2903225806451613
0.65,5,93,2,1.0,50.20079134615384,0.2903225806451613
0.65,5,94,0,0.99996,26.885592731401562,0.2872340425531915
0.65,5,94,1,1.0,38.53669615384616,0.2872340425531915
0.65,5,94,2,1.0,50.23069038461539,0.2872340425531915
0.65,5,95,0,0.99997,26.90409173813676,0.28421052631578947
0.65,5,95,1,1.0,38.53032692307692,0.28421052631578947
0.65,5,95,2,1.0,50.18533557692307,0.28421052631578947
0.65,5,96,0,0.99996,26.883284946782485,0.28125
0.65,5,96,1,1.0,38.54040576923077,0.28125
0.65,5,96,2,1.0,50.20841538461539,0.28125
0.65,5,97,0,1.0,26.891656730769224,0.27835051546391754
0.65,5,97,1,1.0,38.52263076923077,0.27835051546391754
0.65,5,97,2,1.0,50.22208846153846,0.27835051546391754
0.65,5,98,0,0.99999,26.898594947487936,0.2755102040816326
0.65,5,98,1,1.0,38.53024038461538,0.2755102040816326
0.65,5,98,2,1.0,50.20478942307692,0.2755102040816326
0.65,5,99,0,0.99998,26.885490594427267,0.2727272727272727
0.65,5,99,1,1.0,38.572713461538456,0.2727272727272727
0.65,5,99,2,1.0,50.17844711538461,0.2727272727272727
0.65,5,100,0,0.99998,26.87914719832858,0.27
0.65,5,100,1,1.0,38.523415384615376,0.27
0.65,5,100,2,1.0,50.18078365384616,0.27
0.65,5,101,0,1.0,26.882988461538464,0.26732673267326734
0.65,5,101,1,1.0,38.532969230769226,0.26732673267326734
0.65,5,101,2,1.0,50.16598557692306,0.26732673267326734
0.65,5,102,0,1.0,26.891460576923077,0.2647058823529412
0.65,5,102,1,1.0,38.53418653846153,0.2647058823529412
0.65,5,102,2,1.0,50.16813173076923,0.2647058823529412
0.65,5,103,0,1.0,26.882394230769236,0.2621359223300971
0.65,5,103,1,1.0,38.52666923076922,0.2621359223300971
0.65,5,103,2,1.0,50.19880961538461,0.2621359223300971
0.65,5,104,0,1.0,26.896540384615385,0.25961538461538464
0.65,5,104,1,1.0,38.54537307692308,0.25961538461538464
0.65,5,104,2,1.0,50.19330576923076,0.25961538461538464
0.65,5,105,0,1.0,26.88185480769231,0.2571428571428571
0.65,5,105,1,1.0,38.5443,0.2571428571428571
0.65,5,105,2,1.0,50.190103846153846,0.2571428571428571
0.65,5,106,0,1.0,26.886484615384614,0.25471698113207547
0.65,5,106,1,1.0,38.54473269230768,0.25471698113207547
0.65,5,106,2,1.0,50.20445192307691,0.25471698113207547
0.65,5,107,0,1.0,26.87903942307692,0.2523364485981308
0.65,5,107,1,1.0,38.52303461538462,0.2523364485981308
0.65,5,107,2,1.0,50.2119375,0.2523364485981308
0.65,5,108,0,1.0,26.89962403846154,0.25
0.65,5,108,1,1.0,38.55407884615384,0.25
0.65,5,108,2,1.0,50.2178048076923,0.25
0.65,5,109,0,1.0,26.893577884615386,0.24770642201834864
0.65,5,109,1,1.0,38.55213461538461,0.24770642201834864
0.65,5,109,2,1.0,50.20806923076923,0.24770642201834864
0.65,5,110,0,1.0,26.879896153846154,0.24545454545454545
0.65,5,110,1,1.0,38.527321153846145,0.24545454545454545
0.65,5,110,2,1.0,50.20717788461538,0.24545454545454545
0.65,5,111,0,1.0,26.891039423076926,0.24324324324324326
0.65,5,111,1,1.0,38.56144038461538,0.24324324324324326
0.65,5,111,2,1.0,50.17318557692308,0.24324324324324326
0.65,5,112,0,1.0,26.87953846153846,0.24107142857142858
0.65,5,112,1,1.0,38.528434615384604,0.24107142857142858
0.65,5,112,2,1.0,50.196975,0.24107142857142858
0.65,5,113,0,1.0,26.86697019230769,0.23893805309734514
0.65,5,113,1,1.0,38.52021923076923,0.23893805309734514
0.65,5,113,2,1.0,50.19311538461537,0.23893805309734514
0.65,5,114,0,1.0,26.881185576923077,0.23684210526315788
0.65,5,114,1,1.0,38.517951923076915,0.23684210526315788
0.65,5,114,2,1.0,50.21350384615385,0.23684210526315788
0.65,5,115,0,1.0,26.880467307692307,0.23478260869565218
0.65,5,115,1,1.0,38.56272115384615,0.23478260869565218
0.65,5,115,2,1.0,50.1806625,0.23478260869565218
0.65,5,116,0,1.0,26.90154519230769,0.23275862068965517
0.65,5,116,1,1.0,38.54980961538462,0.23275862068965517
0.65,5,116,2,1.0,50.162567307692306,0.23275862068965517
0.65,5,117,0,1.0,26.903022115384616,0.23076923076923078
0.65,5,117,1,1.0,38.54919807692307,0.23076923076923078
0.65,5,117,2,1.0,50.18277403846154,0.23076923076923078
0.65,5,118,0,1.0,26.8927125,0.2288135593220339
0.65,5,118,1,1.0,38.54208461538461,0.2288135593220339
0.65,5,118,2,1.0,50.18802692307693,0.2288135593220339
0.65,5,119,0,1.0,26.87347788461538,0.226890756302521
0.65,5,119,1,1.0,38.52860769230769,0.226890756302521
0.65,5,119,2,1.0,50.20638173076923,0.226890756302521
0.65,5,120,0,1.0,26.88277211538461,0.225
0.65,5,120,1,1.0,38.54840769230769,0.225
0.65,5,120,2,1.0,50.20611346153846,0.225
0.65,5,121,0,1.0,26.886724038461534,0.2231404958677686
0.65,5,121,1,1.0,38.52565961538462,0.2231404958677686
0.65,5,121,2,1.0,50.19407596153846,0.2231404958677686
0.65,5,122,0,1.0,26.884424999999997,0.22131147540983606
0.65,5,122,1,1.0,38.55831346153846,0.22131147540983606
0.65,5,122,2,1.0,50.21616057692306,0.22131147540983606
0.65,5,123,0,1.0,26.890081730769225,0.21951219512195122
0.65,5,123,1,1.0,38.54812499999999,0.21951219512195122
0.65,5,123,2,1.0,50.20416634615384,0.21951219512195122
0.65,5,124,0,1.0,26.888913461538454,0.21774193548387097
0.65,5,124,1,1.0,38.52569999999999,0.21774193548387097
0.65,5,124,2,1.0,50.18292115384615,0.21774193548387097
0.65,5,125,0,1.0,26.889418269230767,0.216
0.65,5,125,1,1.0,38.53654615384615,0.216
0.65,5,125,2,1.0,50.18596730769231,0.216
0.65,5,126,0,1.0,26.88791826923076,0.21428571428571427
0.65,5,126,1,1.0,38.53046538461538,0.21428571428571427
0.65,5,126,2,1.0,50.19362596153845,0.21428571428571427
0.65,5,127,0,1.0,26.882189423076923,0.2125984251968504
0.65,5,127,1,1.0,38.54373461538462,0.2125984251968504
0.65,5,127,2,1.0,50.17371346153846,0.2125984251968504
0.65,5,128,0,1.0,26.88872596153846,0.2109375
0.65,5,128,1,1.0,38.54545384615385,0.2109375
0.65,5,128,2,1.0,50.17030384615384,0.2109375
0.65,10,40,0,0.4933,24.254960704205583,0.675
0.65,10,40,1,0.48271,34.471939673924304,0.675
0.65,10,40,2,0.47225,44.90301950563994,0.675
0.65,10,41,0,0.52453,24.373611394229854,0.6585365853658537
0.65,10,41,1,0.52203,34.76611644777267,0.6585365853658537
0.65,10,41,2,0.52453,45.36047655850146,0.6585365853658537
0.65,10,42,0,0.55511,24.512412993682474,0.6428571428571429
0.65,10,42,1,0.56646,35.051371676729154,0.6428571428571429
0.65,10,42,2,0.56928,45.791627480866524,0.6428571428571429
0.65,10,43,0,0.58339,24.639186149389438,0.627906976744186
0.65,10,43,1,0.60398,35.31485059362638,0.627906976744186
0.65,10,43,2,0.62164,46.22459264080621,0.627906976744186
0.65,10,44,0,0.61088,24.77918519815046,0.6136363636363636
0.65,10,44,1,0.64322,35.56361862073749,0.6136363636363636
0.65,10,44,2,0.66404,46.61832379189389,0.6136363636363636
0.65,10,45,0,0.636,24.87219702467344,0.6
0.65,10,45,1,0.67728,35.8074435752058,0.6
0.65,10,45,2,0.70745,46.97225816448023,0.6
0.65,10,46,0,0.66049,25.00117191548932,0.5869565217391305
0.65,10,46,1,0.71297,36.04889244449816,0.5869565217391305
0.65,10,46,2,0.74085,47.34821359041849,0.5869565217391305
0.65,10,47,0,0.68258,25.11334118063366,0.574468085106383
0.65,10,47,1,0.74022,36.29295240708064,0.574468085106383
0.65,10,47,2,0.77645,47.62893989904743,0.574468085106383
0.65,10,48,0,0.70653,25.204801037355917,0.5625
0.65,10,48,1,0.76856,36.48416919553851,0.5625
0.65,10,48,2,0.80692,47.99279382380866,0.5625
0.65,10,49,0,0.73106,25.32810365980694,0.5510204081632653
0.65,10,49,1,0.79571,36.71377908263834,0.5510204081632653
0.65,10,49,2,0.83519,48.252138850026746,0.5510204081632653
0.65,10,50,0,0.75139,25.441436998301608,0.54
0.65,10,50,1,0.81812,36.895638311475835,0.54
0.65,10,50,2,0.85977,48.52129616954802,0.54
0.65,10,51,0,0.76692,25.532197471203496,0.5294117647058824
0.65,10,51,1,0.84065,37.068527558802934,0.5294117647058824
0.65,10,51,2,0.87857,48.76597657382057,0.5294117647058824
0.65,10,52,0,0.78722,25.62597226266531,0.5192307692307693
0.65,10,52,1,0.85786,37.2337852330217,0.5192307692307693
0.65,10,52,2,0.89984,48.958950608313266,0.5192307692307693
0.65,10,53,0,0.80424,25.730350297270622,0.5094339622641509
0.65,10,53,1,0.87768,37.39819971182769,0.5094339622641509
0.65,10,53,2,0.9155,49.16485527034406,0.5094339622641509
0.65,10,54,0,0.81755,25.81272258107008,0.5
0.65,10,54,1,0.89323,37.52652646101142,0.5
0.65,10,54,2,0.92993,49.35555426421675,0.5
0.65,10,55,0,0.83418,25.89857819839658,0.4909090909090909
0.65,10,55,1,0.90664,37.67121120078192,0.4909090909090909
0.65,10,55,2,0.94202,49.49554700782116,0.4909090909090909
0.65,10,56,0,0.84834,25.975615727366204,0.48214285714285715
0.65,10,56,1,0.91814,37.78219678245818,0.48214285714285715
0.65,10,56,2,0.9515,49.64407009175794,0.48214285714285715
0.65,10,57,0,0.85946,26.05246093701053,0.47368421052631576
0.65,10,57,1,0.93046,37.918645285458474,0.47368421052631576
0.65,10,57,2,0.95938,49.76985637358742,0.47368421052631576
0.65,10,58,0,0.87354,26.128006334965942,0.46551724137931033
0.65,10,58,1,0.93981,37.99376183238346,0.46551724137931033
0.65,10,58,2,0.9672,49.86434374403511,0.46551724137931033
0.65,10,59,0,0.88391,26.192954512424258,0.4576271186440678
0.65,10,59,1,0.94828,38.0960569095139,0.4576271186440678
0.65,10,59,2,0.97267,49.95581946916932,0.4576271186440678
0.65,10,60,0,0.89342,26.25137221188071,0.45
0.65,10,60,1,0.95562,38.158871485769204,0.45
0.65,10,60,2,0.97786,50.0510327496936,0.45
0.65,10,61,0,0.9033,26.33432861558899,0.4426229508196721
0.65,10,61,1,0.96139,38.24763143429345,0.4426229508196721
0.65,10,61,2,0.9823,50.12036116179453,0.4426229508196721
0.65,10,62,0,0.91154,26.387496603381262,0.43548387096774194
0.65,10,62,1,0.96698,38.32752288250334,0.43548387096774194
0.65,10,62,2,0.98558,50.16985312826339,0.43548387096774194
0.65,10,63,0,0.92121,26.446591356017546,0.42857142857142855
0.65,10,63,1,0.97253,38.39163158107046,0.42857142857142855
0.65,10,63,2,0.9885,50.19653612699893,0.42857142857142855
0.65,10,64,0,0.92779,26.50363622570426,0.421875
0.65,10,64,1,0.97697,38.45598557864543,0.421875
0.65,10,64,2,0.99048,50.251579653687706,0.421875
0.65,10,65,0,0.93561,26.540965047073364,0.4153846153846154
0.65,10,65,1,0.98007,38.50048976093545,0.4153846153846154
0.65,10,65,2,0.9923,50.27517170675742,0.4153846153846154
0.65,10,66,0,0.93892,26.588705435705183,0.4090909090909091
0.65,10,66,1,0.98255,38.524263787710936,0.4090909090909091
0.65,10,66,2,0.99379,50.323965672983064,0.4090909090909091
0.65,10,67,0,0.94736,26.645386206851747,0.40298507462686567
0.65,10,67,1,0.98548,38.52123603960273,0.40298507462686567
0.65,10,67,2,0.99486,50.35043875520174,0.40298507462686567
0.65,10,68,0,0.95065,26.694439836710913,0.39705882352941174
0.65,10,68,1,0.98856,38.608564672157165,0.39705882352941174
0.65,10,68,2,0.99637,50.42465302895664,0.39705882352941174
0.65,10,69,0,0.95606,26.715588738395883,0.391304347826087
0.65,10,69,1,0.99022,38.656735954558656,0.391304347826087
0.65,10,69,2,0.99684,50.39115238769898,0.391304347826087
0.65,10,70,0,0.96143,26.76038457137965,0.38571428571428573
0.65,10,70,1,0.99172,38.63389829325275,0.38571428571428573
0.65,10,70,2,0.99761,50.42059368043469,0.38571428571428573
0.65,10,71,0,0.9647,26.806398561529686,0.38028169014084506
0.65,10,71,1,0.99287,38.67939562929844,0.38028169014084506
0.65,10,71,2,0.99833,50.42948743632635,0.38028169014084506
0.65,10,72,0,0.96748,26.837442077912158,0.375
0.65,10,72,1,0.99437,38.71753356009719,0.375
0.65,10,72,2,0.99857,50.44987408917829,0.375
0.65,10,73,0,0.97217,26.85794507291776,0.3698630136986301
0.65,10,73,1,0.99508,38.72888650622602,0.3698630136986301
0.65,10,73,2,0.99879,50.38682190065363,0.3698630136986301
0.65,10,74,0,0.9737,26.885438967933577,0.36486486486486486
0.65,10,74,1,0.99591,38.71736556361673,0.36486486486486486
0.65,10,74,2,0.99912,50.454568289325366,0.36486486486486486
0.65,10,75,0,0.97731,26.913537394244642,0.36
0.65,10,75,1,0.99678,38.751088119128205,0.36
0.65,10,75,2,0.99948,50.480076562889614,0.36
0.65,10,76,0,0.9793,26.929064323810564,0.35526315789473684
0.65,10,76,1,0.99738,38.752221204170304,0.35526315789473684
0.65,10,76,2,0.9995,50.45553930811559,0.35526315789473684
0.65,10,77,0,0.98185,26.9545824013538,0.35064935064935066
0.65,10,77,1,0.99798,38.78988248569803,0.35064935064935066
0.65,10,77,2,0.99953,50.46316768881374,0.35064935064935066
0.65,10,78,0,0.98361,26.972146559025504,0.34615384615384615
0.65,10,78,1,0.99827,38.78495373919959,0.34615384615384615
0.65,10,78,2,0.99969,50.45850463643728,0.34615384615384615
0.65,10,79,0,0.98575,26.98279619188825,0.34177215189873417
0.65,10,79,1,0.99856,38.78920838314865,0.34177215189873417
0.65,10,79,2,0.99972,50.50130190299437,0.34177215189873417
0.65,10,80,0,0.98722,27.021671578153416,0.3375
0.65,10,80,1,0.99878,38.778925673937586,0.3375
0.65,10,80,2,0.99979,50.454291555072714,0.3375
0.65,10,81,0,0.98783,27.005671522427953,0.3333333333333333
0.65,10,81,1,0.99896,38.773520615286046,0.3333333333333333
0.65,10,81,2,0.99988,50.50468267730588,0.3333333333333333
0.65,10,82,0,0.98908,27.04383502462272,0.32926829268292684
0.65,10,82,1,0.99926,38.800273741029905,0.32926829268292684
0.65,10,82,2,0.99983,50.44565460743709,0.32926829268292684
0.65,10,83,0,0.991,27.066643056741444,0.3253012048192771
0.65,10,83,1,0.99931,38.79126597352173,0.3253012048192771
0.65,10,83,2,0.99998,50.50667936435651,0.3253012048192771
0.65,10,84,0,0.99188,27.075317927726985,0.32142857142857145
0.65,10,84,1,0.99937,38.806567368211205,0.32142857142857145
0.65,10,84,2,0.99991,50.44343317821681,0.32142857142857145
0.65,10,85,0,0.99307,27.08325522796053,0.3176470588235294
0.65,10,85,1,0.99952,38.81885035586311,0.3176470588235294
0.65,10,85,2,0.9999,50.492868517620984,0.3176470588235294
0.65,10,86,0,0.99368,27.101943900837906,0.313953488372093
0.65,10,86,1,0.99971,38.824382147745915,0.313953488372093
0.65,10,86,2,0.99994,50.52033698945013,0.313953488372093
0.65,10,87,0,0.99443,27.10080823262495,0.3103448275862069
0.65,10,87,1,0.99973,38.83431026377122,0.3103448275862069
0.65,10,87,2,0.99999,50.47896055883635,0.3103448275862069
0.65,10,88,0,0.99526,27.10231304073616,0.3068181818181818
0.65,10,88,1,0.99976,38.83210047334437,0.3068181818181818
0.65,10,88,2,0.99997,50.441799792455306,0.3068181818181818
0.65,10,89,0,0.99567,27.132787856032,0.30337078651685395
0.65,10,89,1,0.99977,38.82692249986727,0.30337078651685395
0.65,10,89,2,0.99999,50.46096037883455,0.30337078651685395
0.65,10,90,0,0.99628,27.140661337097075,0.3
0.65,10,90,1,0.99989,38.842353428107856,0.3
0.65,10,90,2,1.0,50.49639807692308,0.3
0.65,10,91,0,0.99669,27.110970967749402,0.2967032967032967
0.65,10,91,1,0.99995,38.83276471515883,0.2967032967032967
0.65,10,91,2,0.99999,50.47576725767258,0.2967032967032967
0.65,10,92,0,0.99707,27.133425937998336,0.29347826086956524
0.65,10,92,1,0.99985,38.821375129346315,0.29347826086956524
0.65,10,92,2,0.99999,50.48126250493273,0.29347826086956524
0.65,10,93,0,0.99739,27.143536939103367,0.2903225806451613
0.65,10,93,1,0.99994,38.84679811557925,0.2903225806451613
0.65,10,93,2,1.0,50.4842048076923,0.2903225806451613
0.65,10,94,0,0.99774,27.16192633813958,0.2872340425531915
0.65,10,94,1,0.99992,38.83228542898817,0.2872340425531915
0.65,10,94,2,1.0,50.45280865384616,0.2872340425531915
0.65,10,95,0,0.99792,27.141825188700185,0.28421052631578947
0.65,10,95,1,0.99993,38.82805450227669,0.28421052631578947
0.65,10,95,2,1.0,50.46855865384614,0.28421052631578947
0.65,10,96,0,0.99846,27.129757711491077,0.28125
0.65,10,96,1,0.99992,38.84731547754589,0.28125
0.65,10,96,2,1.0,50.45706634615384,0.28125
0.65,10,97,0,0.99849,27.154192253379524,0.27835051546391754
0.65,10,97,1,0.99996,38.84887703200436,0.27835051546391754
0.65,10,97,2,1.0,50.49313557692308,0.27835051546391754
0.65,10,98,0,0.99854,27.154057423838804,0.2755102040816326
0.65,10,98,1,0.99997,38.831076470755654,0.2755102040816326
0.65,10,98,2,1.0,50.4596625,0.2755102040816326
0.65,10,99,0,0.99884,27.164716840766058,0.2727272727272727
0.65,10,99,1,0.99999,38.833496027267955,0.2727272727272727
0.65,10,99,2,1.0,50.47195096153846,0.2727272727272727
0.65,10,100,0,0.999,27.161373873873874,0.27
0.65,10,100,1,0.99999,38.833299871460255,0.27
0.65,10,100,2,1.0,50.49593942307691,0.27
0.65,10,101,0,0.99907,27.16474590600027,0.26732673267326734
0.65,10,101,1,0.99999,38.85389623127,0.26732673267326734
0.65,10,101,2,0.99999,50.47949710266334,0.26732673267326734
0.65,10,102,0,0.99921,27.152922924494963,0.2647058823529412
0.65,10,102,1,1.0,38.835842307692296,0.2647058823529412
0.65,10,102,2,1.0,50.47661538461538,0.2647058823529412
0.65,10,103,0,0.9992,27.169476927696007,0.2621359223300971
0.65,10,103,1,0.99998,38.837230590765664,0.2621359223300971
0.65,10,103,2,0.99999,50.47522205991289,0.2621359223300971
0.65,10,104,0,0.99939,27.168537230787695,0.25961538461538464
0.65,10,104,1,0.99995,38.81538692319231,0.25961538461538464
0.65,10,104,2,1.0,50.48240480769231,0.25961538461538464
0.65,10,105,0,0.99956,27.187269129186078,0.2571428571428571
0.65,10,105,1,0.99998,38.84639231246163,0.2571428571428571
0.65,10,105,2,1.0,50.47143173076922,0.2571428571428571
0.65,10,106,0,0.99953,27.171646635457126,0.25471698113207547
0.65,10,106,1,0.99999,38.797789900975935,0.25471698113207547
0.65,10,106,2,1.0,50.43008365384615,0.25471698113207547
0.65,10,107,0,0.99969,27.177030648731876,0.2523364485981308
0.65,10,107,1,0.99999,38.80676114453452,0.2523364485981308
0.65,10,107,2,1.0,50.48893846153846,0.2523364485981308
0.65,10,108,0,0.99957,27.174258969818563,0.25
0.65,10,108,1,0.99999,38.8437999764613,0.25
0.65,10,108,2,1.0,50.44767692307692,0.25
0.65,10,109,0,0.99975,27.169118241098733,0.24770642201834864
0.65,10,109,1,1.0,38.85264807692308,0.24770642201834864
0.65,10,109,2,1.0,50.49475384615384,0.24770642201834864
0.65,10,110,0,0.99976,27.17427663408449,0.24545454545454545
0.65,10,110,1,1.0,38.81935384615385,0.24545454545454545
0.65,10,110,2,1.0,50.44149807692307,0.24545454545454545
0.65,10,111,0,0.99986,27.185014555883974,0.24324324324324326
0.65,10,111,1,0.99999,38.85308276159685,0.24324324324324326
0.65,10,111,2,1.0,50.50163365384615,0.24324324324324326
0.65,10,112,0,0.99986,27.18276135582058,0.24107142857142858
0.65,10,112,1,1.0,38.864492307692316,0.24107142857142858
0.65,10,112,2,0.99999,50.45719591811303,0.24107142857142858
0.65,10,113,0,0.99982,27.18737738177487,0.23893805309734514
0.65,10,113,1,1.0,38.80884807692308,0.23893805309734514
0.65,10,113,2,1.0,50.49584423076922,0.23893805309734514
0.65,10,114,0,0.99987,27.204386570254133,0.23684210526315788
0.65,10,114,1,1.0,38.846313461538465,0.23684210526315788
0.65,10,114,2,1.0,50.48803846153845,0.23684210526315788
0.65,10,115,0,0.99989,27.173891051092546,0.23478260869565218
0.65,10,115,1,1.0,38.84720769230769,0.23478260869565218
0.65,10,115,2,1.0,50.47339615384615,0.23478260869565218
0.65,10,116,0,0.99984,27.162264231507805,0.23275862068965517
0.65,10,116,1,1.0,38.828665384615384,0.23275862068965517
0.65,10,116,2,1.0,50.47960096153846,0.23275862068965517
0.65,10,117,0,0.99992,27.175874069925595,0.23076923076923078
0.65,10,117,1,1.0,38.82062307692307,0.23076923076923078
0.65,10,117,2,1.0,50.49914134615385,0.23076923076923078
0.65,10,118,0,0.99993,27.18590108999938,0.2288135593220339
0.65,10,118,1,1.0,38.80718076923077,0.2288135593220339
0.65,10,118,2,1.0,50.44208653846153,0.2288135593220339
0.65,10,119,0,0.99995,27.16860843042152,0.226890756302521
0.65,10,119,1,1.0,38.812598076923074,0.226890756302521
0.65,10,119,2,1.0,50.4972894230769,0.226890756302521
0.65,10,120,0,0.99995,27.206439168112254,0.225
0.65,10,120,1,1.0,38.85304615384615,0.225
0.65,10,120,2,0.99999,50.50700795469493,0.225
0.65,10,121,0,0.99995,27.18694396258274,0.2231404958677686
0.65,10,121,1,1.0,38.84127115384616,0.2231404958677686
0.65,10,121,2,1.0,50.48165192307692,0.2231404958677686
0.65,10,122,0,0.99997,27.187202154526172,0.22131147540983606
0.65,10,122,1,1.0,38.82113076923076,0.22131147540983606
0.65,10,122,2,1.0,50.50602115384615,0.22131147540983606
0.65,10,123,0,0.99996,27.14619642478006,0.21951219512195122
0.65,10,123,1,1.0,38.794776923076924,0.21951219512195122
0.65,10,123,2,1.0,50.47167403846154,0.21951219512195122
0.65,10,124,0,0.99997,27.1847559272932,0.21774193548387097
0.65,10,124,1,1.0,38.841121153846146,0.21774193548387097
0.65,10,124,2,1.0,50.4819201923077,0.21774193548387097
0.65,10,125,0,0.99996,27.174322549825067,0.216
0.65,10,125,1,1.0,38.84165769230769,0.216
0.65,10,125,2,1.0,50.495757692307684,0.216
0.65,10,126,0,0.99996,27.180830502450863,0.21428571428571427
0.65,10,126,1,1.0,38.803557692307685,0.21428571428571427
0.65,10,126,2,1.0,50.48365096153846,0.21428571428571427
0.65,10,127,0,0.99997,27.16915834398109,0.2125984251968504
0.65,10,127,1,1.0,38.8597673076923,0.2125984251968504
0.65,10,127,2,1.0,50.46591923076921,0.2125984251968504
0.65,10,128,0,1.0,27.169877884615385,0.2109375
0.65,10,128,1,1.0,38.840544230769225,0.2109375
0.65,10,128,2,1.0,50.4617048076923,0.2109375
0.65,20,40,0,0.51027,23.679907017551795,0.675
0.65,20,40,1,0.49647,33.42604944756132,0.675
0.65,20,40,2,0.48718,43.493283164965085,0.675
0.65,20,41,0,0.52678,23.782612870063993,0.6585365853658537
0.65,20,41,1,0.52353,33.67954448279358,0.6585365853658537
0.65,20,41,2,0.52613,43.941328115747936,0.6585365853658537
0.65,20,42,0,0.55133,23.90336514917075,0.6428571428571429
0.65,20,42,1,0.55221,33.9460844745519,0.6428571428571429
0.65,20,42,2,0.55758,44.375522519017615,0.6428571428571429
0.65,20,43,0,0.56769,24.010229716380966,0.627906976744186
0.65,20,43,1,0.58342,34.18689003567822,0.627906976744186
0.65,20,43,2,0.59244,44.749736097910585,0.627906976744186
0.65,20,44,0,0.58698,24.11031400624317,0.6136363636363636
0.65,20,44,1,0.60671,34.430918712906816,0.6136363636363636
0.65,20,44,2,0.62486,45.1376431397556,0.6136363636363636
0.65,20,45,0,0.60188,24.220302028004557,0.6
0.65,20,45,1,0.63277,34.685205828828316,0.6
0.65,20,45,2,0.65409,45.527243075229585,0.6
0.65,20,46,0,0.62199,24.3199711348315,0.5869565217391305
0.65,20,46,1,0.65864,34.924999883209225,0.5869565217391305
0.65,20,46,2,0.68865,45.89770537674043,0.5869565217391305
0.65,20,47,0,0.63997,24.437326389097567,0.574468085106383
0.65,20,47,1,0.6797,35.13649121218638,0.574468085106383
0.65,20,47,2,0.71479,46.191982690989384,0.574468085106383
0.65,20,48,0,0.6555,24.5259021299067,0.5625
0.65,20,48,1,0.70379,35.349533350748196,0.5625
0.65,20,48,2,0.73882,46.54698344345348,0.5625
0.65,20,49,0,0.67049,24.644551000014914,0.5510204081632653
0.65,20,49,1,0.72519,35.58950863805454,0.5510204081632653
0.65,20,49,2,0.7639,46.85946484135056,0.5510204081632653
0.65,20,50,0,0.6856,24.723430066870122,0.54
0.65,20,50,1,0.74542,35.78667576152215,0.54
0.65,20,50,2,0.78479,47.15788373567843,0.54
0.65,20,51,0,0.69936,24.83449428488464,0.5294117647058824
0.65,20,51,1,0.76355,35.98655823254737,0.5294117647058824
0.65,20,51,2,0.80402,47.413358450708266,0.5294117647058824
0.65,20,52,0,0.713,24.925957492717657,0.5192307692307693
0.65,20,52,1,0.78287,36.16287113195923,0.5192307692307693
0.65,20,52,2,0.82508,47.708912142785216,0.5192307692307693
0.65,20,53,0,0.72924,25.006874912975785,0.5094339622641509
0.65,20,53,1,0.79913,36.35679522634712,0.5094339622641509
0.65,20,53,2,0.84321,47.99252034122352,0.5094339622641509
0.65,20,54,0,0.74098,25.108144204037476,0.5
0.65,20,54,1,0.81253,36.51766230643318,0.5
0.65,20,54,2,0.85902,48.1929329575921,0.5
0.65,20,55,0,0.75587,25.202498445499884,0.4909090909090909
0.65,20,55,1,0.82933,36.71911941891925,0.4909090909090909
0.65,20,55,2,0.87297,48.41044630135321,0.4909090909090909
0.65,20,56,0,0.76522,25.27743278453858,0.48214285714285715
0.65,20,56,1,0.84307,36.90165110844889,0.48214285714285715
0.65,20,56,2,0.88695,48.62200952269445,0.48214285714285715
0.65,20,57,0,0.77735,25.36756039997823,0.47368421052631576
0.65,20,57,1,0.85609,37.03417685236185,0.47368421052631576
0.65,20,57,2,0.89998,48.87018536309355,0.47368421052631576
0.65,20,58,0,0.78985,25.471144715890553,0.46551724137931033
0.65,20,58,1,0.86641,37.159789777978624,0.46551724137931033
0.65,20,58,2,0.90889,49.063347134332076,0.46551724137931033
0.65,20,59,0,0.79848,25.542288762109546,0.4576271186440678
0.65,20,59,1,0.87976,37.318003249137874,0.4576271186440678
0.65,20,59,2,0.91956,49.24930234192272,0.4576271186440678
0.65,20,60,0,0.80673,25.637073313061556,0.45
0.65,20,60,1,0.88894,37.45460885999055,0.45
0.65,20,60,2,0.929,49.350943943032206,0.45
0.65,20,61,0,0.82055,25.712102107873232,0.4426229508196721
0.65,20,61,1,0.89896,37.57447708805389,0.4426229508196721
0.65,20,61,2,0.93765,49.49410248206441,0.4426229508196721
0.65,20,62,0,0.82714,25.799737882713554,0.43548387096774194
0.65,20,62,1,0.90724,37.71228586787314,0.43548387096774194
0.65,20,62,2,0.94538,49.68909124047798,0.43548387096774194
0.65,20,63,0,0.83936,25.872002523900996,0.42857142857142855
0.65,20,63,1,0.91578,37.804652024251716,0.42857142857142855
0.65,20,63,2,0.95151,49.7992553132147,0.42857142857142855
0.65,20,64,0,0.84684,25.932663013265604,0.421875
0.65,20,64,1,0.92382,37.982336718941255,0.421875
0.65,20,64,2,0.9571,49.91906942446332,0.421875
0.65,20,65,0,0.85455,26.013455124829537,0.4153846153846154
0.65,20,65,1,0.92872,38.035737358945646,0.4153846153846154
0.65,20,65,2,0.96057,49.996189161723684,0.4153846153846154
0.65,20,66,0,0.8623,26.075193578890087,0.4090909090909091
0.65,20,66,1,0.93603,38.16677473355144,0.4090909090909091
0.65,20,66,2,0.96749,50.12850262018212,0.4090909090909091
0.65,20,67,0,0.87147,26.162677385955295,0.40298507462686567
0.65,20,67,1,0.94216,38.22709967603085,0.40298507462686567
0.65,20,67,2,0.97012,50.254182472271474,0.40298507462686567
0.65,20,68,0,0.87503,26.245490264509613,0.39705882352941174
0.65,20,68,1,0.94735,38.32897028553333,0.39705882352941174
0.65,20,68,2,0.97387,50.301839962844504,0.39705882352941174
0.65,20,69,0,0.88466,26.285280829314697,0.391304347826087
0.65,20,69,1,0.95196,38.43478798398123,0.391304347826087
0.65,20,69,2,0.97761,50.39939239574064,0.391304347826087
0.65,20,70,0,0.88995,26.360214705234085,0.38571428571428573
0.65,20,70,1,0.95708,38.49934375713307,0.38571428571428573
0.65,20,70,2,0.98077,50.46096924629861,0.38571428571428573
0.65,20,71,0,0.89628,26.41211237216392,0.38028169014084506
0.65,20,71,1,0.96098,38.56335559693069,0.38028169014084506
0.65,20,71,2,0.98334,50.508138667117244,0.38028169014084506
0.65,20,72,0,0.90285,26.457091006683967,0.375
0.65,20,72,1,0.96406,38.634648497779416,0.375
0.65,20,72,2,0.98499,50.6326391833732,0.375
0.65,20,73,0,0.90955,26.514133151220168,0.3698630136986301
0.65,20,73,1,0.96859,38.65265489009798,0.3698630136986301
0.65,20,73,2,0.98701,50.68062984320166,0.3698630136986301
0.65,20,74,0,0.91239,26.595920519818186,0.36486486486486486
0.65,20,74,1,0.97096,38.73075061319171,0.36486486486486486
0.65,20,74,2,0.98891,50.67896821908815,0.36486486486486486
0.65,20,75,0,0.92032,26.635009269351123,0.36
0.65,20,75,1,0.97343,38.81257512096401,0.36
0.65,20,75,2,0.98978,50.76101507405684,0.36
0.65,20,76,0,0.9225,26.67652908067542,0.35526315789473684
0.65,20,76,1,0.97728,38.89947294846608,0.35526315789473684
0.65,20,76,2,0.99146,50.81868871702803,0.35526315789473684
0.65,20,77,0,0.92829,26.74666384095818,0.35064935064935066
0.65,20,77,1,0.97946,38.92769995711922,0.35064935064935066
0.65,20,77,2,0.99314,50.813185181111656,0.35064935064935066
0.65,20,78,0,0.9321,26.782070882127208,0.34615384615384615
0.65,20,78,1,0.98189,38.96596595106612,0.34615384615384615
0.65,20,78,2,0.99405,50.873872619006164,0.34615384615384615
0.65,20,79,0,0.93664,26.836162321620982,0.34177215189873417
0.65,20,79,1,0.98389,38.990392922285714,0.34177215189873417
0.65,20,79,2,0.99524,50.831126353751536,0.34177215189873417
0.65,20,80,0,0.94114,26.88208428893927,0.3375
0.65,20,80,1,0.98447,39.054247072419294,0.3375
0.65,20,80,2,0.99536,50.87744152096498,0.3375
0.65,20,81,0,0.945,26.925885225885228,0.3333333333333333
0.65,20,81,1,0.98754,39.06344786812919,0.3333333333333333
0.65,20,81,2,0.99593,50.87565912494623,0.3333333333333333
0.65,20,82,0,0.94803,26.957937674805812,0.32926829268292684
0.65,20,82,1,0.9883,39.104964624569,0.32926829268292684
0.65,20,82,2,0.99679,50.96032977395901,0.32926829268292684
0.65,20,83,0,0.95116,26.98912582854296,0.3253012048192771
0.65,20,83,1,0.98959,39.15049122907933,0.3253012048192771
0.65,20,83,2,0.99698,50.941098849294086,0.3253012048192771
0.65,20,84,0,0.95397,27.03721331343269,0.32142857142857145
0.65,20,84,1,0.99,39.14079836829837,0.32142857142857145
0.65,20,84,2,0.99776,50.98342884214487,0.32142857142857145
0.65,20,85,0,0.95644,27.09847394826327,0.3176470588235294
0.65,20,85,1,0.99135,39.1785618678492,0.3176470588235294
0.65,20,85,2,0.99797,50.93606367079016,0.3176470588235294
0.65,20,86,0,0.96006,27.113668977419685,0.313953488372093
0.65,20,86,1,0.99238,39.19733562050517,0.313953488372093
0.65,20,86,2,0.99832,50.9737069815752,0.313953488372093
0.65,20,87,0,0.9629,27.17112668461458,0.3103448275862069
0.65,20,87,1,0.99362,39.269578371548945,0.3103448275862069
0.65,20,87,2,0.99859,51.0615862597031,0.3103448275862069
0.65,20,88,0,0.96533,27.18854811706479,0.3068181818181818
0.65,20,88,1,0.99378,39.23701577659194,0.3068181818181818
0.65,20,88,2,0.99874,51.03891865288725,0.3068181818181818
0.65,20,89,0,0.96782,27.217724052311066,0.30337078651685395
0.65,20,89,1,0.99457,39.2489081094961,0.30337078651685395
0.65,20,89,2,0.99889,51.03047459603236,0.30337078651685395
0.65,20,90,0,0.96924,27.25486245369091,0.3
0.65,20,90,1,0.99514,39.243575700983705,0.3
0.65,20,90,2,0.99898,50.94968021227806,0.3
0.65,20,91,0,0.97106,27.28403952698795,0.2967032967032967
0.65,20,91,1,0.99566,39.27747771482078,0.2967032967032967
0.65,20,91,2,0.99934,51.02732611215709,0.2967032967032967
0.65,20,92,0,0.97355,27.295439371372805,0.29347826086956524
0.65,20,92,1,0.99611,39.32519809752244,0.29347826086956524
0.65,20,92,2,0.99939,51.07533095188066,0.29347826086956524
0.65,20,93,0,0.97575,27.338624135280547,0.2903225806451613
0.65,20,93,1,0.99649,39.31019030643712,0.2903225806451613
0.65,20,93,2,0.99944,51.05099625020781,0.2903225806451613
0.65,20,94,0,0.97736,27.341305227268432,0.2872340425531915
0.65,20,94,1,0.99721,39.36150706625331,0.2872340425531915
0.65,20,94,2,0.99958,51.00216610207056,0.2872340425531915
0.65,20,95,0,0.97776,27.368520118197953,0.28421052631578947
0.65,20,95,1,0.99746,39.35800394540595,0.28421052631578947
0.65,20,95,2,0.9996,51.034369517037575,0.28421052631578947
0.65,20,96,0,0.97957,27.40143438133373,0.28125
0.65,20,96,1,0.99788,39.37435247339745,0.28125
0.65,20,96,2,0.99971,51.061108683056545,0.28125
0.65,20,97,0,0.98159,27.40814549706246,0.27835051546391754
0.65,20,97,1,0.99811,39.37533669404405,0.27835051546391754
0.65,20,97,2,0.99965,51.03648007571881,0.27835051546391754
0.65,20,98,0,0.9823,27.446943593920075,0.2755102040816326
0.65,20,98,1,0.99828,39.37322001534949,0.2755102040816326
0.65,20,98,2,0.99971,51.08082786315724,0.2755102040816326
0.65,20,99,0,0.98448,27.463942307692314,0.2727272727272727
0.65,20,99,1,0.99836,39.359201012737806,0.2727272727272727
0.65,20,99,2,0.99981,51.09367318252006,0.2727272727272727
0.65,20,100,0,0.98554,27.476232280311773,0.27
0.65,20,100,1,0.99877,39.35588466121021,0.27
0.65,20,100,2,0.99985,51.03921645939197,0.27
0.65,20,101,0,0.98672,27.518427408289778,0.26732673267326734
0.65,20,101,1,0.99895,39.396266079383345,0.26732673267326734
0.65,20,101,2,0.9998,51.079423577023086,0.26732673267326734
0.65,20,102,0,0.98671,27.494026379818564,0.2647058823529412
0.65,20,102,1,0.99899,39.37292819593943,0.2647058823529412
0.65,20,102,2,0.99974,51.0485832085573,0.2647058823529412
0.65,20,103,0,0.9874,27.542923528770196,0.2621359223300971
0.65,20,103,1,0.99909,39.394389278859144,0.2621359223300971
0.65,20,103,2,0.99973,51.072445329469716,0.2621359223300971
0.65,20,104,0,0.98954,27.55597103393807,0.25961538461538464
0.65,20,104,1,0.99928,39.403145264590506,0.25961538461538464
0.65,20,104,2,0.99983,51.02279118219328,0.25961538461538464
0.65,20,105,0,0.99003,27.567946658959055,0.2571428571428571
0.65,20,105,1,0.99929,39.35072747804787,0.2571428571428571
0.65,20,105,2,0.9998,51.05526586086448,0.2571428571428571
0.65,20,106,0,0.99082,27.591450088737687,0.25471698113207547
0.65,20,106,1,0.99947,39.38198014178283,0.25471698113207547
0.65,20,106,2,0.99987,51.02690657477779,0.25471698113207547
0.65,20,107,0,0.99135,27.593057834887162,0.2523364485981308
0.65,20,107,1,0.99952,39.43222939318566,0.2523364485981308
0.65,20,107,2,0.99982,51.06448968506639,0.2523364485981308
0.65,20,108,0,0.99206,27.61356129204344,0.25
0.65,20,108,1,0.99951,39.38920070834708,0.25
0.65,20,108,2,0.99981,51.12700547719451,0.25
0.65,20,109,0,0.99272,27.624318500220063,0.24770642201834864
0.65,20,109,1,0.99956,39.42225925561092,0.24770642201834864
0.65,20,109,2,0.99977,51.07824703527965,0.24770642201834864
0.65,20,110,0,0.99314,27.640760811474408,0.24545454545454545
0.65,20,110,1,0.99963,39.383687348934494,0.24545454545454545
0.65,20,110,2,0.99985,51.09402083389431,0.24545454545454545
0.65,20,111,0,0.99373,27.636085951221855,0.24324324324324326
0.65,20,111,1,0.99971,39.45144861240529,0.24324324324324326
0.65,20,111,2,0.99985,51.045742438288826,0.24324324324324326
0.65,20,112,0,0.99423,27.66578929654878,0.24107142857142858
0.65,20,112,1,0.99968,39.400392741061744,0.24107142857142858
0.65,20,112,2,0.99982,51.073473994549786,0.24107142857142858
0.65,20,113,0,0.99485,27.62372758166094,0.23893805309734514
0.65,20,113,1,0.99979,39.429439797742134,0.23893805309734514
0.65,20,113,2,0.99983,51.086979017202154,0.23893805309734514
0.65,20,114,0,0.99531,27.666464371749655,0.23684210526315788
0.65,20,114,1,0.99974,39.43023455329155,0.23684210526315788
0.65,20,114,2,0.99985,51.04522312962328,0.23684210526315788
0.65,20,115,0,0.99553,27.69237143879294,0.23478260869565218
0.65,20,115,1,0.99979,39.445845165946395,0.23478260869565218
0.65,20,115,2,0.99982,51.0447380528495,0.23478260869565218
0.65,20,116,0,0.99603,27.675962030800733,0.23275862068965517
0.65,20,116,1,0.99989,39.45601900824476,0.23275862068965517
0.65,20,116,2,0.99977,51.01713682608538,0.23275862068965517
0.65,20,117,0,0.99632,27.684192250558983,0.23076923076923078
0.65,20,117,1,0.99986,39.45296187620113,0.23076923076923078
0.65,20,117,2,0.99983,51.02043693581754,0.23076923076923078
0.65,20,118,0,0.9963,27.710970977231135,0.2288135593220339
0.65,20,118,1,0.99991,39.35627860353585,0.2288135593220339
0.65,20,118,2,0.99982,51.040159344066545,0.2288135593220339
0.65,20,119,0,0.99652,27.69955309862939,0.226890756302521
0.65,20,119,1,0.99991,39.42647915235448,0.226890756302521
0.65,20,119,2,0.99973,51.03260957381569,0.226890756302521
0.65,20,120,0,0.99725,27.689782478739605,0.225
0.65,20,120,1,0.9999,39.42061898497542,0.225
0.65,20,120,2,0.99977,51.08988913603976,0.225
0.65,20,121,0,0.99725,27.707754015851283,0.2231404958677686
0.65,20,121,1,0.99991,39.385952428026215,0.2231404958677686
0.65,20,121,2,0.99986,51.039911933824584,0.2231404958677686
0.65,20,122,0,0.99763,27.714352245591282,0.22131147540983606
0.65,20,122,1,0.99996,39.42528662684968,0.22131147540983606
0.65,20,122,2,0.99977,51.10574662941707,0.22131147540983606
0.65,20,123,0,0.99769,27.720058334753286,0.21951219512195122
0.65,20,123,1,0.99995,39.42029793797382,0.21951219512195122
0.65,20,123,2,0.99987,51.05416107940185,0.21951219512195122
0.65,20,124,0,0.99812,27.725427650136105,0.21774193548387097
0.65,20,124,1,0.99997,39.43628116535804,0.21774193548387097
0.65,20,124,2,0.99983,51.0440313314802,0.21774193548387097
0.65,20,125,0,0.99817,27.705271801242425,0.216
0.65,20,125,1,0.99997,39.41339394027975,0.216
0.65,20,125,2,0.99978,51.089692616991115,0.216
0.65,20,126,0,0.99857,27.72859323447915,0.21428571428571427
0.65,20,126,1,0.99993,39.44468420481741,0.21428571428571427
0.65,20,126,2,0.99987,51.05500061161797,0.21428571428571427
0.65,20,127,0,0.99823,27.74490656153699,0.2125984251968504
0.65,20,127,1,0.99998,39.464952760593675,0.2125984251968504
0.65,20,127,2,0.99978,51.090566847783435,0.2125984251968504
0.65,20,128,0,0.99858,27.75485420065724,0.2109375
0.65,20,128,1,0.99999,39.42701157780808,0.2109375
0.65,20,128,2,0.99977,51.02882220603047,0.2109375
0.65,40,40,0,0.52796,23.226032930816434,0.675
0.65,40,40,1,0.50857,32.34336926616258,0.675
0.65,40,40,2,0.50226,41.959092976668536,0.675
0.65,40,41,0,0.5373,23.291108319374647,0.6585365853658537
0.65,40,41,1,0.52925,32.543737509538175,0.6585365853658537
0.65,40,41,2,0.52769,42.28023774156446,0.6585365853658537
0.65,40,42,0,0.55008,23.374241718687074,0.6428571428571429
0.65,40,42,1,0.54872,32.76162285374634,0.6428571428571429
0.65,40,42,2,0.5504,42.663927982446324,0.6428571428571429
0.65,40,43,0,0.5643,23.449801660327974,0.627906976744186
0.65,40,43,1,0.56947,32.98972323793649,0.627906976744186
0.65,40,43,2,0.57502,42.97822082442617,0.627906976744186
0.65,40,44,0,0.5742,23.53293043163733,0.6136363636363636
0.65,40,44,1,0.58536,33.19265067650676,0.6136363636363636
0.65,40,44,2,0.59769,43.348285128514,0.6136363636363636
0.65,40,45,0,0.58779,23.613805362197645,0.6
0.65,40,45,1,0.60276,33.38210577497358,0.6
0.65,40,45,2,0.62051,43.71762898509043,0.6
0.65,40,46,0,0.59627,23.68521907344504,0.5869565217391305
0.65,40,46,1,0.61877,33.60458278893238,0.5869565217391305
0.65,40,46,2,0.63846,44.031901281689834,0.5869565217391305
0.65,40,47,0,0.60522,23.76789717915672,0.574468085106383
0.65,40,47,1,0.6383,33.82180129912388,0.574468085106383
0.65,40,47,2,0.66144,44.38249239421681,0.574468085106383
0.65,40,48,0,0.61738,23.861527434792684,0.5625
0.65,40,48,1,0.65224,34.021956287916666,0.5625
0.65,40,48,2,0.68078,44.693212480254545,0.5625
0.65,40,49,0,0.62773,23.95134207627238,0.5510204081632653
0.65,40,49,1,0.66703,34.20616821524576,0.5510204081632653
0.65,40,49,2,0.6995,45.02113872546324,0.5510204081632653
0.65,40,50,0,0.64088,24.019320189547063,0.54
0.65,40,50,1,0.68486,34.42401759820649,0.54
0.65,40,50,2,0.71481,45.31474474658677,0.54
0.65,40,51,0,0.64791,24.116771025890348,0.5294117647058824
0.65,40,51,1,0.69954,34.59791709277086,0.5294117647058824
0.65,40,51,2,0.73391,45.651554948573654,0.5294117647058824
0.65,40,52,0,0.66085,24.192985723514585,0.5192307692307693
0.65,40,52,1,0.71291,34.80928922951759,0.5192307692307693
0.65,40,52,2,0.75059,45.884496503776,0.5192307692307693
0.65,40,53,0,0.66845,24.270121175854584,0.5094339622641509
0.65,40,53,1,0.72518,34.9893607316592,0.5094339622641509
0.65,40,53,2,0.76288,46.21216387495161,0.5094339622641509
0.65,40,54,0,0.67976,24.356472533292294,0.5
0.65,40,54,1,0.74049,35.142990036742816,0.5
0.65,40,54,2,0.77801,46.39932080169031,0.5
0.65,40,55,0,0.68794,24.447339716567413,0.4909090909090909
0.65,40,55,1,0.75057,35.367905007578855,0.4909090909090909
0.65,40,55,2,0.79609,46.7165325818399,0.4909090909090909
0.65,40,56,0,0.69613,24.534645661895603,0.48214285714285715
0.65,40,56,1,0.76421,35.535656228201475,0.48214285714285715
0.65,40,56,2,0.80789,46.97407039419875,0.48214285714285715
0.65,40,57,0,0.70697,24.62903849690064,0.47368421052631576
0.65,40,57,1,0.77559,35.735355813489875,0.47368421052631576
0.65,40,57,2,0.81961,47.24843452749103,0.47368421052631576
0.65,40,58,0,0.71708,24.681060958760096,0.46551724137931033
0.65,40,58,1,0.78593,35.88770139051334,0.46551724137931033
0.65,40,58,2,0.834,47.50959463198672,0.46551724137931033
0.65,40,59,0,0.72022,24.792801024473285,0.4576271186440678
0.65,40,59,1,0.79477,36.07315033570428,0.4576271186440678
0.65,40,59,2,0.84291,47.704774804865565,0.4576271186440678
0.65,40,60,0,0.73314,24.851370343789934,0.45
0.65,40,60,1,0.80657,36.221480609723415,0.45
0.65,40,60,2,0.85485,47.97642298918838,0.45
0.65,40,61,0,0.73801,24.940171750851825,0.4426229508196721
0.65,40,61,1,0.81741,36.36528086366601,0.4426229508196721
0.65,40,61,2,0.86489,48.22499993329521,0.4426229508196721
0.65,40,62,0,0.74566,25.009030461398158,0.43548387096774194
0.65,40,62,1,0.82716,36.52898285886463,0.43548387096774194
0.65,40,62,2,0.87547,48.344159752431885,0.43548387096774194
0.65,40,63,0,0.7565,25.081599217042047,0.42857142857142855
0.65,40,63,1,0.83369,36.74875922336009,0.42857142857142855
0.65,40,63,2,0.88266,48.6104164596874,0.42857142857142855
0.65,40,64,0,0.76218,25.176824523583164,0.421875
0.65,40,64,1,0.84463,36.85282540648204,0.421875
0.65,40,64,2,0.89087,48.80432999375718,0.421875
0.65,40,65,0,0.76889,25.266640621795457,0.4153846153846154
0.65,40,65,1,0.85199,36.98317378228527,0.4153846153846154
0.65,40,65,2,0.89832,48.9826554440083,0.4153846153846154
0.65,40,66,0,0.77569,25.308837937835992,0.4090909090909091
0.65,40,66,1,0.86136,37.164626958441396,0.4090909090909091
0.65,40,66,2,0.90722,49.20344887085314,0.4090909090909091
0.65,40,67,0,0.78031,25.441948367660583,0.40298507462686567
0.65,40,67,1,0.86837,37.264618679914,0.40298507462686567
0.65,40,67,2,0.91404,49.36934778986275,0.40298507462686567
0.65,40,68,0,0.79183,25.48016328291135,0.39705882352941174
0.65,40,68,1,0.87615,37.38250826386419,0.39705882352941174
0.65,40,68,2,0.91997,49.48355025790975,0.39705882352941174
0.65,40,69,0,0.79628,25.589488718695783,0.391304347826087
0.65,40,69,1,0.88163,37.560576170537274,0.391304347826087
0.65,40,69,2,0.92521,49.706439826966516,0.391304347826087
0.65,40,70,0,0.80187,25.608943181850886,0.38571428571428573
0.65,40,70,1,0.88644,37.66892982474409,0.38571428571428573
0.65,40,70,2,0.93094,49.81314378684242,0.38571428571428573
0.65,40,71,0,0.80999,25.728145266750683,0.38028169014084506
0.65,40,71,1,0.89569,37.76927671575931,0.38028169014084506
0.65,40,71,2,0.93617,49.960089020649605,0.38028169014084506
0.65,40,72,0,0.81396,25.800084203721976,0.375
0.65,40,72,1,0.90075,37.95685006084673,0.375
0.65,40,72,2,0.941,50.11655358456635,0.375
0.65,40,73,0,0.82157,25.858698308398267,0.3698630136986301
0.65,40,73,1,0.90778,37.98061458469266,0.3698630136986301
0.65,40,73,2,0.94528,50.213137906228845,0.3698630136986301
0.65,40,74,0,0.82852,25.949899310726448,0.36486486486486486
0.65,40,74,1,0.91261,38.12620059288954,0.36486486486486486
0.65,40,74,2,0.95057,50.33753836766766,0.36486486486486486
0.65,40,75,0,0.83451,26.012548358640675,0.36
0.65,40,75,1,0.91828,38.228611350317145,0.36
0.65,40,75,2,0.95407,50.48346315501765,0.36
0.65,40,76,0,0.83872,26.047173761115836,0.35526315789473684
0.65,40,76,1,0.92199,38.363723284167094,0.35526315789473684
0.65,40,76,2,0.95758,50.60137072299242,0.35526315789473684
0.65,40,77,0,0.84481,26.14626365691694,0.35064935064935066
0.65,40,77,1,0.92708,38.457167832167826,0.35064935064935066
0.65,40,77,2,0.96149,50.679787261277966,0.35064935064935066
0.65,40,78,0,0.84753,26.2351945336176,0.34615384615384615
0.65,40,78,1,0.93078,38.56822937585846,0.34615384615384615
0.65,40,78,2,0.96295,50.827893652118696,0.34615384615384615
0.65,40,79,0,0.85521,26.272963320749827,0.34177215189873417
0.65,40,79,1,0.93447,38.63141673890013,0.34177215189873417
0.65,40,79,2,0.96647,50.92752391534298,0.34177215189873417
0.65,40,80,0,0.85923,26.3427462781972,0.3375
0.65,40,80,1,0.93805,38.77263800109064,0.3375
0.65,40,80,2,0.97041,51.01881995952543,0.3375
0.65,40,81,0,0.86561,26.41117802207958,0.3333333333333333
0.65,40,81,1,0.94315,38.81677194670886,0.3333333333333333
0.65,40,81,2,0.97165,51.015666253676336,0.3333333333333333
0.65,40,82,0,0.86843,26.473838952521753,0.32926829268292684
0.65,40,82,1,0.94631,38.896659738270834,0.32926829268292684
0.65,40,82,2,0.97394,51.1038312263747,0.32926829268292684
0.65,40,83,0,0.87163,26.55095470996427,0.3253012048192771
0.65,40,83,1,0.94933,38.95104361051397,0.3253012048192771
0.65,40,83,2,0.97691,51.2270882759848,0.3253012048192771
0.65,40,84,0,0.8766,26.59018454167325,0.32142857142857145
0.65,40,84,1,0.95157,39.08233841885596,0.32142857142857145
0.65,40,84,2,0.97862,51.26632007709442,0.32142857142857145
0.65,40,85,0,0.88144,26.705600625549806,0.3176470588235294
0.65,40,85,1,0.95507,39.187149794094836,0.3176470588235294
0.65,40,85,2,0.98047,51.33866038344247,0.3176470588235294
0.65,40,86,0,0.88472,26.72197787913777,0.313953488372093
0.65,40,86,1,0.958,39.221970852738075,0.313953488372093
0.65,40,86,2,0.98229,51.40329465605096,0.313953488372093
0.65,40,87,0,0.88909,26.803387776784735,0.3103448275862069
0.65,40,87,1,0.96099,39.295774309666236,0.3103448275862069
0.65,40,87,2,0.98379,51.4944705600867,0.3103448275862069
0.65,40,88,0,0.89382,26.817405801890928,0.3068181818181818
0.65,40,88,1,0.96344,39.351466539770946,0.3068181818181818
0.65,40,88,2,0.98557,51.56181292200295,0.3068181818181818
0.65,40,89,0,0.89794,26.89141363736827,0.30337078651685395
0.65,40,89,1,0.9649,39.41109879860009,0.30337078651685395
0.65,40,89,2,0.9869,51.597754624036405,0.30337078651685395
0.65,40,90,0,0.90219,26.961397138757224,0.3
0.65,40,90,1,0.96834,39.45063200941818,0.3
0.65,40,90,2,0.9882,51.628371514642,0.3
0.65,40,91,0,0.90532,27.015752398641872,0.2967032967032967
0.65,40,91,1,0.96976,39.589769633723805,0.2967032967032967
0.65,40,91,2,0.98947,51.76412236232139,0.2967032967032967
0.65,40,92,0,0.90779,27.077342099621486,0.29347826086956524
0.65,40,92,1,0.97184,39.604061922190425,0.29347826086956524
0.65,40,92,2,0.98987,51.71204979519456,0.29347826086956524
0.65,40,93,0,0.90973,27.127078702133936,0.2903225806451613
0.65,40,93,1,0.97445,39.6979025643657,0.2903225806451613
0.65,40,93,2,0.9905,51.79951753193803,0.2903225806451613
0.65,40,94,0,0.91648,27.1513384403873,0.2872340425531915
0.65,40,94,1,0.97598,39.72937457734789,0.2872340425531915
0.65,40,94,2,0.99137,51.803458073947404,0.2872340425531915
0.65,40,95,0,0.91727,27.232593834044334,0.28421052631578947
0.65,40,95,1,0.97681,39.73434326650407,0.28421052631578947
0.65,40,95,2,0.99229,51.94367031350172,0.28421052631578947
0.65,40,96,0,0.92018,27.285455855626903,0.28125
0.65,40,96,1,0.97845,39.812710055543114,0.28125
0.65,40,96,2,0.99367,51.84725949878113,0.28125
0.65,40,97,0,0.92503,27.29854083734498,0.27835051546391754
0.65,40,97,1,0.97975,39.83687557657958,0.27835051546391754
0.65,40,97,2,0.99371,51.88734253841276,0.27835051546391754
0.65,40,98,0,0.92737,27.393005944851488,0.2755102040816326
0.65,40,98,1,0.98137,39.903257298862414,0.2755102040816326
0.65,40,98,2,0.99425,52.06808959207753,0.2755102040816326
0.65,40,99,0,0.93128,27.421848671472848,0.2727272727272727
0.65,40,99,1,0.98294,39.97146511798983,0.2727272727272727
0.65,40,99,2,0.99499,51.98151778873696,0.2727272727272727
0.65,40,100,0,0.93387,27.474130602925296,0.27
0.65,40,100,1,0.9839,39.95405450835372,0.27
0.65,40,100,2,0.9947,51.98223372334913,0.27
0.65,40,101,0,0.93653,27.53838227696513,0.26732673267326734
0.65,40,101,1,0.98493,40.06771273866397,0.26732673267326734
0.65,40,101,2,0.99514,52.00044910573078,0.26732673267326734
0.65,40,102,0,0.93829,27.586289338133113,0.2647058823529412
0.65,40,102,1,0.98574,40.049361588560565,0.2647058823529412
0.65,40,102,2,0.99483,51.919901854124284,0.2647058823529412
0.65,40,103,0,0.94122,27.634506279084594,0.2621359223300971
0.65,40,103,1,0.9882,40.08758348512447,0.2621359223300971
0.65,40,103,2,0.9949,52.04010549958635,0.2621359223300971
0.65,40,104,0,0.94409,27.67097457299133,0.25961538461538464
0.65,40,104,1,0.98816,40.06992794689119,0.25961538461538464
0.65,40,104,2,0.99491,51.91552405590609,0.25961538461538464
0.65,40,105,0,0.9478,27.738985626633337,0.2571428571428571
0.65,40,105,1,0.98906,40.13133293616782,0.2571428571428571
0.65,40,105,2,0.99524,51.97881917929344,0.2571428571428571
0.65,40,106,0,0.94845,27.758008004963568,0.25471698113207547
0.65,40,106,1,0.98968,40.213347904217684,0.25471698113207547
0.65,40,106,2,0.9948,51.92827897374037,0.25471698113207547
0.65,40,107,0,0.95102,27.83780026465511,0.2523364485981308
0.65,40,107,1,0.99096,40.210128406952705,0.2523364485981308
0.65,40,107,2,0.9952,51.98381848256245,0.2523364485981308
0.65,40,108,0,0.95293,27.854717716774736,0.25
0.65,40,108,1,0.9914,40.29756482674073,0.25
0.65,40,108,2,0.99508,52.00731541491833,0.25
0.65,40,109,0,0.9556,27.93509414141739,0.24770642201834864
0.65,40,109,1,0.99225,40.26823071108785,0.24770642201834864
0.65,40,109,2,0.99507,51.90543997291262,0.24770642201834864
0.65,40,110,0,0.95729,27.945079539437046,0.24545454545454545
0.65,40,110,1,0.99263,40.255651458944726,0.24545454545454545
0.65,40,110,2,0.9951,52.01515502887224,0.24545454545454545
0.65,40,111,0,0.9585,27.95781268809438,0.24324324324324326
0.65,40,111,1,0.99335,40.346486829725364,0.24324324324324326
0.65,40,111,2,0.99488,51.976299422272795,0.24324324324324326
0.65,40,112,0,0.96197,28.02273539635412,0.24107142857142858
0.65,40,112,1,0.99349,40.30031466384625,0.24107142857142858
0.65,40,112,2,0.99534,51.89678517275117,0.24107142857142858
0.65,40,113,0,0.96306,27.984827808475867,0.23893805309734514
0.65,40,113,1,0.99414,40.39854895843489,0.23893805309734514
0.65,40,113,2,0.99551,51.99370365247654,0.23893805309734514
0.65,40,114,0,0.96449,28.07837761208195,0.23684210526315788
0.65,40,114,1,0.99475,40.39238695458852,0.23684210526315788
0.65,40,114,2,0.99492,51.92363359713497,0.23684210526315788
0.65,40,115,0,0.96763,28.1124688871064,0.23478260869565218
0.65,40,115,1,0.99531,40.39514167599889,0.23478260869565218
0.65,40,115,2,0.99465,51.967153115320826,0.23478260869565218
0.65,40,116,0,0.96878,28.14788564364061,0.23275862068965517
0.65,40,116,1,0.99565,40.39536406444959,0.23275862068965517
0.65,40,116,2,0.99487,51.99414631675882,0.23275862068965517
0.65,40,117,0,0.97065,28.16367402493967,0.23076923076923078
0.65,40,117,1,0.99622,40.41450915228795,0.23076923076923078
0.65,40,117,2,0.99501,52.00786636856375,0.23076923076923078
0.65,40,118,0,0.97201,28.17970771114258,0.2288135593220339
0.65,40,118,1,0.99657,40.482867774929545,0.2288135593220339
0.65,40,118,2,0.99484,51.92646362925001,0.2288135593220339
0.65,40,119,0,0.97349,28.244772772348817,0.226890756302521
0.65,40,119,1,0.99642,40.427518979485015,0.226890756302521
0.65,40,119,2,0.99495,52.04107086942908,0.226890756302521
0.65,40,120,0,0.97423,28.24284898764231,0.225
0.65,40,120,1,0.9969,40.501429431236836,0.225
0.65,40,120,2,0.99497,51.97634679360258,0.225
0.65,40,121,0,0.97661,28.309206178673012,0.2231404958677686
0.65,40,121,1,0.99698,40.41396556060842,0.2231404958677686
0.65,40,121,2,0.99517,51.90128802887176,0.2231404958677686
0.65,40,122,0,0.97663,28.294605507636547,0.22131147540983606
0.65,40,122,1,0.99713,40.45301553921293,0.22131147540983606
0.65,40,122,2,0.99488,51.964217369856726,0.22131147540983606
0.65,40,123,0,0.97769,28.344891844748652,0.21951219512195122
0.65,40,123,1,0.9974,40.45537435794605,0.21951219512195122
0.65,40,123,2,0.99497,51.983339660028406,0.21951219512195122
0.65,40,124,0,0.98003,28.36184763574741,0.21774193548387097
0.65,40,124,1,0.99766,40.445230300441494,0.21774193548387097
0.65,40,124,2,0.995,52.05059431774255,0.21774193548387097
0.65,40,125,0,0.98094,28.399787448773626,0.216
0.65,40,125,1,0.99796,40.497721120316214,0.216
0.65,40,125,2,0.9953,51.93639432254673,0.216
0.65,40,126,0,0.98236,28.418385904274476,0.21428571428571427
0.65,40,126,1,0.99814,40.5177283593638,0.21428571428571427
0.65,40,126,2,0.99514,52.028928863507396,0.21428571428571427
0.65,40,127,0,0.98279,28.437037961783837,0.2125984251968504
0.65,40,127,1,0.99868,40.52272846310977,0.2125984251968504
0.65,40,127,2,0.99501,52.00096945295486,0.2125984251968504
0.65,40,128,0,0.98475,28.52195793543851,0.2109375
0.65,40,128,1,0.99849,40.51749102683513,0.2109375
0.65,40,128,2,0.9944,51.97693429358251,0.2109375
0.75,2,40,0,0.8469,24.738613449957768,0.675
0.75,2,40,1,0.88523,34.69692796048658,0.675
0.75,2,40,2,0.89291,44.60026120299832,0.675
0.75,2,41,0,0.88757,24.814774089324263,0.6585365853658537
0.75,2,41,1,0.9219,34.82028961926455,0.6585365853658537
0.75,2,41,2,0.92969,44.79785755715098,0.6585365853658537
0.75,2,42,0,0.91727,24.889494411091107,0.6428571428571429
0.75,2,42,1,0.94882,34.9329653188657,0.6428571428571429
0.75,2,42,2,0.95589,44.94774503342434,0.6428571428571429
0.75,2,43,0,0.94216,24.944777058934946,0.627906976744186
0.75,2,43,1,0.96799,35.02014086286652,0.627906976744186
0.75,2,43,2,0.97257,45.05866396011836,0.627906976744186
0.75,2,44,0,0.9589,24.98733625067184,0.6136363636363636
0.75,2,44,1,0.98033,35.07627925918195,0.6136363636363636
0.75,2,44,2,0.98339,45.149940511902706,0.6136363636363636
0.75,2,45,0,0.97129,25.02628740366697,0.6
0.75,2,45,1,0.98795,35.10841602852838,0.6
0.75,2,45,2,0.99038,45.19550770722037,0.6
0.75,2,46,0,0.98028,25.048915576711206,0.5869565217391305
0.75,2,46,1,0.99274,35.14216674596028,0.5869565217391305
0.75,2,46,2,0.99477,45.24907960943426,0.5869565217391305
0.75,2,47,0,0.9878,25.072914557602743,0.574468085106383
0.75,2,47,1,0.99585,35.173902464458266,0.574468085106383
0.75,2,47,2,0.9967,45.250076213041496,0.574468085106383
0.75,2,48,0,0.99159,25.088389509622072,0.5625
0.75,2,48,1,0.99755,35.180370754502384,0.5625
0.75,2,48,2,0.99841,45.27207105451514,0.5625
0.75,2,49,0,0.99442,25.093354572359925,0.5510204081632653
0.75,2,49,1,0.99854,35.186963351108,0.5510204081632653
0.75,2,49,2,0.99907,45.28465030170366,0.5510204081632653
0.75,2,50,0,0.9964,25.10443365346015,0.54
0.75,2,50,1,0.99925,35.19418987317411,0.54
0.75,2,50,2,0.99964,45.29135296399011,0.54
0.75,2,51,0,0.99765,25.11295004799741,0.5294117647058824
0.75,2,51,1,0.99961,35.206903769393136,0.5294117647058824
0.75,2,51,2,0.99971,45.28776037358526,0.5294117647058824
0.75,2,52,0,0.99833,25.114683829687888,0.5192307692307693
0.75,2,52,1,0.99981,35.20645076410672,0.5192307692307693
0.75,2,52,2,0.99986,45.284099389299115,0.5192307692307693
0.75,2,53,0,0.99907,25.11650065329988,0.5094339622641509
0.75,2,53,1,0.99989,35.20518603200198,0.5094339622641509
0.75,2,53,2,0.99993,45.28101005531925,0.5094339622641509
0.75,2,54,0,0.9994,25.122177152445314,0.5
0.75,2,54,1,0.99991,35.203795264650736,0.5
0.75,2,54,2,0.99996,45.292269383083,0.5
0.75,2,55,0,0.99959,25.12162101846373,0.4909090909090909
0.75,2,55,1,0.99996,35.20024070193576,0.4909090909090909
0.75,2,55,2,0.99998,45.2894134805773,0.4909090909090909
0.75,2,56,0,0.99983,25.11741707628758,0.48214285714285715
0.75,2,56,1,0.99998,35.20769453850615,0.48214285714285715
0.75,2,56,2,0.99999,45.32190898832065,0.48214285714285715
0.75,2,57,0,0.99987,25.117574900121635,0.47368421052631576
0.75,2,57,1,1.0,35.202069230769226,0.47368421052631576
0.75,2,57,2,1.0,45.28461923076923,0.47368421052631576
0.75,2,58,0,0.99991,25.126468112899396,0.46551724137931033
0.75,2,58,1,0.99997,35.214796828520235,0.46551724137931033
0.75,2,58,2,1.0,45.30300865384615,0.46551724137931033
0.75,2,59,0,0.99994,25.1266951017061,0.4576271186440678
0.75,2,59,1,1.0,35.21630192307691,0.4576271186440678
0.75,2,59,2,1.0,45.28769134615385,0.4576271186440678
0.75,2,60,0,0.99997,25.12515952401649,0.45
0.75,2,60,1,1.0,35.20329230769231,0.45
0.75,2,60,2,1.0,45.29489134615385,0.45
0.75,2,61,0,0.99999,25.123433926646957,0.4426229508196721
0.75,2,61,1,1.0,35.21266730769231,0.4426229508196721
0.75,2,61,2,1.0,45.29342884615383,0.4426229508196721
0.75,2,62,0,0.99999,25.12163390864677,0.43548387096774194
0.75,2,62,1,1.0,35.207532692307694,0.43548387096774194
0.75,2,62,2,1.0,45.28834038461538,0.43548387096774194
0.75,2,63,0,0.99997,25.12459700714098,0.42857142857142855
0.75,2,63,1,1.0,35.19767307692307,0.42857142857142855
0.75,2,63,2,1.0,45.28297499999999,0.42857142857142855
0.75,2,64,0,1.0,25.12112307692308,0.421875
0.75,2,64,1,1.0,35.21832692307692,0.421875
0.75,2,64,2,1.0,45.291654807692304,0.421875
0.75,2,65,0,1.0,25.123586538461534,0.4153846153846154
0.75,2,65,1,1.0,35.20157884615384,0.4153846153846154
0.75,2,65,2,1.0,45.28834903846154,0.4153846153846154
0.75,2,66,0,1.0,25.11882692307692,0.4090909090909091
0.75,2,66,1,1.0,35.19722884615385,0.4090909090909091
0.75,2,66,2,1.0,45.26506153846153,0.4090909090909091
0.75,2,67,0,0.99999,25.11604058348275,0.40298507462686567
0.75,2,67,1,1.0,35.211513461538466,0.40298507462686567
0.75,2,67,2,1.0,45.2937923076923,0.40298507462686567
0.75,2,68,0,1.0,25.13210769230769,0.39705882352941174
0.75,2,68,1,1.0,35.200055769230765,0.39705882352941174
0.75,2,68,2,1.0,45.30276634615384,0.39705882352941174
0.75,2,69,0,1.0,25.125876923076923,0.391304347826087
0.75,2,69,1,1.0,35.19711923076923,0.391304347826087
0.75,2,69,2,1.0,45.29587788461538,0.391304347826087
0.75,2,70,0,1.0,25.121659615384615,0.38571428571428573
0.75,2,70,1,1.0,35.20954038461539,0.38571428571428573
0.75,2,70,2,1.0,45.28849615384616,0.38571428571428573
0.75,2,71,0,1.0,25.120667307692305,0.38028169014084506
0.75,2,71,1,1.0,35.209528846153844,0.38028169014084506
0.75,2,71,2,1.0,45.29167211538461,0.38028169014084506
0.75,2,72,0,1.0,25.127578846153845,0.375
0.75,2,72,1,1.0,35.19372115384615,0.375
0.75,2,72,2,1.0,45.295055769230764,0.375
0.75,2,73,0,1.0,25.12723846153846,0.3698630136986301
0.75,2,73,1,1.0,35.217282692307684,0.3698630136986301
0.75,2,73,2,1.0,45.28755288461539,0.3698630136986301
0.75,2,74,0,1.0,25.122170192307696,0.36486486486486486
0.75,2,74,1,1.0,35.1955673076923,0.36486486486486486
0.75,2,74,2,1.0,45.30191826923077,0.36486486486486486
0.75,2,75,0,1.0,25.128268269230766,0.36
0.75,2,75,1,1.0,35.19477692307692,0.36
0.75,2,75,2,1.0,45.29953846153846,0.36
0.75,2,76,0,1.0,25.122576923076917,0.35526315789473684
0.75,2,76,1,1.0,35.19782884615385,0.35526315789473684
0.75,2,76,2,1.0,45.28570096153846,0.35526315789473684
0.75,2,77,0,1.0,25.11885865384615,0.35064935064935066
0.75,2,77,1,1.0,35.19722307692307,0.35064935064935066
0.75,2,77,2,1.0,45.29513365384615,0.35064935064935066
0.75,2,78,0,1.0,25.12410865384615,0.34615384615384615
0.75,2,78,1,1.0,35.21033653846153,0.34615384615384615
0.75,2,78,2,1.0,45.3007673076923,0.34615384615384615
0.75,2,79,0,1.0,25.11944711538461,0.34177215189873417
0.75,2,79,1,1.0,35.2061423076923,0.34177215189873417
0.75,2,79,2,1.0,45.30937788461538,0.34177215189873417
0.75,2,80,0,1.0,25.128992307692304,0.3375
0.75,2,80,1,1.0,35.21183076923076,0.3375
0.75,2,80,2,1.0,45.30152884615385,0.3375
0.75,2,81,0,1.0,25.117727884615377,0.3333333333333333
0.75,2,81,1,1.0,35.20389230769231,0.3333333333333333
0.75,2,81,2,1.0,45.29102307692308,0.3333333333333333
0.75,2,82,0,1.0,25.121766346153844,0.32926829268292684
0.75,2,82,1,1.0,35.198249999999994,0.32926829268292684
0.75,2,82,2,1.0,45.29422499999999,0.32926829268292684
0.75,2,83,0,1.0,25.124659615384616,0.3253012048192771
0.75,2,83,1,1.0,35.194673076923074,0.3253012048192771
0.75,2,83,2,1.0,45.29601634615384,0.3253012048192771
0.75,2,84,0,1.0,25.11455769230769,0.32142857142857145
0.75,2,84,1,1.0,35.20720961538461,0.32142857142857145
0.75,2,84,2,1.0,45.29083269230768,0.32142857142857145
0.75,2,85,0,1.0,25.119825,0.3176470588235294
0.75,2,85,1,1.0,35.199294230769226,0.3176470588235294
0.75,2,85,2,1.0,45.289439423076914,0.3176470588235294
0.75,2,86,0,1.0,25.120197115384617,0.313953488372093
0.75,2,86,1,1.0,35.191603846153846,0.313953488372093
0.75,2,86,2,1.0,45.28682596153847,0.313953488372093
0.75,2,87,0,1.0,25.121561538461535,0.3103448275862069
0.75,2,87,1,1.0,35.190403846153835,0.3103448275862069
0.75,2,87,2,1.0,45.30711923076923,0.3103448275862069
0.75,2,88,0,1.0,25.123765384615382,0.3068181818181818
0.75,2,88,1,1.0,35.20905,0.3068181818181818
0.75,2,88,2,1.0,45.28820192307693,0.3068181818181818
0.75,2,89,0,1.0,25.123378846153845,0.30337078651685395
0.75,2,89,1,1.0,35.20922884615384,0.30337078651685395
0.75,2,89,2,1.0,45.30491249999999,0.30337078651685395
0.75,2,90,0,1.0,25.12242692307692,0.3
0.75,2,90,1,1.0,35.19699807692307,0.3
0.75,2,90,2,1.0,45.29147307692307,0.3
0.75,2,91,0,1.0,25.12842115384615,0.2967032967032967
0.75,2,91,1,1.0,35.19507692307692,0.2967032967032967
0.75,2,91,2,1.0,45.28892884615384,0.2967032967032967
0.75,2,92,0,1.0,25.122473076923075,0.29347826086956524
0.75,2,92,1,1.0,35.2033326923077,0.29347826086956524
0.75,2,92,2,1.0,45.29283173076923,0.29347826086956524
0.75,2,93,0,1.0,25.12945673076923,0.2903225806451613
0.75,2,93,1,1.0,35.20599807692307,0.2903225806451613
0.75,2,93,2,1.0,45.29010576923076,0.2903225806451613
0.75,2,94,0,1.0,25.118299038461537,0.2872340425531915
0.75,2,94,1,1.0,35.20633846153846,0.2872340425531915
0.75,2,94,2,1.0,45.29319519230768,0.2872340425531915
0.75,2,95,0,1.0,25.11950192307692,0.28421052631578947
0.75,2,95,1,1.0,35.205075,0.28421052631578947
0.75,2,95,2,1.0,45.30606346153845,0.28421052631578947
0.75,2,96,0,1.0,25.1300423076923,0.28125
0.75,2,96,1,1.0,35.20705384615385,0.28125
0.75,2,96,2,1.0,45.29717596153845,0.28125
0.75,2,97,0,1.0,25.126644230769227,0.27835051546391754
0.75,2,97,1,1.0,35.20671923076923,0.27835051546391754
0.75,2,97,2,1.0,45.2904,0.27835051546391754
0.75,2,98,0,1.0,25.126647115384614,0.2755102040816326
0.75,2,98,1,1.0,35.213330769230765,0.2755102040816326
0.75,2,98,2,1.0,45.30389134615384,0.2755102040816326
0.75,2,99,0,1.0,25.128276923076925,0.2727272727272727
0.75,2,99,1,1.0,35.20146346153846,0.2727272727272727
0.75,2,99,2,1.0,45.2882798076923,0.2727272727272727
0.75,2,100,0,1.0,25.11864807692307,0.27
0.75,2,100,1,1.0,35.20499423076922,0.27
0.75,2,100,2,1.0,45.28821923076923,0.27
0.75,2,101,0,1.0,25.127033653846155,0.26732673267326734
0.75,2,101,1,1.0,35.20347115384615,0.26732673267326734
0.75,2,101,2,1.0,45.29033076923077,0.26732673267326734
0.75,2,102,0,1.0,25.119628846153844,0.2647058823529412
0.75,2,102,1,1.0,35.2011,0.2647058823529412
0.75,2,102,2,1.0,45.30544038461538,0.2647058823529412
0.75,2,103,0,1.0,25.12704519230769,0.2621359223300971
0.75,2,103,1,1.0,35.19680769230769,0.2621359223300971
0.75,2,103,2,1.0,45.289119230769224,0.2621359223300971
0.75,2,104,0,1.0,25.1249625,0.25961538461538464
0.75,2,104,1,1.0,35.20365,0.25961538461538464
0.75,2,104,2,1.0,45.29226923076923,0.25961538461538464
0.75,2,105,0,1.0,25.11823846153846,0.2571428571428571
0.75,2,105,1,1.0,35.20245,0.2571428571428571
0.75,2,105,2,1.0,45.28755288461538,0.2571428571428571
0.75,2,106,0,1.0,25.126551923076917,0.25471698113207547
0.75,2,106,1,1.0,35.205080769230776,0.25471698113207547
0.75,2,106,2,1.0,45.27882115384615,0.25471698113207547
0.75,2,107,0,1.0,25.125334615384617,0.2523364485981308
0.75,2,107,1,1.0,35.201861538461536,0.2523364485981308
0.75,2,107,2,1.0,45.30125192307692,0.2523364485981308
0.75,2,108,0,1.0,25.12635,0.25
0.75,2,108,1,1.0,35.21338846153846,0.25
0.75,2,108,2,1.0,45.29401730769231,0.25
0.75,2,109,0,1.0,25.122375,0.24770642201834864
0.75,2,109,1,1.0,35.19957115384614,0.24770642201834864
0.75,2,109,2,1.0,45.288383653846154,0.24770642201834864
0.75,2,110,0,1.0,25.12699038461538,0.24545454545454545
0.75,2,110,1,1.0,35.20785576923077,0.24545454545454545
0.75,2,110,2,1.0,45.29516826923076,0.24545454545454545
0.75,2,111,0,1.0,25.123811538461535,0.24324324324324326
0.75,2,111,1,1.0,35.21059038461539,0.24324324324324326
0.75,2,111,2,1.0,45.27790384615384,0.24324324324324326
0.75,2,112,0,1.0,25.11684519230769,0.24107142857142858
0.75,2,112,1,1.0,35.21164038461538,0.24107142857142858
0.75,2,112,2,1.0,45.31206057692307,0.24107142857142858
0.75,2,113,0,1.0,25.119080769230774,0.23893805309734514
0.75,2,113,1,1.0,35.206119230769225,0.23893805309734514
0.75,2,113,2,1.0,45.29856923076923,0.23893805309734514
0.75,2,114,0,1.0,25.1193923076923,0.23684210526315788
0.75,2,114,1,1.0,35.194955769230766,0.23684210526315788
0.75,2,114,2,1.0,45.28075961538461,0.23684210526315788
0.75,2,115,0,1.0,25.125980769230768,0.23478260869565218
0.75,2,115,1,1.0,35.214317307692305,0.23478260869565218
0.75,2,115,2,1.0,45.28589134615383,0.23478260869565218
0.75,2,116,0,1.0,25.122992307692304,0.23275862068965517
0.75,2,116,1,1.0,35.21352115384615,0.23275862068965517
0.75,2,116,2,1.0,45.31043365384615,0.23275862068965517
0.75,2,117,0,1.0,25.13127403846154,0.23076923076923078
0.75,2,117,1,1.0,35.20535192307692,0.23076923076923078
0.75,2,117,2,1.0,45.30681634615384,0.23076923076923078
0.75,2,118,0,1.0,25.124033653846155,0.2288135593220339
0.75,2,118,1,1.0,35.199513461538466,0.2288135593220339
0.75,2,118,2,1.0,45.28864326923077,0.2288135593220339
0.75,2,119,0,1.0,25.124907692307694,0.226890756302521
0.75,2,119,1,1.0,35.19344423076923,0.226890756302521
0.75,2,119,2,1.0,45.30621057692307,0.226890756302521
0.75,2,120,0,1.0,25.116698076923075,0.225
0.75,2,120,1,1.0,35.20834038461538,0.225
0.75,2,120,2,1.0,45.28165961538461,0.225
0.75,2,121,0,1.0,25.12477788461539,0.2231404958677686
0.75,2,121,1,1.0,35.20290576923077,0.2231404958677686
0.75,2,121,2,1.0,45.28032692307692,0.2231404958677686
0.75,2,122,0,1.0,25.11914711538462,0.22131147540983606
0.75,2,122,1,1.0,35.20358076923076,0.22131147540983606
0.75,2,122,2,1.0,45.3002221153846,0.22131147540983606
0.75,2,123,0,1.0,25.12859711538461,0.21951219512195122
0.75,2,123,1,1.0,35.20368461538461,0.21951219512195122
0.75,2,123,2,1.0,45.2953846153846,0.21951219512195122
0.75,2,124,0,1.0,25.120084615384616,0.21774193548387097
0.75,2,124,1,1.0,35.19681923076922,0.21774193548387097
0.75,2,124,2,1.0,45.29399134615384,0.21774193548387097
0.75,2,125,0,1.0,25.121904807692307,0.216
0.75,2,125,1,1.0,35.20545576923077,0.216
0.75,2,125,2,1.0,45.28108846153846,0.216
0.75,2,126,0,1.0,25.124322115384615,0.21428571428571427
0.75,2,126,1,1.0,35.196132692307685,0.21428571428571427
0.75,2,126,2,1.0,45.31461346153846,0.21428571428571427
0.75,2,127,0,1.0,25.11880096153846,0.2125984251968504
0.75,2,127,1,1.0,35.19420576923076,0.2125984251968504
0.75,2,127,2,1.0,45.28448942307691,0.2125984251968504
0.75,2,128,0,1.0,25.12058076923077,0.2109375
0.75,2,128,1,1.0,35.200655769230764,0.2109375
0.75,2,128,2,1.0,45.29540192307692,0.2109375
0.75,3,40,0,0.79465,24.54311646636884,0.675
0.75,3,40,1,0.84719,34.48440409789104,0.675
0.75,3,40,2,0.8727,44.4300975751646,0.675
0.75,3,41,0,0.83473,24.63127989796793,0.6585365853658537
0.75,3,41,1,0.88821,34.649822936883425,0.6585365853658537
0.75,3,41,2,0.91165,44.6656674921634,0.6585365853658537
0.75,3,42,0,0.86686,24.71509018402403,0.6428571428571429
0.75,3,42,1,0.92054,34.782149190023915,0.6428571428571429
0.75,3,42,2,0.94036,44.854977799009866,0.6428571428571429
0.75,3,43,0,0.89559,24.78356124497216,0.627906976744186
0.75,3,43,1,0.94391,34.911984356396424,0.627906976744186
0.75,3,43,2,0.9598,44.99012113901935,0.627906976744186
0.75,3,44,0,0.91616,24.850790254977298,0.6136363636363636
0.75,3,44,1,0.96153,34.990273914410444,0.6136363636363636
0.75,3,44,2,0.97535,45.08935254011381,0.6136363636363636
0.75,3,45,0,0.93419,24.911332071304884,0.6
0.75,3,45,1,0.97248,35.051666081327355,0.6
0.75,3,45,2,0.98359,45.173231185289055,0.6
0.75,3,46,0,0.94907,24.95685756339607,0.5869565217391305
0.75,3,46,1,0.98137,35.100910736247044,0.5869565217391305
0.75,3,46,2,0.99007,45.20505834474795,0.5869565217391305
0.75,3,47,0,0.96009,24.9908662409053,0.574468085106383
0.75,3,47,1,0.98742,35.15254205598739,0.574468085106383
0.75,3,47,2,0.99391,45.24491847659941,0.574468085106383
0.75,3,48,0,0.96981,25.025472872164485,0.5625
0.75,3,48,1,0.99171,35.16884006878561,0.5625
0.75,3,48,2,0.99626,45.27969702842477,0.5625
0.75,3,49,0,0.97648,25.066798997025426,0.5510204081632653
0.75,3,49,1,0.995,35.18493235407808,0.5510204081632653
0.75,3,49,2,0.99798,45.284221242294045,0.5510204081632653
0.75,3,50,0,0.98237,25.074961964041435,0.54
0.75,3,50,1,0.99659,35.2183117507624,0.54
0.75,3,50,2,0.99887,45.297662319960025,0.54
0.75,3,51,0,0.98693,25.100459155002028,0.5294117647058824
0.75,3,51,1,0.99794,35.23931414097656,0.5294117647058824
0.75,3,51,2,0.99922,45.30450963289828,0.5294117647058824
0.75,3,52,0,0.99022,25.123892437267237,0.5192307692307693
0.75,3,52,1,0.9984,35.2248289571006,0.5192307692307693
0.75,3,52,2,0.99971,45.32673994689229,0.5192307692307693
0.75,3,53,0,0.99243,25.12160419762215,0.5094339622641509
0.75,3,53,1,0.99917,35.2206581462614,0.5094339622641509
0.75,3,53,2,0.99979,45.3203922823793,0.5094339622641509
0.75,3,54,0,0.99416,25.13802336413888,0.5
0.75,3,54,1,0.99944,35.22859339691766,0.5
0.75,3,54,2,0.99984,45.32890743288157,0.5
0.75,3,55,0,0.99593,25.1426324370959,0.4909090909090909
0.75,3,55,1,0.99969,35.256527600479224,0.4909090909090909
0.75,3,55,2,0.99991,45.320795217723436,0.4909090909090909
0.75,3,56,0,0.99689,25.14737082326034,0.48214285714285715
0.75,3,56,1,0.99985,35.234792911244384,0.48214285714285715
0.75,3,56,2,0.99998,45.327768093823416,0.48214285714285715
0.75,3,57,0,0.99808,25.146364674020273,0.47368421052631576
0.75,3,57,1,0.9999,35.227970874010474,0.47368421052631576
0.75,3,57,2,0.99998,45.32246318003282,0.47368421052631576
0.75,3,58,0,0.99846,25.15950236441042,0.46551724137931033
0.75,3,58,1,0.99991,35.24060050019886,0.46551724137931033
0.75,3,58,2,0.99996,45.30822771372394,0.46551724137931033
0.75,3,59,0,0.9991,25.15295977918588,0.4576271186440678
0.75,3,59,1,0.99998,35.23420468409368,0.4576271186440678
0.75,3,59,2,1.0,45.32513653846153,0.4576271186440678
0.75,3,60,0,0.99921,25.162474508708033,0.45
0.75,3,60,1,0.99999,35.25501985789088,0.45
0.75,3,60,2,1.0,45.31691538461538,0.45
0.75,3,61,0,0.99926,25.166824411603052,0.4426229508196721
0.75,3,61,1,0.99997,35.2309165428809,0.4426229508196721
0.75,3,61,2,1.0,45.31768557692307,0.4426229508196721
0.75,3,62,0,0.99954,25.172527439545267,0.43548387096774194
0.75,3,62,1,0.99998,35.24634338840623,0.43548387096774194
0.75,3,62,2,1.0,45.30340673076923,0.43548387096774194
0.75,3,63,0,0.99964,25.167977779693,0.42857142857142855
0.75,3,63,1,1.0,35.244917307692305,0.42857142857142855
0.75,3,63,2,1.0,45.32004807692308,0.42857142857142855
0.75,3,64,0,0.9998,25.17307019096127,0.421875
0.75,3,64,1,1.0,35.23641923076923,0.421875
0.75,3,64,2,1.0,45.31425,0.421875
0.75,3,65,0,0.99985,25.1716065102073,0.4153846153846154
0.75,3,65,1,0.99999,35.24281781279351,0.4153846153846154
0.75,3,65,2,1.0,45.32560384615384,0.4153846153846154
0.75,3,66,0,0.99993,25.166586661066276,0.4090909090909091
0.75,3,66,1,1.0,35.26018846153846,0.4090909090909091
0.75,3,66,2,1.0,45.31003557692307,0.4090909090909091
0.75,3,67,0,0.99992,25.167219146762513,0.40298507462686567
0.75,3,67,1,0.99999,35.22653688075343,0.40298507462686567
0.75,3,67,2,1.0,45.31264038461539,0.40298507462686567
0.75,3,68,0,0.99997,25.167861766622234,0.39705882352941174
0.75,3,68,1,1.0,35.24305384615384,0.39705882352941174
0.75,3,68,2,1.0,45.31816153846153,0.39705882352941174
0.75,3,69,0,1.0,25.174621153846154,0.391304347826087
0.75,3,69,1,1.0,35.24508461538462,0.391304347826087
0.75,3,69,2,1.0,45.32464326923076,0.391304347826087
0.75,3,70,0,0.99995,25.168047825468197,0.38571428571428573
0.75,3,70,1,1.0,35.252653846153834,0.38571428571428573
0.75,3,70,2,1.0,45.3183,0.38571428571428573
0.75,3,71,0,0.99999,25.167052632064777,0.38028169014084506
0.75,3,71,1,1.0,35.23783846153846,0.38028169014084506
0.75,3,71,2,1.0,45.32008269230768,0.38028169014084506
0.75,3,72,0,1.0,25.1684625,0.375
0.75,3,72,1,1.0,35.25185769230769,0.375
0.75,3,72,2,1.0,45.32209038461539,0.375
0.75,3,73,0,0.99998,25.17203517147266,0.3698630136986301
0.75,3,73,1,1.0,35.24556346153846,0.3698630136986301
0.75,3,73,2,1.0,45.33308076923076,0.3698630136986301
0.75,3,74,0,0.99999,25.166919938430148,0.36486486486486486
0.75,3,74,1,1.0,35.25040961538461,0.36486486486486486
0.75,3,74,2,1.0,45.3160673076923,0.36486486486486486
0.75,3,75,0,0.99999,25.166827629814758,0.36
0.75,3,75,1,1.0,35.24937115384615,0.36
0.75,3,75,2,1.0,45.31811826923076,0.36
0.75,3,76,0,1.0,25.165176923076924,0.35526315789473684
0.75,3,76,1,1.0,35.24449615384614,0.35526315789473684
0.75,3,76,2,1.0,45.32961057692306,0.35526315789473684
0.75,3,77,0,1.0,25.15727307692307,0.35064935064935066
0.75,3,77,1,1.0,35.2512,0.35064935064935066
0.75,3,77,2,1.0,45.33049326923077,0.35064935064935066
0.75,3,78,0,1.0,25.1742375,0.34615384615384615
0.75,3,78,1,1.0,35.25076153846154,0.34615384615384615
0.75,3,78,2,1.0,45.32221153846153,0.34615384615384615
0.75,3,79,0,1.0,25.17619615384615,0.34177215189873417
0.75,3,79,1,1.0,35.24450192307692,0.34177215189873417
0.75,3,79,2,1.0,45.3315923076923,0.34177215189873417
0.75,3,80,0,1.0,25.17698076923077,0.3375
0.75,3,80,1,1.0,35.23909615384615,0.3375
0.75,3,80,2,1.0,45.33848942307692,0.3375
0.75,3,81,0,1.0,25.17193846153846,0.3333333333333333
0.75,3,81,1,1.0,35.24816538461538,0.3333333333333333
0.75,3,81,2,1.0,45.32198653846154,0.3333333333333333
0.75,3,82,0,1.0,25.165621153846153,0.32926829268292684
0.75,3,82,1,1.0,35.250530769230764,0.32926829268292684
0.75,3,82,2,1.0,45.31243269230768,0.32926829268292684
0.75,3,83,0,1.0,25.16709230769231,0.3253012048192771
0.75,3,83,1,1.0,35.25838846153845,0.3253012048192771
0.75,3,83,2,1.0,45.32555192307692,0.3253012048192771
0.75,3,84,0,1.0,25.173882692307696,0.32142857142857145
0.75,3,84,1,1.0,35.24809615384615,0.32142857142857145
0.75,3,84,2,1.0,45.31714038461539,0.32142857142857145
0.75,3,85,0,1.0,25.15835192307692,0.3176470588235294
0.75,3,85,1,1.0,35.23063269230769,0.3176470588235294
0.75,3,85,2,1.0,45.32145865384615,0.3176470588235294
0.75,3,86,0,1.0,25.17492980769231,0.313953488372093
0.75,3,86,1,1.0,35.237255769230764,0.313953488372093
0.75,3,86,2,1.0,45.31103942307693,0.313953488372093
0.75,3,87,0,1.0,25.16085288461538,0.3103448275862069
0.75,3,87,1,1.0,35.231619230769226,0.3103448275862069
0.75,3,87,2,1.0,45.32145865384614,0.3103448275862069
0.75,3,88,0,1.0,25.159675961538454,0.3068181818181818
0.75,3,88,1,1.0,35.24505576923076,0.3068181818181818
0.75,3,88,2,1.0,45.32903942307692,0.3068181818181818
0.75,3,89,0,1.0,25.17070096153846,0.30337078651685395
0.75,3,89,1,1.0,35.24065384615384,0.30337078651685395
0.75,3,89,2,1.0,45.31522788461539,0.30337078651685395
0.75,3,90,0,1.0,25.171471153846156,0.3
0.75,3,90,1,1.0,35.24260384615384,0.3
0.75,3,90,2,1.0,45.31052884615385,0.3
0.75,3,91,0,1.0,25.17049326923076,0.2967032967032967
0.75,3,91,1,1.0,35.23265192307692,0.2967032967032967
0.75,3,91,2,1.0,45.33246634615384,0.2967032967032967
0.75,3,92,0,1.0,25.16870192307692,0.29347826086956524
0.75,3,92,1,1.0,35.23708846153846,0.29347826086956524
0.75,3,92,2,1.0,45.32361346153846,0.29347826086956524
0.75,3,93,0,1.0,25.16607115384615,0.2903225806451613
0.75,3,93,1,1.0,35.245425,0.2903225806451613
0.75,3,93,2,1.0,45.33472499999999,0.2903225806451613
0.75,3,94,0,1.0,25.17252692307692,0.2872340425531915
0.75,3,94,1,1.0,35.263655769230766,0.2872340425531915
0.75,3,94,2,1.0,45.32761153846153,0.2872340425531915
0.75,3,95,0,1.0,25.16789711538462,0.28421052631578947
0.75,3,95,1,1.0,35.24783653846154,0.28421052631578947
0.75,3,95,2,1.0,45.30475673076922,0.28421052631578947
0.75,3,96,0,1.0,25.169186538461545,0.28125
0.75,3,96,1,1.0,35.242425000000004,0.28125
0.75,3,96,2,1.0,45.329930769230764,0.28125
0.75,3,97,0,1.0,25.180223076923074,0.27835051546391754
0.75,3,97,1,1.0,35.2429326923077,0.27835051546391754
0.75,3,97,2,1.0,45.30563942307692,0.27835051546391754
0.75,3,98,0,1.0,25.170816346153845,0.2755102040816326
0.75,3,98,1,1.0,35.24123076923077,0.2755102040816326
0.75,3,98,2,1.0,45.318525,0.2755102040816326
0.75,3,99,0,1.0,25.170836538461536,0.2727272727272727
0.75,3,99,1,1.0,35.248061538461535,0.2727272727272727
0.75,3,99,2,1.0,45.3062625,0.2727272727272727
0.75,3,100,0,1.0,25.16247692307692,0.27
0.75,3,100,1,1.0,35.23618846153847,0.27
0.75,3,100,2,1.0,45.32305961538461,0.27
0.75,3,101,0,1.0,25.17082211538462,0.26732673267326734
0.75,3,101,1,1.0,35.24579999999999,0.26732673267326734
0.75,3,101,2,1.0,45.32777596153846,0.26732673267326734
0.75,3,102,0,1.0,25.175950961538465,0.2647058823529412
0.75,3,102,1,1.0,35.25019615384615,0.2647058823529412
0.75,3,102,2,1.0,45.320489423076914,0.2647058823529412
0.75,3,103,0,1.0,25.165505769230766,0.2621359223300971
0.75,3,103,1,1.0,35.23763076923076,0.2621359223300971
0.75,3,103,2,1.0,45.32575096153846,0.2621359223300971
0.75,3,104,0,1.0,25.172362499999995,0.25961538461538464
0.75,3,104,1,1.0,35.25286153846154,0.25961538461538464
0.75,3,104,2,1.0,45.33045,0.25961538461538464
0.75,3,105,0,1.0,25.169616346153845,0.2571428571428571
0.75,3,105,1,1.0,35.254367307692306,0.2571428571428571
0.75,3,105,2,1.0,45.32390769230768,0.2571428571428571
0.75,3,106,0,1.0,25.168035576923074,0.25471698113207547
0.75,3,106,1,1.0,35.249988461538464,0.25471698113207547
0.75,3,106,2,1.0,45.32609711538461,0.25471698113207547
0.75,3,107,0,1.0,25.16544519230769,0.2523364485981308
0.75,3,107,1,1.0,35.22801923076923,0.2523364485981308
0.75,3,107,2,1.0,45.31331538461538,0.2523364485981308
0.75,3,108,0,1.0,25.1765625,0.25
0.75,3,108,1,1.0,35.25526153846154,0.25
0.75,3,108,2,1.0,45.31229423076923,0.25
0.75,3,109,0,1.0,25.17215192307692,0.24770642201834864
0.75,3,109,1,1.0,35.246624999999995,0.24770642201834864
0.75,3,109,2,1.0,45.305933653846154,0.24770642201834864
0.75,3,110,0,1.0,25.17155192307692,0.24545454545454545
0.75,3,110,1,1.0,35.24820576923077,0.24545454545454545
0.75,3,110,2,1.0,45.30704134615384,0.24545454545454545
0.75,3,111,0,1.0,25.1650875,0.24324324324324326
0.75,3,111,1,1.0,35.2371,0.24324324324324326
0.75,3,111,2,1.0,45.30505096153846,0.24324324324324326
0.75,3,112,0,1.0,25.170579807692306,0.24107142857142858
0.75,3,112,1,1.0,35.241478846153846,0.24107142857142858
0.75,3,112,2,1.0,45.32305961538461,0.24107142857142858
0.75,3,113,0,1.0,25.17479423076923,0.23893805309734514
0.75,3,113,1,1.0,35.24743846153846,0.23893805309734514
0.75,3,113,2,1.0,45.30035192307693,0.23893805309734514
0.75,3,114,0,1.0,25.17880673076923,0.23684210526315788
0.75,3,114,1,1.0,35.251038461538464,0.23684210526315788
0.75,3,114,2,1.0,45.32948942307692,0.23684210526315788
0.75,3,115,0,1.0,25.166454807692304,0.23478260869565218
0.75,3,115,1,1.0,35.230626923076926,0.23478260869565218
0.75,3,115,2,1.0,45.31187019230769,0.23478260869565218
0.75,3,116,0,1.0,25.17308942307692,0.23275862068965517
0.75,3,116,1,1.0,35.253121153846145,0.23275862068965517
0.75,3,116,2,1.0,45.33653365384616,0.23275862068965517
0.75,3,117,0,1.0,25.16389615384615,0.23076923076923078
0.75,3,117,1,1.0,35.23791923076922,0.23076923076923078
0.75,3,117,2,1.0,45.32839903846154,0.23076923076923078
0.75,3,118,0,1.0,25.17786346153846,0.2288135593220339
0.75,3,118,1,1.0,35.2473,0.2288135593220339
0.75,3,118,2,1.0,45.30900576923077,0.2288135593220339
0.75,3,119,0,1.0,25.167775961538457,0.226890756302521
0.75,3,119,1,1.0,35.24646923076923,0.226890756302521
0.75,3,119,2,1.0,45.33904326923077,0.226890756302521
0.75,3,120,0,1.0,25.177445192307694,0.225
0.75,3,120,1,1.0,35.23991538461539,0.225
0.75,3,120,2,1.0,45.32267884615384,0.225
0.75,3,121,0,1.0,25.169774999999994,0.2231404958677686
0.75,3,121,1,1.0,35.24470961538461,0.2231404958677686
0.75,3,121,2,1.0,45.326728846153834,0.2231404958677686
0.75,3,122,0,1.0,25.169590384615386,0.22131147540983606
0.75,3,122,1,1.0,35.24376923076923,0.22131147540983606
0.75,3,122,2,1.0,45.31313365384615,0.22131147540983606
0.75,3,123,0,1.0,25.16468942307692,0.21951219512195122
0.75,3,123,1,1.0,35.236321153846156,0.21951219512195122
0.75,3,123,2,1.0,45.33542596153846,0.21951219512195122
0.75,3,124,0,1.0,25.17499903846154,0.21774193548387097
0.75,3,124,1,1.0,35.23300961538462,0.21774193548387097
0.75,3,124,2,1.0,45.33189519230769,0.21774193548387097
0.75,3,125,0,1.0,25.164250961538457,0.216
0.75,3,125,1,1.0,35.23341346153846,0.216
0.75,3,125,2,1.0,45.32570769230769,0.216
0.75,3,126,0,1.0,25.172359615384618,0.21428571428571427
0.75,3,126,1,1.0,35.23805192307692,0.21428571428571427
0.75,3,126,2,1.0,45.32672019230769,0.21428571428571427
0.75,3,127,0,1.0,25.185637500000006,0.2125984251968504
0.75,3,127,1,1.0,35.23670769230769,0.2125984251968504
0.75,3,127,2,1.0,45.31129903846153,0.2125984251968504
0.75,3,128,0,1.0,25.165935576923076,0.2109375
0.75,3,128,1,1.0,35.24747884615385,0.2109375
0.75,3,128,2,1.0,45.31611057692307,0.2109375
0.75,5,40,0,0.74587,24.24270805079458,0.675
0.75,5,40,1,0.79573,34.11067389499143,0.675
0.75,5,40,2,0.83172,44.04623736168607,0.675
0.75,5,41,0,0.77449,24.347972909219664,0.6585365853658537
0.75,5,41,1,0.83663,34.291833813127575,0.6585365853658537
0.75,5,41,2,0.87193,44.30328299113637,0.6585365853658537
0.75,5,42,0,0.80957,24.43159521531373,0.6428571428571429
0.75,5,42,1,0.87042,34.464303704842756,0.6428571428571429
0.75,5,42,2,0.903,44.51986008177869,0.6428571428571429
0.75,5,43,0,0.83391,24.51748736028515,0.627906976744186
0.75,5,43,1,0.89713,34.60316616492422,0.627906976744186
0.75,5,43,2,0.92766,44.708161478260436,0.627906976744186
0.75,5,44,0,0.85575,24.593504348412324,0.6136363636363636
0.75,5,44,1,0.91808,34.721930131780034,0.6136363636363636
0.75,5,44,2,0.94768,44.86046287938803,0.6136363636363636
0.75,5,45,0,0.87759,24.670954195361947,0.6
0.75,5,45,1,0.93724,34.830533514115096,0.6
0.75,5,45,2,0.96145,44.98837393040159,0.6
0.75,5,46,0,0.89596,24.739949113456298,0.5869565217391305
0.75,5,46,1,0.95187,34.92437154071621,0.5869565217391305
0.75,5,46,2,0.97202,45.105327842257125,0.5869565217391305
0.75,5,47,0,0.91178,24.795692322878157,0.574468085106383
0.75,5,47,1,0.96345,35.007742607695896,0.574468085106383
0.75,5,47,2,0.98132,45.16191495599334,0.574468085106383
0.75,5,48,0,0.92545,24.860101322849175,0.5625
0.75,5,48,1,0.97186,35.08356102255944,0.5625
0.75,5,48,2,0.98634,45.23321358214751,0.5625
0.75,5,49,0,0.93759,24.902138625461184,0.5510204081632653
0.75,5,49,1,0.97909,35.12501011535829,0.5510204081632653
0.75,5,49,2,0.99059,45.27270169991931,0.5510204081632653
0.75,5,50,0,0.94514,24.949008368316616,0.54
0.75,5,50,1,0.98371,35.177575395500384,0.54
0.75,5,50,2,0.99368,45.29725751364005,0.54
0.75,5,51,0,0.95555,24.998761285284754,0.5294117647058824
0.75,5,51,1,0.98794,35.20307601987664,0.5294117647058824
0.75,5,51,2,0.9958,45.34125538801427,0.5294117647058824
0.75,5,52,0,0.96226,25.019027721597713,0.5192307692307693
0.75,5,52,1,0.99084,35.2270451178953,0.5192307692307693
0.75,5,52,2,0.99702,45.369694960212215,0.5192307692307693
0.75,5,53,0,0.96825,25.06123756181851,0.5094339622641509
0.75,5,53,1,0.9934,35.25704457109229,0.5094339622641509
0.75,5,53,2,0.99775,45.35513366613341,0.5094339622641509
0.75,5,54,0,0.97396,25.082624622082097,0.5
0.75,5,54,1,0.99557,35.26980871414211,0.5
0.75,5,54,2,0.99901,45.3672895782209,0.5
0.75,5,55,0,0.97772,25.113410438414018,0.4909090909090909
0.75,5,55,1,0.99637,35.307614718350685,0.4909090909090909
0.75,5,55,2,0.99902,45.376410228177456,0.4909090909090909
0.75,5,56,0,0.9821,25.131238593907877,0.48214285714285715
0.75,5,56,1,0.99756,35.29793465286067,0.48214285714285715
0.75,5,56,2,0.99938,45.398961779380144,0.48214285714285715
0.75,5,57,0,0.98528,25.144516709033898,0.47368421052631576
0.75,5,57,1,0.99829,35.3063180346084,0.47368421052631576
0.75,5,57,2,0.99973,45.40394368017826,0.47368421052631576
0.75,5,58,0,0.9877,25.177236742704494,0.46551724137931033
0.75,5,58,1,0.99863,35.31073917420712,0.46551724137931033
0.75,5,58,2,0.99977,45.395672735498394,0.46551724137931033
0.75,5,59,0,0.99024,25.185196945262685,0.4576271186440678
0.75,5,59,1,0.99903,35.309565663308796,0.4576271186440678
0.75,5,59,2,0.99987,45.40725101955561,0.4576271186440678
0.75,5,60,0,0.99183,25.208638228170308,0.45
0.75,5,60,1,0.99916,35.34832336085389,0.45
0.75,5,60,2,0.99988,45.40401290462547,0.45
0.75,5,61,0,0.99283,25.19308828918732,0.4426229508196721
0.75,5,61,1,0.9995,35.317302882210335,0.4426229508196721
0.75,5,61,2,0.99992,45.41096653116865,0.4426229508196721
0.75,5,62,0,0.99406,25.21516171442987,0.43548387096774194
0.75,5,62,1,0.99967,35.32390111813822,0.43548387096774194
0.75,5,62,2,0.99996,45.39083197943302,0.43548387096774194
0.75,5,63,0,0.99577,25.219815396048364,0.42857142857142855
0.75,5,63,1,0.9998,35.318500238509245,0.42857142857142855
0.75,5,63,2,0.99998,45.40240035569943,0.42857142857142855
0.75,5,64,0,0.99635,25.218026566197384,0.421875
0.75,5,64,1,0.99982,35.308901756162264,0.421875
0.75,5,64,2,0.99999,45.38114515760542,0.421875
0.75,5,65,0,0.99712,25.227606468166787,0.4153846153846154
0.75,5,65,1,0.99984,35.318131670298015,0.4153846153846154
0.75,5,65,2,1.0,45.38991923076922,0.4153846153846154
0.75,5,66,0,0.99749,25.223457030993945,0.4090909090909091
0.75,5,66,1,0.99987,35.33600906579394,0.4090909090909091
0.75,5,66,2,1.0,45.4159673076923,0.4090909090909091
0.75,5,67,0,0.99819,25.24439138687178,0.40298507462686567
0.75,5,67,1,0.99994,35.33616632382558,0.40298507462686567
0.75,5,67,2,1.0,45.39589903846154,0.40298507462686567
0.75,5,68,0,0.99831,25.251851590726787,0.39705882352941174
0.75,5,68,1,0.99997,35.33792744551567,0.39705882352941174
0.75,5,68,2,0.99999,45.40772138490615,0.39705882352941174
0.75,5,69,0,0.99871,25.255830020726734,0.391304347826087
0.75,5,69,1,0.99997,35.311676657992045,0.391304347826087
0.75,5,69,2,1.0,45.39402115384615,0.391304347826087
0.75,5,70,0,0.99896,25.245374420166197,0.38571428571428573
0.75,5,70,1,0.99999,35.33978224397629,0.38571428571428573
0.75,5,70,2,1.0,45.36814615384614,0.38571428571428573
0.75,5,71,0,0.99918,25.244406182300253,0.38028169014084506
0.75,5,71,1,0.99999,35.337982225976106,0.38028169014084506
0.75,5,71,2,1.0,45.39555288461538,0.38028169014084506
0.75,5,72,0,0.99935,25.248984917119206,0.375
0.75,5,72,1,0.99998,35.31524668954917,0.375
0.75,5,72,2,1.0,45.40226826923077,0.375
0.75,5,73,0,0.99941,25.259115378073062,0.3698630136986301
0.75,5,73,1,1.0,35.33755961538461,0.3698630136986301
0.75,5,73,2,1.0,45.40429326923077,0.3698630136986301
0.75,5,74,0,0.99966,25.25678634581912,0.36486486486486486
0.75,5,74,1,1.0,35.32908461538461,0.36486486486486486
0.75,5,74,2,1.0,45.430912499999984,0.36486486486486486
0.75,5,75,0,0.99975,25.24999711466328,0.36
0.75,5,75,1,0.99999,35.332426401187085,0.36
0.75,5,75,2,1.0,45.41273942307692,0.36
0.75,5,76,0,0.99975,25.263134052743958,0.35526315789473684
0.75,5,76,1,1.0,35.321549999999995,0.35526315789473684
0.75,5,76,2,1.0,45.4151625,0.35526315789473684
0.75,5,77,0,0.99966,25.268043057716543,0.35064935064935066
0.75,5,77,1,1.0,35.34393461538461,0.35064935064935066
0.75,5,77,2,1.0,45.40200865384614,0.35064935064935066
0.75,5,78,0,0.99983,25.266605899926063,0.34615384615384615
0.75,5,78,1,1.0,35.33242499999999,0.34615384615384615
0.75,5,78,2,1.0,45.408282692307694,0.34615384615384615
0.75,5,79,0,0.99986,25.25735718385189,0.34177215189873417
0.75,5,79,1,1.0,35.344419230769226,0.34177215189873417
0.75,5,79,2,1.0,45.38178461538461,0.34177215189873417
0.75,5,80,0,0.99994,25.248496640567666,0.3375
0.75,5,80,1,1.0,35.31638653846153,0.3375
0.75,5,80,2,1.0,45.40215576923077,0.3375
0.75,5,81,0,0.99997,25.274356307612305,0.3333333333333333
0.75,5,81,1,1.0,35.3253173076923,0.3333333333333333
0.75,5,81,2,1.0,45.42813461538461,0.3333333333333333
0.75,5,82,0,0.99993,25.25478995068116,0.32926829268292684
0.75,5,82,1,1.0,35.32593461538461,0.32926829268292684
0.75,5,82,2,1.0,45.4191,0.32926829268292684
0.75,5,83,0,0.99992,25.269498482955562,0.3253012048192771
0.75,5,83,1,1.0,35.33667692307692,0.3253012048192771
0.75,5,83,2,1.0,45.40581634615384,0.3253012048192771
0.75,5,84,0,0.99993,25.267630272580615,0.32142857142857145
0.75,5,84,1,1.0,35.31525576923077,0.32142857142857145
0.75,5,84,2,1.0,45.42662019230768,0.32142857142857145
0.75,5,85,0,0.99997,25.258314480203637,0.3176470588235294
0.75,5,85,1,1.0,35.334455769230765,0.3176470588235294
0.75,5,85,2,1.0,45.42646442307692,0.3176470588235294
0.75,5,86,0,0.99998,25.26023405083486,0.313953488372093
0.75,5,86,1,1.0,35.330925,0.313953488372093
0.75,5,86,2,1.0,45.400883653846144,0.313953488372093
0.75,5,87,0,0.99998,25.263092761855237,0.3103448275862069
0.75,5,87,1,1.0,35.340525,0.3103448275862069
0.75,5,87,2,1.0,45.39215192307692,0.3103448275862069
0.75,5,88,0,1.0,25.26366923076923,0.3068181818181818
0.75,5,88,1,1.0,35.33649807692307,0.3068181818181818
0.75,5,88,2,1.0,45.40350576923076,0.3068181818181818
0.75,5,89,0,0.99998,25.273520855032487,0.30337078651685395
0.75,5,89,1,1.0,35.34055384615384,0.30337078651685395
0.75,5,89,2,1.0,45.43590576923076,0.30337078651685395
0.75,5,90,0,0.99999,25.253603497573437,0.3
0.75,5,90,1,1.0,35.332148076923076,0.3
0.75,5,90,2,1.0,45.38419038461538,0.3
0.75,5,91,0,0.99999,25.252893875092592,0.2967032967032967
0.75,5,91,1,1.0,35.31081346153846,0.2967032967032967
0.75,5,91,2,1.0,45.39287884615384,0.2967032967032967
0.75,5,92,0,1.0,25.254334615384614,0.29347826086956524
0.75,5,92,1,1.0,35.33734038461537,0.29347826086956524
0.75,5,92,2,1.0,45.38922692307692,0.29347826086956524
0.75,5,93,0,0.99999,25.260532413016435,0.2903225806451613
0.75,5,93,1,1.0,35.32196538461538,0.2903225806451613
0.75,5,93,2,1.0,45.38814519230769,0.2903225806451613
0.75,5,94,0,1.0,25.253948076923074,0.2872340425531915
0.75,5,94,1,1.0,35.32242115384615,0.2872340425531915
0.75,5,94,2,1.0,45.42357403846153,0.2872340425531915
0.75,5,95,0,1.0,25.273127884615384,0.28421052631578947
0.75,5,95,1,1.0,35.33798653846154,0.28421052631578947
0.75,5,95,2,1.0,45.40448365384615,0.28421052631578947
0.75,5,96,0,0.99999,25.261495884189607,0.28125
0.75,5,96,1,1.0,35.33544230769231,0.28125
0.75,5,96,2,1.0,45.4173173076923,0.28125
0.75,5,97,0,0.99998,25.271934284839546,0.27835051546391754
0.75,5,97,1,1.0,35.32198269230769,0.27835051546391754
0.75,5,97,2,1.0,45.42979615384615,0.27835051546391754
0.75,5,98,0,1.0,25.2605625,0.2755102040816326
0.75,5,98,1,1.0,35.33825769230769,0.2755102040816326
0.75,5,98,2,1.0,45.40105673076923,0.2755102040816326
0.75,5,99,0,1.0,25.266276923076926,0.2727272727272727
0.75,5,99,1,1.0,35.32137692307692,0.2727272727272727
0.75,5,99,2,1.0,45.41369999999999,0.2727272727272727
0.75,5,100,0,1.0,25.2762548076923,0.27
0.75,5,100,1,1.0,35.318469230769225,0.27
0.75,5,100,2,1.0,45.38743557692307,0.27
0.75,5,101,0,1.0,25.2525375,0.26732673267326734
0.75,5,101,1,1.0,35.33611153846154,0.26732673267326734
0.75,5,101,2,1.0,45.4009875,0.26732673267326734
0.75,5,102,0,1.0,25.259740384615384,0.2647058823529412
0.75,5,102,1,1.0,35.339896153846155,0.2647058823529412
0.75,5,102,2,1.0,45.39572596153845,0.2647058823529412
0.75,5,103,0,1.0,25.26797307692307,0.2621359223300971
0.75,5,103,1,1.0,35.34411923076922,0.2621359223300971
0.75,5,103,2,1.0,45.392108653846144,0.2621359223300971
0.75,5,104,0,1.0,25.25948365384615,0.25961538461538464
0.75,5,104,1,1.0,35.33766923076922,0.25961538461538464
0.75,5,104,2,1.0,45.391693269230764,0.25961538461538464
0.75,5,105,0,1.0,25.270315384615387,0.2571428571428571
0.75,5,105,1,1.0,35.34359999999999,0.2571428571428571
0.75,5,105,2,1.0,45.40247596153846,0.2571428571428571
0.75,5,106,0,1.0,25.273153846153846,0.25471698113207547
0.75,5,106,1,1.0,35.32678846153846,0.25471698113207547
0.75,5,106,2,1.0,45.38223461538462,0.25471698113207547
0.75,5,107,0,1.0,25.267424999999996,0.2523364485981308
0.75,5,107,1,1.0,35.34071538461538,0.2523364485981308
0.75,5,107,2,1.0,45.40274423076922,0.2523364485981308
0.75,5,108,0,1.0,25.259117307692303,0.25
0.75,5,108,1,1.0,35.33904807692308,0.25
0.75,5,108,2,1.0,45.3932423076923,0.25
0.75,5,109,0,1.0,25.26877788461539,0.24770642201834864
0.75,5,109,1,1.0,35.32949423076923,0.24770642201834864
0.75,5,109,2,1.0,45.38740096153846,0.24770642201834864
0.75,5,110,0,1.0,25.253766346153846,0.24545454545454545
0.75,5,110,1,1.0,35.321117307692305,0.24545454545454545
0.75,5,110,2,1.0,45.41047211538462,0.24545454545454545
0.75,5,111,0,1.0,25.266651923076925,0.24324324324324326
0.75,5,111,1,1.0,35.343126923076916,0.24324324324324326
0.75,5,111,2,1.0,45.40201730769231,0.24324324324324326
0.75,5,112,0,1.0,25.25929038461539,0.24107142857142858
0.75,5,112,1,1.0,35.32985769230769,0.24107142857142858
0.75,5,112,2,1.0,45.4106798076923,0.24107142857142858
0.75,5,113,0,1.0,25.26132403846154,0.23893805309734514
0.75,5,113,1,1.0,35.32180961538461,0.23893805309734514
0.75,5,113,2,1.0,45.41283461538461,0.23893805309734514
0.75,5,114,0,1.0,25.260623076923075,0.23684210526315788
0.75,5,114,1,1.0,35.314413461538464,0.23684210526315788
0.75,5,114,2,1.0,45.39544903846153,0.23684210526315788
0.75,5,115,0,1.0,25.255572115384616,0.23478260869565218
0.75,5,115,1,1.0,35.33505576923076,0.23478260869565218
0.75,5,115,2,1.0,45.38737499999999,0.23478260869565218
0.75,5,116,0,1.0,25.25971730769231,0.23275862068965517
0.75,5,116,1,1.0,35.31518076923077,0.23275862068965517
0.75,5,116,2,1.0,45.39951634615384,0.23275862068965517
0.75,5,117,0,1.0,25.263738461538466,0.23076923076923078
0.75,5,117,1,1.0,35.33311153846154,0.23076923076923078
0.75,5,117,2,1.0,45.40747788461538,0.23076923076923078
0.75,5,118,0,1.0,25.266020192307696,0.2288135593220339
0.75,5,118,1,1.0,35.344863461538466,0.2288135593220339
0.75,5,118,2,1.0,45.415456730769236,0.2288135593220339
0.75,5,119,0,1.0,25.261699038461536,0.226890756302521
0.75,5,119,1,1.0,35.33065961538461,0.226890756302521
0.75,5,119,2,1.0,45.39406442307692,0.226890756302521
0.75,5,120,0,1.0,25.26674134615384,0.225
0.75,5,120,1,1.0,35.34878653846153,0.225
0.75,5,120,2,1.0,45.40470865384615,0.225
0.75,5,121,0,1.0,25.250529807692306,0.2231404958677686
0.75,5,121,1,1.0,35.32496538461539,0.2231404958677686
0.75,5,121,2,1.0,45.39277499999999,0.2231404958677686
0.75,5,122,0,1.0,25.268867307692304,0.22131147540983606
0.75,5,122,1,1.0,35.31816923076923,0.22131147540983606
0.75,5,122,2,1.0,45.37640192307692,0.22131147540983606
0.75,5,123,0,1.0,25.252791346153845,0.21951219512195122
0.75,5,123,1,1.0,35.337623076923066,0.21951219512195122
0.75,5,123,2,1.0,45.40575576923077,0.21951219512195122
0.75,5,124,0,1.0,25.26803076923077,0.21774193548387097
0.75,5,124,1,1.0,35.33064230769231,0.21774193548387097
0.75,5,124,2,1.0,45.41017788461538,0.21774193548387097
0.75,5,125,0,1.0,25.26146826923077,0.216
0.75,5,125,1,1.0,35.32937307692307,0.216
0.75,5,125,2,1.0,45.40743461538461,0.216
0.75,5,126,0,1.0,25.265847115384616,0.21428571428571427
0.75,5,126,1,1.0,35.32532884615384,0.21428571428571427
0.75,5,126,2,1.0,45.39957692307692,0.21428571428571427
0.75,5,127,0,1.0,25.265359615384615,0.2125984251968504
0.75,5,127,1,1.0,35.351699999999994,0.2125984251968504
0.75,5,127,2,1.0,45.39556153846153,0.2125984251968504
0.75,5,128,0,1.0,25.24888269230769,0.2109375
0.75,5,128,1,1.0,35.333232692307696,0.2109375
0.75,5,128,2,1.0,45.40508076923077,0.2109375
0.75,10,40,0,0.6959,23.788348237478857,0.675
0.75,10,40,1,0.73494,33.38998630971445,0.675
0.75,10,40,2,0.76736,43.19846115753513,0.675
0.75,10,41,0,0.72013,23.879879060297878,0.6585365853658537
0.75,10,41,1,0.77035,33.59575068275659,0.6585365853658537
0.75,10,41,2,0.80107,43.49190289718271,0.6585365853658537
0.75,10,42,0,0.74355,23.968378051240666,0.6428571428571429
0.75,10,42,1,0.79874,33.792492406309165,0.6428571428571429
0.75,10,42,2,0.83632,43.75065304410531,0.6428571428571429
0.75,10,43,0,0.76715,24.044362500564027,0.627906976744186
0.75,10,43,1,0.82497,33.93807327259452,0.627906976744186
0.75,10,43,2,0.86367,43.99564002810903,0.627906976744186
0.75,10,44,0,0.78412,24.13749342722268,0.6136363636363636
0.75,10,44,1,0.84753,34.10600169360921,0.6136363636363636
0.75,10,44,2,0.88766,44.22178818466529,0.6136363636363636
0.75,10,45,0,0.80396,24.2251862894059,0.6
0.75,10,45,1,0.8685,34.25906735751295,0.6
0.75,10,45,2,0.90623,44.38446917449212,0.6
0.75,10,46,0,0.82181,24.305491724177312,0.5869565217391305
0.75,10,46,1,0.88699,34.40006695071578,0.5869565217391305
0.75,10,46,2,0.92438,44.57237865879332,0.5869565217391305
0.75,10,47,0,0.8375,24.37657405281286,0.574468085106383
0.75,10,47,1,0.90209,34.53496879468789,0.574468085106383
0.75,10,47,2,0.93701,44.751226897668765,0.574468085106383
0.75,10,48,0,0.85214,24.456527773515003,0.5625
0.75,10,48,1,0.91737,34.62362933838457,0.5625
0.75,10,48,2,0.94886,44.88283815072014,0.5625
0.75,10,49,0,0.86391,24.520900280745053,0.5510204081632653
0.75,10,49,1,0.92863,34.75253454427076,0.5510204081632653
0.75,10,49,2,0.95986,44.991014314587545,0.5510204081632653
0.75,10,50,0,0.87653,24.57886605311679,0.54
0.75,10,50,1,0.93979,34.8296673479427,0.54
0.75,10,50,2,0.96708,45.071963261332286,0.54
0.75,10,51,0,0.88915,24.655122221309036,0.5294117647058824
0.75,10,51,1,0.94802,34.95338259660215,0.5294117647058824
0.75,10,51,2,0.97394,45.171112065030066,0.5294117647058824
0.75,10,52,0,0.89787,24.705643098923865,0.5192307692307693
0.75,10,52,1,0.95611,35.00908328056878,0.5192307692307693
0.75,10,52,2,0.97873,45.264172801644825,0.5192307692307693
0.75,10,53,0,0.91013,24.74834427710665,0.5094339622641509
0.75,10,53,1,0.96337,35.065768723735026,0.5094339622641509
0.75,10,53,2,0.9827,45.32103564747046,0.5094339622641509
0.75,10,54,0,0.91665,24.81253540274158,0.5
0.75,10,54,1,0.96843,35.15464562388449,0.5
0.75,10,54,2,0.98723,45.39202929096874,0.5
0.75,10,55,0,0.92678,24.850875321833907,0.4909090909090909
0.75,10,55,1,0.97419,35.19317823801549,0.4909090909090909
0.75,10,55,2,0.99006,45.40888256189601,0.4909090909090909
0.75,10,56,0,0.93283,24.887035233561395,0.48214285714285715
0.75,10,56,1,0.97834,35.22357336839009,0.48214285714285715
0.75,10,56,2,0.99218,45.43661432401378,0.48214285714285715
0.75,10,57,0,0.93856,24.972149438419574,0.47368421052631576
0.75,10,57,1,0.98152,35.28617113488028,0.47368421052631576
0.75,10,57,2,0.99343,45.50211814699499,0.47368421052631576
0.75,10,58,0,0.94544,24.997112658981735,0.46551724137931033
0.75,10,58,1,0.98527,35.32092921034531,0.46551724137931033
0.75,10,58,2,0.99515,45.5348981019483,0.46551724137931033
0.75,10,59,0,0.95161,25.031684157941243,0.4576271186440678
0.75,10,59,1,0.98772,35.373336495238455,0.4576271186440678
0.75,10,59,2,0.99602,45.53291040649476,0.4576271186440678
0.75,10,60,0,0.95467,25.07207182344926,0.45
0.75,10,60,1,0.98926,35.39104598775464,0.45
0.75,10,60,2,0.99713,45.5509764948479,0.45
0.75,10,61,0,0.95976,25.127967689037646,0.4426229508196721
0.75,10,61,1,0.99177,35.416987576989385,0.4426229508196721
0.75,10,61,2,0.99783,45.54655140115589,0.4426229508196721
0.75,10,62,0,0.96377,25.13101094978773,0.43548387096774194
0.75,10,62,1,0.99271,35.41987240831817,0.43548387096774194
0.75,10,62,2,0.99828,45.58910267968598,0.43548387096774194
0.75,10,63,0,0.96856,25.172006936546563,0.42857142857142855
0.75,10,63,1,0.99413,35.48070829616,0.42857142857142855
0.75,10,63,2,0.99876,45.61933624617602,0.42857142857142855
0.75,10,64,0,0.9712,25.200804318210622,0.421875
0.75,10,64,1,0.99496,35.481581014466755,0.421875
0.75,10,64,2,0.99893,45.59914685636707,0.421875
0.75,10,65,0,0.9739,25.21203902627817,0.4153846153846154
0.75,10,65,1,0.99607,35.48723599129193,0.4153846153846154
0.75,10,65,2,0.99915,45.606379845945966,0.4153846153846154
0.75,10,66,0,0.9765,25.241905943518848,0.4090909090909091
0.75,10,66,1,0.99672,35.49956356850469,0.4090909090909091
0.75,10,66,2,0.99935,45.614499424626,0.4090909090909091
0.75,10,67,0,0.97982,25.263777844596262,0.40298507462686567
0.75,10,67,1,0.99721,35.50693936081668,0.40298507462686567
0.75,10,67,2,0.9996,45.60468706713454,0.40298507462686567
0.75,10,68,0,0.98123,25.27965881127219,0.39705882352941174
0.75,10,68,1,0.99769,35.5321157257881,0.39705882352941174
0.75,10,68,2,0.99957,45.61850538039049,0.39705882352941174
0.75,10,69,0,0.98305,25.305053346531402,0.391304347826087
0.75,10,69,1,0.9982,35.52414538476951,0.391304347826087
0.75,10,69,2,0.99971,45.64342409298697,0.391304347826087
0.75,10,70,0,0.98565,25.304514006766322,0.38571428571428573
0.75,10,70,1,0.99876,35.530313357794434,0.38571428571428573
0.75,10,70,2,0.99992,45.63613165976355,0.38571428571428573
0.75,10,71,0,0.9866,25.326975705219166,0.38028169014084506
0.75,10,71,1,0.9985,35.54810484958206,0.38028169014084506
0.75,10,71,2,0.9998,45.634078738824684,0.38028169014084506
0.75,10,72,0,0.98818,25.361714893113522,0.375
0.75,10,72,1,0.99902,35.54114570740865,0.375
0.75,10,72,2,0.99989,45.62032977473676,0.375
0.75,10,73,0,0.98918,25.37084523778048,0.3698630136986301
0.75,10,73,1,0.9992,35.5276644392437,0.3698630136986301
0.75,10,73,2,0.99981,45.63231821738437,0.3698630136986301
0.75,10,74,0,0.99118,25.39815111591933,0.36486486486486486
0.75,10,74,1,0.99926,35.55445067811719,0.36486486486486486
0.75,10,74,2,0.99993,45.64151125194147,0.36486486486486486
0.75,10,75,0,0.99189,25.38029961448889,0.36
0.75,10,75,1,0.99922,35.56814892539256,0.36
0.75,10,75,2,0.99998,45.631281856406346,0.36
0.75,10,76,0,0.99263,25.39904093166638,0.35526315789473684
0.75,10,76,1,0.99955,35.553531781609415,0.35526315789473684
0.75,10,76,2,0.99994,45.60662197424153,0.35526315789473684
0.75,10,77,0,0.99327,25.405319143992923,0.35064935064935066
0.75,10,77,1,0.99975,35.54285879162097,0.35064935064935066
0.75,10,77,2,0.99999,45.66824802863414,0.35064935064935066
0.75,10,78,0,0.99467,25.419381457012026,0.34615384615384615
0.75,10,78,1,0.99971,35.5587774300701,0.34615384615384615
0.75,10,78,2,0.99998,45.629905867348114,0.34615384615384615
0.75,10,79,0,0.99496,25.43790028667561,0.34177215189873417
0.75,10,79,1,0.99977,35.57249513541961,0.34177215189873417
0.75,10,79,2,0.99996,45.63717356386564,0.34177215189873417
0.75,10,80,0,0.99569,25.42367990655108,0.3375
0.75,10,80,1,0.99981,35.567021195565616,0.3375
0.75,10,80,2,0.99999,45.623862007850846,0.3375
0.75,10,81,0,0.99607,25.416372883895242,0.3333333333333333
0.75,10,81,1,0.99988,35.552962509347275,0.3333333333333333
0.75,10,81,2,1.0,45.63072115384615,0.3333333333333333
0.75,10,82,0,0.99664,25.458525260259087,0.32926829268292684
0.75,10,82,1,0.99994,35.5733074753716,0.32926829268292684
0.75,10,82,2,1.0,45.61519615384615,0.32926829268292684
0.75,10,83,0,0.99694,25.439553688131834,0.3253012048192771
0.75,10,83,1,0.99991,35.579129044690944,0.3253012048192771
0.75,10,83,2,0.99998,45.61489979799596,0.3253012048192771
0.75,10,84,0,0.99744,25.455481417043014,0.32142857142857145
0.75,10,84,1,0.99988,35.56522936598546,0.32142857142857145
0.75,10,84,2,0.99999,45.646786275555044,0.32142857142857145
0.75,10,85,0,0.99735,25.461237664426115,0.3176470588235294
0.75,10,85,1,0.99994,35.56329148979708,0.3176470588235294
0.75,10,85,2,1.0,45.62754519230769,0.3176470588235294
0.75,10,86,0,0.99768,25.479768832923156,0.313953488372093
0.75,10,86,1,0.99998,35.576142292076604,0.313953488372093
0.75,10,86,2,0.99999,45.61275035827281,0.313953488372093
0.75,10,87,0,0.99796,25.47834023716073,0.3103448275862069
0.75,10,87,1,0.99995,35.569322696904074,0.3103448275862069
0.75,10,87,2,1.0,45.64577019230768,0.3103448275862069
0.75,10,88,0,0.99836,25.461206378460677,0.3068181818181818
0.75,10,88,1,0.99996,35.564634123826494,0.3068181818181818
0.75,10,88,2,1.0,45.64192788461538,0.3068181818181818
0.75,10,89,0,0.99872,25.485325062233503,0.30337078651685395
0.75,10,89,1,1.0,35.55077884615385,0.30337078651685395
0.75,10,89,2,0.99999,45.66560857916272,0.30337078651685395
0.75,10,90,0,0.99881,25.475349319536402,0.3
0.75,10,90,1,0.99998,35.56589593330328,0.3
0.75,10,90,2,1.0,45.64270673076923,0.3
0.75,10,91,0,0.99893,25.484030412541415,0.2967032967032967
0.75,10,91,1,0.99999,35.55118051180511,0.2967032967032967
0.75,10,91,2,1.0,45.63359423076922,0.2967032967032967
0.75,10,92,0,0.999,25.474171286671286,0.29347826086956524
0.75,10,92,1,0.99999,35.57385958474969,0.29347826086956524
0.75,10,92,2,1.0,45.62744134615384,0.29347826086956524
0.75,10,93,0,0.99924,25.49236554396726,0.2903225806451613
0.75,10,93,1,0.99999,35.56494026478726,0.2903225806451613
0.75,10,93,2,0.99999,45.622139875244905,0.2903225806451613
0.75,10,94,0,0.99937,25.485302856184017,0.2872340425531915
0.75,10,94,1,0.99999,35.54845740765099,0.2872340425531915
0.75,10,94,2,1.0,45.638025,0.2872340425531915
0.75,10,95,0,0.99942,25.48326875741776,0.28421052631578947
0.75,10,95,1,1.0,35.56385192307692,0.28421052631578947
0.75,10,95,2,1.0,45.60765865384615,0.28421052631578947
0.75,10,96,0,0.9995,25.49330434447993,0.28125
0.75,10,96,1,1.0,35.56024038461538,0.28125
0.75,10,96,2,1.0,45.63626826923077,0.28125
0.75,10,97,0,0.9995,25.480871204833186,0.27835051546391754
0.75,10,97,1,1.0,35.56542692307692,0.27835051546391754
0.75,10,97,2,1.0,45.6403875,0.27835051546391754
0.75,10,98,0,0.99961,25.491783141579067,0.2755102040816326
0.75,10,98,1,1.0,35.54945192307692,0.2755102040816326
0.75,10,98,2,1.0,45.59687596153846,0.2755102040816326
0.75,10,99,0,0.99971,25.47900718131335,0.2727272727272727
0.75,10,99,1,1.0,35.59041923076923,0.2727272727272727
0.75,10,99,2,1.0,45.6420923076923,0.2727272727272727
0.75,10,100,0,0.99965,25.50321458664379,0.27
0.75,10,100,1,1.0,35.56744615384615,0.27
0.75,10,100,2,1.0,45.631906730769224,0.27
0.75,10,101,0,0.99972,25.484352926511725,0.26732673267326734
0.75,10,101,1,0.99999,35.57157494651869,0.26732673267326734
0.75,10,101,2,1.0,45.65920096153845,0.26732673267326734
0.75,10,102,0,0.99976,25.490601398181713,0.2647058823529412
0.75,10,102,1,1.0,35.562196153846145,0.2647058823529412
0.75,10,102,2,1.0,45.59762884615385,0.2647058823529412
0.75,10,103,0,0.99976,25.469405926653167,0.2621359223300971
0.75,10,103,1,1.0,35.53592884615384,0.2621359223300971
0.75,10,103,2,1.0,45.62611730769231,0.2621359223300971
0.75,10,104,0,0.99982,25.486844362754532,0.25961538461538464
0.75,10,104,1,1.0,35.56585384615384,0.25961538461538464
0.75,10,104,2,1.0,45.61459038461539,0.25961538461538464
0.75,10,105,0,0.99986,25.504225399248195,0.2571428571428571
0.75,10,105,1,1.0,35.57282307692307,0.2571428571428571
0.75,10,105,2,1.0,45.62845384615385,0.2571428571428571
0.75,10,106,0,0.99984,25.50613482772628,0.25471698113207547
0.75,10,106,1,1.0,35.5701173076923,0.25471698113207547
0.75,10,106,2,1.0,45.62247403846154,0.25471698113207547
0.75,10,107,0,0.99989,25.49589012483681,0.2523364485981308
0.75,10,107,1,1.0,35.55809423076924,0.2523364485981308
0.75,10,107,2,1.0,45.64956057692307,0.2523364485981308
0.75,10,108,0,0.99989,25.49163196413144,0.25
0.75,10,108,1,1.0,35.577075,0.25
0.75,10,108,2,1.0,45.63728942307692,0.25
0.75,10,109,0,0.9999,25.482038588474232,0.24770642201834864
0.75,10,109,1,1.0,35.55193846153846,0.24770642201834864
0.75,10,109,2,1.0,45.62639423076923,0.24770642201834864
0.75,10,110,0,0.99996,25.490606162708044,0.24545454545454545
0.75,10,110,1,1.0,35.536425,0.24545454545454545
0.75,10,110,2,1.0,45.62974326923077,0.24545454545454545
0.75,10,111,0,0.99988,25.493551533876374,0.24324324324324326
0.75,10,111,1,1.0,35.56444038461538,0.24324324324324326
0.75,10,111,2,1.0,45.61926346153846,0.24324324324324326
0.75,10,112,0,0.99993,25.495357751965713,0.24107142857142858
0.75,10,112,1,1.0,35.557407692307684,0.24107142857142858
0.75,10,112,2,1.0,45.60775384615384,0.24107142857142858
0.75,10,113,0,0.99992,25.499443801657982,0.23893805309734514
0.75,10,113,1,1.0,35.56840384615384,0.23893805309734514
0.75,10,113,2,1.0,45.615360576923074,0.23893805309734514
0.75,10,114,0,0.99996,25.48602809496995,0.23684210526315788
0.75,10,114,1,1.0,35.57207884615384,0.23684210526315788
0.75,10,114,2,1.0,45.638596153846144,0.23684210526315788
0.75,10,115,0,0.99997,25.501220805854945,0.23478260869565218
0.75,10,115,1,1.0,35.57712115384616,0.23478260869565218
0.75,10,115,2,1.0,45.63530769230769,0.23478260869565218
0.75,10,116,0,0.99998,25.50113021491199,0.23275862068965517
0.75,10,116,1,1.0,35.56401346153846,0.23275862068965517
0.75,10,116,2,1.0,45.62437788461539,0.23275862068965517
0.75,10,117,0,0.99998,25.492135804254545,0.23076923076923078
0.75,10,117,1,1.0,35.55379615384615,0.23076923076923078
0.75,10,117,2,1.0,45.61498846153846,0.23076923076923078
0.75,10,118,0,0.99998,25.50834478228026,0.2288135593220339
0.75,10,118,1,1.0,35.57133461538461,0.2288135593220339
0.75,10,118,2,1.0,45.63257307692306,0.2288135593220339
0.75,10,119,0,0.99997,25.50775177101467,0.226890756302521
0.75,10,119,1,1.0,35.566626923076925,0.226890756302521
0.75,10,119,2,1.0,45.62504423076923,0.226890756302521
0.75,10,120,0,0.99996,25.50732606227326,0.225
0.75,10,120,1,1.0,35.55304615384616,0.225
0.75,10,120,2,1.0,45.64138269230769,0.225
0.75,10,121,0,1.0,25.49952403846154,0.2231404958677686
0.75,10,121,1,1.0,35.56765961538461,0.2231404958677686
0.75,10,121,2,1.0,45.60740769230769,0.2231404958677686
0.75,10,122,0,0.99999,25.49341839572242,0.22131147540983606
0.75,10,122,1,1.0,35.55591923076923,0.22131147540983606
0.75,10,122,2,1.0,45.63447692307692,0.22131147540983606
0.75,10,123,0,1.0,25.495837500000004,0.21951219512195122
0.75,10,123,1,1.0,35.56545,0.21951219512195122
0.75,10,123,2,1.0,45.64657499999999,0.21951219512195122
0.75,10,124,0,0.99997,25.492448427298974,0.21774193548387097
0.75,10,124,1,1.0,35.5461,0.21774193548387097
0.75,10,124,2,1.0,45.66410769230769,0.21774193548387097
0.75,10,125,0,1.0,25.48299230769231,0.216
0.75,10,125,1,1.0,35.54485384615385,0.216
0.75,10,125,2,1.0,45.64890288461538,0.216
0.75,10,126,0,1.0,25.51284230769231,0.21428571428571427
0.75,10,126,1,1.0,35.57033076923077,0.21428571428571427
0.75,10,126,2,1.0,45.6239625,0.21428571428571427
0.75,10,127,0,1.0,25.50780288461538,0.2125984251968504
0.75,10,127,1,1.0,35.57063653846154,0.2125984251968504
0.75,10,127,2,1.0,45.62687884615384,0.2125984251968504
0.75,10,128,0,0.99999,25.481051925903873,0.2109375
0.75,10,128,1,1.0,35.570815384615386,0.2109375
0.75,10,128,2,1.0,45.62226634615384,0.2109375
0.75,20,40,0,0.67182,23.3314297785808,0.675
0.75,20,40,1,0.69119,32.52680438530205,0.675
0.75,20,40,2,0.71743,42.00602390584339,0.675
0.75,20,41,0,0.68801,23.394641233971335,0.6585365853658537
0.75,20,41,1,0.71704,32.696566654365384,0.6585365853658537
0.75,20,41,2,0.74274,42.33131715001212,0.6585365853658537
0.75,20,42,0,0.7063,23.478494374802597,0.6428571428571429
0.75,20,42,1,0.74259,32.891211321704596,0.6428571428571429
0.75,20,42,2,0.77082,42.60234730047722,0.6428571428571429
0.75,20,43,0,0.72065,23.543505062203455,0.627906976744186
0.75,20,43,1,0.76093,33.0578295385505,0.627906976744186
0.75,20,43,2,0.79503,42.87240974941439,0.627906976744186
0.75,20,44,0,0.73535,23.628583458426387,0.6136363636363636
0.75,20,44,1,0.78122,33.20762348043396,0.6136363636363636
0.75,20,44,2,0.81776,43.096215929443275,0.6136363636363636
0.75,20,45,0,0.74938,23.708067900233424,0.6
0.75,20,45,1,0.79843,33.386405436052875,0.6
0.75,20,45,2,0.83798,43.34816715838637,0.6
0.75,20,46,0,0.762,23.778297244094485,0.5869565217391305
0.75,20,46,1,0.81608,33.539620455762254,0.5869565217391305
0.75,20,46,2,0.85491,43.57711742936503,0.5869565217391305
0.75,20,47,0,0.77393,23.854620871098454,0.574468085106383
0.75,20,47,1,0.83392,33.700631678375345,0.574468085106383
0.75,20,47,2,0.87214,43.77617676943186,0.574468085106383
0.75,20,48,0,0.78673,23.92284543910578,0.5625
0.75,20,48,1,0.84621,33.83698400015271,0.5625
0.75,20,48,2,0.88694,44.02124590857764,0.5625
0.75,20,49,0,0.79678,23.985751785552228,0.5510204081632653
0.75,20,49,1,0.85806,33.98944667667135,0.5510204081632653
0.75,20,49,2,0.9011,44.20250996645126,0.5510204081632653
0.75,20,50,0,0.80748,24.058059547080948,0.54
0.75,20,50,1,0.87289,34.1051960904405,0.54
0.75,20,50,2,0.9116,44.34568974246464,0.54
0.75,20,51,0,0.8181,24.13227765084201,0.5294117647058824
0.75,20,51,1,0.88416,34.24557467844316,0.5294117647058824
0.75,20,51,2,0.92281,44.473182036805646,0.5294117647058824
0.75,20,52,0,0.82947,24.193707798585013,0.5192307692307693
0.75,20,52,1,0.89454,34.3522111063529,0.5192307692307693
0.75,20,52,2,0.93096,44.6427787940984,0.5192307692307693
0.75,20,53,0,0.83822,24.247298074858264,0.5094339622641509
0.75,20,53,1,0.90379,34.466211517821954,0.5094339622641509
0.75,20,53,2,0.94048,44.807608471615154,0.5094339622641509
0.75,20,54,0,0.84699,24.330686403526702,0.5
0.75,20,54,1,0.91289,34.566431881168604,0.5
0.75,20,54,2,0.94662,44.932661225445024,0.5
0.75,20,55,0,0.85347,24.40266928403594,0.4909090909090909
0.75,20,55,1,0.92147,34.65546063104855,0.4909090909090909
0.75,20,55,2,0.954,45.02105406386067,0.4909090909090909
0.75,20,56,0,0.8646,24.447302220680083,0.48214285714285715
0.75,20,56,1,0.92868,34.77482928623257,0.48214285714285715
0.75,20,56,2,0.96144,45.138065137870115,0.48214285714285715
0.75,20,57,0,0.87058,24.505016107740726,0.47368421052631576
0.75,20,57,1,0.93536,34.87037899023659,0.47368421052631576
0.75,20,57,2,0.96651,45.26414327361808,0.47368421052631576
0.75,20,58,0,0.88021,24.582972114172055,0.46551724137931033
0.75,20,58,1,0.94177,34.96603980557069,0.46551724137931033
0.75,20,58,2,0.96928,45.344574759694744,0.46551724137931033
0.75,20,59,0,0.88529,24.614437511567267,0.4576271186440678
0.75,20,59,1,0.94799,35.00879188112175,0.4576271186440678
0.75,20,59,2,0.97394,45.38018551924696,0.4576271186440678
0.75,20,60,0,0.89043,24.676476533809506,0.45
0.75,20,60,1,0.95209,35.120265779657224,0.45
0.75,20,60,2,0.97753,45.47972558780411,0.45
0.75,20,61,0,0.89895,24.72263474053062,0.4426229508196721
0.75,20,61,1,0.95706,35.16491008521289,0.4426229508196721
0.75,20,61,2,0.98043,45.563762642608154,0.4426229508196721
0.75,20,62,0,0.90415,24.773053952075685,0.43548387096774194
0.75,20,62,1,0.9616,35.240940579802896,0.43548387096774194
0.75,20,62,2,0.98256,45.62252804291458,0.43548387096774194
0.75,20,63,0,0.90869,24.839786268821474,0.42857142857142855
0.75,20,63,1,0.96556,35.27077152517312,0.42857142857142855
0.75,20,63,2,0.98546,45.679617211173536,0.42857142857142855
0.75,20,64,0,0.9143,24.862437846524035,0.421875
0.75,20,64,1,0.96997,35.38539256963538,0.421875
0.75,20,64,2,0.98638,45.71211730695144,0.421875
0.75,20,65,0,0.91968,24.919801745423158,0.4153846153846154
0.75,20,65,1,0.97192,35.414162371705174,0.4153846153846154
0.75,20,65,2,0.98879,45.758879150663546,0.4153846153846154
0.75,20,66,0,0.92422,24.96896759512804,0.4090909090909091
0.75,20,66,1,0.97469,35.48496879086605,0.4090909090909091
0.75,20,66,2,0.99039,45.8155703231128,0.4090909090909091
0.75,20,67,0,0.92845,25.009169542289257,0.40298507462686567
0.75,20,67,1,0.97717,35.53516591475698,0.40298507462686567
0.75,20,67,2,0.9918,45.83891176881195,0.40298507462686567
0.75,20,68,0,0.93236,25.04693940438985,0.39705882352941174
0.75,20,68,1,0.97866,35.533005098022564,0.39705882352941174
0.75,20,68,2,0.99292,45.82551386896148,0.39705882352941174
0.75,20,69,0,0.9368,25.108673963739076,0.391304347826087
0.75,20,69,1,0.98189,35.601410779994936,0.391304347826087
0.75,20,69,2,0.99392,45.89182421429987,0.391304347826087
0.75,20,70,0,0.94084,25.128757689527852,0.38571428571428573
0.75,20,70,1,0.9846,35.633970843294435,0.38571428571428573
0.75,20,70,2,0.99489,45.919601084619316,0.38571428571428573
0.75,20,71,0,0.94447,25.16128805654942,0.38028169014084506
0.75,20,71,1,0.98603,35.668570701936815,0.38028169014084506
0.75,20,71,2,0.99567,45.91842871943206,0.38028169014084506
0.75,20,72,0,0.94691,25.22228475129226,0.375
0.75,20,72,1,0.98723,35.686096062097604,0.375
0.75,20,72,2,0.99655,45.93270436853297,0.375
0.75,20,73,0,0.95246,25.24821353289216,0.3698630136986301
0.75,20,73,1,0.98853,35.71744641810801,0.3698630136986301
0.75,20,73,2,0.99678,45.978352217216354,0.3698630136986301
0.75,20,74,0,0.95346,25.27945486801915,0.36486486486486486
0.75,20,74,1,0.99032,35.74587002181113,0.36486486486486486
0.75,20,74,2,0.99706,45.962414112876466,0.36486486486486486
0.75,20,75,0,0.95726,25.316831774664543,0.36
0.75,20,75,1,0.99138,35.76442976922611,0.36
0.75,20,75,2,0.99758,46.07350846741422,0.36
0.75,20,76,0,0.9599,25.347336862012877,0.35526315789473684
0.75,20,76,1,0.99181,35.82430490331197,0.35526315789473684
0.75,20,76,2,0.99833,46.0471304386017,0.35526315789473684
0.75,20,77,0,0.96259,25.392131165357565,0.35064935064935066
0.75,20,77,1,0.99245,35.834930649480505,0.35064935064935066
0.75,20,77,2,0.99853,46.040920537805945,0.35064935064935066
0.75,20,78,0,0.96367,25.404126133187948,0.34615384615384615
0.75,20,78,1,0.99322,35.857062808921405,0.34615384615384615
0.75,20,78,2,0.99851,46.057012448548335,0.34615384615384615
0.75,20,79,0,0.96757,25.439608424276198,0.34177215189873417
0.75,20,79,1,0.99437,35.84245649158609,0.34177215189873417
0.75,20,79,2,0.99884,45.988079826444825,0.34177215189873417
0.75,20,80,0,0.96852,25.482624758155982,0.3375
0.75,20,80,1,0.99516,35.88692734372825,0.3375
0.75,20,80,2,0.99905,46.050031183470445,0.3375
0.75,20,81,0,0.97105,25.500047529834873,0.3333333333333333
0.75,20,81,1,0.99531,35.88538514865488,0.3333333333333333
0.75,20,81,2,0.99925,46.08202594253382,0.3333333333333333
0.75,20,82,0,0.97316,25.5336747929821,0.32926829268292684
0.75,20,82,1,0.99608,35.90077140853685,0.32926829268292684
0.75,20,82,2,0.99906,46.04480038158946,0.32926829268292684
0.75,20,83,0,0.97448,25.533970188439753,0.3253012048192771
0.75,20,83,1,0.99635,35.92177216069423,0.3253012048192771
0.75,20,83,2,0.99936,46.053293338505874,0.3253012048192771
0.75,20,84,0,0.9758,25.582077624670877,0.32142857142857145
0.75,20,84,1,0.99682,35.91979031782607,0.32142857142857145
0.75,20,84,2,0.99951,46.089144257609306,0.32142857142857145
0.75,20,85,0,0.97745,25.574156852406382,0.3176470588235294
0.75,20,85,1,0.99736,35.950100573205575,0.3176470588235294
0.75,20,85,2,0.99959,46.051056894865354,0.3176470588235294
0.75,20,86,0,0.97928,25.583599881859826,0.313953488372093
0.75,20,86,1,0.99774,35.921143322370085,0.313953488372093
0.75,20,86,2,0.99971,46.08153960802479,0.313953488372093
0.75,20,87,0,0.98167,25.597049690049374,0.3103448275862069
0.75,20,87,1,0.9977,35.95311524197963,0.3103448275862069
0.75,20,87,2,0.99974,46.06111338948126,0.3103448275862069
0.75,20,88,0,0.98109,25.633675103907194,0.3068181818181818
0.75,20,88,1,0.99796,35.96166371705973,0.3068181818181818
0.75,20,88,2,0.99974,46.079066134117944,0.3068181818181818
0.75,20,89,0,0.98302,25.651112623109633,0.30337078651685395
0.75,20,89,1,0.99836,35.95242158678695,0.30337078651685395
0.75,20,89,2,0.99983,46.08989201241134,0.30337078651685395
0.75,20,90,0,0.98394,25.673780530707777,0.3
0.75,20,90,1,0.99847,35.98814455347451,0.3
0.75,20,90,2,0.99981,46.08777879335535,0.3
0.75,20,91,0,0.98538,25.696824106904483,0.2967032967032967
0.75,20,91,1,0.9989,35.99450741970013,0.2967032967032967
0.75,20,91,2,0.99987,46.11675960182515,0.2967032967032967
0.75,20,92,0,0.98608,25.721567293650693,0.29347826086956524
0.75,20,92,1,0.99914,36.02070857860837,0.29347826086956524
0.75,20,92,2,0.9999,46.107223222322226,0.29347826086956524
0.75,20,93,0,0.98732,25.710751755334567,0.2903225806451613
0.75,20,93,1,0.99913,35.979656147001734,0.2903225806451613
0.75,20,93,2,0.9999,46.13011493457038,0.2903225806451613
0.75,20,94,0,0.98787,25.70329928961378,0.2872340425531915
0.75,20,94,1,0.99927,36.067244473080734,0.2872340425531915
0.75,20,94,2,0.99994,46.144239808234644,0.2872340425531915
0.75,20,95,0,0.9889,25.770548278195665,0.28421052631578947
0.75,20,95,1,0.99935,36.00105068294391,0.28421052631578947
0.75,20,95,2,0.99994,46.09094622600433,0.28421052631578947
0.75,20,96,0,0.98966,25.77472313723905,0.28125
0.75,20,96,1,0.9993,36.029039558460155,0.28125
0.75,20,96,2,0.99993,46.12314015827262,0.28125
0.75,20,97,0,0.99067,25.778859062747742,0.27835051546391754
0.75,20,97,1,0.99953,36.00933207838453,0.27835051546391754
0.75,20,97,2,0.99999,46.083567566444884,0.27835051546391754
0.75,20,98,0,0.99118,25.800393121174917,0.2755102040816326
0.75,20,98,1,0.99946,36.032149668513306,0.2755102040816326
0.75,20,98,2,0.99997,46.05080171635918,0.2755102040816326
0.75,20,99,0,0.99175,25.795459657559487,0.2727272727272727
0.75,20,99,1,0.99955,36.013188627189926,0.2727272727272727
0.75,20,99,2,0.99998,46.11710118817761,0.2727272727272727
0.75,20,100,0,0.99242,25.8281029821431,0.27
0.75,20,100,1,0.99967,36.035459009165336,0.27
0.75,20,100,2,0.99995,46.08697454103474,0.27
0.75,20,101,0,0.99303,25.820077478486592,0.26732673267326734
0.75,20,101,1,0.99973,35.99134266251888,0.26732673267326734
0.75,20,101,2,0.99997,46.113561291454126,0.26732673267326734
0.75,20,102,0,0.99341,25.832301211135228,0.2647058823529412
0.75,20,102,1,0.99976,36.00066131256117,0.2647058823529412
0.75,20,102,2,0.99993,46.072520268726514,0.2647058823529412
0.75,20,103,0,0.99457,25.83371360332761,0.2621359223300971
0.75,20,103,1,0.99973,36.03922289787474,0.2621359223300971
0.75,20,103,2,0.99998,46.118451215178155,0.2621359223300971
0.75,20,104,0,0.99428,25.83776702739671,0.25961538461538464
0.75,20,104,1,0.99982,36.003896085910846,0.25961538461538464
0.75,20,104,2,0.99998,46.10617116188479,0.25961538461538464
0.75,20,105,0,0.99485,25.84390669640958,0.2571428571428571
0.75,20,105,1,0.99975,36.00698251485947,0.2571428571428571
0.75,20,105,2,0.99994,46.078423359247694,0.2571428571428571
0.75,20,106,0,0.99546,25.83729362073042,0.25471698113207547
0.75,20,106,1,0.99986,36.02408183299508,0.25471698113207547
0.75,20,106,2,0.99995,46.12239650444061,0.25471698113207547
0.75,20,107,0,0.99561,25.91477258240599,0.2523364485981308
0.75,20,107,1,0.99983,36.01123344814772,0.2523364485981308
0.75,20,107,2,1.0,46.09359807692307,0.2523364485981308
0.75,20,108,0,0.99581,25.87328888813359,0.25
0.75,20,108,1,0.99986,36.002848091040434,0.25
0.75,20,108,2,0.99999,46.09649654188849,0.25
0.75,20,109,0,0.99636,25.88013831886528,0.24770642201834864
0.75,20,109,1,0.99984,36.01086173787806,0.24770642201834864
0.75,20,109,2,0.99996,46.09673713871632,0.24770642201834864
0.75,20,110,0,0.99709,25.88205234925942,0.24545454545454545
0.75,20,110,1,0.99988,36.02524225984042,0.24545454545454545
0.75,20,110,2,0.99994,46.09368965984114,0.24545454545454545
0.75,20,111,0,0.99699,25.899355135882086,0.24324324324324326
0.75,20,111,1,0.99993,36.05251983023427,0.24324324324324326
0.75,20,111,2,0.99995,46.08694857819813,0.24324324324324326
0.75,20,112,0,0.99705,25.905651479557005,0.24107142857142858
0.75,20,112,1,0.99992,36.02882076719984,0.24107142857142858
0.75,20,112,2,1.0,46.07826346153846,0.24107142857142858
0.75,20,113,0,0.9973,25.91155157386482,0.23893805309734514
0.75,20,113,1,0.99988,36.02184954502233,0.23893805309734514
0.75,20,113,2,0.99999,46.09807155763865,0.23893805309734514
0.75,20,114,0,0.99742,25.91424432728748,0.23684210526315788
0.75,20,114,1,0.99996,36.055274903303825,0.23684210526315788
0.75,20,114,2,0.99994,46.14392825107968,0.23684210526315788
0.75,20,115,0,0.9977,25.905254200044716,0.23478260869565218
0.75,20,115,1,0.99996,36.038203066584195,0.23478260869565218
0.75,20,115,2,0.99994,46.085242999195344,0.23478260869565218
0.75,20,116,0,0.9977,25.892737912583556,0.23275862068965517
0.75,20,116,1,0.99999,36.012019735581966,0.23275862068965517
0.75,20,116,2,0.99996,46.11239257262598,0.23275862068965517
0.75,20,117,0,0.99824,25.91915232347393,0.23076923076923078
0.75,20,117,1,0.99997,36.039988891974446,0.23076923076923078
0.75,20,117,2,0.99995,46.09478935485235,0.23076923076923078
0.75,20,118,0,0.99824,25.945711567743846,0.2288135593220339
0.75,20,118,1,0.99997,36.035159900950866,0.2288135593220339
0.75,20,118,2,0.99995,46.11394992826563,0.2288135593220339
0.75,20,119,0,0.99831,25.90275450126098,0.226890756302521
0.75,20,119,1,0.99999,36.026944884833455,0.226890756302521
0.75,20,119,2,0.99996,46.095811140137904,0.226890756302521
0.75,20,120,0,0.99831,25.905649778895565,0.225
0.75,20,120,1,0.99999,36.0389392355462,0.225
0.75,20,120,2,0.99997,46.115863283590805,0.225
0.75,20,121,0,0.99857,25.92428230061295,0.2231404958677686
0.75,20,121,1,0.99996,36.02386595463819,0.2231404958677686
0.75,20,121,2,0.99997,46.06451847401576,0.2231404958677686
0.75,20,122,0,0.9987,25.95274626244887,0.22131147540983606
0.75,20,122,1,0.99998,36.034464920067634,0.22131147540983606
0.75,20,122,2,0.99992,46.12837584699083,0.22131147540983606
0.75,20,123,0,0.99889,25.932686243268485,0.21951219512195122
0.75,20,123,1,0.99999,36.017725561870996,0.21951219512195122
0.75,20,123,2,0.99994,46.09079044742685,0.21951219512195122
0.75,20,124,0,0.99883,25.950922194352007,0.21774193548387097
0.75,20,124,1,0.99999,36.037104601815244,0.21774193548387097
0.75,20,124,2,0.99995,46.12949301311219,0.21774193548387097
0.75,20,125,0,0.99891,25.935181848214555,0.216
0.75,20,125,1,1.0,36.019171153846145,0.216
0.75,20,125,2,0.99995,46.12434371718586,0.216
0.75,20,126,0,0.99907,25.927404794150867,0.21428571428571427
0.75,20,126,1,0.99999,36.02708334775655,0.21428571428571427
0.75,20,126,2,0.99997,46.09638289148673,0.21428571428571427
0.75,20,127,0,0.99922,25.95021905547866,0.2125984251968504
0.75,20,127,1,1.0,36.04324038461538,0.2125984251968504
0.75,20,127,2,0.99997,46.100225314451734,0.2125984251968504
0.75,20,128,0,0.99928,25.94561834520855,0.2109375
0.75,20,128,1,1.0,36.059405769230764,0.2109375
0.75,20,128,2,0.99998,46.06695980073447,0.2109375
0.75,40,40,0,0.67217,22.98463873035782,0.675
0.75,40,40,1,0.67334,31.633470117965324,0.675
0.75,40,40,2,0.68313,40.698298780837966,0.675
0.75,40,41,0,0.68255,23.032902633224953,0.6585365853658537
0.75,40,41,1,0.68871,31.77546818299094,0.6585365853658537
0.75,40,41,2,0.70372,40.929098220883304,0.6585365853658537
0.75,40,42,0,0.69021,23.09379085295111,0.6428571428571429
0.75,40,42,1,0.70645,31.941367182608598,0.6428571428571429
0.75,40,42,2,0.72098,41.20620544259203,0.6428571428571429
0.75,40,43,0,0.70076,23.14571240235876,0.627906976744186
0.75,40,43,1,0.72104,32.07379138253292,0.627906976744186
0.75,40,43,2,0.7407,41.47254416300589,0.627906976744186
0.75,40,44,0,0.70962,23.19327597869282,0.6136363636363636
0.75,40,44,1,0.73447,32.24383935668943,0.6136363636363636
0.75,40,44,2,0.75932,41.7325230773283,0.6136363636363636
0.75,40,45,0,0.71657,23.247724737826893,0.6
0.75,40,45,1,0.74674,32.39693405798744,0.6
0.75,40,45,2,0.77462,41.91960375608487,0.6
0.75,40,46,0,0.7262,23.302814439760184,0.5869565217391305
0.75,40,46,1,0.76166,32.52324124028689,0.5869565217391305
0.75,40,46,2,0.78902,42.17389073690245,0.5869565217391305
0.75,40,47,0,0.73438,23.371787190450554,0.574468085106383
0.75,40,47,1,0.77097,32.672904063911496,0.574468085106383
0.75,40,47,2,0.80435,42.418011915976116,0.574468085106383
0.75,40,48,0,0.74392,23.413237930877596,0.5625
0.75,40,48,1,0.78436,32.790430316534405,0.5625
0.75,40,48,2,0.81858,42.65154291578099,0.5625
0.75,40,49,0,0.7503,23.47153830775382,0.5510204081632653
0.75,40,49,1,0.79523,32.927193777513814,0.5510204081632653
0.75,40,49,2,0.83157,42.819674508182395,0.5510204081632653
0.75,40,50,0,0.75705,23.530684641294904,0.54
0.75,40,50,1,0.80566,33.08671676733265,0.54
0.75,40,50,2,0.84216,43.07757730122542,0.54
0.75,40,51,0,0.76778,23.580819675908764,0.5294117647058824
0.75,40,51,1,0.81733,33.23644578171513,0.5294117647058824
0.75,40,51,2,0.85564,43.22301367757108,0.5294117647058824
0.75,40,52,0,0.77212,23.641401645419805,0.5192307692307693
0.75,40,52,1,0.82754,33.36057657449977,0.5192307692307693
0.75,40,52,2,0.86446,43.448375508765814,0.5192307692307693
0.75,40,53,0,0.77925,23.710935070704082,0.5094339622641509
0.75,40,53,1,0.83622,33.50529304949195,0.5094339622641509
0.75,40,53,2,0.87517,43.58809848811791,0.5094339622641509
0.75,40,54,0,0.78419,23.758561013961494,0.5
0.75,40,54,1,0.84515,33.60497908882811,0.5
0.75,40,54,2,0.88344,43.81098755563915,0.5
0.75,40,55,0,0.79192,23.82105782829656,0.4909090909090909
0.75,40,55,1,0.85172,33.725919767782116,0.4909090909090909
0.75,40,55,2,0.89388,43.98075180457883,0.4909090909090909
0.75,40,56,0,0.79998,23.8727614824986,0.48214285714285715
0.75,40,56,1,0.86079,33.87918924208263,0.48214285714285715
0.75,40,56,2,0.90071,44.12155517484924,0.48214285714285715
0.75,40,57,0,0.80606,23.935694327011348,0.47368421052631576
0.75,40,57,1,0.86883,33.970153495549724,0.47368421052631576
0.75,40,57,2,0.90804,44.29105440119548,0.47368421052631576
0.75,40,58,0,0.81201,23.994283416365658,0.46551724137931033
0.75,40,58,1,0.87717,34.082705659195966,0.46551724137931033
0.75,40,58,2,0.9139,44.475090903734625,0.46551724137931033
0.75,40,59,0,0.81723,24.05366416007545,0.4576271186440678
0.75,40,59,1,0.88345,34.20006138521617,0.4576271186440678
0.75,40,59,2,0.92363,44.59483651045748,0.4576271186440678
0.75,40,60,0,0.82156,24.1016153134562,0.45
0.75,40,60,1,0.8869,34.30698543760895,0.45
0.75,40,60,2,0.92754,44.72238912358745,0.45
0.75,40,61,0,0.82877,24.151366343636212,0.4426229508196721
0.75,40,61,1,0.89545,34.431854203086544,0.4426229508196721
0.75,40,61,2,0.9325,44.86930913590432,0.4426229508196721
0.75,40,62,0,0.83556,24.224472210254202,0.43548387096774194
0.75,40,62,1,0.90241,34.530534900987355,0.43548387096774194
0.75,40,62,2,0.93722,45.02981198076799,0.43548387096774194
0.75,40,63,0,0.83971,24.26859478959311,0.42857142857142855
0.75,40,63,1,0.90933,34.618163499922595,0.42857142857142855
0.75,40,63,2,0.94344,45.14279983562609,0.42857142857142855
0.75,40,64,0,0.84599,24.336379453475992,0.421875
0.75,40,64,1,0.91057,34.70051303452359,0.421875
0.75,40,64,2,0.9483,45.30546260920351,0.421875
0.75,40,65,0,0.85156,24.364370187565264,0.4153846153846154
0.75,40,65,1,0.91824,34.84785274840162,0.4153846153846154
0.75,40,65,2,0.95229,45.30948070925389,0.4153846153846154
0.75,40,66,0,0.85595,24.447252715156793,0.4090909090909091
0.75,40,66,1,0.9233,34.90036574494498,0.4090909090909091
0.75,40,66,2,0.95599,45.48169959936819,0.4090909090909091
0.75,40,67,0,0.85919,24.47978507485136,0.40298507462686567
0.75,40,67,1,0.92722,35.01913494930254,0.40298507462686567
0.75,40,67,2,0.96032,45.57583569899777,0.40298507462686567
0.75,40,68,0,0.86403,24.52880575727872,0.39705882352941174
0.75,40,68,1,0.93172,35.12747102959291,0.39705882352941174
0.75,40,68,2,0.96414,45.64687082629238,0.39705882352941174
0.75,40,69,0,0.86974,24.577709784179536,0.391304347826087
0.75,40,69,1,0.93336,35.15823723717784,0.391304347826087
0.75,40,69,2,0.96584,45.782475517524794,0.391304347826087
0.75,40,70,0,0.87316,24.631865426021136,0.38571428571428573
0.75,40,70,1,0.93885,35.27906276500301,0.38571428571428573
0.75,40,70,2,0.96889,45.81601309031667,0.38571428571428573
0.75,40,71,0,0.87725,24.697197316789794,0.38028169014084506
0.75,40,71,1,0.94286,35.36009914189071,0.38028169014084506
0.75,40,71,2,0.97051,45.8669836953291,0.38028169014084506
0.75,40,72,0,0.87876,24.72262051071965,0.375
0.75,40,72,1,0.94608,35.40090324122858,0.375
0.75,40,72,2,0.9735,46.02000711153252,0.375
0.75,40,73,0,0.88753,24.794548656643453,0.3698630136986301
0.75,40,73,1,0.95076,35.45984062952067,0.3698630136986301
0.75,40,73,2,0.97658,46.07936625775666,0.3698630136986301
0.75,40,74,0,0.88656,24.834984486277126,0.36486486486486486
0.75,40,74,1,0.95273,35.55894235916382,0.36486486486486486
0.75,40,74,2,0.9785,46.13660036948233,0.36486486486486486
0.75,40,75,0,0.89466,24.8883245719474,0.36
0.75,40,75,1,0.95658,35.640382323566165,0.36
0.75,40,75,2,0.98042,46.15240740624505,0.36
0.75,40,76,0,0.89541,24.939370275584974,0.35526315789473684
0.75,40,76,1,0.95807,35.68849152663488,0.35526315789473684
0.75,40,76,2,0.98193,46.202133122445666,0.35526315789473684
0.75,40,77,0,0.89948,24.987350597439203,0.35064935064935066
0.75,40,77,1,0.96066,35.659048106349964,0.35064935064935066
0.75,40,77,2,0.98329,46.24108076731413,0.35064935064935066
0.75,40,78,0,0.90581,25.028781082465077,0.34615384615384615
0.75,40,78,1,0.96258,35.82107461198031,0.34615384615384615
0.75,40,78,2,0.98432,46.4005060893268,0.34615384615384615
0.75,40,79,0,0.90716,25.09681843080857,0.34177215189873417
0.75,40,79,1,0.96544,35.865428437571715,0.34177215189873417
0.75,40,79,2,0.98585,46.395690364815984,0.34177215189873417
0.75,40,80,0,0.91074,25.12246486796029,0.3375
0.75,40,80,1,0.96751,35.9097838782028,0.3375
0.75,40,80,2,0.98701,46.41706244890356,0.3375
0.75,40,81,0,0.91442,25.1716462137412,0.3333333333333333
0.75,40,81,1,0.97079,36.00224282047848,0.3333333333333333
0.75,40,81,2,0.98815,46.461991911847704,0.3333333333333333
0.75,40,82,0,0.9169,25.20770971584855,0.32926829268292684
0.75,40,82,1,0.97197,36.02371393229136,0.32926829268292684
0.75,40,82,2,0.9895,46.5498853344735,0.32926829268292684
0.75,40,83,0,0.91889,25.24587671412917,0.3253012048192771
0.75,40,83,1,0.97323,36.049496956605246,0.3253012048192771
0.75,40,83,2,0.99032,46.58154007717785,0.3253012048192771
0.75,40,84,0,0.92296,25.280217785919554,0.32142857142857145
0.75,40,84,1,0.97489,36.0854676306676,0.32142857142857145
0.75,40,84,2,0.99135,46.59027899018821,0.32142857142857145
0.75,40,85,0,0.92493,25.316314997642234,0.3176470588235294
0.75,40,85,1,0.97653,36.15746768975548,0.3176470588235294
0.75,40,85,2,0.99184,46.601152907727055,0.3176470588235294
0.75,40,86,0,0.92729,25.358469095636003,0.313953488372093
0.75,40,86,1,0.97886,36.201943705314974,0.313953488372093
0.75,40,86,2,0.99208,46.682194131366565,0.313953488372093
0.75,40,87,0,0.93091,25.41952539409329,0.3103448275862069
0.75,40,87,1,0.98003,36.27050859510581,0.3103448275862069
0.75,40,87,2,0.99359,46.747149226542135,0.3103448275862069
0.75,40,88,0,0.9341,25.440532021773322,0.3068181818181818
0.75,40,88,1,0.98052,36.28401452604426,0.3068181818181818
0.75,40,88,2,0.99355,46.698292447826944,0.3068181818181818
0.75,40,89,0,0.93604,25.48306100495377,0.30337078651685395
0.75,40,89,1,0.98241,36.287005738634896,0.30337078651685395
0.75,40,89,2,0.99461,46.72692060204501,0.30337078651685395
0.75,40,90,0,0.93783,25.52835555730537,0.3
0.75,40,90,1,0.98419,36.361453424799926,0.3
0.75,40,90,2,0.99491,46.77393509888409,0.3
0.75,40,91,0,0.93944,25.571944660976428,0.2967032967032967
0.75,40,91,1,0.98474,36.34310735672516,0.2967032967032967
0.75,40,91,2,0.99583,46.75718129214207,0.2967032967032967
0.75,40,92,0,0.94139,25.61408171386502,0.29347826086956524
0.75,40,92,1,0.98521,36.37715465582114,0.29347826086956524
0.75,40,92,2,0.9962,46.84193203403702,0.29347826086956524
0.75,40,93,0,0.94414,25.651714380689956,0.2903225806451613
0.75,40,93,1,0.98688,36.47678698368752,0.2903225806451613
0.75,40,93,2,0.99609,46.790610904019324,0.2903225806451613
0.75,40,94,0,0.94738,25.691796566076157,0.2872340425531915
0.75,40,94,1,0.98726,36.47773012798437,0.2872340425531915
0.75,40,94,2,0.99664,46.81422464094743,0.2872340425531915
0.75,40,95,0,0.94825,25.728846660852984,0.28421052631578947
0.75,40,95,1,0.98859,36.50428699149605,0.28421052631578947
0.75,40,95,2,0.99704,46.86075977200205,0.28421052631578947
0.75,40,96,0,0.95138,25.761054387391916,0.28125
0.75,40,96,1,0.98861,36.54637669206103,0.28125
0.75,40,96,2,0.9973,46.891154193244844,0.28125
0.75,40,97,0,0.95199,25.80014677755988,0.27835051546391754
0.75,40,97,1,0.99003,36.50807784379494,0.27835051546391754
0.75,40,97,2,0.99776,46.863493456110916,0.27835051546391754
0.75,40,98,0,0.95566,25.789827690569062,0.2755102040816326
0.75,40,98,1,0.99036,36.61138956463384,0.2755102040816326
0.75,40,98,2,0.99781,46.85740425377731,0.2755102040816326
0.75,40,99,0,0.95689,25.86015232037763,0.2727272727272727
0.75,40,99,1,0.99183,36.57305958915106,0.2727272727272727
0.75,40,99,2,0.99788,46.9129959359997,0.2727272727272727
0.75,40,100,0,0.95823,25.87671560304696,0.27
0.75,40,100,1,0.99232,36.64684779103515,0.27
0.75,40,100,2,0.99804,46.94023940770063,0.27
0.75,40,101,0,0.95965,25.925738149726058,0.26732673267326734
0.75,40,101,1,0.99233,36.681960250505995,0.26732673267326734
0.75,40,101,2,0.99827,46.93185749808707,0.26732673267326734
0.75,40,102,0,0.96218,25.90556880449364,0.2647058823529412
0.75,40,102,1,0.99289,36.70708739135251,0.2647058823529412
0.75,40,102,2,0.99798,46.92969895342437,0.2647058823529412
0.75,40,103,0,0.9633,25.97965227702848,0.2621359223300971
0.75,40,103,1,0.99333,36.66173570019724,0.2621359223300971
0.75,40,103,2,0.99788,46.963771850168506,0.2621359223300971
0.75,40,104,0,0.96489,26.000504641023248,0.25961538461538464
0.75,40,104,1,0.99427,36.715203113842314,0.25961538461538464
0.75,40,104,2,0.99802,46.93013609254015,0.25961538461538464
0.75,40,105,0,0.96669,26.045096789440887,0.2571428571428571
0.75,40,105,1,0.99448,36.745077056119015,0.2571428571428571
0.75,40,105,2,0.9981,46.8930776167025,0.2571428571428571
0.75,40,106,0,0.96823,26.077074423670794,0.25471698113207547
0.75,40,106,1,0.99507,36.81198500917215,0.25471698113207547
0.75,40,106,2,0.99806,46.86032345057104,0.25471698113207547
0.75,40,107,0,0.96894,26.10144055121298,0.2523364485981308
0.75,40,107,1,0.99517,36.75260933385174,0.2523364485981308
0.75,40,107,2,0.99788,46.9509542923305,0.2523364485981308
0.75,40,108,0,0.97082,26.12272951652291,0.25
0.75,40,108,1,0.99591,36.742592588301534,0.25
0.75,40,108,2,0.99786,46.88104466635523,0.25
0.75,40,109,0,0.97169,26.13580759770645,0.24770642201834864
0.75,40,109,1,0.996,36.791444624652456,0.24770642201834864
0.75,40,109,2,0.99787,46.874932066840834,0.24770642201834864
0.75,40,110,0,0.9722,26.172048328137606,0.24545454545454545
0.75,40,110,1,0.99637,36.79019069993306,0.24545454545454545
0.75,40,110,2,0.99804,46.88902942074157,0.24545454545454545
0.75,40,111,0,0.97476,26.188470061269516,0.24324324324324326
0.75,40,111,1,0.99676,36.79173599385085,0.24324324324324326
0.75,40,111,2,0.99815,46.92096628763212,0.24324324324324326
0.75,40,112,0,0.97643,26.219645112218053,0.24107142857142858
0.75,40,112,1,0.99681,36.83449627388292,0.24107142857142858
0.75,40,112,2,0.99797,46.88967064679761,0.24107142857142858
0.75,40,113,0,0.97698,26.266894684876625,0.23893805309734514
0.75,40,113,1,0.99705,36.82969182164309,0.23893805309734514
0.75,40,113,2,0.9981,46.93458243740029,0.23893805309734514
0.75,40,114,0,0.97755,26.262907071446275,0.23684210526315788
0.75,40,114,1,0.99712,36.828882566406634,0.23684210526315788
0.75,40,114,2,0.99813,46.921458512032885,0.23684210526315788
0.75,40,115,0,0.97873,26.323750401815854,0.23478260869565218
0.75,40,115,1,0.99762,36.882694273910374,0.23478260869565218
0.75,40,115,2,0.99827,46.88454295161398,0.23478260869565218
0.75,40,116,0,0.97988,26.33468266129919,0.23275862068965517
0.75,40,116,1,0.99748,36.797175034934185,0.23275862068965517
0.75,40,116,2,0.99793,46.93943289532408,0.23275862068965517
0.75,40,117,0,0.98123,26.375620394810596,0.23076923076923078
0.75,40,117,1,0.99789,36.877045180715925,0.23076923076923078
0.75,40,117,2,0.99783,46.8776234814162,0.23076923076923078
0.75,40,118,0,0.98172,26.393693055202956,0.2288135593220339
0.75,40,118,1,0.99818,36.83542123588007,0.2288135593220339
0.75,40,118,2,0.99798,46.91594617280753,0.2288135593220339
0.75,40,119,0,0.98249,26.394866418683456,0.226890756302521
0.75,40,119,1,0.99827,36.8875577826563,0.226890756302521
0.75,40,119,2,0.99815,46.887621908222506,0.226890756302521
0.75,40,120,0,0.98335,26.436958043735903,0.225
0.75,40,120,1,0.99844,36.93618776059884,0.225
0.75,40,120,2,0.99809,46.954194049095314,0.225
0.75,40,121,0,0.98458,26.437711824018677,0.2231404958677686
0.75,40,121,1,0.99849,36.932668329177055,0.2231404958677686
0.75,40,121,2,0.99801,46.91404163516166,0.2231404958677686
0.75,40,122,0,0.9849,26.49156493826003,0.22131147540983606
0.75,40,122,1,0.9986,36.881110477745764,0.22131147540983606
0.75,40,122,2,0.99826,46.959319793363534,0.22131147540983606
0.75,40,123,0,0.98604,26.473440381572907,0.21951219512195122
0.75,40,123,1,0.99894,36.92855195738252,0.21951219512195122
0.75,40,123,2,0.99794,46.865689474162934,0.21951219512195122
0.75,40,124,0,0.98726,26.51980267063933,0.21774193548387097
0.75,40,124,1,0.99887,36.85365231942864,0.21774193548387097
0.75,40,124,2,0.99811,46.924144325082096,0.21774193548387097
0.75,40,125,0,0.98787,26.520094515706283,0.216
0.75,40,125,1,0.99904,36.8624417902725,0.216
0.75,40,125,2,0.99791,46.928426565367786,0.216
0.75,40,126,0,0.98794,26.5433843693404,0.21428571428571427
0.75,40,126,1,0.99919,36.95851716813696,0.21428571428571427
0.75,40,126,2,0.99804,46.91989761470944,0.21428571428571427
0.75,40,127,0,0.98981,26.550311131973267,0.2125984251968504
0.75,40,127,1,0.99912,36.93517410706036,0.2125984251968504
0.75,40,127,2,0.99781,46.90017869904322,0.2125984251968504
0.75,40,128,0,0.98956,26.583662280360812,0.2109375
0.75,40,128,1,0.99914,36.96212781453588,0.2109375
0.75,40,128,2,0.99796,46.945123821827295,0.2109375
0.85,2,40,0,0.9833,23.84269121247917,0.675
0.85,2,40,1,0.99575,32.736460727321884,0.675
0.85,2,40,2,0.99744,41.61208655697046,0.675
0.85,2,41,0,0.98937,23.865356042423265,0.6585365853658537
0.85,2,41,1,0.99806,32.746578362022326,0.6585365853658537
0.85,2,41,2,0.99896,41.61919646432289,0.6585365853658537
0.85,2,42,0,0.99312,23.867973194036505,0.6428571428571429
0.85,2,42,1,0.99917,32.75180130277361,0.6428571428571429
0.85,2,42,2,0.99966,41.626838702081784,0.6428571428571429
0.85,2,43,0,0.99581,23.880612651625693,0.627906976744186
0.85,2,43,1,0.99948,32.75692206101018,0.627906976744186
0.85,2,43,2,0.99986,41.63944586857545,0.627906976744186
0.85,2,44,0,0.99739,23.884932944215162,0.6136363636363636
0.85,2,44,1,0.99979,32.760798998558926,0.6136363636363636
0.85,2,44,2,0.99993,41.63507118575223,0.6136363636363636
0.85,2,45,0,0.99855,23.88795773101767,0.6
0.85,2,45,1,0.99992,32.75665514779644,0.6
0.85,2,45,2,0.99999,41.63119708120158,0.6
0.85,2,46,0,0.99925,23.89190450530205,0.5869565217391305
0.85,2,46,1,0.99995,32.76212849103993,0.5869565217391305
0.85,2,46,2,1.0,41.62334134615384,0.5869565217391305
0.85,2,47,0,0.9995,23.894627121252935,0.574468085106383
0.85,2,47,1,0.99997,32.75797697007833,0.574468085106383
0.85,2,47,2,0.99999,41.63701252397139,0.574468085106383
0.85,2,48,0,0.99973,23.899179701596353,0.5625
0.85,2,48,1,0.99999,32.76250262502626,0.5625
0.85,2,48,2,1.0,41.62482115384615,0.5625
0.85,2,49,0,0.99982,23.901393597001306,0.5510204081632653
0.85,2,49,1,1.0,32.76225576923077,0.5510204081632653
0.85,2,49,2,1.0,41.63325,0.5510204081632653
0.85,2,50,0,0.99991,23.8900856846347,0.54
0.85,2,50,1,1.0,32.75704615384615,0.54
0.85,2,50,2,1.0,41.63717884615385,0.54
0.85,2,51,0,0.99994,23.894397125365987,0.5294117647058824
0.85,2,51,1,1.0,32.761805769230776,0.5294117647058824
0.85,2,51,2,1.0,41.63636538461538,0.5294117647058824
0.85,2,52,0,0.99996,23.899682910393334,0.5192307692307693
0.85,2,52,1,1.0,32.76605192307692,0.5192307692307693
0.85,2,52,2,1.0,41.64266538461538,0.5192307692307693
0.85,2,53,0,0.99998,23.898290465809318,0.5094339622641509
0.85,2,53,1,1.0,32.76309807692307,0.5094339622641509
0.85,2,53,2,1.0,41.63251442307693,0.5094339622641509
0.85,2,54,0,0.99998,23.893034591461056,0.5
0.85,2,54,1,1.0,32.7548423076923,0.5
0.85,2,54,2,1.0,41.6313375,0.5
0.85,2,55,0,1.0,23.900198076923076,0.4909090909090909
0.85,2,55,1,1.0,32.76179423076923,0.4909090909090909
0.85,2,55,2,1.0,41.63206442307692,0.4909090909090909
0.85,2,56,0,0.99999,23.89267450366811,0.48214285714285715
0.85,2,56,1,1.0,32.75806730769231,0.48214285714285715
0.85,2,56,2,1.0,41.633925,0.48214285714285715
0.85,2,57,0,0.99999,23.90040823485158,0.47368421052631576
0.85,2,57,1,1.0,32.763046153846155,0.47368421052631576
0.85,2,57,2,1.0,41.61492980769231,0.47368421052631576
0.85,2,58,0,1.0,23.894019230769235,0.46551724137931033
0.85,2,58,1,1.0,32.76200192307692,0.46551724137931033
0.85,2,58,2,1.0,41.63369134615384,0.46551724137931033
0.85,2,59,0,1.0,23.901925961538463,0.4576271186440678
0.85,2,59,1,1.0,32.77047115384615,0.4576271186440678
0.85,2,59,2,1.0,41.62142019230769,0.4576271186440678
0.85,2,60,0,1.0,23.90033942307692,0.45
0.85,2,60,1,1.0,32.76721153846154,0.45
0.85,2,60,2,1.0,41.62361826923077,0.45
0.85,2,61,0,1.0,23.892608653846153,0.4426229508196721
0.85,2,61,1,1.0,32.76207115384615,0.4426229508196721
0.85,2,61,2,1.0,41.628724038461534,0.4426229508196721
0.85,2,62,0,1.0,23.89898076923077,0.43548387096774194
0.85,2,62,1,1.0,32.76376153846154,0.43548387096774194
0.85,2,62,2,1.0,41.64458653846153,0.43548387096774194
0.85,2,63,0,1.0,23.896906730769235,0.42857142857142855
0.85,2,63,1,1.0,32.758275,0.42857142857142855
0.85,2,63,2,1.0,41.6274173076923,0.42857142857142855
0.85,2,64,0,1.0,23.892020192307694,0.421875
0.85,2,64,1,1.0,32.7585576923077,0.421875
0.85,2,64,2,1.0,41.64206826923076,0.421875
0.85,2,65,0,1.0,23.89422692307692,0.4153846153846154
0.85,2,65,1,1.0,32.77011923076923,0.4153846153846154
0.85,2,65,2,1.0,41.64847211538462,0.4153846153846154
0.85,2,66,0,1.0,23.9004,0.4090909090909091
0.85,2,66,1,1.0,32.76522115384615,0.4090909090909091
0.85,2,66,2,1.0,41.63328461538462,0.4090909090909091
0.85,2,67,0,1.0,23.900325,0.40298507462686567
0.85,2,67,1,1.0,32.76814038461539,0.40298507462686567
0.85,2,67,2,1.0,41.63262692307691,0.40298507462686567
0.85,2,68,0,1.0,23.897195192307695,0.39705882352941174
0.85,2,68,1,1.0,32.760317307692304,0.39705882352941174
0.85,2,68,2,1.0,41.631121153846145,0.39705882352941174
0.85,2,69,0,1.0,23.90063076923077,0.391304347826087
0.85,2,69,1,1.0,32.76628846153846,0.391304347826087
0.85,2,69,2,1.0,41.64808269230769,0.391304347826087
0.85,2,70,0,1.0,23.89553365384615,0.38571428571428573
0.85,2,70,1,1.0,32.75661923076923,0.38571428571428573
0.85,2,70,2,1.0,41.631700961538456,0.38571428571428573
0.85,2,71,0,1.0,23.894590384615384,0.38028169014084506
0.85,2,71,1,1.0,32.76334038461538,0.38028169014084506
0.85,2,71,2,1.0,41.625210576923074,0.38028169014084506
0.85,2,72,0,1.0,23.894800961538454,0.375
0.85,2,72,1,1.0,32.762296153846144,0.375
0.85,2,72,2,1.0,41.6360625,0.375
0.85,2,73,0,1.0,23.899771153846157,0.3698630136986301
0.85,2,73,1,1.0,32.76038653846153,0.3698630136986301
0.85,2,73,2,1.0,41.64162692307691,0.3698630136986301
0.85,2,74,0,1.0,23.89812403846154,0.36486486486486486
0.85,2,74,1,1.0,32.76093461538461,0.36486486486486486
0.85,2,74,2,1.0,41.63107788461539,0.36486486486486486
0.85,2,75,0,1.0,23.891368269230764,0.36
0.85,2,75,1,1.0,32.762619230769225,0.36
0.85,2,75,2,1.0,41.62652596153846,0.36
0.85,2,76,0,1.0,23.893200000000004,0.35526315789473684
0.85,2,76,1,1.0,32.75085000000001,0.35526315789473684
0.85,2,76,2,1.0,41.63150192307692,0.35526315789473684
0.85,2,77,0,1.0,23.907977884615384,0.35064935064935066
0.85,2,77,1,1.0,32.75863846153845,0.35064935064935066
0.85,2,77,2,1.0,41.64000865384615,0.35064935064935066
0.85,2,78,0,1.0,23.899266346153844,0.34615384615384615
0.85,2,78,1,1.0,32.762186538461535,0.34615384615384615
0.85,2,78,2,1.0,41.6382,0.34615384615384615
0.85,2,79,0,1.0,23.896699038461534,0.34177215189873417
0.85,2,79,1,1.0,32.76147115384615,0.34177215189873417
0.85,2,79,2,1.0,41.63158846153846,0.34177215189873417
0.85,2,80,0,1.0,23.89712307692308,0.3375
0.85,2,80,1,1.0,32.76063461538461,0.3375
0.85,2,80,2,1.0,41.62784134615384,0.3375
0.85,2,81,0,1.0,23.89798557692307,0.3333333333333333
0.85,2,81,1,1.0,32.76184615384615,0.3333333333333333
0.85,2,81,2,1.0,41.63216826923077,0.3333333333333333
0.85,2,82,0,1.0,23.90211057692307,0.32926829268292684
0.85,2,82,1,1.0,32.76619615384615,0.32926829268292684
0.85,2,82,2,1.0,41.63437499999999,0.32926829268292684
0.85,2,83,0,1.0,23.90673173076923,0.3253012048192771
0.85,2,83,1,1.0,32.76481153846154,0.3253012048192771
0.85,2,83,2,1.0,41.62562596153846,0.3253012048192771
0.85,2,84,0,1.0,23.89929807692308,0.32142857142857145
0.85,2,84,1,1.0,32.761696153846145,0.32142857142857145
0.85,2,84,2,1.0,41.63460865384616,0.32142857142857145
0.85,2,85,0,1.0,23.89980576923077,0.3176470588235294
0.85,2,85,1,1.0,32.75787115384616,0.3176470588235294
0.85,2,85,2,1.0,41.64254423076923,0.3176470588235294
0.85,2,86,0,1.0,23.896064423076922,0.313953488372093
0.85,2,86,1,1.0,32.76341538461539,0.313953488372093
0.85,2,86,2,1.0,41.63953269230769,0.313953488372093
0.85,2,87,0,1.0,23.90400865384615,0.3103448275862069
0.85,2,87,1,1.0,32.76178846153846,0.3103448275862069
0.85,2,87,2,1.0,41.63379519230769,0.3103448275862069
0.85,2,88,0,1.0,23.90127980769231,0.3068181818181818
0.85,2,88,1,1.0,32.76679615384616,0.3068181818181818
0.85,2,88,2,1.0,41.6215673076923,0.3068181818181818
0.85,2,89,0,1.0,23.89574134615385,0.30337078651685395
0.85,2,89,1,1.0,32.762451923076924,0.30337078651685395
0.85,2,89,2,1.0,41.62569519230769,0.30337078651685395
0.85,2,90,0,1.0,23.897440384615386,0.3
0.85,2,90,1,1.0,32.76263076923077,0.3
0.85,2,90,2,1.0,41.62456153846153,0.3
0.85,2,91,0,1.0,23.90150480769231,0.2967032967032967
0.85,2,91,1,1.0,32.765244230769234,0.2967032967032967
0.85,2,91,2,1.0,41.63954134615385,0.2967032967032967
0.85,2,92,0,1.0,23.891711538461536,0.29347826086956524
0.85,2,92,1,1.0,32.76031730769231,0.29347826086956524
0.85,2,92,2,1.0,41.62664711538461,0.29347826086956524
0.85,2,93,0,1.0,23.895741346153844,0.2903225806451613
0.85,2,93,1,1.0,32.75475576923077,0.2903225806451613
0.85,2,93,2,1.0,41.63113846153846,0.2903225806451613
0.85,2,94,0,1.0,23.898256730769234,0.2872340425531915
0.85,2,94,1,1.0,32.75845384615385,0.2872340425531915
0.85,2,94,2,1.0,41.63557788461538,0.2872340425531915
0.85,2,95,0,1.0,23.904487499999995,0.28421052631578947
0.85,2,95,1,1.0,32.75515961538461,0.28421052631578947
0.85,2,95,2,1.0,41.6360625,0.28421052631578947
0.85,2,96,0,1.0,23.895375,0.28125
0.85,2,96,1,1.0,32.76191538461538,0.28125
0.85,2,96,2,1.0,41.62743461538461,0.28125
0.85,2,97,0,1.0,23.89676538461538,0.27835051546391754
0.85,2,97,1,1.0,32.76706153846154,0.27835051546391754
0.85,2,97,2,1.0,41.64041538461539,0.27835051546391754
0.85,2,98,0,1.0,23.894509615384614,0.2755102040816326
0.85,2,98,1,1.0,32.75701153846155,0.2755102040816326
0.85,2,98,2,1.0,41.637092307692306,0.2755102040816326
0.85,2,99,0,1.0,23.89472884615384,0.2727272727272727
0.85,2,99,1,1.0,32.75247692307693,0.2727272727272727
0.85,2,99,2,1.0,41.63307692307691,0.2727272727272727
0.85,2,100,0,1.0,23.896439423076924,0.27
0.85,2,100,1,1.0,32.765105769230765,0.27
0.85,2,100,2,1.0,41.633899038461536,0.27
0.85,2,101,0,1.0,23.90162884615384,0.26732673267326734
0.85,2,101,1,1.0,32.76413076923077,0.26732673267326734
0.85,2,101,2,1.0,41.625435576923074,0.26732673267326734
0.85,2,102,0,1.0,23.89260865384615,0.2647058823529412
0.85,2,102,1,1.0,32.760299999999994,0.2647058823529412
0.85,2,102,2,1.0,41.6356125,0.2647058823529412
0.85,2,103,0,1.0,23.899765384615385,0.2621359223300971
0.85,2,103,1,1.0,32.76613846153845,0.2621359223300971
0.85,2,103,2,1.0,41.62386923076923,0.2621359223300971
0.85,2,104,0,1.0,23.901115384615384,0.25961538461538464
0.85,2,104,1,1.0,32.76175961538461,0.25961538461538464
0.85,2,104,2,1.0,41.62428461538461,0.25961538461538464
0.85,2,105,0,1.0,23.896635576923078,0.2571428571428571
0.85,2,105,1,1.0,32.763865384615386,0.2571428571428571
0.85,2,105,2,1.0,41.64359999999999,0.2571428571428571
0.85,2,106,0,1.0,23.896347115384614,0.25471698113207547
0.85,2,106,1,1.0,32.76819230769231,0.25471698113207547
0.85,2,106,2,1.0,41.61352788461537,0.25471698113207547
0.85,2,107,0,1.0,23.89342788461538,0.2523364485981308
0.85,2,107,1,1.0,32.75470961538461,0.2523364485981308
0.85,2,107,2,1.0,41.6299875,0.2523364485981308
0.85,2,108,0,1.0,23.899912499999996,0.25
0.85,2,108,1,1.0,32.76557884615384,0.25
0.85,2,108,2,1.0,41.6323673076923,0.25
0.85,2,109,0,1.0,23.897832692307695,0.24770642201834864
0.85,2,109,1,1.0,32.76786923076923,0.24770642201834864
0.85,2,109,2,1.0,41.629425,0.24770642201834864
0.85,2,110,0,1.0,23.901161538461537,0.24545454545454545
0.85,2,110,1,1.0,32.76648461538461,0.24545454545454545
0.85,2,110,2,1.0,41.63353557692307,0.24545454545454545
0.85,2,111,0,1.0,23.90230096153846,0.24324324324324326
0.85,2,111,1,1.0,32.764113461538464,0.24324324324324326
0.85,2,111,2,1.0,41.633916346153846,0.24324324324324326
0.85,2,112,0,1.0,23.893823076923074,0.24107142857142858
0.85,2,112,1,1.0,32.76361153846154,0.24107142857142858
0.85,2,112,2,1.0,41.63582884615384,0.24107142857142858
0.85,2,113,0,1.0,23.894604807692303,0.23893805309734514
0.85,2,113,1,1.0,32.75836730769231,0.23893805309734514
0.85,2,113,2,1.0,41.62242403846154,0.23893805309734514
0.85,2,114,0,1.0,23.895323076923074,0.23684210526315788
0.85,2,114,1,1.0,32.76297115384616,0.23684210526315788
0.85,2,114,2,1.0,41.62733076923076,0.23684210526315788
0.85,2,115,0,1.0,23.90006826923077,0.23478260869565218
0.85,2,115,1,1.0,32.75584038461538,0.23478260869565218
0.85,2,115,2,1.0,41.628023076923064,0.23478260869565218
0.85,2,116,0,1.0,23.896903846153844,0.23275862068965517
0.85,2,116,1,1.0,32.75187692307692,0.23275862068965517
0.85,2,116,2,1.0,41.63585480769231,0.23275862068965517
0.85,2,117,0,1.0,23.89397596153846,0.23076923076923078
0.85,2,117,1,1.0,32.76529038461538,0.23076923076923078
0.85,2,117,2,1.0,41.640484615384615,0.23076923076923078
0.85,2,118,0,1.0,23.89959807692308,0.2288135593220339
0.85,2,118,1,1.0,32.7562903846154,0.2288135593220339
0.85,2,118,2,1.0,41.63561249999999,0.2288135593220339
0.85,2,119,0,1.0,23.891922115384617,0.226890756302521
0.85,2,119,1,1.0,32.76083076923077,0.226890756302521
0.85,2,119,2,1.0,41.62010480769231,0.226890756302521
0.85,2,120,0,1.0,23.89869519230769,0.225
0.85,2,120,1,1.0,32.76548076923076,0.225
0.85,2,120,2,1.0,41.64390288461539,0.225
0.85,2,121,0,1.0,23.89949423076923,0.2231404958677686
0.85,2,121,1,1.0,32.76027115384615,0.2231404958677686
0.85,2,121,2,1.0,41.64319326923077,0.2231404958677686
0.85,2,122,0,1.0,23.893254807692315,0.22131147540983606
0.85,2,122,1,1.0,32.759740384615384,0.22131147540983606
0.85,2,122,2,1.0,41.629485576923074,0.22131147540983606
0.85,2,123,0,1.0,23.901040384615385,0.21951219512195122
0.85,2,123,1,1.0,32.76418269230769,0.21951219512195122
0.85,2,123,2,1.0,41.62881923076923,0.21951219512195122
0.85,2,124,0,1.0,23.89645961538461,0.21774193548387097
0.85,2,124,1,1.0,32.75246538461538,0.21774193548387097
0.85,2,124,2,1.0,41.628386538461534,0.21774193548387097
0.85,2,125,0,1.0,23.90269615384615,0.216
0.85,2,125,1,1.0,32.76733846153846,0.216
0.85,2,125,2,1.0,41.632497115384616,0.216
0.85,2,126,0,1.0,23.897356730769236,0.21428571428571427
0.85,2,126,1,1.0,32.76034038461538,0.21428571428571427
0.85,2,126,2,1.0,41.62423269230769,0.21428571428571427
0.85,2,127,0,1.0,23.899361538461545,0.2125984251968504
0.85,2,127,1,1.0,32.75933653846153,0.2125984251968504
0.85,2,127,2,1.0,41.639740384615386,0.2125984251968504
0.85,2,128,0,1.0,23.89941346153846,0.2109375
0.85,2,128,1,1.0,32.757975,0.2109375
0.85,2,128,2,1.0,41.64534807692308,0.2109375
0.85,3,40,0,0.95475,23.76630007855459,0.675
0.85,3,40,1,0.98583,32.69677288719618,0.675
0.85,3,40,2,0.99337,41.59756396446903,0.675
0.85,3,41,0,0.96638,23.803599117722438,0.6585365853658537
0.85,3,41,1,0.99141,32.73214605771267,0.6585365853658537
0.85,3,41,2,0.99696,41.61725202307321,0.6585365853658537
0.85,3,42,0,0.97542,23.836320803819415,0.6428571428571429
0.85,3,42,1,0.99454,32.743554809258555,0.6428571428571429
0.85,3,42,2,0.99833,41.626901540958016,0.6428571428571429
0.85,3,43,0,0.98162,23.849632201400194,0.627906976744186
0.85,3,43,1,0.99676,32.77941877838041,0.627906976744186
0.85,3,43,2,0.99909,41.64926236721571,0.627906976744186
0.85,3,44,0,0.98629,23.868707284563676,0.6136363636363636
0.85,3,44,1,0.99823,32.77504259462325,0.6136363636363636
0.85,3,44,2,0.99957,41.64646471059478,0.6136363636363636
0.85,3,45,0,0.99112,23.88117929521846,0.6
0.85,3,45,1,0.99908,32.783289472468525,0.6
0.85,3,45,2,0.99976,41.65187433445565,0.6
0.85,3,46,0,0.99369,23.898958195444017,0.5869565217391305
0.85,3,46,1,0.99957,32.78691183362692,0.5869565217391305
0.85,3,46,2,0.99996,41.651442019219225,0.5869565217391305
0.85,3,47,0,0.99484,23.901655619921875,0.574468085106383
0.85,3,47,1,0.99966,32.78260954878505,0.574468085106383
0.85,3,47,2,0.99996,41.65665184299679,0.574468085106383
0.85,3,48,0,0.99662,23.915517140241707,0.5625
0.85,3,48,1,0.99987,32.783306060557095,0.5625
0.85,3,48,2,0.99996,41.663341533661345,0.5625
0.85,3,49,0,0.99756,23.923679547326245,0.5510204081632653
0.85,3,49,1,0.99987,32.781159627674676,0.5510204081632653
0.85,3,49,2,0.99999,41.6358615509232,0.5510204081632653
0.85,3,50,0,0.99829,23.92815753399852,0.54
0.85,3,50,1,0.99995,32.78124290829926,0.54
0.85,3,50,2,0.99999,41.65599925230021,0.54
0.85,3,51,0,0.99884,23.915894360535145,0.5294117647058824
0.85,3,51,1,0.99996,32.79138665546622,0.5294117647058824
0.85,3,51,2,1.0,41.65433942307691,0.5294117647058824
0.85,3,52,0,0.99912,23.923760601637127,0.5192307692307693
0.85,3,52,1,0.99998,32.79340779123274,0.5192307692307693
0.85,3,52,2,1.0,41.66018076923076,0.5192307692307693
0.85,3,53,0,0.99919,23.922272232816276,0.5094339622641509
0.85,3,53,1,1.0,32.78811346153846,0.5094339622641509
0.85,3,53,2,1.0,41.651769230769226,0.5094339622641509
0.85,3,54,0,0.99953,23.92301208491068,0.5
0.85,3,54,1,0.99999,32.79058175197137,0.5
0.85,3,54,2,1.0,41.64692307692307,0.5
0.85,3,55,0,0.9998,23.92385400156955,0.4909090909090909
0.85,3,55,1,1.0,32.794223076923075,0.4909090909090909
0.85,3,55,2,1.0,41.646724038461535,0.4909090909090909
0.85,3,56,0,0.99972,23.923468763561488,0.48214285714285715
0.85,3,56,1,1.0,32.78383269230769,0.48214285714285715
0.85,3,56,2,1.0,41.64916442307692,0.48214285714285715
0.85,3,57,0,0.99989,23.92431436688805,0.47368421052631576
0.85,3,57,1,1.0,32.77871538461538,0.47368421052631576
0.85,3,57,2,1.0,41.66764038461538,0.47368421052631576
0.85,3,58,0,0.99993,23.92490358940511,0.46551724137931033
0.85,3,58,1,1.0,32.787328846153855,0.46551724137931033
0.85,3,58,2,1.0,41.64437019230769,0.46551724137931033
0.85,3,59,0,0.99992,23.922468605180715,0.4576271186440678
0.85,3,59,1,1.0,32.7955673076923,0.4576271186440678
0.85,3,59,2,1.0,41.66340865384615,0.4576271186440678
0.85,3,60,0,0.99998,23.926995847609263,0.45
0.85,3,60,1,1.0,32.79122307692307,0.45
0.85,3,60,2,1.0,41.662275,0.45
0.85,3,61,0,0.99997,23.93395936493479,0.4426229508196721
0.85,3,61,1,1.0,32.78948076923077,0.4426229508196721
0.85,3,61,2,1.0,41.643816346153834,0.4426229508196721
0.85,3,62,0,0.99998,23.92998148424507,0.43548387096774194
0.85,3,62,1,1.0,32.80066153846154,0.43548387096774194
0.85,3,62,2,1.0,41.65767115384615,0.43548387096774194
0.85,3,63,0,0.99996,23.926164738897246,0.42857142857142855
0.85,3,63,1,1.0,32.78697115384615,0.42857142857142855
0.85,3,63,2,1.0,41.648723076923076,0.42857142857142855
0.85,3,64,0,1.0,23.92290576923077,0.421875
0.85,3,64,1,1.0,32.78496346153846,0.421875
0.85,3,64,2,1.0,41.654754807692306,0.421875
0.85,3,65,0,0.99999,23.932026820268202,0.4153846153846154
0.85,3,65,1,1.0,32.78546538461538,0.4153846153846154
0.85,3,65,2,1.0,41.65201153846153,0.4153846153846154
0.85,3,66,0,0.99999,23.92562002543102,0.4090909090909091
0.85,3,66,1,1.0,32.79023653846154,0.4090909090909091
0.85,3,66,2,1.0,41.64796153846154,0.4090909090909091
0.85,3,67,0,1.0,23.924524038461534,0.40298507462686567
0.85,3,67,1,1.0,32.79529615384615,0.40298507462686567
0.85,3,67,2,1.0,41.64513173076922,0.40298507462686567
0.85,3,68,0,1.0,23.923955769230776,0.39705882352941174
0.85,3,68,1,1.0,32.78939999999999,0.39705882352941174
0.85,3,68,2,1.0,41.648151923076924,0.39705882352941174
0.85,3,69,0,1.0,23.927659615384616,0.391304347826087
0.85,3,69,1,1.0,32.78449038461539,0.391304347826087
0.85,3,69,2,1.0,41.65191634615385,0.391304347826087
0.85,3,70,0,1.0,23.936423076923074,0.38571428571428573
0.85,3,70,1,1.0,32.79361153846155,0.38571428571428573
0.85,3,70,2,1.0,41.654088461538464,0.38571428571428573
0.85,3,71,0,1.0,23.925308653846145,0.38028169014084506
0.85,3,71,1,1.0,32.787565384615384,0.38028169014084506
0.85,3,71,2,1.0,41.65253076923076,0.38028169014084506
0.85,3,72,0,1.0,23.92411153846154,0.375
0.85,3,72,1,1.0,32.776367307692304,0.375
0.85,3,72,2,1.0,41.65082596153846,0.375
0.85,3,73,0,1.0,23.92605,0.3698630136986301
0.85,3,73,1,1.0,32.79357115384615,0.3698630136986301
0.85,3,73,2,1.0,41.64971826923077,0.3698630136986301
0.85,3,74,0,1.0,23.92390384615384,0.36486486486486486
0.85,3,74,1,1.0,32.786515384615385,0.36486486486486486
0.85,3,74,2,1.0,41.645339423076926,0.36486486486486486
0.85,3,75,0,1.0,23.9248125,0.36
0.85,3,75,1,1.0,32.79011538461538,0.36
0.85,3,75,2,1.0,41.63072307692307,0.36
0.85,3,76,0,0.99999,23.92431328159435,0.35526315789473684
0.85,3,76,1,1.0,32.787986538461524,0.35526315789473684
0.85,3,76,2,1.0,41.65425288461538,0.35526315789473684
0.85,3,77,0,1.0,23.926300961538466,0.35064935064935066
0.85,3,77,1,1.0,32.787484615384614,0.35064935064935066
0.85,3,77,2,1.0,41.66015480769231,0.35064935064935066
0.85,3,78,0,1.0,23.93128269230769,0.34615384615384615
0.85,3,78,1,1.0,32.79267115384616,0.34615384615384615
0.85,3,78,2,1.0,41.65902115384615,0.34615384615384615
0.85,3,79,0,1.0,23.930345192307687,0.34177215189873417
0.85,3,79,1,1.0,32.79079615384615,0.34177215189873417
0.85,3,79,2,1.0,41.65062692307691,0.34177215189873417
0.85,3,80,0,1.0,23.930348076923078,0.3375
0.85,3,80,1,1.0,32.78114423076923,0.3375
0.85,3,80,2,1.0,41.65941923076923,0.3375
0.85,3,81,0,1.0,23.93222596153846,0.3333333333333333
0.85,3,81,1,1.0,32.791736538461535,0.3333333333333333
0.85,3,81,2,1.0,41.65427019230769,0.3333333333333333
0.85,3,82,0,1.0,23.930408653846147,0.32926829268292684
0.85,3,82,1,1.0,32.78122499999999,0.32926829268292684
0.85,3,82,2,1.0,41.65018557692307,0.32926829268292684
0.85,3,83,0,1.0,23.92334711538462,0.3253012048192771
0.85,3,83,1,1.0,32.78996538461539,0.3253012048192771
0.85,3,83,2,1.0,41.653197115384614,0.3253012048192771
0.85,3,84,0,1.0,23.92600384615385,0.32142857142857145
0.85,3,84,1,1.0,32.79683076923077,0.32142857142857145
0.85,3,84,2,1.0,41.66394519230769,0.32142857142857145
0.85,3,85,0,1.0,23.93174423076923,0.3176470588235294
0.85,3,85,1,1.0,32.78524615384615,0.3176470588235294
0.85,3,85,2,1.0,41.65377692307692,0.3176470588235294
0.85,3,86,0,1.0,23.92948846153846,0.313953488372093
0.85,3,86,1,1.0,32.78989038461538,0.313953488372093
0.85,3,86,2,1.0,41.64834230769231,0.313953488372093
0.85,3,87,0,1.0,23.925980769230765,0.3103448275862069
0.85,3,87,1,1.0,32.783209615384614,0.3103448275862069
0.85,3,87,2,1.0,41.64622211538462,0.3103448275862069
0.85,3,88,0,1.0,23.92115769230769,0.3068181818181818
0.85,3,88,1,1.0,32.79061730769231,0.3068181818181818
0.85,3,88,2,1.0,41.65576730769231,0.3068181818181818
0.85,3,89,0,1.0,23.92848173076923,0.30337078651685395
0.85,3,89,1,1.0,32.7837,0.30337078651685395
0.85,3,89,2,1.0,41.66089038461538,0.30337078651685395
0.85,3,90,0,1.0,23.93186826923077,0.3
0.85,3,90,1,1.0,32.79021346153846,0.3
0.85,3,90,2,1.0,41.64881826923076,0.3
0.85,3,91,0,1.0,23.92324326923077,0.2967032967032967
0.85,3,91,1,1.0,32.79038653846153,0.2967032967032967
0.85,3,91,2,1.0,41.64942403846154,0.2967032967032967
0.85,3,92,0,1.0,23.92253653846154,0.29347826086956524
0.85,3,92,1,1.0,32.79374423076924,0.29347826086956524
0.85,3,92,2,1.0,41.64656826923076,0.29347826086956524
0.85,3,93,0,1.0,23.922155769230766,0.2903225806451613
0.85,3,93,1,1.0,32.79758653846154,0.2903225806451613
0.85,3,93,2,1.0,41.653275,0.2903225806451613
0.85,3,94,0,1.0,23.93137211538461,0.2872340425531915
0.85,3,94,1,1.0,32.78926730769231,0.2872340425531915
0.85,3,94,2,1.0,41.656269230769226,0.2872340425531915
0.85,3,95,0,1.0,23.926609615384614,0.28421052631578947
0.85,3,95,1,1.0,32.786273076923074,0.28421052631578947
0.85,3,95,2,1.0,41.65403653846153,0.28421052631578947
0.85,3,96,0,1.0,23.931937499999997,0.28125
0.85,3,96,1,1.0,32.79252692307693,0.28125
0.85,3,96,2,1.0,41.63923846153846,0.28125
0.85,3,97,0,1.0,23.933414423076922,0.27835051546391754
0.85,3,97,1,1.0,32.785719230769224,0.27835051546391754
0.85,3,97,2,1.0,41.64388557692308,0.27835051546391754
0.85,3,98,0,1.0,23.92850192307692,0.2755102040816326
0.85,3,98,1,1.0,32.801169230769226,0.2755102040816326
0.85,3,98,2,1.0,41.650133653846154,0.2755102040816326
0.85,3,99,0,1.0,23.928709615384616,0.2727272727272727
0.85,3,99,1,1.0,32.79089999999999,0.2727272727272727
0.85,3,99,2,1.0,41.66906826923078,0.2727272727272727
0.85,3,100,0,1.0,23.927108653846158,0.27
0.85,3,100,1,1.0,32.79406730769231,0.27
0.85,3,100,2,1.0,41.653949999999995,0.27
0.85,3,101,0,1.0,23.9304,0.26732673267326734
0.85,3,101,1,1.0,32.77865192307692,0.26732673267326734
0.85,3,101,2,1.0,41.64149711538462,0.26732673267326734
0.85,3,102,0,1.0,23.92740288461538,0.2647058823529412
0.85,3,102,1,1.0,32.783636538461536,0.2647058823529412
0.85,3,102,2,1.0,41.65903846153846,0.2647058823529412
0.85,3,103,0,1.0,23.92454423076923,0.2621359223300971
0.85,3,103,1,1.0,32.79441346153846,0.2621359223300971
0.85,3,103,2,1.0,41.64514903846153,0.2621359223300971
0.85,3,104,0,1.0,23.924792307692304,0.25961538461538464
0.85,3,104,1,1.0,32.79339230769231,0.25961538461538464
0.85,3,104,2,1.0,41.64432692307692,0.25961538461538464
0.85,3,105,0,1.0,23.92804615384615,0.2571428571428571
0.85,3,105,1,1.0,32.78541346153847,0.2571428571428571
0.85,3,105,2,1.0,41.65075673076923,0.2571428571428571
0.85,3,106,0,1.0,23.931773076923076,0.25471698113207547
0.85,3,106,1,1.0,32.78694230769231,0.25471698113207547
0.85,3,106,2,1.0,41.64315865384615,0.25471698113207547
0.85,3,107,0,1.0,23.925522115384616,0.2523364485981308
0.85,3,107,1,1.0,32.796236538461535,0.2523364485981308
0.85,3,107,2,1.0,41.65624326923077,0.2523364485981308
0.85,3,108,0,1.0,23.930829807692305,0.25
0.85,3,108,1,1.0,32.799415384615386,0.25
0.85,3,108,2,1.0,41.64441346153846,0.25
0.85,3,109,0,1.0,23.927625,0.24770642201834864
0.85,3,109,1,1.0,32.78695384615385,0.24770642201834864
0.85,3,109,2,1.0,41.64434423076922,0.24770642201834864
0.85,3,110,0,1.0,23.93725673076923,0.24545454545454545
0.85,3,110,1,1.0,32.78862692307692,0.24545454545454545
0.85,3,110,2,1.0,41.64667211538461,0.24545454545454545
0.85,3,111,0,1.0,23.925181730769225,0.24324324324324326
0.85,3,111,1,1.0,32.78985,0.24324324324324326
0.85,3,111,2,1.0,41.65567211538461,0.24324324324324326
0.85,3,112,0,1.0,23.931565384615386,0.24107142857142858
0.85,3,112,1,1.0,32.79687692307692,0.24107142857142858
0.85,3,112,2,1.0,41.64885288461538,0.24107142857142858
0.85,3,113,0,1.0,23.923396153846156,0.23893805309734514
0.85,3,113,1,1.0,32.79912692307692,0.23893805309734514
0.85,3,113,2,1.0,41.647667307692295,0.23893805309734514
0.85,3,114,0,1.0,23.93161730769231,0.23684210526315788
0.85,3,114,1,1.0,32.77770576923078,0.23684210526315788
0.85,3,114,2,1.0,41.64949326923077,0.23684210526315788
0.85,3,115,0,1.0,23.93360769230769,0.23478260869565218
0.85,3,115,1,1.0,32.79883846153846,0.23478260869565218
0.85,3,115,2,1.0,41.651007692307694,0.23478260869565218
0.85,3,116,0,1.0,23.931112499999994,0.23275862068965517
0.85,3,116,1,1.0,32.78496346153846,0.23275862068965517
0.85,3,116,2,1.0,41.637187499999996,0.23275862068965517
0.85,3,117,0,1.0,23.922660576923075,0.23076923076923078
0.85,3,117,1,1.0,32.789394230769226,0.23076923076923078
0.85,3,117,2,1.0,41.652375,0.23076923076923078
0.85,3,118,0,1.0,23.92997596153846,0.2288135593220339
0.85,3,118,1,1.0,32.785338461538466,0.2288135593220339
0.85,3,118,2,1.0,41.65341346153845,0.2288135593220339
0.85,3,119,0,1.0,23.928325961538466,0.226890756302521
0.85,3,119,1,1.0,32.79186923076923,0.226890756302521
0.85,3,119,2,1.0,41.64334903846153,0.226890756302521
0.85,3,120,0,1.0,23.925031730769234,0.225
0.85,3,120,1,1.0,32.78484807692308,0.225
0.85,3,120,2,1.0,41.64119423076923,0.225
0.85,3,121,0,1.0,23.924212499999996,0.2231404958677686
0.85,3,121,1,1.0,32.79956538461538,0.2231404958677686
0.85,3,121,2,1.0,41.66378942307693,0.2231404958677686
0.85,3,122,0,1.0,23.924867307692306,0.22131147540983606
0.85,3,122,1,1.0,32.78573653846154,0.22131147540983606
0.85,3,122,2,1.0,41.65305,0.22131147540983606
0.85,3,123,0,1.0,23.92733076923077,0.21951219512195122
0.85,3,123,1,1.0,32.79081346153846,0.21951219512195122
0.85,3,123,2,1.0,41.663382692307685,0.21951219512195122
0.85,3,124,0,1.0,23.92510961538461,0.21774193548387097
0.85,3,124,1,1.0,32.79139615384616,0.21774193548387097
0.85,3,124,2,1.0,41.65898653846153,0.21774193548387097
0.85,3,125,0,1.0,23.929520192307685,0.216
0.85,3,125,1,1.0,32.78889807692308,0.216
0.85,3,125,2,1.0,41.64878365384615,0.216
0.85,3,126,0,1.0,23.927451923076926,0.21428571428571427
0.85,3,126,1,1.0,32.788921153846154,0.21428571428571427
0.85,3,126,2,1.0,41.652219230769234,0.21428571428571427
0.85,3,127,0,1.0,23.925100961538455,0.2125984251968504
0.85,3,127,1,1.0,32.79403269230769,0.2125984251968504
0.85,3,127,2,1.0,41.65669326923076,0.2125984251968504
0.85,3,128,0,1.0,23.927177884615386,0.2109375
0.85,3,128,1,1.0,32.780123076923076,0.2109375
0.85,3,128,2,1.0,41.659990384615384,0.2109375
0.85,5,40,0,0.91006,23.606357738035864,0.675
0.85,5,40,1,0.95942,32.55796971888465,0.675
0.85,5,40,2,0.97806,41.482356556700154,0.675
0.85,5,41,0,0.9264,23.659077321642087,0.6585365853658537
0.85,5,41,1,0.97056,32.62344380088259,0.6585365853658537
0.85,5,41,2,0.9863,41.569229209399545,0.6585365853658537
0.85,5,42,0,0.93859,23.70113578715045,0.6428571428571429
0.85,5,42,1,0.97893,32.674721772358986,0.6428571428571429
0.85,5,42,2,0.99146,41.60276065289884,0.6428571428571429
0.85,5,43,0,0.9501,23.7423155862136,0.627906976744186
0.85,5,43,1,0.9848,32.72628374367306,0.627906976744186
0.85,5,43,2,0.99441,41.634728517025565,0.627906976744186
0.85,5,44,0,0.95919,23.77705708422251,0.6136363636363636
0.85,5,44,1,0.9892,32.74466546393355,0.6136363636363636
0.85,5,44,2,0.99618,41.665691788787015,0.6136363636363636
0.85,5,45,0,0.96646,23.80158994204066,0.6
0.85,5,45,1,0.99231,32.77728423887386,0.6
0.85,5,45,2,0.9979,41.69221133611353,0.6
0.85,5,46,0,0.97312,23.83212778722839,0.5869565217391305
0.85,5,46,1,0.99418,32.78498360457865,0.5869565217391305
0.85,5,46,2,0.99858,41.67932117452936,0.5869565217391305
0.85,5,47,0,0.97718,23.851433953590156,0.574468085106383
0.85,5,47,1,0.99625,32.80596274490879,0.574468085106383
0.85,5,47,2,0.99901,41.70213222628863,0.574468085106383
0.85,5,48,0,0.98197,23.882022676550516,0.5625
0.85,5,48,1,0.99718,32.8164963659057,0.5625
0.85,5,48,2,0.99942,41.69936928803321,0.5625
0.85,5,49,0,0.98464,23.896646724456893,0.5510204081632653
0.85,5,49,1,0.99829,32.82465708669517,0.5510204081632653
0.85,5,49,2,0.99977,41.705308567124284,0.5510204081632653
0.85,5,50,0,0.98787,23.911282316031933,0.54
0.85,5,50,1,0.99878,32.83090177709113,0.54
0.85,5,50,2,0.99977,41.70562883309315,0.54
0.85,5,51,0,0.99054,23.91336951406459,0.5294117647058824
0.85,5,51,1,0.99925,32.8274398106272,0.5294117647058824
0.85,5,51,2,0.99982,41.7045356625731,0.5294117647058824
0.85,5,52,0,0.99198,23.92414180962085,0.5192307692307693
0.85,5,52,1,0.99935,32.82852507976339,0.5192307692307693
0.85,5,52,2,0.99991,41.71144441461269,0.5192307692307693
0.85,5,53,0,0.99361,23.945170214594338,0.5094339622641509
0.85,5,53,1,0.99951,32.834629352998356,0.5094339622641509
0.85,5,53,2,0.99996,41.72304680648764,0.5094339622641509
0.85,5,54,0,0.99465,23.949453615303412,0.5
0.85,5,54,1,0.99982,32.84054206680279,0.5
0.85,5,54,2,0.99998,41.71738050145618,0.5
0.85,5,55,0,0.99622,23.95322106022303,0.4909090909090909
0.85,5,55,1,0.99983,32.850796173811084,0.4909090909090909
0.85,5,55,2,1.0,41.70528461538461,0.4909090909090909
0.85,5,56,0,0.99639,23.957712341553005,0.48214285714285715
0.85,5,56,1,0.99984,32.83579411167325,0.48214285714285715
0.85,5,56,2,0.99999,41.71023344848833,0.48214285714285715
0.85,5,57,0,0.99729,23.967570384974046,0.47368421052631576
0.85,5,57,1,0.99985,32.84751366551137,0.47368421052631576
0.85,5,57,2,1.0,41.718126923076916,0.47368421052631576
0.85,5,58,0,0.9978,23.96369802025995,0.46551724137931033
0.85,5,58,1,0.99993,32.85048222606352,0.46551724137931033
0.85,5,58,2,1.0,41.72607980769231,0.46551724137931033
0.85,5,59,0,0.99847,23.964004349732015,0.4576271186440678
0.85,5,59,1,0.99994,32.854780902238744,0.4576271186440678
0.85,5,59,2,1.0,41.72537019230768,0.4576271186440678
0.85,5,60,0,0.9985,23.975917722737957,0.45
0.85,5,60,1,0.99998,32.841137591982616,0.45
0.85,5,60,2,1.0,41.71605865384614,0.45
0.85,5,61,0,0.99884,23.97578787547401,0.4426229508196721
0.85,5,61,1,0.99996,32.84855048048075,0.4426229508196721
0.85,5,61,2,1.0,41.71870673076923,0.4426229508196721
0.85,5,62,0,0.99934,23.974908054700716,0.43548387096774194
0.85,5,62,1,0.99997,32.8321426565874,0.43548387096774194
0.85,5,62,2,1.0,41.71429326923077,0.43548387096774194
0.85,5,63,0,0.99933,23.992631794071254,0.42857142857142855
0.85,5,63,1,0.99999,32.83014176295609,0.42857142857142855
0.85,5,63,2,1.0,41.726798076923075,0.42857142857142855
0.85,5,64,0,0.99945,23.985320772578763,0.421875
0.85,5,64,1,0.99999,32.84663615866927,0.421875
0.85,5,64,2,1.0,41.69941730769231,0.421875
0.85,5,65,0,0.99966,23.982723356710512,0.4153846153846154
0.85,5,65,1,1.0,32.85347884615385,0.4153846153846154
0.85,5,65,2,1.0,41.717296153846156,0.4153846153846154
0.85,5,66,0,0.99969,23.986556986511975,0.4090909090909091
0.85,5,66,1,0.99999,32.84502075789988,0.4090909090909091
0.85,5,66,2,1.0,41.71010480769231,0.4090909090909091
0.85,5,67,0,0.99981,23.98824815176422,0.40298507462686567
0.85,5,67,1,1.0,32.848563461538454,0.40298507462686567
0.85,5,67,2,1.0,41.705734615384614,0.40298507462686567
0.85,5,68,0,0.9998,23.98640785849478,0.39705882352941174
0.85,5,68,1,1.0,32.85279807692307,0.39705882352941174
0.85,5,68,2,1.0,41.70734423076923,0.39705882352941174
0.85,5,69,0,0.99985,23.982326195083107,0.391304347826087
0.85,5,69,1,1.0,32.83688076923077,0.391304347826087
0.85,5,69,2,1.0,41.70722307692308,0.391304347826087
0.85,5,70,0,0.99991,23.985162510779816,0.38571428571428573
0.85,5,70,1,1.0,32.85339807692308,0.38571428571428573
0.85,5,70,2,1.0,41.70037788461537,0.38571428571428573
0.85,5,71,0,0.99991,23.98196606925393,0.38028169014084506
0.85,5,71,1,1.0,32.8332,0.38028169014084506
0.85,5,71,2,1.0,41.7093173076923,0.38028169014084506
0.85,5,72,0,0.99993,23.988464769456936,0.375
0.85,5,72,1,1.0,32.85066923076923,0.375
0.85,5,72,2,1.0,41.70923942307693,0.375
0.85,5,73,0,0.99997,23.995031389403216,0.3698630136986301
0.85,5,73,1,1.0,32.84028461538461,0.3698630136986301
0.85,5,73,2,1.0,41.723864423076925,0.3698630136986301
0.85,5,74,0,0.99996,23.98837972749679,0.36486486486486486
0.85,5,74,1,1.0,32.84564999999999,0.36486486486486486
0.85,5,74,2,1.0,41.7087375,0.36486486486486486
0.85,5,75,0,0.99998,23.983962371555123,0.36
0.85,5,75,1,1.0,32.84270192307692,0.36
0.85,5,75,2,1.0,41.70967211538461,0.36
0.85,5,76,0,1.0,23.98757596153846,0.35526315789473684
0.85,5,76,1,1.0,32.84365961538462,0.35526315789473684
0.85,5,76,2,1.0,41.697920192307684,0.35526315789473684
0.85,5,77,0,0.99996,23.998107039666202,0.35064935064935066
0.85,5,77,1,1.0,32.84552884615385,0.35064935064935066
0.85,5,77,2,1.0,41.70628846153846,0.35064935064935066
0.85,5,78,0,1.0,23.98613653846154,0.34615384615384615
0.85,5,78,1,1.0,32.84447307692307,0.34615384615384615
0.85,5,78,2,1.0,41.71994423076923,0.34615384615384615
0.85,5,79,0,1.0,23.998690384615387,0.34177215189873417
0.85,5,79,1,1.0,32.83246153846154,0.34177215189873417
0.85,5,79,2,1.0,41.716179807692306,0.34177215189873417
0.85,5,80,0,0.99998,23.997500142310543,0.3375
0.85,5,80,1,1.0,32.83857115384615,0.3375
0.85,5,80,2,1.0,41.72035096153845,0.3375
0.85,5,81,0,1.0,23.979951923076925,0.3333333333333333
0.85,5,81,1,1.0,32.84105769230769,0.3333333333333333
0.85,5,81,2,1.0,41.71467403846153,0.3333333333333333
0.85,5,82,0,1.0,23.99584615384615,0.32926829268292684
0.85,5,82,1,1.0,32.85055384615384,0.32926829268292684
0.85,5,82,2,1.0,41.70324230769231,0.32926829268292684
0.85,5,83,0,1.0,23.980289423076925,0.3253012048192771
0.85,5,83,1,1.0,32.84053269230769,0.3253012048192771
0.85,5,83,2,1.0,41.71729615384614,0.3253012048192771
0.85,5,84,0,1.0,23.98975096153846,0.32142857142857145
0.85,5,84,1,1.0,32.84605961538462,0.32142857142857145
0.85,5,84,2,1.0,41.6906423076923,0.32142857142857145
0.85,5,85,0,1.0,23.98240384615385,0.3176470588235294
0.85,5,85,1,1.0,32.83988076923077,0.3176470588235294
0.85,5,85,2,1.0,41.71858557692307,0.3176470588235294
0.85,5,86,0,1.0,23.986600961538464,0.313953488372093
0.85,5,86,1,1.0,32.85173076923077,0.313953488372093
0.85,5,86,2,1.0,41.71914807692308,0.313953488372093
0.85,5,87,0,1.0,23.980459615384614,0.3103448275862069
0.85,5,87,1,1.0,32.84495192307693,0.3103448275862069
0.85,5,87,2,1.0,41.71002692307692,0.3103448275862069
0.85,5,88,0,1.0,23.985568269230775,0.3068181818181818
0.85,5,88,1,1.0,32.859271153846144,0.3068181818181818
0.85,5,88,2,1.0,41.69232115384615,0.3068181818181818
0.85,5,89,0,1.0,23.988721153846154,0.30337078651685395
0.85,5,89,1,1.0,32.83652884615385,0.30337078651685395
0.85,5,89,2,1.0,41.70724038461539,0.30337078651685395
0.85,5,90,0,1.0,23.986485576923076,0.3
0.85,5,90,1,1.0,32.8527173076923,0.3
0.85,5,90,2,1.0,41.69947788461538,0.3
0.85,5,91,0,1.0,23.984665384615386,0.2967032967032967
0.85,5,91,1,1.0,32.84858653846155,0.2967032967032967
0.85,5,91,2,1.0,41.71470865384615,0.2967032967032967
0.85,5,92,0,1.0,23.98610192307692,0.29347826086956524
0.85,5,92,1,1.0,32.844848076923064,0.29347826086956524
0.85,5,92,2,1.0,41.73126346153847,0.29347826086956524
0.85,5,93,0,1.0,23.985602884615385,0.2903225806451613
0.85,5,93,1,1.0,32.85519807692308,0.2903225806451613
0.85,5,93,2,1.0,41.71523653846153,0.2903225806451613
0.85,5,94,0,1.0,23.987737500000005,0.2872340425531915
0.85,5,94,1,1.0,32.83000961538462,0.2872340425531915
0.85,5,94,2,1.0,41.69774711538462,0.2872340425531915
0.85,5,95,0,1.0,23.987622115384614,0.28421052631578947
0.85,5,95,1,1.0,32.84457692307692,0.28421052631578947
0.85,5,95,2,1.0,41.702653846153844,0.28421052631578947
0.85,5,96,0,1.0,23.99277980769231,0.28125
0.85,5,96,1,1.0,32.840705769230766,0.28125
0.85,5,96,2,1.0,41.71604999999999,0.28125
0.85,5,97,0,1.0,23.9889,0.27835051546391754
0.85,5,97,1,1.0,32.84144423076922,0.27835051546391754
0.85,5,97,2,1.0,41.71709711538461,0.27835051546391754
0.85,5,98,0,1.0,23.987209615384614,0.2755102040816326
0.85,5,98,1,1.0,32.85378461538461,0.2755102040816326
0.85,5,98,2,1.0,41.714068269230765,0.2755102040816326
0.85,5,99,0,1.0,23.98816153846154,0.2727272727272727
0.85,5,99,1,1.0,32.84863846153846,0.2727272727272727
0.85,5,99,2,1.0,41.71084903846153,0.2727272727272727
0.85,5,100,0,1.0,23.981798076923074,0.27
0.85,5,100,1,1.0,32.85158076923077,0.27
0.85,5,100,2,1.0,41.73025961538462,0.27
0.85,5,101,0,1.0,23.98150673076923,0.26732673267326734
0.85,5,101,1,1.0,32.83760769230769,0.26732673267326734
0.85,5,101,2,1.0,41.71224230769231,0.26732673267326734
0.85,5,102,0,1.0,23.99125096153846,0.2647058823529412
0.85,5,102,1,1.0,32.844282692307694,0.2647058823529412
0.85,5,102,2,1.0,41.708287500000004,0.2647058823529412
0.85,5,103,0,1.0,23.98763942307692,0.2621359223300971
0.85,5,103,1,1.0,32.8428,0.2621359223300971
0.85,5,103,2,1.0,41.70426346153845,0.2621359223300971
0.85,5,104,0,1.0,23.984699999999997,0.25961538461538464
0.85,5,104,1,1.0,32.855053846153844,0.25961538461538464
0.85,5,104,2,1.0,41.71463942307692,0.25961538461538464
0.85,5,105,0,1.0,23.990362499999996,0.2571428571428571
0.85,5,105,1,1.0,32.84030192307692,0.2571428571428571
0.85,5,105,2,1.0,41.711532692307685,0.2571428571428571
0.85,5,106,0,1.0,23.98984326923077,0.25471698113207547
0.85,5,106,1,1.0,32.839309615384614,0.25471698113207547
0.85,5,106,2,1.0,41.71267499999999,0.25471698113207547
0.85,5,107,0,1.0,23.99000769230769,0.2523364485981308
0.85,5,107,1,1.0,32.84286346153846,0.2523364485981308
0.85,5,107,2,1.0,41.71219038461539,0.2523364485981308
0.85,5,108,0,1.0,23.99284903846154,0.25
0.85,5,108,1,1.0,32.84556346153847,0.25
0.85,5,108,2,1.0,41.70433269230769,0.25
0.85,5,109,0,1.0,23.98741153846154,0.24770642201834864
0.85,5,109,1,1.0,32.85274615384615,0.24770642201834864
0.85,5,109,2,1.0,41.70634038461539,0.24770642201834864
0.85,5,110,0,1.0,23.988351923076923,0.24545454545454545
0.85,5,110,1,1.0,32.84837884615384,0.24545454545454545
0.85,5,110,2,1.0,41.71174038461538,0.24545454545454545
0.85,5,111,0,1.0,23.977690384615386,0.24324324324324326
0.85,5,111,1,1.0,32.85077884615385,0.24324324324324326
0.85,5,111,2,1.0,41.70663461538461,0.24324324324324326
0.85,5,112,0,1.0,23.988611538461534,0.24107142857142858
0.85,5,112,1,1.0,32.847755769230766,0.24107142857142858
0.85,5,112,2,1.0,41.724054807692305,0.24107142857142858
0.85,5,113,0,1.0,23.98766826923077,0.23893805309734514
0.85,5,113,1,1.0,32.83844423076922,0.23893805309734514
0.85,5,113,2,1.0,41.71541826923077,0.23893805309734514
0.85,5,114,0,1.0,23.98595192307692,0.23684210526315788
0.85,5,114,1,1.0,32.85302884615385,0.23684210526315788
0.85,5,114,2,1.0,41.6903221153846,0.23684210526315788
0.85,5,115,0,1.0,23.988040384615385,0.23478260869565218
0.85,5,115,1,1.0,32.84104615384615,0.23478260869565218
0.85,5,115,2,1.0,41.70834807692307,0.23478260869565218
0.85,5,116,0,1.0,23.98418653846154,0.23275862068965517
0.85,5,116,1,1.0,32.84792307692308,0.23275862068965517
0.85,5,116,2,1.0,41.69254615384615,0.23275862068965517
0.85,5,117,0,1.0,23.98328076923077,0.23076923076923078
0.85,5,117,1,1.0,32.8518,0.23076923076923078
0.85,5,117,2,1.0,41.68801153846154,0.23076923076923078
0.85,5,118,0,1.0,23.991196153846154,0.2288135593220339
0.85,5,118,1,1.0,32.85024807692307,0.2288135593220339
0.85,5,118,2,1.0,41.7026625,0.2288135593220339
0.85,5,119,0,1.0,23.980727884615384,0.226890756302521
0.85,5,119,1,1.0,32.848805769230765,0.226890756302521
0.85,5,119,2,1.0,41.70992307692307,0.226890756302521
0.85,5,120,0,1.0,23.98172884615385,0.225
0.85,5,120,1,1.0,32.851309615384615,0.225
0.85,5,120,2,1.0,41.71687211538461,0.225
0.85,5,121,0,1.0,23.977774038461536,0.2231404958677686
0.85,5,121,1,1.0,32.84348076923077,0.2231404958677686
0.85,5,121,2,1.0,41.701113461538455,0.2231404958677686
0.85,5,122,0,1.0,23.986289423076926,0.22131147540983606
0.85,5,122,1,1.0,32.85237115384615,0.22131147540983606
0.85,5,122,2,1.0,41.68563173076924,0.22131147540983606
0.85,5,123,0,1.0,23.985354807692307,0.21951219512195122
0.85,5,123,1,1.0,32.84029615384615,0.21951219512195122
0.85,5,123,2,1.0,41.70696346153846,0.21951219512195122
0.85,5,124,0,1.0,23.981650961538463,0.21774193548387097
0.85,5,124,1,1.0,32.85375,0.21774193548387097
0.85,5,124,2,1.0,41.7194076923077,0.21774193548387097
0.85,5,125,0,1.0,23.99251442307692,0.216
0.85,5,125,1,1.0,32.846457692307695,0.216
0.85,5,125,2,1.0,41.72615769230769,0.216
0.85,5,126,0,1.0,23.98677692307693,0.21428571428571427
0.85,5,126,1,1.0,32.839038461538465,0.21428571428571427
0.85,5,126,2,1.0,41.69471826923076,0.21428571428571427
0.85,5,127,0,1.0,23.991317307692306,0.2125984251968504
0.85,5,127,1,1.0,32.84983846153847,0.2125984251968504
0.85,5,127,2,1.0,41.71905288461539,0.2125984251968504
0.85,5,128,0,1.0,23.98254807692308,0.2109375
0.85,5,128,1,1.0,32.84251730769231,0.2109375
0.85,5,128,2,1.0,41.72333653846154,0.2109375
0.85,10,40,0,0.85142,23.29555444027444,0.675
0.85,10,40,1,0.90398,32.16320944813278,0.675
0.85,10,40,2,0.93584,41.13298973690441,0.675
0.85,10,41,0,0.86803,23.349167522568788,0.6585365853658537
0.85,10,41,1,0.92069,32.254542370813866,0.6585365853658537
0.85,10,41,2,0.95003,41.20870272112864,0.6585365853658537
0.85,10,42,0,0.88233,23.40079130518932,0.6428571428571429
0.85,10,42,1,0.93413,32.361479500876584,0.6428571428571429
0.85,10,42,2,0.96083,41.33191835744576,0.6428571428571429
0.85,10,43,0,0.89181,23.453287092024606,0.627906976744186
0.85,10,43,1,0.94447,32.44496709998525,0.627906976744186
0.85,10,43,2,0.96876,41.43192765057314,0.627906976744186
0.85,10,44,0,0.90492,23.500227601929964,0.6136363636363636
0.85,10,44,1,0.95343,32.51517597597016,0.6136363636363636
0.85,10,44,2,0.97609,41.49515492345047,0.6136363636363636
0.85,10,45,0,0.91649,23.552938594319293,0.6
0.85,10,45,1,0.96192,32.58437452019039,0.6
0.85,10,45,2,0.98188,41.57571934217247,0.6
0.85,10,46,0,0.92346,23.59643248052058,0.5869565217391305
0.85,10,46,1,0.96883,32.62235813379977,0.5869565217391305
0.85,10,46,2,0.986,41.635836323919484,0.5869565217391305
0.85,10,47,0,0.93137,23.6344764247209,0.574468085106383
0.85,10,47,1,0.97409,32.692222800452015,0.574468085106383
0.85,10,47,2,0.98901,41.668924168924164,0.574468085106383
0.85,10,48,0,0.93848,23.675223807072644,0.5625
0.85,10,48,1,0.97819,32.75575297232644,0.5625
0.85,10,48,2,0.99152,41.71922130435322,0.5625
0.85,10,49,0,0.94519,23.710242018902182,0.5510204081632653
0.85,10,49,1,0.98302,32.76309426367411,0.5510204081632653
0.85,10,49,2,0.99353,41.73340164711839,0.5510204081632653
0.85,10,50,0,0.95131,23.742509317111704,0.54
0.85,10,50,1,0.98554,32.7924870551248,0.54
0.85,10,50,2,0.99536,41.76994137412981,0.54
0.85,10,51,0,0.95736,23.780438272557227,0.5294117647058824
0.85,10,51,1,0.98848,32.81085995281022,0.5294117647058824
0.85,10,51,2,0.99659,41.759339733105264,0.5294117647058824
0.85,10,52,0,0.96046,23.80648034835872,0.5192307692307693
0.85,10,52,1,0.99066,32.85923021016292,0.5192307692307693
0.85,10,52,2,0.99731,41.7804480591252,0.5192307692307693
0.85,10,53,0,0.96531,23.843802070757665,0.5094339622641509
0.85,10,53,1,0.99261,32.88570807498181,0.5094339622641509
0.85,10,53,2,0.99785,41.80087958341202,0.5094339622641509
0.85,10,54,0,0.9678,23.86079152558539,0.5
0.85,10,54,1,0.99385,32.91419150854679,0.5
0.85,10,54,2,0.99832,41.83761989372915,0.5
0.85,10,55,0,0.97122,23.881200963736333,0.4909090909090909
0.85,10,55,1,0.99468,32.90743872787847,0.4909090909090909
0.85,10,55,2,0.99882,41.852525403052525,0.4909090909090909
0.85,10,56,0,0.97569,23.907299922658282,0.48214285714285715
0.85,10,56,1,0.99571,32.94782887819515,0.48214285714285715
0.85,10,56,2,0.99911,41.841102042356155,0.48214285714285715
0.85,10,57,0,0.97879,23.929570222889016,0.47368421052631576
0.85,10,57,1,0.99669,32.92685326893556,0.47368421052631576
0.85,10,57,2,0.99934,41.84513413468273,0.47368421052631576
0.85,10,58,0,0.98073,23.960676074101787,0.46551724137931033
0.85,10,58,1,0.99731,32.95562370468869,0.46551724137931033
0.85,10,58,2,0.99954,41.85305240410589,0.46551724137931033
0.85,10,59,0,0.98329,23.954051039015805,0.4576271186440678
0.85,10,59,1,0.99781,32.96189616799252,0.4576271186440678
0.85,10,59,2,0.99955,41.85987444349958,0.4576271186440678
0.85,10,60,0,0.98366,23.9715890340471,0.45
0.85,10,60,1,0.9982,32.94534200021577,0.45
0.85,10,60,2,0.99967,41.855542136597386,0.45
0.85,10,61,0,0.98582,23.99524975693799,0.4426229508196721
0.85,10,61,1,0.99857,32.96680599411004,0.4426229508196721
0.85,10,61,2,0.99977,41.82689710941208,0.4426229508196721
0.85,10,62,0,0.98833,24.009346769103132,0.43548387096774194
0.85,10,62,1,0.99884,32.9520320494851,0.43548387096774194
0.85,10,62,2,0.99983,41.841178384940825,0.43548387096774194
0.85,10,63,0,0.98896,24.01759657386781,0.42857142857142855
0.85,10,63,1,0.99915,32.97899945723095,0.42857142857142855
0.85,10,63,2,0.99985,41.844510330395714,0.42857142857142855
0.85,10,64,0,0.99017,24.022631894600853,0.421875
0.85,10,64,1,0.99929,32.99284799900237,0.421875
0.85,10,64,2,0.9999,41.83763760991483,0.421875
0.85,10,65,0,0.99122,24.034295149877465,0.4153846153846154
0.85,10,65,1,0.9992,32.98212993471701,0.4153846153846154
0.85,10,65,2,0.99991,41.85246287550495,0.4153846153846154
0.85,10,66,0,0.99267,24.05360717133512,0.4090909090909091
0.85,10,66,1,0.99956,32.97786410636064,0.4090909090909091
0.85,10,66,2,0.99996,41.86141868751673,0.4090909090909091
0.85,10,67,0,0.99333,24.05754362366213,0.40298507462686567
0.85,10,67,1,0.99953,33.00372521238829,0.40298507462686567
0.85,10,67,2,0.99998,41.83954063696659,0.40298507462686567
0.85,10,68,0,0.99438,24.06176461714837,0.39705882352941174
0.85,10,68,1,0.99967,32.988940196418675,0.39705882352941174
0.85,10,68,2,0.99999,41.86307055378245,0.39705882352941174
0.85,10,69,0,0.99483,24.076747940699576,0.391304347826087
0.85,10,69,1,0.99966,32.97094666032605,0.391304347826087
0.85,10,69,2,0.99997,41.869579164297996,0.391304347826087
0.85,10,70,0,0.99521,24.08779785943902,0.38571428571428573
0.85,10,70,1,0.99982,32.99974957030727,0.38571428571428573
0.85,10,70,2,1.0,41.847250961538464,0.38571428571428573
0.85,10,71,0,0.99607,24.07480243510844,0.38028169014084506
0.85,10,71,1,0.99979,32.97956801697587,0.38028169014084506
0.85,10,71,2,0.99999,41.847130009761635,0.38028169014084506
0.85,10,72,0,0.99668,24.09454388570053,0.375
0.85,10,72,1,0.9999,32.997051628239745,0.375
0.85,10,72,2,1.0,41.84059615384616,0.375
0.85,10,73,0,0.99695,24.106374442048246,0.3698630136986301
0.85,10,73,1,0.99985,32.97866795403926,0.3698630136986301
0.85,10,73,2,0.99998,41.83636461190763,0.3698630136986301
0.85,10,74,0,0.99719,24.10380380407406,0.36486486486486486
0.85,10,74,1,0.99994,32.97312646451095,0.36486486486486486
0.85,10,74,2,1.0,41.83594038461539,0.36486486486486486
0.85,10,75,0,0.99764,24.08215214830076,0.36
0.85,10,75,1,0.99993,32.99364417047655,0.36
0.85,10,75,2,1.0,41.859305769230765,0.36
0.85,10,76,0,0.99778,24.09447434843815,0.35526315789473684
0.85,10,76,1,0.99994,32.98675420525232,0.35526315789473684
0.85,10,76,2,1.0,41.861841346153845,0.35526315789473684
0.85,10,77,0,0.99815,24.100969485856524,0.35064935064935066
0.85,10,77,1,0.99997,32.98905313313245,0.35064935064935066
0.85,10,77,2,1.0,41.837030769230765,0.35064935064935066
0.85,10,78,0,0.99825,24.10831936658383,0.34615384615384615
0.85,10,78,1,0.99998,32.999696532392186,0.34615384615384615
0.85,10,78,2,0.99999,41.861296497580355,0.34615384615384615
0.85,10,79,0,0.99831,24.107951091190266,0.34177215189873417
0.85,10,79,1,0.99994,33.00302441223396,0.34177215189873417
0.85,10,79,2,1.0,41.83060096153846,0.34177215189873417
0.85,10,80,0,0.99879,24.124882453923096,0.3375
0.85,10,80,1,0.99995,32.971071630504596,0.3375
0.85,10,80,2,1.0,41.86602980769231,0.3375
0.85,10,81,0,0.99906,24.12360888465927,0.3333333333333333
0.85,10,81,1,1.0,33.012709615384615,0.3333333333333333
0.85,10,81,2,1.0,41.853975,0.3333333333333333
0.85,10,82,0,0.999,24.124208824208818,0.32926829268292684
0.85,10,82,1,0.99999,33.00548197789671,0.32926829268292684
0.85,10,82,2,1.0,41.85869134615385,0.32926829268292684
0.85,10,83,0,0.99918,24.113396061693667,0.3253012048192771
0.85,10,83,1,1.0,32.98336153846154,0.3253012048192771
0.85,10,83,2,1.0,41.83499711538461,0.3253012048192771
0.85,10,84,0,0.99934,24.127717562822237,0.32142857142857145
0.85,10,84,1,1.0,32.99545961538462,0.32142857142857145
0.85,10,84,2,1.0,41.85200192307693,0.32142857142857145
0.85,10,85,0,0.99934,24.127062322671428,0.3176470588235294
0.85,10,85,1,1.0,32.982317307692306,0.3176470588235294
0.85,10,85,2,1.0,41.842621153846146,0.3176470588235294
0.85,10,86,0,0.99949,24.13919945325963,0.313953488372093
0.85,10,86,1,1.0,32.981353846153844,0.313953488372093
0.85,10,86,2,1.0,41.872130769230765,0.313953488372093
0.85,10,87,0,0.99939,24.123707769431665,0.3103448275862069
0.85,10,87,1,1.0,33.003196153846154,0.3103448275862069
0.85,10,87,2,1.0,41.87265865384615,0.3103448275862069
0.85,10,88,0,0.99964,24.141948793873485,0.3068181818181818
0.85,10,88,1,0.99999,32.991635685587624,0.3068181818181818
0.85,10,88,2,1.0,41.85047884615385,0.3068181818181818
0.85,10,89,0,0.99946,24.13824715346287,0.30337078651685395
0.85,10,89,1,1.0,32.991871153846155,0.30337078651685395
0.85,10,89,2,1.0,41.85966923076923,0.30337078651685395
0.85,10,90,0,0.99976,24.138318196367127,0.3
0.85,10,90,1,1.0,33.002601923076924,0.3
0.85,10,90,2,1.0,41.87018365384615,0.3
0.85,10,91,0,0.99965,24.1371249167978,0.2967032967032967
0.85,10,91,1,1.0,33.02905384615384,0.2967032967032967
0.85,10,91,2,1.0,41.861174999999996,0.2967032967032967
0.85,10,92,0,0.99974,24.124714733523025,0.29347826086956524
0.85,10,92,1,1.0,32.99685576923076,0.29347826086956524
0.85,10,92,2,1.0,41.85712499999999,0.29347826086956524
0.85,10,93,0,0.99975,24.130792313462987,0.2903225806451613
0.85,10,93,1,1.0,33.00372692307692,0.2903225806451613
0.85,10,93,2,1.0,41.83786153846154,0.2903225806451613
0.85,10,94,0,0.99975,24.12425125512147,0.2872340425531915
0.85,10,94,1,1.0,32.98569807692307,0.2872340425531915
0.85,10,94,2,1.0,41.83965288461539,0.2872340425531915
0.85,10,95,0,0.99975,24.124291649835534,0.28421052631578947
0.85,10,95,1,1.0,32.98734807692308,0.28421052631578947
0.85,10,95,2,1.0,41.86090673076923,0.28421052631578947
0.85,10,96,0,0.99986,24.13149283207341,0.28125
0.85,10,96,1,0.99999,32.991191450376036,0.28125
0.85,10,96,2,1.0,41.837402884615386,0.28125
0.85,10,97,0,0.99994,24.140186872750824,0.27835051546391754
0.85,10,97,1,1.0,32.993965384615386,0.27835051546391754
0.85,10,97,2,1.0,41.83786153846153,0.27835051546391754
0.85,10,98,0,0.99991,24.142777657681503,0.2755102040816326
0.85,10,98,1,1.0,33.009530769230764,0.2755102040816326
0.85,10,98,2,1.0,41.85707307692307,0.2755102040816326
0.85,10,99,0,0.9999,24.1533557201874,0.2727272727272727
0.85,10,99,1,1.0,32.9910173076923,0.2727272727272727
0.85,10,99,2,1.0,41.84640288461538,0.2727272727272727
0.85,10,100,0,0.99994,24.138603123879744,0.27
0.85,10,100,1,1.0,32.990048076923074,0.27
0.85,10,100,2,1.0,41.856527884615375,0.27
0.85,10,101,0,0.99991,24.134974070743286,0.26732673267326734
0.85,10,101,1,1.0,33.00942692307692,0.26732673267326734
0.85,10,101,2,1.0,41.85389711538461,0.26732673267326734
0.85,10,102,0,0.99993,24.1278764513516,0.2647058823529412
0.85,10,102,1,1.0,32.98902692307693,0.2647058823529412
0.85,10,102,2,1.0,41.837039423076924,0.2647058823529412
0.85,10,103,0,0.99995,24.141506113767228,0.2621359223300971
0.85,10,103,1,1.0,32.98772307692308,0.2621359223300971
0.85,10,103,2,1.0,41.823868269230765,0.2621359223300971
0.85,10,104,0,0.99996,24.134900972961997,0.25961538461538464
0.85,10,104,1,1.0,33.00332884615384,0.25961538461538464
0.85,10,104,2,1.0,41.868755769230766,0.25961538461538464
0.85,10,105,0,0.99995,24.127015966182924,0.2571428571428571
0.85,10,105,1,1.0,32.98085769230769,0.2571428571428571
0.85,10,105,2,1.0,41.85859615384614,0.2571428571428571
0.85,10,106,0,0.99996,24.141746439088333,0.25471698113207547
0.85,10,106,1,1.0,33.009876923076924,0.25471698113207547
0.85,10,106,2,1.0,41.85753173076923,0.25471698113207547
0.85,10,107,0,0.99997,24.12398045018273,0.2523364485981308
0.85,10,107,1,1.0,32.99323846153845,0.2523364485981308
0.85,10,107,2,1.0,41.8542,0.2523364485981308
0.85,10,108,0,0.99999,24.131352851990055,0.25
0.85,10,108,1,1.0,32.99848846153847,0.25
0.85,10,108,2,1.0,41.85517788461539,0.25
0.85,10,109,0,0.99998,24.118959302262965,0.24770642201834864
0.85,10,109,1,1.0,32.98340192307692,0.24770642201834864
0.85,10,109,2,1.0,41.86223076923076,0.24770642201834864
0.85,10,110,0,0.99999,24.110280525882185,0.24545454545454545
0.85,10,110,1,1.0,32.99522884615385,0.24545454545454545
0.85,10,110,2,1.0,41.84864423076922,0.24545454545454545
0.85,10,111,0,0.99998,24.154429242431004,0.24324324324324326
0.85,10,111,1,1.0,32.99578846153847,0.24324324324324326
0.85,10,111,2,1.0,41.85452884615384,0.24324324324324326
0.85,10,112,0,0.99997,24.14413586253741,0.24107142857142858
0.85,10,112,1,1.0,33.00062884615384,0.24107142857142858
0.85,10,112,2,1.0,41.85583557692308,0.24107142857142858
0.85,10,113,0,0.99998,24.131977831864326,0.23893805309734514
0.85,10,113,1,1.0,32.99233846153846,0.23893805309734514
0.85,10,113,2,1.0,41.83223653846154,0.23893805309734514
0.85,10,114,0,0.99999,24.135890397365515,0.23684210526315788
0.85,10,114,1,1.0,32.99031923076923,0.23684210526315788
0.85,10,114,2,1.0,41.843849999999996,0.23684210526315788
0.85,10,115,0,1.0,24.129181730769236,0.23478260869565218
0.85,10,115,1,1.0,32.983696153846154,0.23478260869565218
0.85,10,115,2,1.0,41.85002019230769,0.23478260869565218
0.85,10,116,0,1.0,24.130621153846153,0.23275862068965517
0.85,10,116,1,1.0,33.013246153846154,0.23275862068965517
0.85,10,116,2,1.0,41.83896057692308,0.23275862068965517
0.85,10,117,0,1.0,24.13928653846154,0.23076923076923078
0.85,10,117,1,1.0,32.96313461538462,0.23076923076923078
0.85,10,117,2,1.0,41.85729807692307,0.23076923076923078
0.85,10,118,0,0.99999,24.148124173549427,0.2288135593220339
0.85,10,118,1,1.0,33.001453846153844,0.2288135593220339
0.85,10,118,2,1.0,41.83452115384615,0.2288135593220339
0.85,10,119,0,1.0,24.127889423076926,0.226890756302521
0.85,10,119,1,1.0,33.00053653846154,0.226890756302521
0.85,10,119,2,1.0,41.85818076923076,0.226890756302521
0.85,10,120,0,1.0,24.139869230769236,0.225
0.85,10,120,1,1.0,32.98579615384615,0.225
0.85,10,120,2,1.0,41.84706923076923,0.225
0.85,10,121,0,0.99998,24.132165335614406,0.2231404958677686
0.85,10,121,1,1.0,33.00502499999999,0.2231404958677686
0.85,10,121,2,1.0,41.832444230769234,0.2231404958677686
0.85,10,122,0,1.0,24.13801730769231,0.22131147540983606
0.85,10,122,1,1.0,33.00095192307693,0.22131147540983606
0.85,10,122,2,1.0,41.8558875,0.22131147540983606
0.85,10,123,0,1.0,24.12353942307692,0.21951219512195122
0.85,10,123,1,1.0,32.99731730769231,0.21951219512195122
0.85,10,123,2,1.0,41.85337788461539,0.21951219512195122
0.85,10,124,0,1.0,24.13786153846154,0.21774193548387097
0.85,10,124,1,1.0,32.9940576923077,0.21774193548387097
0.85,10,124,2,1.0,41.85130961538461,0.21774193548387097
0.85,10,125,0,1.0,24.136292307692305,0.216
0.85,10,125,1,1.0,33.00174230769231,0.216
0.85,10,125,2,1.0,41.836399038461536,0.216
0.85,10,126,0,1.0,24.13088076923077,0.21428571428571427
0.85,10,126,1,1.0,32.97490384615384,0.21428571428571427
0.85,10,126,2,1.0,41.84539903846154,0.21428571428571427
0.85,10,127,0,1.0,24.140469230769234,0.2125984251968504
0.85,10,127,1,1.0,32.99179615384615,0.2125984251968504
0.85,10,127,2,1.0,41.84135769230769,0.2125984251968504
0.85,10,128,0,1.0,24.129790384615387,0.2109375
0.85,10,128,1,1.0,33.00482884615385,0.2109375
0.85,10,128,2,1.0,41.841426923076924,0.2109375
0.85,20,40,0,0.81983,23.007688507654965,0.675
0.85,20,40,1,0.84875,31.557811260904046,0.675
0.85,20,40,2,0.8793,40.37471458940241,0.675
0.85,20,41,0,0.82883,23.041353938220603,0.6585365853658537
0.85,20,41,1,0.86475,31.681779971979445,0.6585365853658537
0.85,20,41,2,0.89377,40.52170537765265,0.6585365853658537
0.85,20,42,0,0.8395,23.090956155220596,0.6428571428571429
0.85,20,42,1,0.87859,31.802166408239778,0.6428571428571429
0.85,20,42,2,0.90857,40.68766557083362,0.6428571428571429
0.85,20,43,0,0.85117,23.138385986348204,0.627906976744186
0.85,20,43,1,0.8895,31.902166299130887,0.627906976744186
0.85,20,43,2,0.92209,40.82779233964314,0.627906976744186
0.85,20,44,0,0.86071,23.17763376032131,0.6136363636363636
0.85,20,44,1,0.90232,31.985164737735886,0.6136363636363636
0.85,20,44,2,0.93177,40.96500271196011,0.6136363636363636
0.85,20,45,0,0.86807,23.215483109745673,0.6
0.85,20,45,1,0.90891,32.06459893211057,0.6
0.85,20,45,2,0.94227,41.081876948547325,0.6
0.85,20,46,0,0.87634,23.26439641445804,0.5869565217391305
0.85,20,46,1,0.92005,32.17382834544945,0.5869565217391305
0.85,20,46,2,0.94824,41.2235339641376,0.5869565217391305
0.85,20,47,0,0.88217,23.304767047342175,0.574468085106383
0.85,20,47,1,0.92824,32.248809160760814,0.574468085106383
0.85,20,47,2,0.95545,41.2860905252056,0.574468085106383
0.85,20,48,0,0.88908,23.348373729455865,0.5625
0.85,20,48,1,0.93688,32.31619639326604,0.5625
0.85,20,48,2,0.96272,41.3829586204472,0.5625
0.85,20,49,0,0.89368,23.377647006672497,0.5510204081632653
0.85,20,49,1,0.94224,32.400435704768995,0.5510204081632653
0.85,20,49,2,0.96799,41.48607602430731,0.5510204081632653
0.85,20,50,0,0.90235,23.429595159647242,0.54
0.85,20,50,1,0.94861,32.456257860691714,0.54
0.85,20,50,2,0.97229,41.548720823242824,0.54
0.85,20,51,0,0.90728,23.471465640324755,0.5294117647058824
0.85,20,51,1,0.95447,32.53345795612708,0.5294117647058824
0.85,20,51,2,0.97609,41.64522679576363,0.5294117647058824
0.85,20,52,0,0.9135,23.491511936339524,0.5192307692307693
0.85,20,52,1,0.95847,32.57799088451065,0.5192307692307693
0.85,20,52,2,0.97969,41.672835873514146,0.5192307692307693
0.85,20,53,0,0.91898,23.539008340350584,0.5094339622641509
0.85,20,53,1,0.96255,32.65263542753024,0.5094339622641509
0.85,20,53,2,0.98262,41.70614510969887,0.5094339622641509
0.85,20,54,0,0.9235,23.580564116446627,0.5
0.85,20,54,1,0.96678,32.717132368035365,0.5
0.85,20,54,2,0.98484,41.77325172694979,0.5
0.85,20,55,0,0.92783,23.62296143441396,0.4909090909090909
0.85,20,55,1,0.97066,32.735876382287074,0.4909090909090909
0.85,20,55,2,0.98655,41.81225658179436,0.4909090909090909
0.85,20,56,0,0.93252,23.647498589430125,0.48214285714285715
0.85,20,56,1,0.97374,32.76235679718642,0.48214285714285715
0.85,20,56,2,0.98913,41.86806062670459,0.48214285714285715
0.85,20,57,0,0.93595,23.688845557989207,0.47368421052631576
0.85,20,57,1,0.97713,32.82352399373676,0.47368421052631576
0.85,20,57,2,0.99034,41.884298477135275,0.47368421052631576
0.85,20,58,0,0.94017,23.711534166079623,0.46551724137931033
0.85,20,58,1,0.97904,32.84359011024929,0.46551724137931033
0.85,20,58,2,0.99238,41.93904862746435,0.46551724137931033
0.85,20,59,0,0.94388,23.738763646617393,0.4576271186440678
0.85,20,59,1,0.98115,32.92455282066963,0.4576271186440678
0.85,20,59,2,0.99328,41.95300012236073,0.4576271186440678
0.85,20,60,0,0.94802,23.778943928479272,0.45
0.85,20,60,1,0.98349,32.940495660274195,0.45
0.85,20,60,2,0.99444,41.99287461362096,0.45
0.85,20,61,0,0.95,23.8041012145749,0.4426229508196721
0.85,20,61,1,0.98487,32.97142887268995,0.4426229508196721
0.85,20,61,2,0.99472,41.98713824377328,0.4426229508196721
0.85,20,62,0,0.95316,23.82359830620091,0.43548387096774194
0.85,20,62,1,0.98703,33.00983369689488,0.43548387096774194
0.85,20,62,2,0.99587,42.02350225662756,0.43548387096774194
0.85,20,63,0,0.95548,23.868489579140245,0.42857142857142855
0.85,20,63,1,0.98794,33.03945389084668,0.42857142857142855
0.85,20,63,2,0.99652,42.04522314577808,0.42857142857142855
0.85,20,64,0,0.96033,23.88866927955054,0.421875
0.85,20,64,1,0.98981,33.03380485609903,0.421875
0.85,20,64,2,0.99722,42.04165946716488,0.421875
0.85,20,65,0,0.96219,23.91157851439864,0.4153846153846154
0.85,20,65,1,0.99114,33.05558401281508,0.4153846153846154
0.85,20,65,2,0.99775,42.08404487018869,0.4153846153846154
0.85,20,66,0,0.96433,23.92833824839725,0.4090909090909091
0.85,20,66,1,0.99166,33.0962302526145,0.4090909090909091
0.85,20,66,2,0.9977,42.10834438439179,0.4090909090909091
0.85,20,67,0,0.96702,23.95681697777311,0.40298507462686567
0.85,20,67,1,0.99301,33.12161625144374,0.40298507462686567
0.85,20,67,2,0.99833,42.102818437559954,0.40298507462686567
0.85,20,68,0,0.96799,23.974152029542584,0.39705882352941174
0.85,20,68,1,0.99343,33.13753282140587,0.39705882352941174
0.85,20,68,2,0.9984,42.13551971616125,0.39705882352941174
0.85,20,69,0,0.97025,24.00323766673934,0.391304347826087
0.85,20,69,1,0.99374,33.13341324382945,0.391304347826087
0.85,20,69,2,0.99891,42.106807959137,0.391304347826087
0.85,20,70,0,0.97271,24.02219058095424,0.38571428571428573
0.85,20,70,1,0.99503,33.1675832734846,0.38571428571428573
0.85,20,70,2,0.99893,42.14634947855744,0.38571428571428573
0.85,20,71,0,0.97456,24.049681592008387,0.38028169014084506
0.85,20,71,1,0.99531,33.1744303862036,0.38028169014084506
0.85,20,71,2,0.99903,42.079600866686846,0.38028169014084506
0.85,20,72,0,0.97685,24.063799063709485,0.375
0.85,20,72,1,0.99634,33.18840417466389,0.375
0.85,20,72,2,0.99933,42.09260974083405,0.375
0.85,20,73,0,0.97731,24.079281985166503,0.3698630136986301
0.85,20,73,1,0.99671,33.19851928228487,0.3698630136986301
0.85,20,73,2,0.9994,42.11682778898109,0.3698630136986301
0.85,20,74,0,0.97956,24.08528397365222,0.36486486486486486
0.85,20,74,1,0.99682,33.224847322176835,0.36486486486486486
0.85,20,74,2,0.99946,42.07865227992346,0.36486486486486486
0.85,20,75,0,0.98065,24.114266832438453,0.36
0.85,20,75,1,0.99727,33.22259383501574,0.36
0.85,20,75,2,0.99952,42.1454509703119,0.36
0.85,20,76,0,0.98128,24.13476628642025,0.35526315789473684
0.85,20,76,1,0.99748,33.22409587545229,0.35526315789473684
0.85,20,76,2,0.99965,42.084724846003795,0.35526315789473684
0.85,20,77,0,0.98327,24.13425942948607,0.35064935064935066
0.85,20,77,1,0.99784,33.23618438904958,0.35064935064935066
0.85,20,77,2,0.99974,42.112176088860025,0.35064935064935066
0.85,20,78,0,0.98406,24.153965166289108,0.34615384615384615
0.85,20,78,1,0.99814,33.22204492664047,0.34615384615384615
0.85,20,78,2,0.99972,42.13295684330073,0.34615384615384615
0.85,20,79,0,0.98478,24.170158270414163,0.34177215189873417
0.85,20,79,1,0.99841,33.25891821842884,0.34177215189873417
0.85,20,79,2,0.99973,42.11681000023852,0.34177215189873417
0.85,20,80,0,0.98614,24.18498758172892,0.3375
0.85,20,80,1,0.99841,33.25113468877053,0.3375
0.85,20,80,2,0.9998,42.14485108560173,0.3375
0.85,20,81,0,0.98671,24.193936453934327,0.3333333333333333
0.85,20,81,1,0.99881,33.25495031395052,0.3333333333333333
0.85,20,81,2,0.99978,42.153556474732135,0.3333333333333333
0.85,20,82,0,0.98801,24.19620674969811,0.32926829268292684
0.85,20,82,1,0.99864,33.240431987503,0.32926829268292684
0.85,20,82,2,0.99985,42.13403356657344,0.32926829268292684
0.85,20,83,0,0.98938,24.227311354274708,0.3253012048192771
0.85,20,83,1,0.99896,33.27119242473711,0.3253012048192771
0.85,20,83,2,0.99985,42.124486942272114,0.3253012048192771
0.85,20,84,0,0.99029,24.235188099523292,0.32142857142857145
0.85,20,84,1,0.99916,33.30125574713529,0.32142857142857145
0.85,20,84,2,0.99989,42.16105021552371,0.32142857142857145
0.85,20,85,0,0.99029,24.26497541124317,0.3176470588235294
0.85,20,85,1,0.99907,33.277201643682474,0.3176470588235294
0.85,20,85,2,0.99988,42.139433655115546,0.3176470588235294
0.85,20,86,0,0.99067,24.254159578094384,0.313953488372093
0.85,20,86,1,0.99953,33.25397359836045,0.313953488372093
0.85,20,86,2,0.99997,42.163412017745145,0.313953488372093
0.85,20,87,0,0.9919,24.27230664536593,0.3103448275862069
0.85,20,87,1,0.99935,33.27986845295596,0.3103448275862069
0.85,20,87,2,0.9999,42.157498442151905,0.3103448275862069
0.85,20,88,0,0.99239,24.26957705833702,0.3068181818181818
0.85,20,88,1,0.99939,33.255341527562585,0.3068181818181818
0.85,20,88,2,0.99995,42.13817421640312,0.3068181818181818
0.85,20,89,0,0.99261,24.28606343183821,0.30337078651685395
0.85,20,89,1,0.99961,33.29382497635616,0.30337078651685395
0.85,20,89,2,0.99998,42.127702169428005,0.30337078651685395
0.85,20,90,0,0.99302,24.313303008847914,0.3
0.85,20,90,1,0.99961,33.27716848032271,0.3
0.85,20,90,2,1.0,42.121465384615384,0.3
0.85,20,91,0,0.99348,24.31827921896922,0.2967032967032967
0.85,20,91,1,0.99958,33.26334560515416,0.2967032967032967
0.85,20,91,2,0.99999,42.16247931710086,0.2967032967032967
0.85,20,92,0,0.99393,24.308096298377304,0.29347826086956524
0.85,20,92,1,0.99963,33.27859769653233,0.29347826086956524
0.85,20,92,2,0.99998,42.15876144445966,0.29347826086956524
0.85,20,93,0,0.99412,24.322174965721523,0.2903225806451613
0.85,20,93,1,0.99977,33.26715721539031,0.2903225806451613
0.85,20,93,2,0.99999,42.17538233074638,0.2903225806451613
0.85,20,94,0,0.99476,24.344859370795277,0.2872340425531915
0.85,20,94,1,0.99978,33.27653045208407,0.2872340425531915
0.85,20,94,2,1.0,42.1571798076923,0.2872340425531915
0.85,20,95,0,0.99497,24.324424934342826,0.28421052631578947
0.85,20,95,1,0.99974,33.299121233059054,0.28421052631578947
0.85,20,95,2,0.99997,42.139016093559725,0.28421052631578947
0.85,20,96,0,0.99556,24.33588981230509,0.28125
0.85,20,96,1,0.99986,33.274785393031955,0.28125
0.85,20,96,2,1.0,42.13514711538461,0.28125
0.85,20,97,0,0.99605,24.341418796554084,0.27835051546391754
0.85,20,97,1,0.99983,33.287099191477935,0.27835051546391754
0.85,20,97,2,1.0,42.17492019230768,0.27835051546391754
0.85,20,98,0,0.99606,24.33512462177904,0.2755102040816326
0.85,20,98,1,0.99988,33.29830156541862,0.2755102040816326
0.85,20,98,2,0.99996,42.14527619566321,0.2755102040816326
0.85,20,99,0,0.99654,24.362770184839544,0.2727272727272727
0.85,20,99,1,0.99991,33.280777962324294,0.2727272727272727
0.85,20,99,2,0.99999,42.147533975339755,0.2727272727272727
0.85,20,100,0,0.99666,24.355006297958262,0.27
0.85,20,100,1,0.99996,33.28623337241182,0.27
0.85,20,100,2,1.0,42.13920576923077,0.27
0.85,20,101,0,0.99709,24.34432081973929,0.26732673267326734
0.85,20,101,1,0.99996,33.29172013034368,0.26732673267326734
0.85,20,101,2,1.0,42.12258173076923,0.26732673267326734
0.85,20,102,0,0.99717,24.382016491285725,0.2647058823529412
0.85,20,102,1,0.99989,33.289833035480065,0.2647058823529412
0.85,20,102,2,0.99999,42.1748457869194,0.2647058823529412
0.85,20,103,0,0.99708,24.37056782728645,0.2621359223300971
0.85,20,103,1,0.99995,33.289185613126804,0.2621359223300971
0.85,20,103,2,1.0,42.12882980769231,0.2621359223300971
0.85,20,104,0,0.99772,24.37513010433018,0.25961538461538464
0.85,20,104,1,0.99994,33.2988017742603,0.25961538461538464
0.85,20,104,2,0.99999,42.136621366213674,0.25961538461538464
0.85,20,105,0,0.99762,24.390830946884353,0.2571428571428571
0.85,20,105,1,0.99992,33.300523657277196,0.2571428571428571
0.85,20,105,2,1.0,42.17668557692308,0.2571428571428571
0.85,20,106,0,0.99798,24.402647193484682,0.25471698113207547
0.85,20,106,1,0.99994,33.290066634767314,0.25471698113207547
0.85,20,106,2,1.0,42.138124038461534,0.25471698113207547
0.85,20,107,0,0.99825,24.3822631913541,0.2523364485981308
0.85,20,107,1,0.99998,33.292219690547654,0.2523364485981308
0.85,20,107,2,1.0,42.12111057692308,0.2523364485981308
0.85,20,108,0,0.99835,24.3785669431485,0.25
0.85,20,108,1,0.99995,33.274986826264396,0.25
0.85,20,108,2,1.0,42.14072019230769,0.25
0.85,20,109,0,0.99856,24.38435674294061,0.24770642201834864
0.85,20,109,1,0.99996,33.29788191527662,0.24770642201834864
0.85,20,109,2,0.99999,42.138455999944604,0.24770642201834864
0.85,20,110,0,0.9984,24.392240084134617,0.24545454545454545
0.85,20,110,1,0.99995,33.29940343171005,0.24545454545454545
0.85,20,110,2,1.0,42.17050673076922,0.24545454545454545
0.85,20,111,0,0.99841,24.408576945034916,0.24324324324324326
0.85,20,111,1,0.99998,33.241582139335094,0.24324324324324326
0.85,20,111,2,0.99999,42.137071370713706,0.24324324324324326
0.85,20,112,0,0.9989,24.390493003842685,0.24107142857142858
0.85,20,112,1,0.99998,33.28761575231504,0.24107142857142858
0.85,20,112,2,1.0,42.17358750000001,0.24107142857142858
0.85,20,113,0,0.99868,24.423644017795795,0.23893805309734514
0.85,20,113,1,0.99999,33.28399437840532,0.23893805309734514
0.85,20,113,2,0.99999,42.14074063817562,0.23893805309734514
0.85,20,114,0,0.99895,24.42057718296519,0.23684210526315788
0.85,20,114,1,1.0,33.29436346153846,0.23684210526315788
0.85,20,114,2,0.99998,42.1424399641839,0.23684210526315788
0.85,20,115,0,0.99899,24.395384530683682,0.23478260869565218
0.85,20,115,1,0.99997,33.288525578844286,0.23478260869565218
0.85,20,115,2,1.0,42.16895769230769,0.23478260869565218
0.85,20,116,0,0.99911,24.41125871256187,0.23275862068965517
0.85,20,116,1,1.0,33.29674615384615,0.23275862068965517
0.85,20,116,2,0.99999,42.16095622494686,0.23275862068965517
0.85,20,117,0,0.9991,24.38955444515448,0.23076923076923078
0.85,20,117,1,0.99998,33.25804785326476,0.23076923076923078
0.85,20,117,2,0.99998,42.147805456109126,0.23076923076923078
0.85,20,118,0,0.99907,24.422361834968054,0.2288135593220339
0.85,20,118,1,0.99999,33.32658903512112,0.2288135593220339
0.85,20,118,2,0.99999,42.16055814404298,0.2288135593220339
0.85,20,119,0,0.99932,24.413561798946358,0.226890756302521
0.85,20,119,1,1.0,33.31943653846153,0.226890756302521
0.85,20,119,2,1.0,42.13775192307692,0.226890756302521
0.85,20,120,0,0.99936,24.42517249501219,0.225
0.85,20,120,1,0.99998,33.27488857469457,0.225
0.85,20,120,2,0.99999,42.12315584694308,0.225
0.85,20,121,0,0.99935,24.44290327174202,0.2231404958677686
0.85,20,121,1,1.0,33.26884038461539,0.2231404958677686
0.85,20,121,2,1.0,42.13548461538461,0.2231404958677686
0.85,20,122,0,0.99955,24.419043377212056,0.22131147540983606
0.85,20,122,1,1.0,33.29840769230769,0.22131147540983606
0.85,20,122,2,0.99999,42.16495434185111,0.22131147540983606
0.85,20,123,0,0.99951,24.42208412891548,0.21951219512195122
0.85,20,123,1,0.99999,33.26601150626891,0.21951219512195122
0.85,20,123,2,0.99999,42.13253670998249,0.21951219512195122
0.85,20,124,0,0.99959,24.41813547400588,0.21774193548387097
0.85,20,124,1,1.0,33.27549807692308,0.21774193548387097
0.85,20,124,2,1.0,42.12402692307692,0.21774193548387097
0.85,20,125,0,0.99954,24.398895607363997,0.216
0.85,20,125,1,1.0,33.28229999999999,0.216
0.85,20,125,2,0.99997,42.1402276683685,0.216
0.85,20,126,0,0.99964,24.43869215994681,0.21428571428571427
0.85,20,126,1,1.0,33.29150192307692,0.21428571428571427
0.85,20,126,2,1.0,42.15714519230769,0.21428571428571427
0.85,20,127,0,0.99952,24.41353099487754,0.2125984251968504
0.85,20,127,1,1.0,33.29335384615384,0.2125984251968504
0.85,20,127,2,1.0,42.11763173076923,0.2125984251968504
0.85,20,128,0,0.99973,24.44148381601494,0.2109375
0.85,20,128,1,0.99999,33.32023127923587,0.2109375
0.85,20,128,2,1.0,42.13270673076922,0.2109375
0.85,40,40,0,0.81315,22.78943354192386,0.675
0.85,40,40,1,0.82085,30.984525890142024,0.675
0.85,40,40,2,0.83274,39.46952576388234,0.675
0.85,40,41,0,0.81678,22.822273957585793,0.6585365853658537
0.85,40,41,1,0.82848,31.08238535074427,0.6585365853658537
0.85,40,41,2,0.84641,39.613296611116816,0.6585365853658537
0.85,40,42,0,0.8241,22.851040295707204,0.6428571428571429
0.85,40,42,1,0.83958,31.15472571450561,0.6428571428571429
0.85,40,42,2,0.85908,39.790940263466105,0.6428571428571429
0.85,40,43,0,0.82874,22.879071751184842,0.627906976744186
0.85,40,43,1,0.84837,31.24422308481151,0.627906976744186
0.85,40,43,2,0.87019,39.91166827403742,0.627906976744186
0.85,40,44,0,0.83458,22.91417654573374,0.6136363636363636
0.85,40,44,1,0.85865,31.341674542775106,0.6136363636363636
0.85,40,44,2,0.88092,40.070533777624085,0.6136363636363636
0.85,40,45,0,0.84005,22.940183276636464,0.6
0.85,40,45,1,0.86478,31.437591063623124,0.6
0.85,40,45,2,0.88943,40.19644711954675,0.6
0.85,40,46,0,0.84599,22.97116964466756,0.5869565217391305
0.85,40,46,1,0.87303,31.515458099510187,0.5869565217391305
0.85,40,46,2,0.89819,40.30834982661712,0.5869565217391305
0.85,40,47,0,0.85051,23.00092681947393,0.574468085106383
0.85,40,47,1,0.88105,31.59312751830203,0.574468085106383
0.85,40,47,2,0.90788,40.45158035118162,0.574468085106383
0.85,40,48,0,0.85651,23.036656808533372,0.5625
0.85,40,48,1,0.88957,31.662782623583904,0.5625
0.85,40,48,2,0.91517,40.607411317443336,0.5625
0.85,40,49,0,0.86015,23.066332348114592,0.5510204081632653
0.85,40,49,1,0.89531,31.749205045437638,0.5510204081632653
0.85,40,49,2,0.92068,40.71721967208184,0.5510204081632653
0.85,40,50,0,0.86464,23.09334387277231,0.54
0.85,40,50,1,0.90318,31.82576690565132,0.54
0.85,40,50,2,0.92835,40.83741004511726,0.54
0.85,40,51,0,0.86819,23.13577230081682,0.5294117647058824
0.85,40,51,1,0.90583,31.886306566268594,0.5294117647058824
0.85,40,51,2,0.93498,40.90593978151734,0.5294117647058824
0.85,40,52,0,0.87432,23.17187928904749,0.5192307692307693
0.85,40,52,1,0.91214,31.985873035684474,0.5192307692307693
0.85,40,52,2,0.94,41.051897504091656,0.5192307692307693
0.85,40,53,0,0.87533,23.17897689574657,0.5094339622641509
0.85,40,53,1,0.91635,32.05406902804186,0.5094339622641509
0.85,40,53,2,0.94315,41.15111288277009,0.5094339622641509
0.85,40,54,0,0.87999,23.235277149128443,0.5
0.85,40,54,1,0.9228,32.135884515354604,0.5
0.85,40,54,2,0.9485,41.21990389684117,0.5
0.85,40,55,0,0.8848,23.26015874947837,0.4909090909090909
0.85,40,55,1,0.9271,32.20606025405938,0.4909090909090909
0.85,40,55,2,0.95361,41.31277058110355,0.4909090909090909
0.85,40,56,0,0.8878,23.292671383021126,0.48214285714285715
0.85,40,56,1,0.93055,32.28107653455565,0.48214285714285715
0.85,40,56,2,0.95692,41.410499913182996,0.48214285714285715
0.85,40,57,0,0.89333,23.322399380365084,0.47368421052631576
0.85,40,57,1,0.93516,32.339414563365544,0.47368421052631576
0.85,40,57,2,0.96136,41.54069695335455,0.47368421052631576
0.85,40,58,0,0.89657,23.365175485032275,0.46551724137931033
0.85,40,58,1,0.93807,32.40554665840092,0.46551724137931033
0.85,40,58,2,0.9642,41.543469675937,0.46551724137931033
0.85,40,59,0,0.8992,23.39288662571859,0.4576271186440678
0.85,40,59,1,0.9431,32.45942595205664,0.4576271186440678
0.85,40,59,2,0.96769,41.66189287414835,0.4576271186440678
0.85,40,60,0,0.90071,23.422285239934652,0.45
0.85,40,60,1,0.94624,32.528269783564426,0.45
0.85,40,60,2,0.97066,41.721863712081706,0.45
0.85,40,61,0,0.90589,23.448704716228924,0.4426229508196721
0.85,40,61,1,0.95025,32.56629834254144,0.4426229508196721
0.85,40,61,2,0.97264,41.768539154339656,0.4426229508196721
0.85,40,62,0,0.90949,23.50020023901815,0.43548387096774194
0.85,40,62,1,0.95198,32.64605389253491,0.43548387096774194
0.85,40,62,2,0.97526,41.85845904602953,0.43548387096774194
0.85,40,63,0,0.91242,23.52222660616821,0.42857142857142855
0.85,40,63,1,0.95451,32.70435978830862,0.42857142857142855
0.85,40,63,2,0.97721,41.93308481052415,0.42857142857142855
0.85,40,64,0,0.91524,23.539910086635533,0.421875
0.85,40,64,1,0.95799,32.74077455441561,0.421875
0.85,40,64,2,0.97937,41.978966462741745,0.421875
0.85,40,65,0,0.91884,23.578594498749254,0.4153846153846154
0.85,40,65,1,0.96121,32.827745958019264,0.4153846153846154
0.85,40,65,2,0.98068,42.03695983320836,0.4153846153846154
0.85,40,66,0,0.92142,23.611714277127444,0.4090909090909091
0.85,40,66,1,0.96349,32.85249657295554,0.4090909090909091
0.85,40,66,2,0.98302,42.08676206603513,0.4090909090909091
0.85,40,67,0,0.92463,23.65528435906587,0.40298507462686567
0.85,40,67,1,0.96656,32.88419756662804,0.40298507462686567
0.85,40,67,2,0.98436,42.09983273005185,0.40298507462686567
0.85,40,68,0,0.92601,23.679252923834515,0.39705882352941174
0.85,40,68,1,0.96805,32.949468201340515,0.39705882352941174
0.85,40,68,2,0.9861,42.111505698439075,0.39705882352941174
0.85,40,69,0,0.92899,23.69813122108626,0.391304347826087
0.85,40,69,1,0.96948,33.00527483409028,0.391304347826087
0.85,40,69,2,0.98707,42.21083903331617,0.391304347826087
0.85,40,70,0,0.93243,23.72914877503694,0.38571428571428573
0.85,40,70,1,0.97201,33.06380988483024,0.38571428571428573
0.85,40,70,2,0.98756,42.2479520231682,0.38571428571428573
0.85,40,71,0,0.93409,23.753386677449136,0.38028169014084506
0.85,40,71,1,0.97265,33.07892988623467,0.38028169014084506
0.85,40,71,2,0.98919,42.30209332110887,0.38028169014084506
0.85,40,72,0,0.93544,23.78333992559651,0.375
0.85,40,72,1,0.97543,33.1354810777732,0.375
0.85,40,72,2,0.98964,42.31385713686096,0.375
0.85,40,73,0,0.93914,23.827115355947583,0.3698630136986301
0.85,40,73,1,0.9769,33.150239769443374,0.3698630136986301
0.85,40,73,2,0.99061,42.35546104847596,0.3698630136986301
0.85,40,74,0,0.93989,23.846468940309713,0.36486486486486486
0.85,40,74,1,0.97833,33.19033454969182,0.36486486486486486
0.85,40,74,2,0.99157,42.3434291461637,0.36486486486486486
0.85,40,75,0,0.94266,23.86340963949805,0.36
0.85,40,75,1,0.97963,33.239886880368495,0.36
0.85,40,75,2,0.99262,42.41444165634692,0.36
0.85,40,76,0,0.94487,23.902003002448037,0.35526315789473684
0.85,40,76,1,0.98134,33.23818609091806,0.35526315789473684
0.85,40,76,2,0.99334,42.40015522611362,0.35526315789473684
0.85,40,77,0,0.94686,23.920433773817585,0.35064935064935066
0.85,40,77,1,0.98271,33.27250076906639,0.35064935064935066
0.85,40,77,2,0.994,42.443217961615844,0.35064935064935066
0.85,40,78,0,0.94815,23.96929039952296,0.34615384615384615
0.85,40,78,1,0.98332,33.32701773270459,0.34615384615384615
0.85,40,78,2,0.99406,42.46531028927212,0.34615384615384615
0.85,40,79,0,0.94991,23.972510958528055,0.34177215189873417
0.85,40,79,1,0.98455,33.384154416504224,0.34177215189873417
0.85,40,79,2,0.99479,42.49493225087321,0.34177215189873417
0.85,40,80,0,0.95167,24.004484828693844,0.3375
0.85,40,80,1,0.98509,33.37394201388861,0.3375
0.85,40,80,2,0.99519,42.53221166889662,0.3375
0.85,40,81,0,0.95402,24.01032452956155,0.3333333333333333
0.85,40,81,1,0.98638,33.40674018594799,0.3333333333333333
0.85,40,81,2,0.99543,42.492694498473405,0.3333333333333333
0.85,40,82,0,0.95534,24.06156748865889,0.32926829268292684
0.85,40,82,1,0.98767,33.430042423076536,0.32926829268292684
0.85,40,82,2,0.99626,42.51787743854322,0.32926829268292684
0.85,40,83,0,0.95626,24.086381600433743,0.3253012048192771
0.85,40,83,1,0.98825,33.46834536573976,0.3253012048192771
0.85,40,83,2,0.99651,42.588705736867816,0.3253012048192771
0.85,40,84,0,0.9575,24.109076119702753,0.32142857142857145
0.85,40,84,1,0.98875,33.507698142565395,0.32142857142857145
0.85,40,84,2,0.99666,42.55955564662896,0.32142857142857145
0.85,40,85,0,0.96044,24.149214062144594,0.3176470588235294
0.85,40,85,1,0.98984,33.50412110115698,0.3176470588235294
0.85,40,85,2,0.9973,42.59380326882584,0.3176470588235294
0.85,40,86,0,0.96141,24.147550112695058,0.313953488372093
0.85,40,86,1,0.99008,33.53085686937497,0.313953488372093
0.85,40,86,2,0.99753,42.62011206140706,0.313953488372093
0.85,40,87,0,0.96179,24.17021807095264,0.3103448275862069
0.85,40,87,1,0.99137,33.55675634572515,0.3103448275862069
0.85,40,87,2,0.99779,42.63414646368474,0.3103448275862069
0.85,40,88,0,0.96437,24.18135773773392,0.3068181818181818
0.85,40,88,1,0.99156,33.55148995987675,0.3068181818181818
0.85,40,88,2,0.99782,42.61368051583221,0.3068181818181818
0.85,40,89,0,0.9649,24.217979942122344,0.30337078651685395
0.85,40,89,1,0.99225,33.583923483923485,0.30337078651685395
0.85,40,89,2,0.99819,42.64524943994785,0.30337078651685395
0.85,40,90,0,0.9668,24.227761688043035,0.3
0.85,40,90,1,0.99297,33.58091808490612,0.3
0.85,40,90,2,0.99823,42.666291451253336,0.3
0.85,40,91,0,0.96794,24.274669957292332,0.2967032967032967
0.85,40,91,1,0.9932,33.60970174107005,0.2967032967032967
0.85,40,91,2,0.99857,42.598790308602844,0.2967032967032967
0.85,40,92,0,0.96898,24.28255048528429,0.29347826086956524
0.85,40,92,1,0.99363,33.606728708023965,0.29347826086956524
0.85,40,92,2,0.99846,42.67303185367004,0.29347826086956524
0.85,40,93,0,0.96994,24.310175411326,0.2903225806451613
0.85,40,93,1,0.99435,33.63927730136812,0.2903225806451613
0.85,40,93,2,0.99871,42.6961376329311,0.2903225806451613
0.85,40,94,0,0.97147,24.307428433199174,0.2872340425531915
0.85,40,94,1,0.99485,33.666084179679196,0.2872340425531915
0.85,40,94,2,0.99871,42.67885957500561,0.2872340425531915
0.85,40,95,0,0.97222,24.3369447481814,0.28421052631578947
0.85,40,95,1,0.99442,33.699734905387444,0.28421052631578947
0.85,40,95,2,0.99882,42.66710391338704,0.28421052631578947
0.85,40,96,0,0.97346,24.352043622352628,0.28125
0.85,40,96,1,0.99538,33.68893325625931,0.28125
0.85,40,96,2,0.99906,42.663870384315096,0.28125
0.85,40,97,0,0.97495,24.389954908930243,0.27835051546391754
0.85,40,97,1,0.99563,33.68235149140204,0.27835051546391754
0.85,40,97,2,0.99916,42.669875387633304,0.27835051546391754
0.85,40,98,0,0.97514,24.384634711228845,0.2755102040816326
0.85,40,98,1,0.9959,33.68313160882696,0.2755102040816326
0.85,40,98,2,0.99918,42.67771399470644,0.2755102040816326
0.85,40,99,0,0.97667,24.403107182884384,0.2727272727272727
0.85,40,99,1,0.99638,33.702283033813174,0.2727272727272727
0.85,40,99,2,0.99915,42.72005820331898,0.2727272727272727
0.85,40,100,0,0.9783,24.44827565871724,0.27
0.85,40,100,1,0.99627,33.70404107320305,0.27
0.85,40,100,2,0.99923,42.73762816599552,0.27
0.85,40,101,0,0.97917,24.448665706669935,0.26732673267326734
0.85,40,101,1,0.99673,33.74275612020538,0.26732673267326734
0.85,40,101,2,0.99945,42.69539015689399,0.26732673267326734
0.85,40,102,0,0.97929,24.482398747287082,0.2647058823529412
0.85,40,102,1,0.99683,33.706873867081725,0.2647058823529412
0.85,40,102,2,0.99927,42.72729477133693,0.2647058823529412
0.85,40,103,0,0.98047,24.492366690700145,0.2621359223300971
0.85,40,103,1,0.99716,33.797442428805496,0.2621359223300971
0.85,40,103,2,0.99919,42.7561642237905,0.2621359223300971
0.85,40,104,0,0.98126,24.51082027189532,0.25961538461538464
0.85,40,104,1,0.99704,33.75265015214265,0.25961538461538464
0.85,40,104,2,0.99925,42.726836473508975,0.25961538461538464
0.85,40,105,0,0.98238,24.522343304408288,0.2571428571428571
0.85,40,105,1,0.99755,33.79640311069814,0.2571428571428571
0.85,40,105,2,0.99927,42.757674640949425,0.2571428571428571
0.85,40,106,0,0.98272,24.54154227356411,0.25471698113207547
0.85,40,106,1,0.99783,33.686808065810496,0.25471698113207547
0.85,40,106,2,0.99943,42.73561025938631,0.25471698113207547
0.85,40,107,0,0.98299,24.546521914691986,0.2523364485981308
0.85,40,107,1,0.99795,33.79525141925563,0.2523364485981308
0.85,40,107,2,0.99928,42.700811892254734,0.2523364485981308
0.85,40,108,0,0.98353,24.580701851806957,0.25
0.85,40,108,1,0.9981,33.78421308177846,0.25
0.85,40,108,2,0.99939,42.72879725863547,0.25
0.85,40,109,0,0.98494,24.60281942203429,0.24770642201834864
0.85,40,109,1,0.99835,33.77979820550062,0.24770642201834864
0.85,40,109,2,0.99934,42.6956156447871,0.24770642201834864
0.85,40,110,0,0.98574,24.608560378692456,0.24545454545454545
0.85,40,110,1,0.99842,33.769779328261734,0.24545454545454545
0.85,40,110,2,0.9993,42.70293339953352,0.24545454545454545
0.85,40,111,0,0.98649,24.597161497991713,0.24324324324324326
0.85,40,111,1,0.99844,33.84554327828335,0.24324324324324326
0.85,40,111,2,0.99926,42.68635809729968,0.24324324324324326
0.85,40,112,0,0.9865,24.64319759054934,0.24107142857142858
0.85,40,112,1,0.99854,33.80455272389997,0.24107142857142858
0.85,40,112,2,0.99934,42.73323277978851,0.24107142857142858
0.85,40,113,0,0.98769,24.666477024479033,0.23893805309734514
0.85,40,113,1,0.99867,33.795114810390125,0.23893805309734514
0.85,40,113,2,0.99941,42.700957988290014,0.23893805309734514
0.85,40,114,0,0.98813,24.643209123059957,0.23684210526315788
0.85,40,114,1,0.99882,33.80607963550836,0.23684210526315788
0.85,40,114,2,0.99942,42.731515047958595,0.23684210526315788
0.85,40,115,0,0.98897,24.65831486682726,0.23478260869565218
0.85,40,115,1,0.99871,33.79236330250639,0.23478260869565218
0.85,40,115,2,0.99936,42.74149301706939,0.23478260869565218
0.85,40,116,0,0.98937,24.70848581964747,0.23275862068965517
0.85,40,116,1,0.99899,33.82509603930739,0.23275862068965517
0.85,40,116,2,0.99934,42.716415911424626,0.23275862068965517
0.85,40,117,0,0.9901,24.71501810228959,0.23076923076923078
0.85,40,117,1,0.99915,33.8254708810181,0.23076923076923078
0.85,40,117,2,0.99942,42.67499861458108,0.23076923076923078
0.85,40,118,0,0.98997,24.72350560739602,0.2288135593220339
0.85,40,118,1,0.99909,33.85379349053792,0.2288135593220339
0.85,40,118,2,0.99925,42.690913377340706,0.2288135593220339
0.85,40,119,0,0.99087,24.732472861844027,0.226890756302521
0.85,40,119,1,0.9992,33.86713986573874,0.226890756302521
0.85,40,119,2,0.99943,42.74091809254352,0.226890756302521
0.85,40,120,0,0.99098,24.77123073197162,0.225
0.85,40,120,1,0.99929,33.851959891522974,0.225
0.85,40,120,2,0.99943,42.70455986835572,0.225
0.85,40,121,0,0.99142,24.745159623415052,0.2231404958677686
0.85,40,121,1,0.99939,33.89174126986692,0.2231404958677686
0.85,40,121,2,0.99929,42.697356469247005,0.2231404958677686
0.85,40,122,0,0.99158,24.75127302657608,0.22131147540983606
0.85,40,122,1,0.99947,33.79767045765024,0.22131147540983606
0.85,40,122,2,0.99936,42.670572628020395,0.22131147540983606
0.85,40,123,0,0.99229,24.770932931362342,0.21951219512195122
0.85,40,123,1,0.9996,33.85744297719088,0.21951219512195122
0.85,40,123,2,0.99933,42.725681976154796,0.21951219512195122
0.85,40,124,0,0.99313,24.770661947579875,0.21774193548387097
0.85,40,124,1,0.99944,33.83539782278076,0.21774193548387097
0.85,40,124,2,0.99919,42.71975396224788,0.21774193548387097
0.85,40,125,0,0.99308,24.789900922073056,0.216
0.85,40,125,1,0.99957,33.85353009486387,0.216
0.85,40,125,2,0.99919,42.73361134057047,0.216
0.85,40,126,0,0.99396,24.801200210811757,0.21428571428571427
0.85,40,126,1,0.9995,33.841938276830724,0.21428571428571427
0.85,40,126,2,0.99942,42.7134439898218,0.21428571428571427
0.85,40,127,0,0.99421,24.801799534690474,0.2125984251968504
0.85,40,127,1,0.99969,33.88977698471142,0.2125984251968504
0.85,40,127,2,0.99924,42.7215972600715,0.2125984251968504
0.85,40,128,0,0.99472,24.829250365004143,0.2109375
0.85,40,128,1,0.99969,33.89260478440624,0.2109375
0.85,40,128,2,0.99933,42.69513073759419,0.2109375
0.95,2,40,0,0.99972,22.91917121409379,0.675
0.95,2,40,1,1.0,30.82553653846154,0.675
0.95,2,40,2,1.0,38.73811442307692,0.675
0.95,2,41,0,0.99984,22.91642624358359,0.6585365853658537
0.95,2,41,1,1.0,30.8262,0.6585365853658537
0.95,2,41,2,1.0,38.72787692307692,0.6585365853658537
0.95,2,42,0,0.99992,22.91840077975469,0.6428571428571429
0.95,2,42,1,1.0,30.823569230769234,0.6428571428571429
0.95,2,42,2,1.0,38.73369230769231,0.6428571428571429
0.95,2,43,0,0.99995,22.91794108936216,0.627906976744186
0.95,2,43,1,1.0,30.822426923076925,0.627906976744186
0.95,2,43,2,1.0,38.72799807692308,0.627906976744186
0.95,2,44,0,0.99995,22.916712181762932,0.6136363636363636
0.95,2,44,1,1.0,30.83342884615385,0.6136363636363636
0.95,2,44,2,1.0,38.738607692307696,0.6136363636363636
0.95,2,45,0,1.0,22.91694230769231,0.6
0.95,2,45,1,1.0,30.826517307692306,0.6
0.95,2,45,2,1.0,38.73643557692308,0.6
0.95,2,46,0,1.0,22.91757403846154,0.5869565217391305
0.95,2,46,1,1.0,30.823038461538466,0.5869565217391305
0.95,2,46,2,1.0,38.72856923076923,0.5869565217391305
0.95,2,47,0,1.0,22.91766923076923,0.574468085106383
0.95,2,47,1,1.0,30.824711538461536,0.574468085106383
0.95,2,47,2,1.0,38.73342403846154,0.574468085106383
0.95,2,48,0,1.0,22.917400961538466,0.5625
0.95,2,48,1,1.0,30.82276730769231,0.5625
0.95,2,48,2,1.0,38.72640576923077,0.5625
0.95,2,49,0,1.0,22.919532692307694,0.5510204081632653
0.95,2,49,1,1.0,30.827261538461535,0.5510204081632653
0.95,2,49,2,1.0,38.739325961538455,0.5510204081632653
0.95,2,50,0,1.0,22.91665961538462,0.54
0.95,2,50,1,1.0,30.82089230769231,0.54
0.95,2,50,2,1.0,38.73247211538462,0.54
0.95,2,51,0,1.0,22.91784519230769,0.5294117647058824
0.95,2,51,1,1.0,30.82705384615384,0.5294117647058824
0.95,2,51,2,1.0,38.72821442307693,0.5294117647058824
0.95,2,52,0,1.0,22.918970192307693,0.5192307692307693
0.95,2,52,1,1.0,30.82636153846154,0.5192307692307693
0.95,2,52,2,1.0,38.731217307692305,0.5192307692307693
0.95,2,53,0,1.0,22.919824038461535,0.5094339622641509
0.95,2,53,1,1.0,30.82208076923077,0.5094339622641509
0.95,2,53,2,1.0,38.73377019230769,0.5094339622641509
0.95,2,54,0,1.0,22.918384615384614,0.5
0.95,2,54,1,1.0,30.82116923076923,0.5
0.95,2,54,2,1.0,38.73146826923077,0.5
0.95,2,55,0,1.0,22.91556057692308,0.4909090909090909
0.95,2,55,1,1.0,30.824896153846154,0.4909090909090909
0.95,2,55,2,1.0,38.73273173076923,0.4909090909090909
0.95,2,56,0,1.0,22.916728846153845,0.48214285714285715
0.95,2,56,1,1.0,30.829361538461544,0.48214285714285715
0.95,2,56,2,1.0,38.73325096153845,0.48214285714285715
0.95,2,57,0,1.0,22.91751346153846,0.47368421052631576
0.95,2,57,1,1.0,30.82649423076923,0.47368421052631576
0.95,2,57,2,1.0,38.72687307692308,0.47368421052631576
0.95,2,58,0,1.0,22.91431730769231,0.46551724137931033
0.95,2,58,1,1.0,30.822092307692305,0.46551724137931033
0.95,2,58,2,1.0,38.73434999999999,0.46551724137931033
0.95,2,59,0,1.0,22.91825192307693,0.4576271186440678
0.95,2,59,1,1.0,30.824394230769226,0.4576271186440678
0.95,2,59,2,1.0,38.73407307692308,0.4576271186440678
0.95,2,60,0,1.0,22.91827211538461,0.45
0.95,2,60,1,1.0,30.825628846153844,0.45
0.95,2,60,2,1.0,38.73110480769231,0.45
0.95,2,61,0,1.0,22.91622403846154,0.4426229508196721
0.95,2,61,1,1.0,30.824111538461544,0.4426229508196721
0.95,2,61,2,1.0,38.736591346153844,0.4426229508196721
0.95,2,62,0,1.0,22.91652115384615,0.43548387096774194
0.95,2,62,1,1.0,30.826898076923076,0.43548387096774194
0.95,2,62,2,1.0,38.73148557692308,0.43548387096774194
0.95,2,63,0,1.0,22.919437500000004,0.42857142857142855
0.95,2,63,1,1.0,30.822201923076925,0.42857142857142855
0.95,2,63,2,1.0,38.73216057692308,0.42857142857142855
0.95,2,64,0,1.0,22.91680384615385,0.421875
0.95,2,64,1,1.0,30.823551923076923,0.421875
0.95,2,64,2,1.0,38.73741346153845,0.421875
0.95,2,65,0,1.0,22.91861538461539,0.4153846153846154
0.95,2,65,1,1.0,30.82648846153846,0.4153846153846154
0.95,2,65,2,1.0,38.7312,0.4153846153846154
0.95,2,66,0,1.0,22.919128846153846,0.4090909090909091
0.95,2,66,1,1.0,30.82546730769231,0.4090909090909091
0.95,2,66,2,1.0,38.73335480769231,0.4090909090909091
0.95,2,67,0,1.0,22.92073846153846,0.40298507462686567
0.95,2,67,1,1.0,30.826880769230765,0.40298507462686567
0.95,2,67,2,1.0,38.741800961538466,0.40298507462686567
0.95,2,68,0,1.0,22.91939134615385,0.39705882352941174
0.95,2,68,1,1.0,30.82844423076923,0.39705882352941174
0.95,2,68,2,1.0,38.73739615384615,0.39705882352941174
0.95,2,69,0,1.0,22.917657692307696,0.391304347826087
0.95,2,69,1,1.0,30.82225961538461,0.391304347826087
0.95,2,69,2,1.0,38.74260576923078,0.391304347826087
0.95,2,70,0,1.0,22.919844230769236,0.38571428571428573
0.95,2,70,1,1.0,30.82300384615385,0.38571428571428573
0.95,2,70,2,1.0,38.733744230769226,0.38571428571428573
0.95,2,71,0,1.0,22.919953846153845,0.38028169014084506
0.95,2,71,1,1.0,30.825778846153845,0.38028169014084506
0.95,2,71,2,1.0,38.73247211538461,0.38028169014084506
0.95,2,72,0,1.0,22.91973461538462,0.375
0.95,2,72,1,1.0,30.824873076923076,0.375
0.95,2,72,2,1.0,38.73776826923076,0.375
0.95,2,73,0,1.0,22.91657019230769,0.3698630136986301
0.95,2,73,1,1.0,30.828005769230764,0.3698630136986301
0.95,2,73,2,1.0,38.73653076923077,0.3698630136986301
0.95,2,74,0,1.0,22.918352884615384,0.36486486486486486
0.95,2,74,1,1.0,30.827128846153844,0.36486486486486486
0.95,2,74,2,1.0,38.72840480769231,0.36486486486486486
0.95,2,75,0,1.0,22.918142307692307,0.36
0.95,2,75,1,1.0,30.82386346153846,0.36
0.95,2,75,2,1.0,38.735976923076926,0.36
0.95,2,76,0,1.0,22.91777307692308,0.35526315789473684
0.95,2,76,1,1.0,30.82936153846154,0.35526315789473684
0.95,2,76,2,1.0,38.725298076923075,0.35526315789473684
0.95,2,77,0,1.0,22.91933365384616,0.35064935064935066
0.95,2,77,1,1.0,30.82701923076923,0.35064935064935066
0.95,2,77,2,1.0,38.73183173076924,0.35064935064935066
0.95,2,78,0,1.0,22.917256730769235,0.34615384615384615
0.95,2,78,1,1.0,30.82689230769231,0.34615384615384615
0.95,2,78,2,1.0,38.733623076923074,0.34615384615384615
0.95,2,79,0,1.0,22.91805576923077,0.34177215189873417
0.95,2,79,1,1.0,30.82640769230769,0.34177215189873417
0.95,2,79,2,1.0,38.72945192307692,0.34177215189873417
0.95,2,80,0,1.0,22.918860576923077,0.3375
0.95,2,80,1,1.0,30.82213846153846,0.3375
0.95,2,80,2,1.0,38.73945576923077,0.3375
0.95,2,81,0,1.0,22.92036346153846,0.3333333333333333
0.95,2,81,1,1.0,30.82287115384615,0.3333333333333333
0.95,2,81,2,1.0,38.7254798076923,0.3333333333333333
0.95,2,82,0,1.0,22.918912500000005,0.32926829268292684
0.95,2,82,1,1.0,30.82881923076923,0.32926829268292684
0.95,2,82,2,1.0,38.73448846153846,0.32926829268292684
0.95,2,83,0,1.0,22.91974903846154,0.3253012048192771
0.95,2,83,1,1.0,30.822415384615386,0.3253012048192771
0.95,2,83,2,1.0,38.73403846153846,0.3253012048192771
0.95,2,84,0,1.0,22.917908653846155,0.32142857142857145
0.95,2,84,1,1.0,30.829021153846156,0.32142857142857145
0.95,2,84,2,1.0,38.72204423076923,0.32142857142857145
0.95,2,85,0,1.0,22.918450961538465,0.3176470588235294
0.95,2,85,1,1.0,30.82723846153846,0.3176470588235294
0.95,2,85,2,1.0,38.73743076923077,0.3176470588235294
0.95,2,86,0,1.0,22.91817403846154,0.313953488372093
0.95,2,86,1,1.0,30.83030192307692,0.313953488372093
0.95,2,86,2,1.0,38.730230769230765,0.313953488372093
0.95,2,87,0,1.0,22.916728846153845,0.3103448275862069
0.95,2,87,1,1.0,30.82490769230769,0.3103448275862069
0.95,2,87,2,1.0,38.734947115384614,0.3103448275862069
0.95,2,88,0,1.0,22.91909711538462,0.3068181818181818
0.95,2,88,1,1.0,30.828051923076924,0.3068181818181818
0.95,2,88,2,1.0,38.73010096153846,0.3068181818181818
0.95,2,89,0,1.0,22.91817692307693,0.30337078651685395
0.95,2,89,1,1.0,30.82974807692307,0.30337078651685395
0.95,2,89,2,1.0,38.740381730769236,0.30337078651685395
0.95,2,90,0,1.0,22.92117115384615,0.3
0.95,2,90,1,1.0,30.820315384615384,0.3
0.95,2,90,2,1.0,38.729192307692315,0.3
0.95,2,91,0,1.0,22.917620192307695,0.2967032967032967
0.95,2,91,1,1.0,30.824619230769233,0.2967032967032967
0.95,2,91,2,1.0,38.73650480769231,0.2967032967032967
0.95,2,92,0,1.0,22.916281730769235,0.29347826086956524
0.95,2,92,1,1.0,30.82348846153846,0.29347826086956524
0.95,2,92,2,1.0,38.73007499999999,0.29347826086956524
0.95,2,93,0,1.0,22.91876826923077,0.2903225806451613
0.95,2,93,1,1.0,30.827682692307693,0.2903225806451613
0.95,2,93,2,1.0,38.72897596153846,0.2903225806451613
0.95,2,94,0,1.0,22.92055384615385,0.2872340425531915
0.95,2,94,1,1.0,30.82201153846154,0.2872340425531915
0.95,2,94,2,1.0,38.73140769230769,0.2872340425531915
0.95,2,95,0,1.0,22.916942307692313,0.28421052631578947
0.95,2,95,1,1.0,30.825132692307694,0.28421052631578947
0.95,2,95,2,1.0,38.7314076923077,0.28421052631578947
0.95,2,96,0,1.0,22.920178846153846,0.28125
0.95,2,96,1,1.0,30.82798269230769,0.28125
0.95,2,96,2,1.0,38.738036538461536,0.28125
0.95,2,97,0,1.0,22.919685576923076,0.27835051546391754
0.95,2,97,1,1.0,30.827128846153844,0.27835051546391754
0.95,2,97,2,1.0,38.72900192307693,0.27835051546391754
0.95,2,98,0,1.0,22.919899038461544,0.2755102040816326
0.95,2,98,1,1.0,30.8271,0.2755102040816326
0.95,2,98,2,1.0,38.72516826923077,0.2755102040816326
0.95,2,99,0,1.0,22.915805769230765,0.2727272727272727
0.95,2,99,1,1.0,30.82564038461539,0.2727272727272727
0.95,2,99,2,1.0,38.73156346153846,0.2727272727272727
0.95,2,100,0,1.0,22.918315384615386,0.27
0.95,2,100,1,1.0,30.825553846153845,0.27
0.95,2,100,2,1.0,38.73223846153846,0.27
0.95,2,101,0,1.0,22.917672115384615,0.26732673267326734
0.95,2,101,1,1.0,30.82348846153846,0.26732673267326734
0.95,2,101,2,1.0,38.7315375,0.26732673267326734
0.95,2,102,0,1.0,22.91753076923077,0.2647058823529412
0.95,2,102,1,1.0,30.822478846153846,0.2647058823529412
0.95,2,102,2,1.0,38.73678173076922,0.2647058823529412
0.95,2,103,0,1.0,22.91847403846154,0.2621359223300971
0.95,2,103,1,1.0,30.823886538461544,0.2621359223300971
0.95,2,103,2,1.0,38.727201923076926,0.2621359223300971
0.95,2,104,0,1.0,22.91858653846154,0.25961538461538464
0.95,2,104,1,1.0,30.827036538461535,0.25961538461538464
0.95,2,104,2,1.0,38.73522403846154,0.25961538461538464
0.95,2,105,0,1.0,22.91568461538462,0.2571428571428571
0.95,2,105,1,1.0,30.828392307692305,0.2571428571428571
0.95,2,105,2,1.0,38.73523269230769,0.2571428571428571
0.95,2,106,0,1.0,22.9216125,0.25471698113207547
0.95,2,106,1,1.0,30.82485576923077,0.25471698113207547
0.95,2,106,2,1.0,38.73307788461538,0.25471698113207547
0.95,2,107,0,1.0,22.91742403846154,0.2523364485981308
0.95,2,107,1,1.0,30.825046153846156,0.2523364485981308
0.95,2,107,2,1.0,38.74013942307692,0.2523364485981308
0.95,2,108,0,1.0,22.918485576923075,0.25
0.95,2,108,1,1.0,30.82487307692307,0.25
0.95,2,108,2,1.0,38.73068076923077,0.25
0.95,2,109,0,1.0,22.918488461538466,0.24770642201834864
0.95,2,109,1,1.0,30.82686346153846,0.24770642201834864
0.95,2,109,2,1.0,38.73250673076923,0.24770642201834864
0.95,2,110,0,1.0,22.91940865384616,0.24545454545454545
0.95,2,110,1,1.0,30.830226923076925,0.24545454545454545
0.95,2,110,2,1.0,38.73097500000001,0.24545454545454545
0.95,2,111,0,1.0,22.918401923076924,0.24324324324324326
0.95,2,111,1,1.0,30.8253,0.24324324324324326
0.95,2,111,2,1.0,38.7384,0.24324324324324326
0.95,2,112,0,1.0,22.91708076923077,0.24107142857142858
0.95,2,112,1,1.0,30.822974999999996,0.24107142857142858
0.95,2,112,2,1.0,38.731122115384615,0.24107142857142858
0.95,2,113,0,1.0,22.918664423076926,0.23893805309734514
0.95,2,113,1,1.0,30.830036538461545,0.23893805309734514
0.95,2,113,2,1.0,38.73111346153846,0.23893805309734514
0.95,2,114,0,1.0,22.919270192307696,0.23684210526315788
0.95,2,114,1,1.0,30.827538461538463,0.23684210526315788
0.95,2,114,2,1.0,38.736625961538465,0.23684210526315788
0.95,2,115,0,1.0,22.918430769230774,0.23478260869565218
0.95,2,115,1,1.0,30.824700000000004,0.23478260869565218
0.95,2,115,2,1.0,38.73237692307693,0.23478260869565218
0.95,2,116,0,1.0,22.91764615384615,0.23275862068965517
0.95,2,116,1,1.0,30.822675000000004,0.23275862068965517
0.95,2,116,2,1.0,38.73779423076923,0.23275862068965517
0.95,2,117,0,1.0,22.916847115384616,0.23076923076923078
0.95,2,117,1,1.0,30.824682692307693,0.23076923076923078
0.95,2,117,2,1.0,38.73399519230769,0.23076923076923078
0.95,2,118,0,1.0,22.91606826923077,0.2288135593220339
0.95,2,118,1,1.0,30.827128846153844,0.2288135593220339
0.95,2,118,2,1.0,38.73408173076923,0.2288135593220339
0.95,2,119,0,1.0,22.920429807692305,0.226890756302521
0.95,2,119,1,1.0,30.824924999999997,0.226890756302521
0.95,2,119,2,1.0,38.73452307692308,0.226890756302521
0.95,2,120,0,1.0,22.91775576923077,0.225
0.95,2,120,1,1.0,30.827394230769233,0.225
0.95,2,120,2,1.0,38.732982692307694,0.225
0.95,2,121,0,1.0,22.91620384615385,0.2231404958677686
0.95,2,121,1,1.0,30.82479230769231,0.2231404958677686
0.95,2,121,2,1.0,38.736046153846154,0.2231404958677686
0.95,2,122,0,1.0,22.91569903846154,0.22131147540983606
0.95,2,122,1,1.0,30.826621153846155,0.22131147540983606
0.95,2,122,2,1.0,38.731269230769236,0.22131147540983606
0.95,2,123,0,1.0,22.919535576923074,0.21951219512195122
0.95,2,123,1,1.0,30.82553653846154,0.21951219512195122
0.95,2,123,2,1.0,38.72856923076923,0.21951219512195122
0.95,2,124,0,1.0,22.919189423076926,0.21774193548387097
0.95,2,124,1,1.0,30.82306730769231,0.21774193548387097
0.95,2,124,2,1.0,38.73547500000001,0.21774193548387097
0.95,2,125,0,1.0,22.921018269230764,0.216
0.95,2,125,1,1.0,30.828905769230765,0.216
0.95,2,125,2,1.0,38.73171057692307,0.216
0.95,2,126,0,1.0,22.919252884615386,0.21428571428571427
0.95,2,126,1,1.0,30.82428461538461,0.21428571428571427
0.95,2,126,2,1.0,38.73585576923077,0.21428571428571427
0.95,2,127,0,1.0,22.919062500000006,0.2125984251968504
0.95,2,127,1,1.0,30.82271538461539,0.2125984251968504
0.95,2,127,2,1.0,38.72786826923077,0.2125984251968504
0.95,2,128,0,1.0,22.916518269230764,0.2109375
0.95,2,128,1,1.0,30.827971153846153,0.2109375
0.95,2,128,2,1.0,38.73188365384615,0.2109375
0.95,3,40,0,0.99741,22.91379094932799,0.675
0.95,3,40,1,0.99987,30.831431162974265,0.675
0.95,3,40,2,0.99998,38.73761129068735,0.675
0.95,3,41,0,0.99812,22.9188200740469,0.6585365853658537
0.95,3,41,1,0.99996,30.832642921101453,0.6585365853658537
0.95,3,41,2,0.99999,38.74902210560567,0.6585365853658537
0.95,3,42,0,0.9988,22.922012183851397,0.6428571428571429
0.95,3,42,1,0.99998,30.83333012814103,0.6428571428571429
0.95,3,42,2,1.0,38.74082307692308,0.6428571428571429
0.95,3,43,0,0.99913,22.92342896011838,0.627906976744186
0.95,3,43,1,0.99998,30.829949291293516,0.627906976744186
0.95,3,43,2,1.0,38.74209519230769,0.627906976744186
0.95,3,44,0,0.99944,22.923664175014935,0.6136363636363636
0.95,3,44,1,0.99998,30.835234012372556,0.6136363636363636
0.95,3,44,2,1.0,38.740572115384616,0.6136363636363636
0.95,3,45,0,0.99969,22.92553480040351,0.6
0.95,3,45,1,1.0,30.83772692307693,0.6
0.95,3,45,2,1.0,38.73791538461538,0.6
0.95,3,46,0,0.99971,22.929127331541533,0.5869565217391305
0.95,3,46,1,0.99999,30.83504104271812,0.5869565217391305
0.95,3,46,2,1.0,38.74196538461538,0.5869565217391305
0.95,3,47,0,0.99988,22.927288774652958,0.574468085106383
0.95,3,47,1,1.0,30.83521153846154,0.574468085106383
0.95,3,47,2,1.0,38.73945576923077,0.574468085106383
0.95,3,48,0,0.99984,22.93104492872705,0.5625
0.95,3,48,1,1.0,30.83066538461538,0.5625
0.95,3,48,2,1.0,38.7391875,0.5625
0.95,3,49,0,0.99992,22.925483077107714,0.5510204081632653
0.95,3,49,1,1.0,30.833151923076926,0.5510204081632653
0.95,3,49,2,1.0,38.753526923076926,0.5510204081632653
0.95,3,50,0,0.99999,22.926889845821535,0.54
0.95,3,50,1,1.0,30.83599615384615,0.54
0.95,3,50,2,1.0,38.73808846153847,0.54
0.95,3,51,0,0.99999,22.92717831024464,0.5294117647058824
0.95,3,51,1,1.0,30.82928076923076,0.5294117647058824
0.95,3,51,2,1.0,38.73701538461539,0.5294117647058824
0.95,3,52,0,0.99995,22.92929838799633,0.5192307692307693
0.95,3,52,1,1.0,30.835655769230765,0.5192307692307693
0.95,3,52,2,1.0,38.74795384615384,0.5192307692307693
0.95,3,53,0,0.99998,22.929262431402474,0.5094339622641509
0.95,3,53,1,1.0,30.838799999999996,0.5094339622641509
0.95,3,53,2,1.0,38.73930000000001,0.5094339622641509
0.95,3,54,0,0.99999,22.926379263792636,0.5
0.95,3,54,1,1.0,30.832194230769225,0.5
0.95,3,54,2,1.0,38.73403846153846,0.5
0.95,3,55,0,1.0,22.926173076923078,0.4909090909090909
0.95,3,55,1,1.0,30.83436346153846,0.4909090909090909
0.95,3,55,2,1.0,38.73711057692307,0.4909090909090909
0.95,3,56,0,1.0,22.92894230769231,0.48214285714285715
0.95,3,56,1,1.0,30.831790384615385,0.48214285714285715
0.95,3,56,2,1.0,38.73865961538461,0.48214285714285715
0.95,3,57,0,1.0,22.930018269230775,0.47368421052631576
0.95,3,57,1,1.0,30.830775,0.47368421052631576
0.95,3,57,2,1.0,38.75029038461538,0.47368421052631576
0.95,3,58,0,1.0,22.927133653846155,0.46551724137931033
0.95,3,58,1,1.0,30.83241346153846,0.46551724137931033
0.95,3,58,2,1.0,38.74080576923077,0.46551724137931033
0.95,3,59,0,1.0,22.9300125,0.4576271186440678
0.95,3,59,1,1.0,30.830567307692306,0.4576271186440678
0.95,3,59,2,1.0,38.74203461538462,0.4576271186440678
0.95,3,60,0,1.0,22.927802884615385,0.45
0.95,3,60,1,1.0,30.831686538461536,0.45
0.95,3,60,2,1.0,38.74073653846153,0.45
0.95,3,61,0,1.0,22.928567307692308,0.4426229508196721
0.95,3,61,1,1.0,30.83379807692307,0.4426229508196721
0.95,3,61,2,1.0,38.73998365384615,0.4426229508196721
0.95,3,62,0,0.99999,22.930945655610405,0.43548387096774194
0.95,3,62,1,1.0,30.831023076923074,0.43548387096774194
0.95,3,62,2,1.0,38.741653846153845,0.43548387096774194
0.95,3,63,0,1.0,22.926291346153846,0.42857142857142855
0.95,3,63,1,1.0,30.83601923076923,0.42857142857142855
0.95,3,63,2,1.0,38.74837788461538,0.42857142857142855
0.95,3,64,0,1.0,22.93062692307692,0.421875
0.95,3,64,1,1.0,30.839532692307696,0.421875
0.95,3,64,2,1.0,38.73972403846154,0.421875
0.95,3,65,0,1.0,22.922855769230768,0.4153846153846154
0.95,3,65,1,1.0,30.835955769230765,0.4153846153846154
0.95,3,65,2,1.0,38.74385192307692,0.4153846153846154
0.95,3,66,0,1.0,22.92730096153846,0.4090909090909091
0.95,3,66,1,1.0,30.83363076923077,0.4090909090909091
0.95,3,66,2,1.0,38.743713461538455,0.4090909090909091
0.95,3,67,0,1.0,22.92650192307692,0.40298507462686567
0.95,3,67,1,1.0,30.83310576923077,0.40298507462686567
0.95,3,67,2,1.0,38.73843461538462,0.40298507462686567
0.95,3,68,0,1.0,22.931010576923075,0.39705882352941174
0.95,3,68,1,1.0,30.836901923076926,0.39705882352941174
0.95,3,68,2,1.0,38.734393269230765,0.39705882352941174
0.95,3,69,0,1.0,22.92875480769231,0.391304347826087
0.95,3,69,1,1.0,30.833901923076926,0.391304347826087
0.95,3,69,2,1.0,38.747521153846144,0.391304347826087
0.95,3,70,0,1.0,22.93126153846154,0.38571428571428573
0.95,3,70,1,1.0,30.834478846153846,0.38571428571428573
0.95,3,70,2,1.0,38.74229423076923,0.38571428571428573
0.95,3,71,0,1.0,22.928325000000005,0.38028169014084506
0.95,3,71,1,1.0,30.834346153846155,0.38028169014084506
0.95,3,71,2,1.0,38.75168365384616,0.38028169014084506
0.95,3,72,0,1.0,22.930298076923076,0.375
0.95,3,72,1,1.0,30.833394230769226,0.375
0.95,3,72,2,1.0,38.73767307692307,0.375
0.95,3,73,0,1.0,22.927026923076927,0.3698630136986301
0.95,3,73,1,1.0,30.83394807692308,0.3698630136986301
0.95,3,73,2,1.0,38.74159326923076,0.3698630136986301
0.95,3,74,0,1.0,22.927528846153844,0.36486486486486486
0.95,3,74,1,1.0,30.83480192307693,0.36486486486486486
0.95,3,74,2,1.0,38.74083173076923,0.36486486486486486
0.95,3,75,0,1.0,22.930476923076924,0.36
0.95,3,75,1,1.0,30.82803461538462,0.36
0.95,3,75,2,1.0,38.73377884615385,0.36
0.95,3,76,0,1.0,22.92735576923077,0.35526315789473684
0.95,3,76,1,1.0,30.831,0.35526315789473684
0.95,3,76,2,1.0,38.744405769230774,0.35526315789473684
0.95,3,77,0,1.0,22.92893942307692,0.35064935064935066
0.95,3,77,1,1.0,30.8376,0.35064935064935066
0.95,3,77,2,1.0,38.74274423076923,0.35064935064935066
0.95,3,78,0,1.0,22.93028365384615,0.34615384615384615
0.95,3,78,1,1.0,30.82913653846154,0.34615384615384615
0.95,3,78,2,1.0,38.741792307692315,0.34615384615384615
0.95,3,79,0,1.0,22.93135096153846,0.34177215189873417
0.95,3,79,1,1.0,30.837963461538465,0.34177215189873417
0.95,3,79,2,1.0,38.743505769230765,0.34177215189873417
0.95,3,80,0,1.0,22.92561634615385,0.3375
0.95,3,80,1,1.0,30.834496153846153,0.3375
0.95,3,80,2,1.0,38.73739615384615,0.3375
0.95,3,81,0,1.0,22.92805673076923,0.3333333333333333
0.95,3,81,1,1.0,30.826996153846157,0.3333333333333333
0.95,3,81,2,1.0,38.73977596153846,0.3333333333333333
0.95,3,82,0,1.0,22.92462115384615,0.32926829268292684
0.95,3,82,1,1.0,30.83319807692308,0.32926829268292684
0.95,3,82,2,1.0,38.744613461538464,0.32926829268292684
0.95,3,83,0,1.0,22.92839711538462,0.3253012048192771
0.95,3,83,1,1.0,30.833088461538456,0.3253012048192771
0.95,3,83,2,1.0,38.74352307692308,0.3253012048192771
0.95,3,84,0,1.0,22.92467307692308,0.32142857142857145
0.95,3,84,1,1.0,30.83471538461538,0.32142857142857145
0.95,3,84,2,1.0,38.73720576923076,0.32142857142857145
0.95,3,85,0,1.0,22.92798461538462,0.3176470588235294
0.95,3,85,1,1.0,30.83030769230769,0.3176470588235294
0.95,3,85,2,1.0,38.73215192307693,0.3176470588235294
0.95,3,86,0,1.0,22.927667307692307,0.313953488372093
0.95,3,86,1,1.0,30.83443269230769,0.313953488372093
0.95,3,86,2,1.0,38.74734807692308,0.313953488372093
0.95,3,87,0,1.0,22.927808653846157,0.3103448275862069
0.95,3,87,1,1.0,30.83312884615384,0.3103448275862069
0.95,3,87,2,1.0,38.74853365384615,0.3103448275862069
0.95,3,88,0,1.0,22.928795192307696,0.3068181818181818
0.95,3,88,1,1.0,30.831282692307695,0.3068181818181818
0.95,3,88,2,1.0,38.74382596153846,0.3068181818181818
0.95,3,89,0,1.0,22.92741923076923,0.30337078651685395
0.95,3,89,1,1.0,30.83346346153846,0.30337078651685395
0.95,3,89,2,1.0,38.74512403846153,0.30337078651685395
0.95,3,90,0,1.0,22.92494423076923,0.3
0.95,3,90,1,1.0,30.83829807692307,0.3
0.95,3,90,2,1.0,38.74594615384616,0.3
0.95,3,91,0,1.0,22.925102884615384,0.2967032967032967
0.95,3,91,1,1.0,30.83222884615385,0.2967032967032967
0.95,3,91,2,1.0,38.7393951923077,0.2967032967032967
0.95,3,92,0,1.0,22.928599038461538,0.29347826086956524
0.95,3,92,1,1.0,30.831484615384614,0.29347826086956524
0.95,3,92,2,1.0,38.73545769230769,0.29347826086956524
0.95,3,93,0,1.0,22.92510576923077,0.2903225806451613
0.95,3,93,1,1.0,30.83129423076923,0.2903225806451613
0.95,3,93,2,1.0,38.73613269230769,0.2903225806451613
0.95,3,94,0,1.0,22.92316153846154,0.2872340425531915
0.95,3,94,1,1.0,30.83307115384615,0.2872340425531915
0.95,3,94,2,1.0,38.73531923076923,0.2872340425531915
0.95,3,95,0,1.0,22.926089423076924,0.28421052631578947
0.95,3,95,1,1.0,30.82966153846154,0.28421052631578947
0.95,3,95,2,1.0,38.74735673076923,0.28421052631578947
0.95,3,96,0,1.0,22.93082307692308,0.28125
0.95,3,96,1,1.0,30.83630769230769,0.28125
0.95,3,96,2,1.0,38.73503365384615,0.28125
0.95,3,97,0,1.0,22.92839423076923,0.27835051546391754
0.95,3,97,1,1.0,30.826211538461536,0.27835051546391754
0.95,3,97,2,1.0,38.73708461538462,0.27835051546391754
0.95,3,98,0,1.0,22.924344230769236,0.2755102040816326
0.95,3,98,1,1.0,30.835615384615384,0.2755102040816326
0.95,3,98,2,1.0,38.7373875,0.2755102040816326
0.95,3,99,0,1.0,22.92730096153846,0.2727272727272727
0.95,3,99,1,1.0,30.83614038461538,0.2727272727272727
0.95,3,99,2,1.0,38.73914423076923,0.2727272727272727
0.95,3,100,0,1.0,22.926850961538463,0.27
0.95,3,100,1,1.0,30.838315384615388,0.27
0.95,3,100,2,1.0,38.7370326923077,0.27
0.95,3,101,0,1.0,22.92685096153846,0.26732673267326734
0.95,3,101,1,1.0,30.830936538461536,0.26732673267326734
0.95,3,101,2,1.0,38.73611538461539,0.26732673267326734
0.95,3,102,0,1.0,22.926487500000004,0.2647058823529412
0.95,3,102,1,1.0,30.83125384615385,0.2647058823529412
0.95,3,102,2,1.0,38.74216442307692,0.2647058823529412
0.95,3,103,0,1.0,22.925192307692306,0.2621359223300971
0.95,3,103,1,1.0,30.839244230769236,0.2621359223300971
0.95,3,103,2,1.0,38.74269230769231,0.2621359223300971
0.95,3,104,0,1.0,22.925913461538464,0.25961538461538464
0.95,3,104,1,1.0,30.83097115384616,0.25961538461538464
0.95,3,104,2,1.0,38.74202596153846,0.25961538461538464
0.95,3,105,0,1.0,22.92789807692308,0.2571428571428571
0.95,3,105,1,1.0,30.83654423076923,0.2571428571428571
0.95,3,105,2,1.0,38.74064134615384,0.2571428571428571
0.95,3,106,0,1.0,22.929568269230774,0.25471698113207547
0.95,3,106,1,1.0,30.828675,0.25471698113207547
0.95,3,106,2,1.0,38.74369615384616,0.25471698113207547
0.95,3,107,0,1.0,22.93178653846154,0.2523364485981308
0.95,3,107,1,1.0,30.834571153846156,0.2523364485981308
0.95,3,107,2,1.0,38.74450961538462,0.2523364485981308
0.95,3,108,0,1.0,22.928844230769236,0.25
0.95,3,108,1,1.0,30.83175576923076,0.25
0.95,3,108,2,1.0,38.74126442307691,0.25
0.95,3,109,0,1.0,22.92762403846154,0.24770642201834864
0.95,3,109,1,1.0,30.830723076923086,0.24770642201834864
0.95,3,109,2,1.0,38.73987980769232,0.24770642201834864
0.95,3,110,0,1.0,22.92990576923077,0.24545454545454545
0.95,3,110,1,1.0,30.830203846153847,0.24545454545454545
0.95,3,110,2,1.0,38.732878846153845,0.24545454545454545
0.95,3,111,0,1.0,22.925835576923074,0.24324324324324326
0.95,3,111,1,1.0,30.82763653846154,0.24324324324324326
0.95,3,111,2,1.0,38.73919615384615,0.24324324324324326
0.95,3,112,0,1.0,22.92719423076923,0.24107142857142858
0.95,3,112,1,1.0,30.830388461538462,0.24107142857142858
0.95,3,112,2,1.0,38.74431923076923,0.24107142857142858
0.95,3,113,0,1.0,22.92719423076923,0.23893805309734514
0.95,3,113,1,1.0,30.83750769230769,0.23893805309734514
0.95,3,113,2,1.0,38.73503365384615,0.23893805309734514
0.95,3,114,0,1.0,22.93037307692308,0.23684210526315788
0.95,3,114,1,1.0,30.83368846153846,0.23684210526315788
0.95,3,114,2,1.0,38.741558653846155,0.23684210526315788
0.95,3,115,0,1.0,22.92807403846154,0.23478260869565218
0.95,3,115,1,1.0,30.833826923076924,0.23478260869565218
0.95,3,115,2,1.0,38.74084038461538,0.23478260869565218
0.95,3,116,0,1.0,22.927699038461537,0.23275862068965517
0.95,3,116,1,1.0,30.836509615384614,0.23275862068965517
0.95,3,116,2,1.0,38.73699807692308,0.23275862068965517
0.95,3,117,0,1.0,22.92429519230769,0.23076923076923078
0.95,3,117,1,1.0,30.83847115384615,0.23076923076923078
0.95,3,117,2,1.0,38.73654807692308,0.23076923076923078
0.95,3,118,0,1.0,22.927321153846155,0.2288135593220339
0.95,3,118,1,1.0,30.83115,0.2288135593220339
0.95,3,118,2,1.0,38.74028653846153,0.2288135593220339
0.95,3,119,0,1.0,22.92469326923077,0.226890756302521
0.95,3,119,1,1.0,30.834559615384617,0.226890756302521
0.95,3,119,2,1.0,38.74380000000001,0.226890756302521
0.95,3,120,0,1.0,22.92642980769231,0.225
0.95,3,120,1,1.0,30.836971153846154,0.225
0.95,3,120,2,1.0,38.740978846153844,0.225
0.95,3,121,0,1.0,22.92735,0.2231404958677686
0.95,3,121,1,1.0,30.836809615384617,0.2231404958677686
0.95,3,121,2,1.0,38.74589423076924,0.2231404958677686
0.95,3,122,0,1.0,22.92400673076923,0.22131147540983606
0.95,3,122,1,1.0,30.83466346153846,0.22131147540983606
0.95,3,122,2,1.0,38.740900961538465,0.22131147540983606
0.95,3,123,0,1.0,22.929389423076923,0.21951219512195122
0.95,3,123,1,1.0,30.831646153846155,0.21951219512195122
0.95,3,123,2,1.0,38.74290865384616,0.21951219512195122
0.95,3,124,0,1.0,22.9295625,0.21774193548387097
0.95,3,124,1,1.0,30.83086153846154,0.21774193548387097
0.95,3,124,2,1.0,38.73929134615385,0.21774193548387097
0.95,3,125,0,1.0,22.928538461538466,0.216
0.95,3,125,1,1.0,30.835442307692304,0.216
0.95,3,125,2,1.0,38.747607692307696,0.216
0.95,3,126,0,1.0,22.929184615384614,0.21428571428571427
0.95,3,126,1,1.0,30.828646153846158,0.21428571428571427
0.95,3,126,2,1.0,38.73936923076923,0.21428571428571427
0.95,3,127,0,1.0,22.926351923076922,0.2125984251968504
0.95,3,127,1,1.0,30.83265576923076,0.2125984251968504
0.95,3,127,2,1.0,38.743445192307696,0.2125984251968504
0.95,3,128,0,1.0,22.927347115384617,0.2109375
0.95,3,128,1,1.0,30.83478461538461,0.2109375
0.95,3,128,2,1.0,38.74358365384615,0.2109375
0.95,5,40,0,0.98741,22.88750269742209,0.675
0.95,5,40,1,0.99803,30.838068302247738,0.675
0.95,5,40,2,0.99959,38.757079825805505,0.675
0.95,5,41,0,0.99017,22.894329140062197,0.6585365853658537
0.95,5,41,1,0.99875,30.83960720130933,0.6585365853658537
0.95,5,41,2,0.99975,38.751910092907835,0.6585365853658537
0.95,5,42,0,0.99232,22.904550214881056,0.6428571428571429
0.95,5,42,1,0.99924,30.846626128165095,0.6428571428571429
0.95,5,42,2,0.99994,38.76395276024254,0.6428571428571429
0.95,5,43,0,0.99403,22.91273421557467,0.627906976744186
0.95,5,43,1,0.99956,30.850424186642122,0.627906976744186
0.95,5,43,2,0.99993,38.76104885034261,0.627906976744186
0.95,5,44,0,0.99557,22.915448127512576,0.6136363636363636
0.95,5,44,1,0.99969,30.843930849332523,0.6136363636363636
0.95,5,44,2,0.99997,38.753668379282146,0.6136363636363636
0.95,5,45,0,0.99673,22.921913310371064,0.6
0.95,5,45,1,0.99979,30.846183467759005,0.6
0.95,5,45,2,0.99997,38.750717329212186,0.6
0.95,5,46,0,0.99717,22.9259419541919,0.5869565217391305
0.95,5,46,1,0.99987,30.84927194381424,0.5869565217391305
0.95,5,46,2,0.99998,38.75338756775135,0.5869565217391305
0.95,5,47,0,0.99804,22.92673543992379,0.574468085106383
0.95,5,47,1,0.99992,30.847221623883755,0.574468085106383
0.95,5,47,2,0.99998,38.76621282425649,0.574468085106383
0.95,5,48,0,0.99836,22.936850087990464,0.5625
0.95,5,48,1,0.99998,30.860411438998014,0.5625
0.95,5,48,2,0.99999,38.7588702810105,0.5625
0.95,5,49,0,0.99869,22.9355474902892,0.5510204081632653
0.95,5,49,1,0.99993,30.84616307756928,0.5510204081632653
0.95,5,49,2,1.0,38.752540384615386,0.5510204081632653
0.95,5,50,0,0.9992,22.937337369895918,0.54
0.95,5,50,1,0.99998,30.856367127342548,0.54
0.95,5,50,2,1.0,38.75488557692307,0.54
0.95,5,51,0,0.99922,22.94104978806546,0.5294117647058824
0.95,5,51,1,1.0,30.85358653846154,0.5294117647058824
0.95,5,51,2,1.0,38.7612548076923,0.5294117647058824
0.95,5,52,0,0.99926,22.938809334291992,0.5192307692307693
0.95,5,52,1,0.99999,30.854120079662327,0.5192307692307693
0.95,5,52,2,1.0,38.75594134615385,0.5192307692307693
0.95,5,53,0,0.99959,22.94831457820783,0.5094339622641509
0.95,5,53,1,1.0,30.85194807692307,0.5094339622641509
0.95,5,53,2,1.0,38.75421923076923,0.5094339622641509
0.95,5,54,0,0.99962,22.941254215063267,0.5
0.95,5,54,1,1.0,30.848757692307696,0.5
0.95,5,54,2,1.0,38.76272596153846,0.5
0.95,5,55,0,0.99966,22.945570724815667,0.4909090909090909
0.95,5,55,1,1.0,30.84966346153846,0.4909090909090909
0.95,5,55,2,1.0,38.76766730769231,0.4909090909090909
0.95,5,56,0,0.99977,22.945856393124263,0.48214285714285715
0.95,5,56,1,1.0,30.854601923076924,0.48214285714285715
0.95,5,56,2,1.0,38.76372115384615,0.48214285714285715
0.95,5,57,0,0.99982,22.944013576289887,0.47368421052631576
0.95,5,57,1,1.0,30.850130769230766,0.47368421052631576
0.95,5,57,2,1.0,38.75830384615385,0.47368421052631576
0.95,5,58,0,0.99991,22.934883370272555,0.46551724137931033
0.95,5,58,1,1.0,30.855449999999994,0.46551724137931033
0.95,5,58,2,1.0,38.75684134615385,0.46551724137931033
0.95,5,59,0,0.99988,22.945198616141628,0.4576271186440678
0.95,5,59,1,1.0,30.853725,0.4576271186440678
0.95,5,59,2,1.0,38.75554326923076,0.4576271186440678
0.95,5,60,0,0.99993,22.940609688832062,0.45
0.95,5,60,1,1.0,30.857365384615374,0.45
0.95,5,60,2,1.0,38.74875,0.45
0.95,5,61,0,0.99995,22.941053783458404,0.4426229508196721
0.95,5,61,1,1.0,30.848815384615385,0.4426229508196721
0.95,5,61,2,1.0,38.756763461538455,0.4426229508196721
0.95,5,62,0,0.99996,22.94320715136298,0.43548387096774194
0.95,5,62,1,1.0,30.853678846153844,0.43548387096774194
0.95,5,62,2,1.0,38.753267307692305,0.43548387096774194
0.95,5,63,0,0.99993,22.94738612472104,0.42857142857142855
0.95,5,63,1,1.0,30.858357692307695,0.42857142857142855
0.95,5,63,2,1.0,38.757576923076925,0.42857142857142855
0.95,5,64,0,0.99994,22.942953500286944,0.421875
0.95,5,64,1,1.0,30.852005769230775,0.421875
0.95,5,64,2,1.0,38.76606634615384,0.421875
0.95,5,65,0,1.0,22.94550576923077,0.4153846153846154
0.95,5,65,1,1.0,30.857059615384614,0.4153846153846154
0.95,5,65,2,1.0,38.76563365384615,0.4153846153846154
0.95,5,66,0,1.0,22.943607692307694,0.4090909090909091
0.95,5,66,1,1.0,30.850436538461537,0.4090909090909091
0.95,5,66,2,1.0,38.76048461538461,0.4090909090909091
0.95,5,67,0,0.99998,22.94624161714004,0.40298507462686567
0.95,5,67,1,1.0,30.84867692307693,0.40298507462686567
0.95,5,67,2,1.0,38.761038461538455,0.40298507462686567
0.95,5,68,0,0.99996,22.94303118278577,0.39705882352941174
0.95,5,68,1,1.0,30.851832692307696,0.39705882352941174
0.95,5,68,2,1.0,38.75923846153846,0.39705882352941174
0.95,5,69,0,0.99999,22.94253038684233,0.391304347826087
0.95,5,69,1,1.0,30.86018653846154,0.391304347826087
0.95,5,69,2,1.0,38.761272115384614,0.391304347826087
0.95,5,70,0,1.0,22.94730288461539,0.38571428571428573
0.95,5,70,1,1.0,30.853275,0.38571428571428573
0.95,5,70,2,1.0,38.75247115384615,0.38571428571428573
0.95,5,71,0,1.0,22.93958942307692,0.38028169014084506
0.95,5,71,1,1.0,30.850569230769235,0.38028169014084506
0.95,5,71,2,1.0,38.75708365384615,0.38028169014084506
0.95,5,72,0,0.99999,22.94032363400557,0.375
0.95,5,72,1,1.0,30.85289423076923,0.375
0.95,5,72,2,1.0,38.75454807692307,0.375
0.95,5,73,0,1.0,22.9455375,0.3698630136986301
0.95,5,73,1,1.0,30.854088461538456,0.3698630136986301
0.95,5,73,2,1.0,38.75371730769231,0.3698630136986301
0.95,5,74,0,1.0,22.950669230769236,0.36486486486486486
0.95,5,74,1,1.0,30.856153846153845,0.36486486486486486
0.95,5,74,2,1.0,38.758693269230776,0.36486486486486486
0.95,5,75,0,1.0,22.9432875,0.36
0.95,5,75,1,1.0,30.85185,0.36
0.95,5,75,2,1.0,38.75150192307692,0.36
0.95,5,76,0,0.99998,22.948644549814077,0.35526315789473684
0.95,5,76,1,1.0,30.847471153846154,0.35526315789473684
0.95,5,76,2,1.0,38.754816346153845,0.35526315789473684
0.95,5,77,0,1.0,22.948846153846155,0.35064935064935066
0.95,5,77,1,1.0,30.852651923076923,0.35064935064935066
0.95,5,77,2,1.0,38.75816538461539,0.35064935064935066
0.95,5,78,0,1.0,22.946186538461536,0.34615384615384615
0.95,5,78,1,1.0,30.849548076923075,0.34615384615384615
0.95,5,78,2,1.0,38.75806153846154,0.34615384615384615
0.95,5,79,0,1.0,22.949102884615385,0.34177215189873417
0.95,5,79,1,1.0,30.846848076923074,0.34177215189873417
0.95,5,79,2,1.0,38.75105192307692,0.34177215189873417
0.95,5,80,0,1.0,22.947184615384614,0.3375
0.95,5,80,1,1.0,30.84891346153846,0.3375
0.95,5,80,2,1.0,38.76260480769231,0.3375
0.95,5,81,0,1.0,22.94569615384616,0.3333333333333333
0.95,5,81,1,1.0,30.855230769230765,0.3333333333333333
0.95,5,81,2,1.0,38.76491538461538,0.3333333333333333
0.95,5,82,0,1.0,22.941432692307696,0.32926829268292684
0.95,5,82,1,1.0,30.85480384615384,0.32926829268292684
0.95,5,82,2,1.0,38.75993942307692,0.32926829268292684
0.95,5,83,0,1.0,22.945223076923075,0.3253012048192771
0.95,5,83,1,1.0,30.846253846153846,0.3253012048192771
0.95,5,83,2,1.0,38.75961057692308,0.3253012048192771
0.95,5,84,0,1.0,22.94278557692308,0.32142857142857145
0.95,5,84,1,1.0,30.849184615384615,0.32142857142857145
0.95,5,84,2,1.0,38.76520096153846,0.32142857142857145
0.95,5,85,0,1.0,22.951895192307695,0.3176470588235294
0.95,5,85,1,1.0,30.851399999999995,0.3176470588235294
0.95,5,85,2,1.0,38.75108653846154,0.3176470588235294
0.95,5,86,0,1.0,22.947375,0.313953488372093
0.95,5,86,1,1.0,30.8493173076923,0.313953488372093
0.95,5,86,2,1.0,38.76318461538461,0.313953488372093
0.95,5,87,0,1.0,22.94513076923077,0.3103448275862069
0.95,5,87,1,1.0,30.845371153846152,0.3103448275862069
0.95,5,87,2,1.0,38.75247980769231,0.3103448275862069
0.95,5,88,0,1.0,22.946930769230764,0.3068181818181818
0.95,5,88,1,1.0,30.85109423076923,0.3068181818181818
0.95,5,88,2,1.0,38.76112500000001,0.3068181818181818
0.95,5,89,0,1.0,22.945814423076925,0.30337078651685395
0.95,5,89,1,1.0,30.854486538461536,0.30337078651685395
0.95,5,89,2,1.0,38.75792307692308,0.30337078651685395
0.95,5,90,0,1.0,22.94743269230769,0.3
0.95,5,90,1,1.0,30.85545576923077,0.3
0.95,5,90,2,1.0,38.76083076923077,0.3
0.95,5,91,0,1.0,22.946278846153845,0.2967032967032967
0.95,5,91,1,1.0,30.85245,0.2967032967032967
0.95,5,91,2,1.0,38.75951538461538,0.2967032967032967
0.95,5,92,0,1.0,22.943076923076926,0.29347826086956524
0.95,5,92,1,1.0,30.849340384615385,0.29347826086956524
0.95,5,92,2,1.0,38.76420576923077,0.29347826086956524
0.95,5,93,0,1.0,22.94528076923077,0.2903225806451613
0.95,5,93,1,1.0,30.854192307692305,0.2903225806451613
0.95,5,93,2,1.0,38.76222403846155,0.2903225806451613
0.95,5,94,0,1.0,22.943976923076924,0.2872340425531915
0.95,5,94,1,1.0,30.857492307692304,0.2872340425531915
0.95,5,94,2,1.0,38.76013846153847,0.2872340425531915
0.95,5,95,0,1.0,22.94219423076923,0.28421052631578947
0.95,5,95,1,1.0,30.847730769230775,0.28421052631578947
0.95,5,95,2,1.0,38.75915192307692,0.28421052631578947
0.95,5,96,0,1.0,22.945217307692307,0.28125
0.95,5,96,1,1.0,30.85899230769231,0.28125
0.95,5,96,2,1.0,38.754374999999996,0.28125
0.95,5,97,0,1.0,22.94899326923077,0.27835051546391754
0.95,5,97,1,1.0,30.863688461538466,0.27835051546391754
0.95,5,97,2,1.0,38.75623557692308,0.27835051546391754
0.95,5,98,0,1.0,22.94275673076923,0.2755102040816326
0.95,5,98,1,1.0,30.85712307692307,0.2755102040816326
0.95,5,98,2,1.0,38.75961057692307,0.2755102040816326
0.95,5,99,0,1.0,22.943411538461536,0.2727272727272727
0.95,5,99,1,1.0,30.851630769230766,0.2727272727272727
0.95,5,99,2,1.0,38.757343269230766,0.2727272727272727
0.95,5,100,0,1.0,22.946451923076925,0.27
0.95,5,100,1,1.0,30.84931153846154,0.27
0.95,5,100,2,1.0,38.754937500000004,0.27
0.95,5,101,0,1.0,22.94224903846154,0.26732673267326734
0.95,5,101,1,1.0,30.850303846153853,0.26732673267326734
0.95,5,101,2,1.0,38.75857211538461,0.26732673267326734
0.95,5,102,0,1.0,22.94385865384615,0.2647058823529412
0.95,5,102,1,1.0,30.860255769230776,0.2647058823529412
0.95,5,102,2,1.0,38.759948076923074,0.2647058823529412
0.95,5,103,0,1.0,22.943642307692304,0.2621359223300971
0.95,5,103,1,1.0,30.84968076923077,0.2621359223300971
0.95,5,103,2,1.0,38.75962788461539,0.2621359223300971
0.95,5,104,0,1.0,22.94645480769231,0.25961538461538464
0.95,5,104,1,1.0,30.84850961538461,0.25961538461538464
0.95,5,104,2,1.0,38.76008653846154,0.25961538461538464
0.95,5,105,0,1.0,22.945347115384614,0.2571428571428571
0.95,5,105,1,1.0,30.854740384615386,0.2571428571428571
0.95,5,105,2,1.0,38.75956730769231,0.2571428571428571
0.95,5,106,0,1.0,22.94297307692308,0.25471698113207547
0.95,5,106,1,1.0,30.855461538461537,0.25471698113207547
0.95,5,106,2,1.0,38.75288653846154,0.25471698113207547
0.95,5,107,0,1.0,22.947181730769234,0.2523364485981308
0.95,5,107,1,1.0,30.850736538461536,0.2523364485981308
0.95,5,107,2,1.0,38.76063173076923,0.2523364485981308
0.95,5,108,0,1.0,22.944011538461535,0.25
0.95,5,108,1,1.0,30.849911538461534,0.25
0.95,5,108,2,1.0,38.75971442307692,0.25
0.95,5,109,0,1.0,22.941882692307694,0.24770642201834864
0.95,5,109,1,1.0,30.84902884615384,0.24770642201834864
0.95,5,109,2,1.0,38.767546153846155,0.24770642201834864
0.95,5,110,0,1.0,22.94865,0.24545454545454545
0.95,5,110,1,1.0,30.854769230769225,0.24545454545454545
0.95,5,110,2,1.0,38.761756730769235,0.24545454545454545
0.95,5,111,0,1.0,22.94959326923077,0.24324324324324326
0.95,5,111,1,1.0,30.853482692307686,0.24324324324324326
0.95,5,111,2,1.0,38.76264807692308,0.24324324324324326
0.95,5,112,0,1.0,22.950631730769235,0.24107142857142858
0.95,5,112,1,1.0,30.853540384615386,0.24107142857142858
0.95,5,112,2,1.0,38.74967596153846,0.24107142857142858
0.95,5,113,0,1.0,22.94903076923077,0.23893805309734514
0.95,5,113,1,1.0,30.85341923076923,0.23893805309734514
0.95,5,113,2,1.0,38.75286923076923,0.23893805309734514
0.95,5,114,0,1.0,22.94588653846154,0.23684210526315788
0.95,5,114,1,1.0,30.846617307692316,0.23684210526315788
0.95,5,114,2,1.0,38.75938557692308,0.23684210526315788
0.95,5,115,0,1.0,22.94110096153846,0.23478260869565218
0.95,5,115,1,1.0,30.85007884615385,0.23478260869565218
0.95,5,115,2,1.0,38.75346634615386,0.23478260869565218
0.95,5,116,0,1.0,22.949224038461534,0.23275862068965517
0.95,5,116,1,1.0,30.852501923076925,0.23275862068965517
0.95,5,116,2,1.0,38.76016442307694,0.23275862068965517
0.95,5,117,0,1.0,22.942122115384613,0.23076923076923078
0.95,5,117,1,1.0,30.84873461538461,0.23076923076923078
0.95,5,117,2,1.0,38.7656076923077,0.23076923076923078
0.95,5,118,0,1.0,22.949532692307695,0.2288135593220339
0.95,5,118,1,1.0,30.84696923076923,0.2288135593220339
0.95,5,118,2,1.0,38.74768557692307,0.2288135593220339
0.95,5,119,0,1.0,22.94946923076923,0.226890756302521
0.95,5,119,1,1.0,30.849986538461543,0.226890756302521
0.95,5,119,2,1.0,38.76539134615385,0.226890756302521
0.95,5,120,0,1.0,22.948771153846156,0.225
0.95,5,120,1,1.0,30.84824423076923,0.225
0.95,5,120,2,1.0,38.75267884615385,0.225
0.95,5,121,0,1.0,22.94169807692308,0.2231404958677686
0.95,5,121,1,1.0,30.84288461538461,0.2231404958677686
0.95,5,121,2,1.0,38.75826057692308,0.2231404958677686
0.95,5,122,0,1.0,22.94427692307692,0.22131147540983606
0.95,5,122,1,1.0,30.846923076923076,0.22131147540983606
0.95,5,122,2,1.0,38.76557307692308,0.22131147540983606
0.95,5,123,0,1.0,22.946821153846145,0.21951219512195122
0.95,5,123,1,1.0,30.84692884615385,0.21951219512195122
0.95,5,123,2,1.0,38.761851923076925,0.21951219512195122
0.95,5,124,0,1.0,22.945174038461534,0.21774193548387097
0.95,5,124,1,1.0,30.84834230769231,0.21774193548387097
0.95,5,124,2,1.0,38.76636057692308,0.21774193548387097
0.95,5,125,0,1.0,22.94376057692308,0.216
0.95,5,125,1,1.0,30.846871153846152,0.216
0.95,5,125,2,1.0,38.76018173076923,0.216
0.95,5,126,0,1.0,22.94823461538462,0.21428571428571427
0.95,5,126,1,1.0,30.84680769230769,0.21428571428571427
0.95,5,126,2,1.0,38.76058846153847,0.21428571428571427
0.95,5,127,0,1.0,22.948275,0.2125984251968504
0.95,5,127,1,1.0,30.841776923076925,0.2125984251968504
0.95,5,127,2,1.0,38.755352884615384,0.2125984251968504
0.95,5,128,0,1.0,22.94904807692308,0.2109375
0.95,5,128,1,1.0,30.845215384615386,0.2109375
0.95,5,128,2,1.0,38.763946153846156,0.2109375
0.95,10,40,0,0.96555,22.790041945005438,0.675
0.95,10,40,1,0.98579,30.75166968780213,0.675
0.95,10,40,2,0.99398,38.726293827301895,0.675
0.95,10,41,0,0.96921,22.80676252586365,0.6585365853658537
0.95,10,41,1,0.98952,30.783392647250874,0.6585365853658537
0.95,10,41,2,0.99568,38.748483834781645,0.6585365853658537
0.95,10,42,0,0.97304,22.82102996793554,0.6428571428571429
0.95,10,42,1,0.99121,30.801188601654705,0.6428571428571429
0.95,10,42,2,0.99739,38.754664096368444,0.6428571428571429
0.95,10,43,0,0.97722,22.836467616929028,0.627906976744186
0.95,10,43,1,0.99313,30.826030599448984,0.627906976744186
0.95,10,43,2,0.99792,38.76186313686314,0.627906976744186
0.95,10,44,0,0.97939,22.850475217305593,0.6136363636363636
0.95,10,44,1,0.99462,30.82827341868483,0.6136363636363636
0.95,10,44,2,0.99861,38.77112166680917,0.6136363636363636
0.95,10,45,0,0.98259,22.85989069703539,0.6
0.95,10,45,1,0.99551,30.843394533764293,0.6
0.95,10,45,2,0.99893,38.78969535864913,0.6
0.95,10,46,0,0.98421,22.872478551716213,0.5869565217391305
0.95,10,46,1,0.99663,30.85517617447722,0.5869565217391305
0.95,10,46,2,0.99923,38.78726427041129,0.5869565217391305
0.95,10,47,0,0.9862,22.885222805484922,0.574468085106383
0.95,10,47,1,0.99746,30.8513586047021,0.574468085106383
0.95,10,47,2,0.9995,38.795669950359795,0.574468085106383
0.95,10,48,0,0.98778,22.892865236264072,0.5625
0.95,10,48,1,0.99786,30.871466862161945,0.5625
0.95,10,48,2,0.99962,38.78121282241098,0.5625
0.95,10,49,0,0.98909,22.905845077487697,0.5510204081632653
0.95,10,49,1,0.99816,30.872875321360528,0.5510204081632653
0.95,10,49,2,0.99968,38.79577426314883,0.5510204081632653
0.95,10,50,0,0.99059,22.908180400647012,0.54
0.95,10,50,1,0.99868,30.87675924528069,0.54
0.95,10,50,2,0.99984,38.79565345839949,0.54
0.95,10,51,0,0.99175,22.919017471059316,0.5294117647058824
0.95,10,51,1,0.99889,30.878261408625118,0.5294117647058824
0.95,10,51,2,0.99984,38.80681005114664,0.5294117647058824
0.95,10,52,0,0.99296,22.92312882694167,0.5192307692307693
0.95,10,52,1,0.99912,30.885046148302816,0.5192307692307693
0.95,10,52,2,0.9999,38.79746243855155,0.5192307692307693
0.95,10,53,0,0.99336,22.93189954373966,0.5094339622641509
0.95,10,53,1,0.99931,30.88953685735465,0.5094339622641509
0.95,10,53,2,0.99992,38.81248672970761,0.5094339622641509
0.95,10,54,0,0.99456,22.936436715733596,0.5
0.95,10,54,1,0.99955,30.882616408152895,0.5
0.95,10,54,2,0.99994,38.79933180606221,0.5
0.95,10,55,0,0.99486,22.94872374775577,0.4909090909090909
0.95,10,55,1,0.99969,30.888944803658365,0.4909090909090909
0.95,10,55,2,0.99994,38.802369488323144,0.4909090909090909
0.95,10,56,0,0.99598,22.945936897095553,0.48214285714285715
0.95,10,56,1,0.99964,30.894991427683195,0.48214285714285715
0.95,10,56,2,0.99996,38.79659705618994,0.48214285714285715
0.95,10,57,0,0.99633,22.959961134285905,0.47368421052631576
0.95,10,57,1,0.99972,30.892900012003366,0.47368421052631576
0.95,10,57,2,0.99998,38.819928321643346,0.47368421052631576
0.95,10,58,0,0.9965,22.960258983364852,0.46551724137931033
0.95,10,58,1,0.99988,30.89563055258939,0.46551724137931033
0.95,10,58,2,0.99998,38.80381453782922,0.46551724137931033
0.95,10,59,0,0.99723,22.96004065877867,0.4576271186440678
0.95,10,59,1,0.99983,30.899125928330896,0.4576271186440678
0.95,10,59,2,0.99998,38.81569650623783,0.4576271186440678
0.95,10,60,0,0.99749,22.961777330329898,0.45
0.95,10,60,1,0.99989,30.890607582218664,0.45
0.95,10,60,2,1.0,38.80336442307692,0.45
0.95,10,61,0,0.99812,22.96250604983523,0.4426229508196721
0.95,10,61,1,0.99993,30.89705702476097,0.4426229508196721
0.95,10,61,2,1.0,38.79860480769231,0.4426229508196721
0.95,10,62,0,0.99795,22.97903490617304,0.43548387096774194
0.95,10,62,1,0.99993,30.895539610849685,0.43548387096774194
0.95,10,62,2,1.0,38.80029230769231,0.43548387096774194
0.95,10,63,0,0.99806,22.97581442614056,0.42857142857142855
0.95,10,63,1,0.99994,30.896263391188086,0.42857142857142855
0.95,10,63,2,1.0,38.82148557692308,0.42857142857142855
0.95,10,64,0,0.99855,22.969037797113508,0.421875
0.95,10,64,1,0.99993,30.895764626600783,0.421875
0.95,10,64,2,1.0,38.79580961538461,0.421875
0.95,10,65,0,0.9988,22.970921836973602,0.4153846153846154
0.95,10,65,1,0.99993,30.900876522895064,0.4153846153846154
0.95,10,65,2,1.0,38.79549807692308,0.4153846153846154
0.95,10,66,0,0.99896,22.973829320955332,0.4090909090909091
0.95,10,66,1,0.99995,30.891621504152127,0.4090909090909091
0.95,10,66,2,1.0,38.79871730769231,0.4090909090909091
0.95,10,67,0,0.99914,22.971263940835268,0.40298507462686567
0.95,10,67,1,0.99995,30.904106743798724,0.40298507462686567
0.95,10,67,2,1.0,38.805553846153856,0.40298507462686567
0.95,10,68,0,0.99904,22.984936693071504,0.39705882352941174
0.95,10,68,1,0.99999,30.89522625995491,0.39705882352941174
0.95,10,68,2,1.0,38.79592211538461,0.39705882352941174
0.95,10,69,0,0.99917,22.980294798528934,0.391304347826087
0.95,10,69,1,0.99999,30.895318568570307,0.391304347826087
0.95,10,69,2,1.0,38.79930576923076,0.391304347826087
0.95,10,70,0,0.99952,22.97878751031264,0.38571428571428573
0.95,10,70,1,0.99999,30.893258932589326,0.38571428571428573
0.95,10,70,2,1.0,38.81143846153846,0.38571428571428573
0.95,10,71,0,0.99941,22.983775812344675,0.38028169014084506
0.95,10,71,1,0.99999,30.898335906435985,0.38028169014084506
0.95,10,71,2,1.0,38.80815,0.38028169014084506
0.95,10,72,0,0.99938,22.981007840245564,0.375
0.95,10,72,1,1.0,30.90035769230769,0.375
0.95,10,72,2,1.0,38.79921057692307,0.375
0.95,10,73,0,0.99958,22.988789907145613,0.3698630136986301
0.95,10,73,1,1.0,30.89273076923077,0.3698630136986301
0.95,10,73,2,1.0,38.81908846153846,0.3698630136986301
0.95,10,74,0,0.99959,22.98830308888183,0.36486486486486486
0.95,10,74,1,0.99999,30.901330167147822,0.36486486486486486
0.95,10,74,2,1.0,38.78625576923077,0.36486486486486486
0.95,10,75,0,0.99963,22.988802972484436,0.36
0.95,10,75,1,1.0,30.899896153846154,0.36
0.95,10,75,2,1.0,38.80508653846154,0.36
0.95,10,76,0,0.99967,22.984411778963985,0.35526315789473684
0.95,10,76,1,1.0,30.89184807692308,0.35526315789473684
0.95,10,76,2,1.0,38.79435576923077,0.35526315789473684
0.95,10,77,0,0.99965,22.982773778514787,0.35064935064935066
0.95,10,77,1,1.0,30.900888461538468,0.35064935064935066
0.95,10,77,2,1.0,38.794753846153846,0.35064935064935066
0.95,10,78,0,0.99981,22.990298926026714,0.34615384615384615
0.95,10,78,1,1.0,30.89406923076924,0.34615384615384615
0.95,10,78,2,1.0,38.79998942307692,0.34615384615384615
0.95,10,79,0,0.99982,22.98946021822389,0.34177215189873417
0.95,10,79,1,1.0,30.89520576923077,0.34177215189873417
0.95,10,79,2,1.0,38.81251153846153,0.34177215189873417
0.95,10,80,0,0.9998,22.993665079169684,0.3375
0.95,10,80,1,1.0,30.89490576923077,0.3375
0.95,10,80,2,1.0,38.7963375,0.3375
0.95,10,81,0,0.99992,22.98754765765877,0.3333333333333333
0.95,10,81,1,1.0,30.89665384615384,0.3333333333333333
0.95,10,81,2,1.0,38.796813461538456,0.3333333333333333
0.95,10,82,0,0.99984,22.98523244488349,0.32926829268292684
0.95,10,82,1,1.0,30.894259615384616,0.32926829268292684
0.95,10,82,2,1.0,38.80297500000001,0.32926829268292684
0.95,10,83,0,0.99992,22.991782611839714,0.3253012048192771
0.95,10,83,1,1.0,30.905053846153848,0.3253012048192771
0.95,10,83,2,1.0,38.80322596153846,0.3253012048192771
0.95,10,84,0,0.99991,22.99399445950135,0.32142857142857145
0.95,10,84,1,1.0,30.89400000000001,0.32142857142857145
0.95,10,84,2,1.0,38.79367211538462,0.32142857142857145
0.95,10,85,0,0.99988,22.990530017448247,0.3176470588235294
0.95,10,85,1,1.0,30.90049615384615,0.3176470588235294
0.95,10,85,2,1.0,38.813783653846144,0.3176470588235294
0.95,10,86,0,0.99994,22.997960646869583,0.313953488372093
0.95,10,86,1,1.0,30.896567307692308,0.313953488372093
0.95,10,86,2,1.0,38.808669230769226,0.313953488372093
0.95,10,87,0,0.99992,22.99133546068301,0.3103448275862069
0.95,10,87,1,1.0,30.900363461538465,0.3103448275862069
0.95,10,87,2,1.0,38.81654423076923,0.3103448275862069
0.95,10,88,0,0.9999,22.993961896189617,0.3068181818181818
0.95,10,88,1,1.0,30.899238461538467,0.3068181818181818
0.95,10,88,2,1.0,38.80346826923077,0.3068181818181818
0.95,10,89,0,0.99996,22.987816628049735,0.30337078651685395
0.95,10,89,1,1.0,30.9009,0.30337078651685395
0.95,10,89,2,1.0,38.80596057692308,0.30337078651685395
0.95,10,90,0,0.99998,22.989681909022796,0.3
0.95,10,90,1,1.0,30.897403846153846,0.3
0.95,10,90,2,1.0,38.79154326923076,0.3
0.95,10,91,0,0.99995,22.982729905726057,0.2967032967032967
0.95,10,91,1,1.0,30.909894230769236,0.2967032967032967
0.95,10,91,2,1.0,38.80719807692308,0.2967032967032967
0.95,10,92,0,0.99998,22.98164520982727,0.29347826086956524
0.95,10,92,1,1.0,30.90093461538462,0.29347826086956524
0.95,10,92,2,1.0,38.81209615384616,0.29347826086956524
0.95,10,93,0,0.99997,22.996555281273825,0.2903225806451613
0.95,10,93,1,1.0,30.899573076923083,0.2903225806451613
0.95,10,93,2,1.0,38.80766538461539,0.2903225806451613
0.95,10,94,0,0.99997,22.992112840308288,0.2872340425531915
0.95,10,94,1,1.0,30.898361538461543,0.2872340425531915
0.95,10,94,2,1.0,38.805692307692304,0.2872340425531915
0.95,10,95,0,0.99998,22.989514597984268,0.28421052631578947
0.95,10,95,1,1.0,30.90100961538462,0.28421052631578947
0.95,10,95,2,1.0,38.80372788461538,0.28421052631578947
0.95,10,96,0,0.99997,22.988068488208494,0.28125
0.95,10,96,1,1.0,30.89401730769231,0.28125
0.95,10,96,2,1.0,38.7969951923077,0.28125
0.95,10,97,0,0.99996,23.00119312464806,0.27835051546391754
0.95,10,97,1,1.0,30.89238461538462,0.27835051546391754
0.95,10,97,2,1.0,38.79737596153846,0.27835051546391754
0.95,10,98,0,0.99999,22.995532839943788,0.2755102040816326
0.95,10,98,1,1.0,30.90159807692308,0.2755102040816326
0.95,10,98,2,1.0,38.809508653846144,0.2755102040816326
0.95,10,99,0,1.0,22.99566634615384,0.2727272727272727
0.95,10,99,1,1.0,30.89806730769231,0.2727272727272727
0.95,10,99,2,1.0,38.79966923076923,0.2727272727272727
0.95,10,100,0,0.99999,22.988557770193086,0.27
0.95,10,100,1,1.0,30.888773076923076,0.27
0.95,10,100,2,1.0,38.78382403846153,0.27
0.95,10,101,0,0.99998,22.988937663368652,0.26732673267326734
0.95,10,101,1,1.0,30.887475,0.26732673267326734
0.95,10,101,2,1.0,38.79830192307692,0.26732673267326734
0.95,10,102,0,1.0,22.996263461538465,0.2647058823529412
0.95,10,102,1,1.0,30.88843269230769,0.2647058823529412
0.95,10,102,2,1.0,38.80314807692308,0.2647058823529412
0.95,10,103,0,1.0,22.990794230769236,0.2621359223300971
0.95,10,103,1,1.0,30.890111538461536,0.2621359223300971
0.95,10,103,2,1.0,38.80777788461539,0.2621359223300971
0.95,10,104,0,0.99999,22.995570340318793,0.25961538461538464
0.95,10,104,1,1.0,30.896717307692313,0.25961538461538464
0.95,10,104,2,1.0,38.80340769230769,0.25961538461538464
0.95,10,105,0,1.0,22.99212403846154,0.2571428571428571
0.95,10,105,1,1.0,30.897305769230766,0.2571428571428571
0.95,10,105,2,1.0,38.79450288461538,0.2571428571428571
0.95,10,106,0,1.0,22.998695192307697,0.25471698113207547
0.95,10,106,1,1.0,30.910084615384616,0.25471698113207547
0.95,10,106,2,1.0,38.808902884615385,0.25471698113207547
0.95,10,107,0,1.0,22.997723076923076,0.2523364485981308
0.95,10,107,1,1.0,30.890434615384613,0.2523364485981308
0.95,10,107,2,1.0,38.81183653846154,0.2523364485981308
0.95,10,108,0,1.0,22.99476057692308,0.25
0.95,10,108,1,1.0,30.898269230769227,0.25
0.95,10,108,2,1.0,38.79500480769231,0.25
0.95,10,109,0,1.0,22.98718846153846,0.24770642201834864
0.95,10,109,1,1.0,30.897675,0.24770642201834864
0.95,10,109,2,1.0,38.80691250000001,0.24770642201834864
0.95,10,110,0,1.0,22.98951057692308,0.24545454545454545
0.95,10,110,1,1.0,30.89592115384615,0.24545454545454545
0.95,10,110,2,1.0,38.80676538461539,0.24545454545454545
0.95,10,111,0,0.99999,22.990842408424083,0.24324324324324326
0.95,10,111,1,1.0,30.89762884615385,0.24324324324324326
0.95,10,111,2,1.0,38.80347692307692,0.24324324324324326
0.95,10,112,0,0.99999,22.990879908799087,0.24107142857142858
0.95,10,112,1,1.0,30.889430769230767,0.24107142857142858
0.95,10,112,2,1.0,38.79754903846153,0.24107142857142858
0.95,10,113,0,1.0,22.98556442307693,0.23893805309734514
0.95,10,113,1,1.0,30.890821153846154,0.23893805309734514
0.95,10,113,2,1.0,38.8066875,0.23893805309734514
0.95,10,114,0,1.0,22.988789423076923,0.23684210526315788
0.95,10,114,1,1.0,30.896844230769236,0.23684210526315788
0.95,10,114,2,1.0,38.804325,0.23684210526315788
0.95,10,115,0,1.0,22.985697115384614,0.23478260869565218
0.95,10,115,1,1.0,30.89946346153846,0.23478260869565218
0.95,10,115,2,1.0,38.7962423076923,0.23478260869565218
0.95,10,116,0,1.0,22.988172115384614,0.23275862068965517
0.95,10,116,1,1.0,30.891657692307696,0.23275862068965517
0.95,10,116,2,1.0,38.794892307692315,0.23275862068965517
0.95,10,117,0,1.0,22.997578846153846,0.23076923076923078
0.95,10,117,1,1.0,30.901171153846153,0.23076923076923078
0.95,10,117,2,1.0,38.79660576923077,0.23076923076923078
0.95,10,118,0,1.0,22.991561538461536,0.2288135593220339
0.95,10,118,1,1.0,30.90038076923077,0.2288135593220339
0.95,10,118,2,1.0,38.8006125,0.2288135593220339
0.95,10,119,0,1.0,23.00124230769231,0.226890756302521
0.95,10,119,1,1.0,30.90159230769231,0.226890756302521
0.95,10,119,2,1.0,38.801079807692304,0.226890756302521
0.95,10,120,0,1.0,22.98827596153846,0.225
0.95,10,120,1,1.0,30.890457692307695,0.225
0.95,10,120,2,1.0,38.804264423076916,0.225
0.95,10,121,0,1.0,22.990598076923074,0.2231404958677686
0.95,10,121,1,1.0,30.897825,0.2231404958677686
0.95,10,121,2,1.0,38.80242980769231,0.2231404958677686
0.95,10,122,0,1.0,22.99221634615385,0.22131147540983606
0.95,10,122,1,1.0,30.898401923076925,0.22131147540983606
0.95,10,122,2,1.0,38.80124423076923,0.22131147540983606
0.95,10,123,0,1.0,22.99199711538462,0.21951219512195122
0.95,10,123,1,1.0,30.899475,0.21951219512195122
0.95,10,123,2,1.0,38.79745384615384,0.21951219512195122
0.95,10,124,0,1.0,22.98415096153846,0.21774193548387097
0.95,10,124,1,1.0,30.893175,0.21774193548387097
0.95,10,124,2,1.0,38.80476634615385,0.21774193548387097
0.95,10,125,0,1.0,22.9870125,0.216
0.95,10,125,1,1.0,30.89910576923077,0.216
0.95,10,125,2,1.0,38.8002923076923,0.216
0.95,10,126,0,1.0,22.99211538461539,0.21428571428571427
0.95,10,126,1,1.0,30.89728269230769,0.21428571428571427
0.95,10,126,2,1.0,38.79953076923077,0.21428571428571427
0.95,10,127,0,1.0,22.99242692307692,0.2125984251968504
0.95,10,127,1,1.0,30.901090384615387,0.2125984251968504
0.95,10,127,2,1.0,38.79894230769231,0.2125984251968504
0.95,10,128,0,1.0,22.991102884615383,0.2109375
0.95,10,128,1,1.0,30.899198076923074,0.2109375
0.95,10,128,2,1.0,38.79259038461539,0.2109375
0.95,20,40,0,0.95071,22.696177269943195,0.675
0.95,20,40,1,0.96534,30.573934891014886,0.675
0.95,20,40,2,0.9774,38.52917374982292,0.675
0.95,20,41,0,0.95331,22.715171350347735,0.6585365853658537
0.95,20,41,1,0.96906,30.60538047179741,0.6585365853658537
0.95,20,41,2,0.97997,38.58452790156057,0.6585365853658537
0.95,20,42,0,0.95763,22.722960288982655,0.6428571428571429
0.95,20,42,1,0.97283,30.638503920757753,0.6428571428571429
0.95,20,42,2,0.98386,38.62122835644221,0.6428571428571429
0.95,20,43,0,0.95987,22.729400054975397,0.627906976744186
0.95,20,43,1,0.97606,30.674060075121485,0.627906976744186
0.95,20,43,2,0.98615,38.64653918307013,0.627906976744186
0.95,20,44,0,0.96356,22.747417828756824,0.6136363636363636
0.95,20,44,1,0.97849,30.68986790478579,0.6136363636363636
0.95,20,44,2,0.98901,38.66058366058366,0.6136363636363636
0.95,20,45,0,0.96385,22.75261371662523,0.6
0.95,20,45,1,0.98174,30.71658483916312,0.6
0.95,20,45,2,0.9902,38.70364669919053,0.6
0.95,20,46,0,0.9684,22.77339505290249,0.5869565217391305
0.95,20,46,1,0.98374,30.758437970633267,0.5869565217391305
0.95,20,46,2,0.9918,38.732461957280464,0.5869565217391305
0.95,20,47,0,0.9687,22.77682719108083,0.574468085106383
0.95,20,47,1,0.98507,30.760793258737568,0.574468085106383
0.95,20,47,2,0.9936,38.76658305462654,0.574468085106383
0.95,20,48,0,0.97184,22.7951785748208,0.5625
0.95,20,48,1,0.98706,30.779178726567945,0.5625
0.95,20,48,2,0.99434,38.77457853759974,0.5625
0.95,20,49,0,0.9735,22.80433507170795,0.5510204081632653
0.95,20,49,1,0.98807,30.80616952551633,0.5510204081632653
0.95,20,49,2,0.99546,38.77848219377512,0.5510204081632653
0.95,20,50,0,0.97545,22.81241793728338,0.54
0.95,20,50,1,0.99018,30.808722423428836,0.54
0.95,20,50,2,0.9961,38.78454144239458,0.54
0.95,20,51,0,0.97644,22.821282886340647,0.5294117647058824
0.95,20,51,1,0.9914,30.82721598050931,0.5294117647058824
0.95,20,51,2,0.99704,38.809585989914765,0.5294117647058824
0.95,20,52,0,0.97903,22.8424248805136,0.5192307692307693
0.95,20,52,1,0.99181,30.845738133777175,0.5192307692307693
0.95,20,52,2,0.99746,38.813962464660236,0.5192307692307693
0.95,20,53,0,0.97974,22.846283982720696,0.5094339622641509
0.95,20,53,1,0.99323,30.85595442685442,0.5094339622641509
0.95,20,53,2,0.99779,38.83179326311147,0.5094339622641509
0.95,20,54,0,0.98136,22.861546927027486,0.5
0.95,20,54,1,0.99374,30.87020904709636,0.5
0.95,20,54,2,0.99791,38.853018192638004,0.5
0.95,20,55,0,0.98216,22.86439797526331,0.4909090909090909
0.95,20,55,1,0.99434,30.86512932428314,0.4909090909090909
0.95,20,55,2,0.99844,38.84994244868149,0.4909090909090909
0.95,20,56,0,0.98312,22.875538121960222,0.48214285714285715
0.95,20,56,1,0.99566,30.887559701411817,0.48214285714285715
0.95,20,56,2,0.99865,38.86394806065111,0.48214285714285715
0.95,20,57,0,0.98454,22.88277247007974,0.47368421052631576
0.95,20,57,1,0.99573,30.916623598148714,0.47368421052631576
0.95,20,57,2,0.99887,38.84705678955682,0.47368421052631576
0.95,20,58,0,0.98511,22.892050126381825,0.46551724137931033
0.95,20,58,1,0.99628,30.904721332587997,0.46551724137931033
0.95,20,58,2,0.99914,38.88504498484081,0.46551724137931033
0.95,20,59,0,0.98648,22.908369228897772,0.4576271186440678
0.95,20,59,1,0.9968,30.912120709346834,0.4576271186440678
0.95,20,59,2,0.99927,38.872489417274615,0.4576271186440678
0.95,20,60,0,0.98746,22.90962905605524,0.45
0.95,20,60,1,0.99721,30.91826002238554,0.45
0.95,20,60,2,0.99943,38.86426897947215,0.45
0.95,20,61,0,0.98792,22.924469904134252,0.4426229508196721
0.95,20,61,1,0.99761,30.933135964185173,0.4426229508196721
0.95,20,61,2,0.99954,38.86870749006081,0.4426229508196721
0.95,20,62,0,0.98894,22.92442879788927,0.43548387096774194
0.95,20,62,1,0.99794,30.939828354101756,0.43548387096774194
0.95,20,62,2,0.99963,38.881448635995326,0.43548387096774194
0.95,20,63,0,0.99043,22.933433535861273,0.42857142857142855
0.95,20,63,1,0.99809,30.94271019185105,0.42857142857142855
0.95,20,63,2,0.99975,38.87037624790813,0.42857142857142855
0.95,20,64,0,0.99095,22.937927668476632,0.421875
0.95,20,64,1,0.99857,30.959329533540654,0.421875
0.95,20,64,2,0.99979,38.88185942124769,0.421875
0.95,20,65,0,0.99148,22.953683653962532,0.4153846153846154
0.95,20,65,1,0.99857,30.949935330599683,0.4153846153846154
0.95,20,65,2,0.99981,38.888747515874165,0.4153846153846154
0.95,20,66,0,0.99161,22.959779666788975,0.4090909090909091
0.95,20,66,1,0.99859,30.94426025311073,0.4090909090909091
0.95,20,66,2,0.99976,38.88001389564265,0.4090909090909091
0.95,20,67,0,0.99185,22.960599074767043,0.40298507462686567
0.95,20,67,1,0.99897,30.954891230274878,0.40298507462686567
0.95,20,67,2,0.99978,38.86775571394938,0.40298507462686567
0.95,20,68,0,0.9924,22.965878174123336,0.39705882352941174
0.95,20,68,1,0.9988,30.949554850435913,0.39705882352941174
0.95,20,68,2,0.99986,38.882056949511394,0.39705882352941174
0.95,20,69,0,0.99305,22.972001564720962,0.391304347826087
0.95,20,69,1,0.9992,30.95650751370327,0.391304347826087
0.95,20,69,2,0.99992,38.901446731123116,0.391304347826087
0.95,20,70,0,0.9933,22.974383174964572,0.38571428571428573
0.95,20,70,1,0.99915,30.950729273728825,0.38571428571428573
0.95,20,70,2,0.99992,38.88977175866378,0.38571428571428573
0.95,20,71,0,0.99405,22.989234019338138,0.38028169014084506
0.95,20,71,1,0.99941,30.97483091947326,0.38028169014084506
0.95,20,71,2,0.99991,38.882585009573944,0.38028169014084506
0.95,20,72,0,0.99477,22.994241614412612,0.375
0.95,20,72,1,0.99948,30.979132225680424,0.375
0.95,20,72,2,0.99992,38.884094381396665,0.375
0.95,20,73,0,0.9952,22.989691867116,0.3698630136986301
0.95,20,73,1,0.99945,30.96457474688002,0.3698630136986301
0.95,20,73,2,0.99999,38.8749974038202,0.3698630136986301
0.95,20,74,0,0.99513,22.995149841265427,0.36486486486486486
0.95,20,74,1,0.99958,30.981683460899728,0.36486486486486486
0.95,20,74,2,0.99998,38.879217007417076,0.36486486486486486
0.95,20,75,0,0.99555,23.016602728294757,0.36
0.95,20,75,1,0.99958,30.984171044146237,0.36
0.95,20,75,2,0.99996,38.89335092634475,0.36
0.95,20,76,0,0.99585,23.00481131310322,0.35526315789473684
0.95,20,76,1,0.99967,30.969458382804785,0.35526315789473684
0.95,20,76,2,0.99997,38.91019519047111,0.35526315789473684
0.95,20,77,0,0.99614,23.01873500944415,0.35064935064935066
0.95,20,77,1,0.99968,30.986086701590665,0.35064935064935066
0.95,20,77,2,0.99998,38.89302882211491,0.35064935064935066
0.95,20,78,0,0.99657,23.010800121339273,0.34615384615384615
0.95,20,78,1,0.99976,30.968315087928797,0.34615384615384615
0.95,20,78,2,1.0,38.87947499999999,0.34615384615384615
0.95,20,79,0,0.99703,23.01292531125134,0.34177215189873417
0.95,20,79,1,0.99978,30.979398159902875,0.34177215189873417
0.95,20,79,2,0.99997,38.88823107000903,0.34177215189873417
0.95,20,80,0,0.9966,23.03247001343028,0.3375
0.95,20,80,1,0.99977,30.97329693521817,0.3375
0.95,20,80,2,1.0,38.885774999999995,0.3375
0.95,20,81,0,0.99718,23.022374056377448,0.3333333333333333
0.95,20,81,1,0.99977,30.989102493573522,0.3333333333333333
0.95,20,81,2,0.99997,38.886638714546045,0.3333333333333333
0.95,20,82,0,0.99715,23.02942520799664,0.32926829268292684
0.95,20,82,1,0.99982,30.984806111253874,0.32926829268292684
0.95,20,82,2,0.99999,38.89221007594691,0.32926829268292684
0.95,20,83,0,0.99751,23.03646078736053,0.3253012048192771
0.95,20,83,1,0.99983,30.976296739676513,0.3253012048192771
0.95,20,83,2,0.99999,38.88682732981176,0.3253012048192771
0.95,20,84,0,0.99772,23.035925756879536,0.32142857142857145
0.95,20,84,1,0.9999,30.992355004731237,0.32142857142857145
0.95,20,84,2,1.0,38.88077307692308,0.32142857142857145
0.95,20,85,0,0.99777,23.034887028843553,0.3176470588235294
0.95,20,85,1,0.99989,30.99600571447475,0.3176470588235294
0.95,20,85,2,1.0,38.88653653846154,0.3176470588235294
0.95,20,86,0,0.99773,23.04514613557391,0.313953488372093
0.95,20,86,1,0.99991,30.987821596251347,0.313953488372093
0.95,20,86,2,0.99999,38.88769272308109,0.313953488372093
0.95,20,87,0,0.99793,23.040114190219914,0.3103448275862069
0.95,20,87,1,0.99987,30.984012537014433,0.3103448275862069
0.95,20,87,2,1.0,38.9065875,0.3103448275862069
0.95,20,88,0,0.99816,23.050347254332586,0.3068181818181818
0.95,20,88,1,0.99989,30.98439097531498,0.3068181818181818
0.95,20,88,2,1.0,38.88753173076923,0.3068181818181818
0.95,20,89,0,0.99844,23.04836988008987,0.30337078651685395
0.95,20,89,1,0.99992,30.986305827543124,0.30337078651685395
0.95,20,89,2,0.99998,38.88403729613054,0.30337078651685395
0.95,20,90,0,0.99856,23.055118601555474,0.3
0.95,20,90,1,0.99997,30.98163521828732,0.3
0.95,20,90,2,0.99998,38.88797487488211,0.3
0.95,20,91,0,0.9984,23.0515555658284,0.2967032967032967
0.95,20,91,1,0.99995,30.995253608834293,0.2967032967032967
0.95,20,91,2,1.0,38.90336826923077,0.2967032967032967
0.95,20,92,0,0.99862,23.045466204901228,0.29347826086956524
0.95,20,92,1,1.0,30.97565769230769,0.29347826086956524
0.95,20,92,2,1.0,38.884926923076925,0.29347826086956524
0.95,20,93,0,0.99876,23.05131343635339,0.2903225806451613
0.95,20,93,1,0.99994,30.983868647503463,0.2903225806451613
0.95,20,93,2,1.0,38.87777019230769,0.2903225806451613
0.95,20,94,0,0.99897,23.05082504210106,0.2872340425531915
0.95,20,94,1,0.99999,30.969453925308482,0.2872340425531915
0.95,20,94,2,1.0,38.88495288461539,0.2872340425531915
0.95,20,95,0,0.99903,23.05320872785063,0.28421052631578947
0.95,20,95,1,0.99996,30.985862511423534,0.28421052631578947
0.95,20,95,2,1.0,38.893944230769236,0.28421052631578947
0.95,20,96,0,0.99906,23.068428553609625,0.28125
0.95,20,96,1,1.0,30.994690384615385,0.28125
0.95,20,96,2,1.0,38.902156730769235,0.28125
0.95,20,97,0,0.99909,23.059180970067377,0.27835051546391754
0.95,20,97,1,0.99999,30.98391753148301,0.27835051546391754
0.95,20,97,2,1.0,38.905125000000005,0.27835051546391754
0.95,20,98,0,0.99916,23.06193933673516,0.2755102040816326
0.95,20,98,1,0.99998,30.985369707394153,0.2755102040816326
0.95,20,98,2,1.0,38.891850000000005,0.2755102040816326
0.95,20,99,0,0.99919,23.067364372834305,0.2727272727272727
0.95,20,99,1,1.0,30.989261538461534,0.2727272727272727
0.95,20,99,2,1.0,38.87662788461539,0.2727272727272727
0.95,20,100,0,0.99911,23.0642050270895,0.27
0.95,20,100,1,0.99997,30.98548918006001,0.27
0.95,20,100,2,1.0,38.89088942307692,0.27
0.95,20,101,0,0.99932,23.063921928449812,0.26732673267326734
0.95,20,101,1,0.99997,30.994310598548726,0.26732673267326734
0.95,20,101,2,1.0,38.90736634615385,0.26732673267326734
0.95,20,102,0,0.99935,23.07636887053508,0.2647058823529412
0.95,20,102,1,1.0,30.99765576923077,0.2647058823529412
0.95,20,102,2,0.99999,38.901547669322845,0.2647058823529412
0.95,20,103,0,0.9994,23.06737792675606,0.2621359223300971
0.95,20,103,1,0.99998,30.9897717185113,0.2621359223300971
0.95,20,103,2,1.0,38.874525,0.2621359223300971
0.95,20,104,0,0.99948,23.062850374502435,0.25961538461538464
0.95,20,104,1,0.99999,30.99670227471505,0.25961538461538464
0.95,20,104,2,1.0,38.89963846153846,0.25961538461538464
0.95,20,105,0,0.99953,23.05351495972338,0.2571428571428571
0.95,20,105,1,1.0,30.982932692307685,0.2571428571428571
0.95,20,105,2,1.0,38.89627211538461,0.2571428571428571
0.95,20,106,0,0.9994,23.078005457120426,0.25471698113207547
0.95,20,106,1,1.0,30.983186538461545,0.25471698113207547
0.95,20,106,2,1.0,38.88616442307691,0.25471698113207547
0.95,20,107,0,0.99956,23.070871375713004,0.2523364485981308
0.95,20,107,1,0.99999,30.996598427522734,0.2523364485981308
0.95,20,107,2,1.0,38.880781730769236,0.2523364485981308
0.95,20,108,0,0.99967,23.070707564265433,0.25
0.95,20,108,1,0.99999,30.98491561838695,0.25
0.95,20,108,2,1.0,38.87799519230769,0.25
0.95,20,109,0,0.99956,23.07389866926063,0.24770642201834864
0.95,20,109,1,1.0,30.978721153846156,0.24770642201834864
0.95,20,109,2,1.0,38.88973846153845,0.24770642201834864
0.95,20,110,0,0.99959,23.07608619534009,0.24545454545454545
0.95,20,110,1,0.99999,31.005702364715944,0.24545454545454545
0.95,20,110,2,1.0,38.89844423076923,0.24545454545454545
0.95,20,111,0,0.99966,23.068223003513506,0.24324324324324326
0.95,20,111,1,1.0,31.00100192307692,0.24324324324324326
0.95,20,111,2,1.0,38.888734615384614,0.24324324324324326
0.95,20,112,0,0.99965,23.068396054003518,0.24107142857142858
0.95,20,112,1,1.0,30.99424615384616,0.24107142857142858
0.95,20,112,2,1.0,38.88492692307693,0.24107142857142858
0.95,20,113,0,0.99972,23.069793195941017,0.23893805309734514
0.95,20,113,1,1.0,30.974325,0.23893805309734514
0.95,20,113,2,1.0,38.88847500000001,0.23893805309734514
0.95,20,114,0,0.99971,23.07562462344849,0.23684210526315788
0.95,20,114,1,1.0,30.975265384615394,0.23684210526315788
0.95,20,114,2,1.0,38.89088076923077,0.23684210526315788
0.95,20,115,0,0.99968,23.078564948475822,0.23478260869565218
0.95,20,115,1,1.0,30.97420961538461,0.23478260869565218
0.95,20,115,2,1.0,38.89572692307692,0.23478260869565218
0.95,20,116,0,0.99973,23.069923110008933,0.23275862068965517
0.95,20,116,1,1.0,30.983019230769234,0.23275862068965517
0.95,20,116,2,1.0,38.89583942307692,0.23275862068965517
0.95,20,117,0,0.99975,23.090328351318593,0.23076923076923078
0.95,20,117,1,0.99999,30.98087711646347,0.23076923076923078
0.95,20,117,2,1.0,38.90392211538462,0.23076923076923078
0.95,20,118,0,0.99984,23.075376675652716,0.2288135593220339
0.95,20,118,1,1.0,31.004146153846154,0.2288135593220339
0.95,20,118,2,1.0,38.89699038461539,0.2288135593220339
0.95,20,119,0,0.99985,23.07595081569928,0.226890756302521
0.95,20,119,1,1.0,30.988448076923074,0.226890756302521
0.95,20,119,2,1.0,38.889651923076926,0.226890756302521
0.95,20,120,0,0.99986,23.072312816101952,0.225
0.95,20,120,1,1.0,30.981438461538456,0.225
0.95,20,120,2,1.0,38.90797211538461,0.225
0.95,20,121,0,0.99987,23.077326975583752,0.2231404958677686
0.95,20,121,1,1.0,30.99404423076923,0.2231404958677686
0.95,20,121,2,1.0,38.901715384615386,0.2231404958677686
0.95,20,122,0,0.99992,23.085684354748377,0.22131147540983606
0.95,20,122,1,1.0,31.00286538461538,0.22131147540983606
0.95,20,122,2,1.0,38.87923269230769,0.22131147540983606
0.95,20,123,0,0.99993,23.082433078007767,0.21951219512195122
0.95,20,123,1,1.0,30.997892307692304,0.21951219512195122
0.95,20,123,2,1.0,38.88728942307692,0.21951219512195122
0.95,20,124,0,0.99992,23.07698654353887,0.21774193548387097
0.95,20,124,1,1.0,30.991742307692306,0.21774193548387097
0.95,20,124,2,1.0,38.88162115384616,0.21774193548387097
0.95,20,125,0,0.99982,23.075844036541966,0.216
0.95,20,125,1,1.0,30.999011538461534,0.216
0.95,20,125,2,1.0,38.89919711538462,0.216
0.95,20,126,0,0.99992,23.0827446964988,0.21428571428571427
0.95,20,126,1,1.0,30.994644230769225,0.21428571428571427
0.95,20,126,2,1.0,38.911563461538464,0.21428571428571427
0.95,20,127,0,0.9999,23.074217037088324,0.2125984251968504
0.95,20,127,1,1.0,30.990755769230773,0.2125984251968504
0.95,20,127,2,1.0,38.89770865384615,0.2125984251968504
0.95,20,128,0,0.99993,23.079040532837297,0.2109375
0.95,20,128,1,1.0,30.99304038461538,0.2109375
0.95,20,128,2,1.0,38.909417307692316,0.2109375
0.95,40,40,0,0.94665,22.638406079738672,0.675
0.95,40,40,1,0.95173,30.38822419739276,0.675
0.95,40,40,2,0.95922,38.23594952148621,0.675
0.95,40,41,0,0.94823,22.642994153479478,0.6585365853658537
0.95,40,41,1,0.95364,30.40770101925255,0.6585365853658537
0.95,40,41,2,0.9625,38.28364735264736,0.6585365853658537
0.95,40,42,0,0.95038,22.64897482302626,0.6428571428571429
0.95,40,42,1,0.95659,30.43919225904193,0.6428571428571429
0.95,40,42,2,0.96504,38.32268212078893,0.6428571428571429
0.95,40,43,0,0.95304,22.661120043391517,0.627906976744186
0.95,40,43,1,0.96029,30.4568391599653,0.627906976744186
0.95,40,43,2,0.96832,38.36606382505465,0.627906976744186
0.95,40,44,0,0.95353,22.668554859715602,0.6136363636363636
0.95,40,44,1,0.96231,30.492726636147157,0.6136363636363636
0.95,40,44,2,0.97096,38.404127992280436,0.6136363636363636
0.95,40,45,0,0.95574,22.675544604181052,0.6
0.95,40,45,1,0.96563,30.517613451242276,0.6
0.95,40,45,2,0.97384,38.45449655290081,0.6
0.95,40,46,0,0.95678,22.6847693867411,0.5869565217391305
0.95,40,46,1,0.9673,30.538662335286965,0.5869565217391305
0.95,40,46,2,0.9759,38.48218803944288,0.5869565217391305
0.95,40,47,0,0.95823,22.692945888212165,0.574468085106383
0.95,40,47,1,0.96906,30.560062963474522,0.574468085106383
0.95,40,47,2,0.97839,38.516280081798435,0.574468085106383
0.95,40,48,0,0.95959,22.70375889702894,0.5625
0.95,40,48,1,0.97011,30.58304847269501,0.5625
0.95,40,48,2,0.97971,38.56027745258998,0.5625
0.95,40,49,0,0.96164,22.711846628995982,0.5510204081632653
0.95,40,49,1,0.97384,30.614192269777373,0.5510204081632653
0.95,40,49,2,0.98285,38.58442285191026,0.5510204081632653
0.95,40,50,0,0.96347,22.716860370886966,0.54
0.95,40,50,1,0.97444,30.6239678489894,0.54
0.95,40,50,2,0.98375,38.60853679992181,0.54
0.95,40,51,0,0.9637,22.724064303445854,0.5294117647058824
0.95,40,51,1,0.97642,30.645048710123163,0.5294117647058824
0.95,40,51,2,0.98602,38.6593724499269,0.5294117647058824
0.95,40,52,0,0.96431,22.73894825554821,0.5192307692307693
0.95,40,52,1,0.978,30.679860783388396,0.5192307692307693
0.95,40,52,2,0.9859,38.686820710479296,0.5192307692307693
0.95,40,53,0,0.96583,22.745101064927017,0.5094339622641509
0.95,40,53,1,0.97902,30.69378444378445,0.5094339622641509
0.95,40,53,2,0.9874,38.70769094436048,0.5094339622641509
0.95,40,54,0,0.96752,22.754353716401013,0.5
0.95,40,54,1,0.98024,30.71670438636692,0.5
0.95,40,54,2,0.98897,38.72443824616286,0.5
0.95,40,55,0,0.9682,22.767862250329713,0.4909090909090909
0.95,40,55,1,0.98161,30.731443554662555,0.4909090909090909
0.95,40,55,2,0.98978,38.75603086622203,0.4909090909090909
0.95,40,56,0,0.9692,22.771130631131143,0.48214285714285715
0.95,40,56,1,0.98331,30.7671009924877,0.48214285714285715
0.95,40,56,2,0.99127,38.792467859800674,0.48214285714285715
0.95,40,57,0,0.97088,22.78169329331677,0.47368421052631576
0.95,40,57,1,0.98405,30.761411826322142,0.47368421052631576
0.95,40,57,2,0.99159,38.78853368366423,0.47368421052631576
0.95,40,58,0,0.97136,22.791454962431736,0.46551724137931033
0.95,40,58,1,0.98509,30.79429485943104,0.46551724137931033
0.95,40,58,2,0.99303,38.8142555535157,0.46551724137931033
0.95,40,59,0,0.97199,22.799157280028997,0.4576271186440678
0.95,40,59,1,0.98596,30.81046352325106,0.4576271186440678
0.95,40,59,2,0.99317,38.80671621792225,0.4576271186440678
0.95,40,60,0,0.97356,22.812449629749025,0.45
0.95,40,60,1,0.98731,30.831969227964407,0.45
0.95,40,60,2,0.99355,38.82933285073339,0.45
0.95,40,61,0,0.97505,22.815720495595887,0.4426229508196721
0.95,40,61,1,0.98795,30.837094683240746,0.4426229508196721
0.95,40,61,2,0.99419,38.849829045214236,0.4426229508196721
0.95,40,62,0,0.97592,22.83070274518088,0.43548387096774194
0.95,40,62,1,0.98829,30.855510333699936,0.43548387096774194
0.95,40,62,2,0.99492,38.886901227466296,0.43548387096774194
0.95,40,63,0,0.97639,22.837477458172057,0.42857142857142855
0.95,40,63,1,0.98995,30.871821420662272,0.42857142857142855
0.95,40,63,2,0.99547,38.89815769280997,0.42857142857142855
0.95,40,64,0,0.9772,22.84030019049718,0.421875
0.95,40,64,1,0.98987,30.88047692354318,0.421875
0.95,40,64,2,0.99572,38.91383293573417,0.421875
0.95,40,65,0,0.97795,22.856303609984774,0.4153846153846154
0.95,40,65,1,0.99092,30.907623917478393,0.4153846153846154
0.95,40,65,2,0.99664,38.9298070362572,0.4153846153846154
0.95,40,66,0,0.97842,22.8617252619215,0.4090909090909091
0.95,40,66,1,0.99189,30.91372763884333,0.4090909090909091
0.95,40,66,2,0.99673,38.93084135121848,0.4090909090909091
0.95,40,67,0,0.98025,22.86859513860279,0.40298507462686567
0.95,40,67,1,0.99198,30.91200466200465,0.40298507462686567
0.95,40,67,2,0.9968,38.93703505062353,0.40298507462686567
0.95,40,68,0,0.98006,22.8860173788418,0.39705882352941174
0.95,40,68,1,0.99227,30.954978134828377,0.39705882352941174
0.95,40,68,2,0.99721,38.96061260917961,0.39705882352941174
0.95,40,69,0,0.98187,22.88428634215246,0.391304347826087
0.95,40,69,1,0.99311,30.95620362760961,0.391304347826087
0.95,40,69,2,0.99716,38.97387715728052,0.391304347826087
0.95,40,70,0,0.98142,22.902400642397282,0.38571428571428573
0.95,40,70,1,0.99381,30.95818307631934,0.38571428571428573
0.95,40,70,2,0.99755,38.98003281115656,0.38571428571428573
0.95,40,71,0,0.98284,22.909822946375186,0.38028169014084506
0.95,40,71,1,0.99348,30.974737983963124,0.38028169014084506
0.95,40,71,2,0.99799,39.00228979479524,0.38028169014084506
0.95,40,72,0,0.9831,22.914781930001652,0.375
0.95,40,72,1,0.99407,30.97639966540044,0.375
0.95,40,72,2,0.99828,39.00756609059891,0.375
0.95,40,73,0,0.98323,22.922296332574195,0.3698630136986301
0.95,40,73,1,0.99471,30.99474875939876,0.3698630136986301
0.95,40,73,2,0.99831,38.99284502347429,0.3698630136986301
0.95,40,74,0,0.98399,22.928185050348393,0.36486486486486486
0.95,40,74,1,0.99503,31.005311784182773,0.36486486486486486
0.95,40,74,2,0.99836,39.01722286087645,0.36486486486486486
0.95,40,75,0,0.98443,22.941680816466224,0.36
0.95,40,75,1,0.99561,30.99586608287304,0.36
0.95,40,75,2,0.99854,39.021629271043416,0.36
0.95,40,76,0,0.98496,22.931239691108114,0.35526315789473684
0.95,40,76,1,0.99589,31.01188191157967,0.35526315789473684
0.95,40,76,2,0.99869,39.01093316860472,0.35526315789473684
0.95,40,77,0,0.98521,22.948697778607144,0.35064935064935066
0.95,40,77,1,0.99592,31.03062031550264,0.35064935064935066
0.95,40,77,2,0.99895,39.04299995764784,0.35064935064935066
0.95,40,78,0,0.9858,22.959917365045175,0.34615384615384615
0.95,40,78,1,0.99637,31.01907230940622,0.34615384615384615
0.95,40,78,2,0.9991,39.040161145030524,0.34615384615384615
0.95,40,79,0,0.98685,22.971643457621575,0.34177215189873417
0.95,40,79,1,0.99657,31.031997443539034,0.34177215189873417
0.95,40,79,2,0.99926,39.03283044837796,0.34177215189873417
0.95,40,80,0,0.98718,22.980941633277077,0.3375
0.95,40,80,1,0.99692,31.027861968709782,0.3375
0.95,40,80,2,0.9992,39.03086122744349,0.3375
0.95,40,81,0,0.98783,22.982569992189568,0.3333333333333333
0.95,40,81,1,0.99696,31.045754092441026,0.3333333333333333
0.95,40,81,2,0.99931,39.041396255724145,0.3333333333333333
0.95,40,82,0,0.98811,22.99656278536414,0.32926829268292684
0.95,40,82,1,0.99732,31.053590931388428,0.32926829268292684
0.95,40,82,2,0.99938,39.02483578280073,0.32926829268292684
0.95,40,83,0,0.98844,22.984227477330244,0.3253012048192771
0.95,40,83,1,0.99689,31.09282561072628,0.3253012048192771
0.95,40,83,2,0.9994,39.04492022136358,0.3253012048192771
0.95,40,84,0,0.989,22.995369254102823,0.32142857142857145
0.95,40,84,1,0.99752,31.077873125350866,0.32142857142857145
0.95,40,84,2,0.99945,39.04867869635992,0.32142857142857145
0.95,40,85,0,0.98949,23.00602408233613,0.3176470588235294
0.95,40,85,1,0.99789,31.078531470633806,0.3176470588235294
0.95,40,85,2,0.99948,39.040692506257095,0.3176470588235294
0.95,40,86,0,0.98979,23.011008745444837,0.313953488372093
0.95,40,86,1,0.99772,31.078009785387607,0.313953488372093
0.95,40,86,2,0.99955,39.04932892878719,0.313953488372093
0.95,40,87,0,0.99047,23.044895741027375,0.3103448275862069
0.95,40,87,1,0.99771,31.083271075378,0.3103448275862069
0.95,40,87,2,0.99958,39.052658847485176,0.3103448275862069
0.95,40,88,0,0.99021,23.025879125873068,0.3068181818181818
0.95,40,88,1,0.998,31.11293548635733,0.3068181818181818
0.95,40,88,2,0.99964,39.0482631439626,0.3068181818181818
0.95,40,89,0,0.99055,23.03002314176662,0.30337078651685395
0.95,40,89,1,0.99813,31.091901471135643,0.30337078651685395
0.95,40,89,2,0.9997,39.0538401905187,0.30337078651685395
0.95,40,90,0,0.99103,23.04777508093755,0.3
0.95,40,90,1,0.99864,31.103423733200227,0.3
0.95,40,90,2,0.99958,39.03904928531522,0.3
0.95,40,91,0,0.99185,23.034665213800167,0.2967032967032967
0.95,40,91,1,0.99842,31.115691638943375,0.2967032967032967
0.95,40,91,2,0.9998,39.06987936048748,0.2967032967032967
0.95,40,92,0,0.9923,23.057867696648806,0.29347826086956524
0.95,40,92,1,0.99872,31.09546758312178,0.29347826086956524
0.95,40,92,2,0.99964,39.067524885881994,0.29347826086956524
0.95,40,93,0,0.99188,23.052845838981767,0.2903225806451613
0.95,40,93,1,0.99863,31.109136825142755,0.2903225806451613
0.95,40,93,2,0.99984,39.06808550906607,0.2903225806451613
0.95,40,94,0,0.99241,23.056881538570057,0.2872340425531915
0.95,40,94,1,0.99865,31.116538095659912,0.2872340425531915
0.95,40,94,2,0.9998,39.0733156246634,0.2872340425531915
0.95,40,95,0,0.99262,23.061163502029594,0.28421052631578947
0.95,40,95,1,0.99906,31.117875803255064,0.28421052631578947
0.95,40,95,2,0.99983,39.04986443849301,0.28421052631578947
0.95,40,96,0,0.99256,23.069456952030805,0.28125
0.95,40,96,1,0.99899,31.13386443384741,0.28125
0.95,40,96,2,0.99972,39.05842289687266,0.28125
0.95,40,97,0,0.99299,23.06977392289178,0.27835051546391754
0.95,40,97,1,0.99905,31.112510731348625,0.27835051546391754
0.95,40,97,2,0.99978,39.04705958387768,0.27835051546391754
0.95,40,98,0,0.99334,23.07697244417048,0.2755102040816326
0.95,40,98,1,0.99921,31.120641075680556,0.2755102040816326
0.95,40,98,2,0.99986,39.04345646852098,0.2755102040816326
0.95,40,99,0,0.99398,23.088360197620446,0.2727272727272727
0.95,40,99,1,0.99897,31.149277987095942,0.2727272727272727
0.95,40,99,2,0.99986,39.091016011472384,0.2727272727272727
0.95,40,100,0,0.99421,23.086541266239223,0.27
0.95,40,100,1,0.9991,31.137117636642213,0.27
0.95,40,100,2,0.99992,39.0477690138288,0.27
0.95,40,101,0,0.99408,23.099513543252982,0.26732673267326734
0.95,40,101,1,0.99924,31.129827899973215,0.26732673267326734
0.95,40,101,2,0.99988,39.07110391708544,0.26732673267326734
0.95,40,102,0,0.99445,23.107293556159767,0.2647058823529412
0.95,40,102,1,0.99927,31.127934930961143,0.2647058823529412
0.95,40,102,2,0.99989,39.06714161634703,0.2647058823529412
0.95,40,103,0,0.99476,23.11328669922703,0.2621359223300971
0.95,40,103,1,0.99951,31.14876096979827,0.2621359223300971
0.95,40,103,2,0.99993,39.08381663639532,0.2621359223300971
0.95,40,104,0,0.99522,23.123571054254718,0.25961538461538464
0.95,40,104,1,0.99959,31.138637995424283,0.25961538461538464
0.95,40,104,2,0.99987,39.06009319673095,0.25961538461538464
0.95,40,105,0,0.99497,23.116128936241605,0.2571428571428571
0.95,40,105,1,0.99941,31.161154311813196,0.2571428571428571
0.95,40,105,2,0.99993,39.03857981597173,0.2571428571428571
0.95,40,106,0,0.99524,23.11936452127512,0.25471698113207547
0.95,40,106,1,0.99941,31.152651218064815,0.25471698113207547
0.95,40,106,2,0.99988,39.051950657155786,0.25471698113207547
0.95,40,107,0,0.9954,23.128770227662635,0.2523364485981308
0.95,40,107,1,0.99953,31.149580687538528,0.2523364485981308
0.95,40,107,2,0.99985,39.08976827293325,0.2523364485981308
0.95,40,108,0,0.99609,23.143700522890658,0.25
0.95,40,108,1,0.99959,31.143601568950963,0.25
0.95,40,108,2,0.99993,39.06707892629407,0.25
0.95,40,109,0,0.99588,23.127250618702906,0.24770642201834864
0.95,40,109,1,0.99956,31.165014529469893,0.24770642201834864
0.95,40,109,2,0.99988,39.05948906176433,0.24770642201834864
0.95,40,110,0,0.996,23.13787360982391,0.24545454545454545
0.95,40,110,1,0.99953,31.148957317631595,0.24545454545454545
0.95,40,110,2,0.99987,39.06040477569776,0.24545454545454545
0.95,40,111,0,0.996,23.147184893419833,0.24324324324324326
0.95,40,111,1,0.99966,31.172619844593317,0.24324324324324326
0.95,40,111,2,0.99987,39.07744641418769,0.24324324324324326
0.95,40,112,0,0.99603,23.150284514136512,0.24107142857142858
0.95,40,112,1,0.99968,31.1515608071506,0.24107142857142858
0.95,40,112,2,0.99986,39.07182774819244,0.24107142857142858
0.95,40,113,0,0.99663,23.148141930613868,0.23893805309734514
0.95,40,113,1,0.99978,31.144746074905704,0.23893805309734514
0.95,40,113,2,0.99991,39.054431244965905,0.23893805309734514
0.95,40,114,0,0.99695,23.15175901885366,0.23684210526315788
0.95,40,114,1,0.99966,31.147001518977987,0.23684210526315788
0.95,40,114,2,0.99989,39.107611452644406,0.23684210526315788
0.95,40,115,0,0.99683,23.144574069029595,0.23478260869565218
0.95,40,115,1,0.99981,31.130130109336154,0.23478260869565218
0.95,40,115,2,0.9999,39.05823755452469,0.23478260869565218
0.95,40,116,0,0.9972,23.15688929001204,0.23275862068965517
0.95,40,116,1,0.99975,31.131571354377055,0.23275862068965517
0.95,40,116,2,0.99992,39.082439095127604,0.23275862068965517
0.95,40,117,0,0.99711,23.159856022366178,0.23076923076923078
0.95,40,117,1,0.99965,31.14744006556141,0.23076923076923078
0.95,40,117,2,0.99985,39.06382880509,0.23076923076923078
0.95,40,118,0,0.99721,23.176318659830162,0.2288135593220339
0.95,40,118,1,0.99985,31.158294898080868,0.2288135593220339
0.95,40,118,2,0.99981,39.076926539119356,0.2288135593220339
0.95,40,119,0,0.99771,23.168786328384304,0.226890756302521
0.95,40,119,1,0.99983,31.17149723145242,0.226890756302521
0.95,40,119,2,0.99984,39.0620355026035,0.226890756302521
0.95,40,120,0,0.9976,23.16586442076368,0.225
0.95,40,120,1,0.99985,31.154677047710997,0.225
0.95,40,120,2,0.99989,39.06987653257243,0.225
0.95,40,121,0,0.99762,23.1798285689171,0.2231404958677686
0.95,40,121,1,0.99984,31.161658942353853,0.2231404958677686
0.95,40,121,2,0.99993,39.075274692305385,0.2231404958677686
0.95,40,122,0,0.99793,23.19344890076304,0.22131147540983606
0.95,40,122,1,0.99985,31.175443624235946,0.22131147540983606
0.95,40,122,2,0.99993,39.02904260990577,0.22131147540983606
0.95,40,123,0,0.99788,23.190610247571005,0.21951219512195122
0.95,40,123,1,0.9999,31.161768099886913,0.21951219512195122
0.95,40,123,2,0.99987,39.065736238018644,0.21951219512195122
0.95,40,124,0,0.99815,23.187134660660682,0.21774193548387097
0.95,40,124,1,0.99983,31.14706038488081,0.21774193548387097
0.95,40,124,2,0.9999,39.04076369175379,0.21774193548387097
0.95,40,125,0,0.9983,23.183676673421736,0.216
0.95,40,125,1,0.99989,31.155230921555226,0.216
0.95,40,125,2,0.99989,39.075891617308685,0.216
0.95,40,126,0,0.99809,23.206045662600186,0.21428571428571427
0.95,40,126,1,0.99985,31.170227457195498,0.21428571428571427
0.95,40,126,2,0.99983,39.05621744158046,0.21428571428571427
0.95,40,127,0,0.99833,23.209906698031862,0.2125984251968504
0.95,40,127,1,0.9999,31.151786332479407,0.2125984251968504
0.95,40,127,2,0.99983,39.074177225512955,0.2125984251968504
0.95,40,128,0,0.99839,23.208150699549353,0.2109375
0.95,40,128,1,0.99996,31.15875019616169,0.2109375
0.95,40,128,2,0.99992,39.057410169736656,0.2109375
