PDR_Env,Burst_1_over_r,Action_N,Action_G,Success_Rate_URLLC,Expected_Latency,Coding_Rate
0.45,2,10,0,0.01234,17.520134646552798,0.8
0.45,2,10,1,0.05755,19.86686493350264,0.8
0.45,2,10,2,0.02505,22.481828650391527,0.8
0.45,2,11,0,0.03522,17.757748001572534,0.7272727272727273
0.45,2,11,1,0.1059,20.273708869034646,0.7272727272727273
0.45,2,11,2,0.059174,23.16416253500108,0.7272727272727273
0.45,2,12,0,0.079528,17.987764831738023,0.6666666666666666
0.45,2,12,1,0.165652,20.66450473559956,0.6666666666666666
0.45,2,12,2,0.114002,23.82046772458782,0.6666666666666666
0.45,2,13,0,0.148426,18.2095947320032,0.6153846153846154
0.45,2,13,1,0.237534,21.043889425384286,0.6153846153846154
0.45,2,13,2,0.187248,24.428915539408038,0.6153846153846154
0.45,2,14,0,0.241282,18.416985582781205,0.5714285714285714
0.45,2,14,1,0.315104,21.40554083242846,0.5714285714285714
0.45,2,14,2,0.277222,25.02316804693599,0.5714285714285714
0.45,2,15,0,0.35174,18.611539445656977,0.5333333333333333
0.45,2,15,1,0.396514,21.745437448905673,0.5333333333333333
0.45,2,15,2,0.377908,25.57202821443721,0.5333333333333333
0.45,2,16,0,0.469918,18.7915407990985,0.5
0.45,2,16,1,0.477292,22.0667770543947,0.5
0.45,2,16,2,0.476232,26.078141293771495,0.5
0.45,2,17,0,0.583732,18.95296260823592,0.47058823529411764
0.45,2,17,1,0.553996,22.367612901398342,0.47058823529411764
0.45,2,17,2,0.57254,26.54363282646023,0.47058823529411764
0.45,2,18,0,0.686538,19.09591031657836,0.4444444444444444
0.45,2,18,1,0.624908,22.64647140674492,0.4444444444444444
0.45,2,18,2,0.659932,26.959696371980506,0.4444444444444444
0.45,2,19,0,0.77289,19.217489154093975,0.42105263157894735
0.45,2,19,1,0.688298,22.901171831431682,0.42105263157894735
0.45,2,19,2,0.73529,27.332991849369733,0.42105263157894735
0.45,2,20,0,0.841272,19.32005778612168,0.4
0.45,2,20,1,0.74556,23.131544899652095,0.4
0.45,2,20,2,0.79881,27.658620081987348,0.4
0.45,2,21,0,0.893238,19.400449221303237,0.38095238095238093
0.45,2,21,1,0.793618,23.342015253608736,0.38095238095238093
0.45,2,21,2,0.850482,27.938094334922845,0.38095238095238093
0.45,2,22,0,0.92884,19.46754761108148,0.36363636363636365
0.45,2,22,1,0.836104,23.531055485184403,0.36363636363636365
0.45,2,22,2,0.890078,28.1783376979753,0.36363636363636365
0.45,2,23,0,0.954146,19.517548838276486,0.34782608695652173
0.45,2,23,1,0.87042,23.694316006596296,0.34782608695652173
0.45,2,23,2,0.921522,28.374263321565184,0.34782608695652173
0.45,2,24,0,0.971684,19.55398110591826,0.3333333333333333
0.45,2,24,1,0.898302,23.840143789231057,0.3333333333333333
0.45,2,24,2,0.94429,28.526574911390483,0.3333333333333333
0.45,2,25,0,0.982596,19.583113546627036,0.32
0.45,2,25,1,0.921154,23.967709984516073,0.32
0.45,2,25,2,0.961336,28.65696641084746,0.32
0.45,2,26,0,0.989484,19.599228175804456,0.3076923076923077
0.45,2,26,1,0.939036,24.065244733797368,0.3076923076923077
0.45,2,26,2,0.972706,28.7525501815791,0.3076923076923077
0.45,2,27,0,0.993848,19.613865461859824,0.2962962962962963
0.45,2,27,1,0.953764,24.151628946751217,0.2962962962962963
0.45,2,27,2,0.981694,28.834191595971227,0.2962962962962963
0.45,2,28,0,0.996428,19.623521758181766,0.2857142857142857
0.45,2,28,1,0.965028,24.230689121495395,0.2857142857142857
0.45,2,28,2,0.987484,28.889776948284727,0.2857142857142857
0.45,2,29,0,0.998032,19.627167226640484,0.27586206896551724
0.45,2,29,1,0.973846,24.291342700054138,0.27586206896551724
0.45,2,29,2,0.992072,28.938389125913318,0.27586206896551724
0.45,2,30,0,0.998766,19.631522028952954,0.26666666666666666
0.45,2,30,1,0.979942,24.343284131572617,0.26666666666666666
0.45,2,30,2,0.99453,28.962043145235203,0.26666666666666666
0.45,2,31,0,0.999382,19.63037541816227,0.25806451612903225
0.45,2,31,1,0.985374,24.380748598228454,0.25806451612903225
0.45,2,31,2,0.996534,28.98450471642404,0.25806451612903225
0.45,2,32,0,0.999652,19.63145867069432,0.25
0.45,2,32,1,0.989272,24.416806966676976,0.25
0.45,2,32,2,0.997696,28.993265483674378,0.25
0.45,2,33,0,0.999818,19.632768740833914,0.24242424242424243
0.45,2,33,1,0.992312,24.445398531603274,0.24242424242424243
0.45,2,33,2,0.998576,29.017363032650792,0.24242424242424243
0.45,2,34,0,0.999912,19.63480901703965,0.23529411764705882
0.45,2,34,1,0.994244,24.4627618881977,0.23529411764705882
0.45,2,34,2,0.999096,29.02127042076807,0.23529411764705882
0.45,2,35,0,0.999948,19.636974199581452,0.22857142857142856
0.45,2,35,1,0.995676,24.472343412917454,0.22857142857142856
0.45,2,35,2,0.999402,29.02992604962383,0.22857142857142856
0.45,2,36,0,0.999972,19.634481303938053,0.2222222222222222
0.45,2,36,1,0.99704,24.496407057196993,0.2222222222222222
0.45,2,36,2,0.999644,29.02597382360428,0.2222222222222222
0.45,2,37,0,0.999986,19.633309289406974,0.21621621621621623
0.45,2,37,1,0.997806,24.499081369139272,0.21621621621621623
0.45,2,37,2,0.999778,29.035838071436476,0.21621621621621623
0.45,2,38,0,0.99999,19.635057889040436,0.21052631578947367
0.45,2,38,1,0.998378,24.506861668087172,0.21052631578947367
0.45,2,38,2,0.999848,29.027978021890085,0.21052631578947367
0.45,2,39,0,0.999988,19.63499677380744,0.20512820512820512
0.45,2,39,1,0.998912,24.51497652522868,0.20512820512820512
0.45,2,39,2,0.999928,29.03871751843055,0.20512820512820512
0.45,2,40,0,0.999994,19.636175317051904,0.2
0.45,2,40,1,0.999192,24.519615310709522,0.2
0.45,2,40,2,0.999952,29.02621787384256,0.2
0.45,2,41,0,1.0,19.63471211538461,0.1951219512195122
0.45,2,41,1,0.999412,24.52432684264501,0.1951219512195122
0.45,2,41,2,0.999982,29.033701645091146,0.1951219512195122
0.45,2,42,0,1.0,19.635733269230773,0.19047619047619047
0.45,2,42,1,0.999644,24.53226579431508,0.19047619047619047
0.45,2,42,2,0.999972,29.043538026757055,0.19047619047619047
0.45,2,43,0,1.0,19.634914038461538,0.18604651162790697
0.45,2,43,1,0.999762,24.523673557383578,0.18604651162790697
0.45,2,43,2,0.999992,29.04090328876477,0.18604651162790697
0.45,2,44,0,1.0,19.638687115384624,0.18181818181818182
0.45,2,44,1,0.999794,24.52416390084049,0.18181818181818182
0.45,2,44,2,0.999988,29.03806557217148,0.18181818181818182
0.45,2,45,0,1.0,19.636846153846147,0.17777777777777778
0.45,2,45,1,0.999844,24.534440834308615,0.17777777777777778
0.45,2,45,2,0.999996,29.036907878400747,0.17777777777777778
0.45,2,46,0,1.0,19.63483096153846,0.17391304347826086
0.45,2,46,1,0.999898,24.539552649754903,0.17391304347826086
0.45,2,46,2,1.0,29.029973653846163,0.17391304347826086
0.45,2,47,0,1.0,19.636153846153853,0.1702127659574468
0.45,2,47,1,0.999944,24.527301221176078,0.1702127659574468
0.45,2,47,2,0.999998,29.043975972567328,0.1702127659574468
0.45,2,48,0,1.0,19.6371351923077,0.16666666666666666
0.45,2,48,1,0.999948,24.537034387326592,0.16666666666666666
0.45,2,48,2,0.999998,29.037842114145754,0.16666666666666666
0.45,2,49,0,1.0,19.638285000000003,0.16326530612244897
0.45,2,49,1,0.999974,24.525379198320692,0.16326530612244897
0.45,2,49,2,1.0,29.03457923076924,0.16326530612244897
0.45,2,50,0,1.0,19.635677884615387,0.16
0.45,2,50,1,0.999978,24.530999681993013,0.16
0.45,2,50,2,1.0,29.03404442307692,0.16
0.45,2,51,0,1.0,19.636746346153846,0.1568627450980392
0.45,2,51,1,0.999986,24.53174382902899,0.1568627450980392
0.45,2,51,2,1.0,29.03494961538461,0.1568627450980392
0.45,2,52,0,1.0,19.63402326923077,0.15384615384615385
0.45,2,52,1,0.999994,24.542826487728167,0.15384615384615385
0.45,2,52,2,1.0,29.041900384615385,0.15384615384615385
0.45,2,53,0,1.0,19.636547884615386,0.1509433962264151
0.45,2,53,1,0.999992,24.52995008575454,0.1509433962264151
0.45,2,53,2,1.0,29.037140769230774,0.1509433962264151
0.45,2,54,0,1.0,19.637723076923077,0.14814814814814814
0.45,2,54,1,0.999998,24.531478293725826,0.14814814814814814
0.45,2,54,2,1.0,29.027792884615387,0.14814814814814814
0.45,2,55,0,1.0,19.63609903846154,0.14545454545454545
0.45,2,55,1,0.999996,24.534931216647944,0.14545454545454545
0.45,2,55,2,1.0,29.046126923076937,0.14545454545454545
0.45,2,56,0,1.0,19.636729038461528,0.14285714285714285
0.45,2,56,1,1.0,24.531880384615388,0.14285714285714285
0.45,2,56,2,1.0,29.032581923076915,0.14285714285714285
0.45,2,57,0,1.0,19.636170576923078,0.14035087719298245
0.45,2,57,1,0.999998,24.53466291547968,0.14035087719298245
0.45,2,57,2,1.0,29.036522884615373,0.14035087719298245
0.45,2,58,0,1.0,19.63400884615384,0.13793103448275862
0.45,2,58,1,0.999998,24.533065989208904,0.13793103448275862
0.45,2,58,2,1.0,29.02406653846154,0.13793103448275862
0.45,2,59,0,1.0,19.634211346153847,0.13559322033898305
0.45,2,59,1,1.0,24.533143846153845,0.13559322033898305
0.45,2,59,2,1.0,29.025447692307697,0.13559322033898305
0.45,2,60,0,1.0,19.63626346153846,0.13333333333333333
0.45,2,60,1,0.999998,24.53550522485661,0.13333333333333333
0.45,2,60,2,1.0,29.036531538461535,0.13333333333333333
0.45,2,61,0,1.0,19.63605923076923,0.13114754098360656
0.45,2,61,1,1.0,24.52603384615385,0.13114754098360656
0.45,2,61,2,1.0,29.037099230769233,0.13114754098360656
0.45,2,62,0,1.0,19.63335692307692,0.12903225806451613
0.45,2,62,1,1.0,24.523061538461526,0.12903225806451613
0.45,2,62,2,1.0,29.039041153846156,0.12903225806451613
0.45,2,63,0,1.0,19.633791346153846,0.12698412698412698
0.45,2,63,1,1.0,24.529390384615386,0.12698412698412698
0.45,2,63,2,1.0,29.034224423076925,0.12698412698412698
0.45,2,64,0,1.0,19.63721942307692,0.125
0.45,2,64,1,1.0,24.53099769230769,0.125
0.45,2,64,2,1.0,29.03451865384616,0.125
0.45,3,10,0,0.023798,17.492177752493745,0.8
0.45,3,10,1,0.027158,19.967554538399224,0.8
0.45,3,10,2,0.027594,22.44223242510914,0.8
0.45,3,11,0,0.05544,17.713734182484185,0.7272727272727273
0.45,3,11,1,0.061856,20.404288869433724,0.7272727272727273
0.45,3,11,2,0.061046,23.11181479792036,0.7272727272727273
0.45,3,12,0,0.105352,17.93131049317453,0.6666666666666666
0.45,3,12,1,0.112394,20.83167935326414,0.6666666666666666
0.45,3,12,2,0.110632,23.752562202061448,0.6666666666666666
0.45,3,13,0,0.172372,18.135865364533593,0.6153846153846154
0.45,3,13,1,0.1789,21.246087199552825,0.6153846153846154
0.45,3,13,2,0.179404,24.370362851012665,0.6153846153846154
0.45,3,14,0,0.252144,18.33218929842288,0.5714285714285714
0.45,3,14,1,0.25818,21.6282736552316,0.5714285714285714
0.45,3,14,2,0.259534,24.945871179765383,0.5714285714285714
0.45,3,15,0,0.342522,18.514480597091346,0.5333333333333333
0.45,3,15,1,0.345952,21.99553250606576,0.5333333333333333
0.45,3,15,2,0.34816,25.497625428626982,0.5333333333333333
0.45,3,16,0,0.434888,18.691467688232365,0.5
0.45,3,16,1,0.436242,22.33757780173531,0.5
0.45,3,16,2,0.43732,26.010145272956258,0.5
0.45,3,17,0,0.526702,18.851846745627284,0.47058823529411764
0.45,3,17,1,0.526194,22.65327996898482,0.47058823529411764
0.45,3,17,2,0.524376,26.487948753155397,0.47058823529411764
0.45,3,18,0,0.61189,18.997364408132682,0.4444444444444444
0.45,3,18,1,0.608212,22.951171125047996,0.4444444444444444
0.45,3,18,2,0.60947,26.925885163780386,0.4444444444444444
0.45,3,19,0,0.689262,19.130338234673744,0.42105263157894735
0.45,3,19,1,0.68265,23.216757094805878,0.42105263157894735
0.45,3,19,2,0.683364,27.324075624973823,0.42105263157894735
0.45,3,20,0,0.7539,19.248478680094276,0.4
0.45,3,20,1,0.748152,23.453819441874003,0.4
0.45,3,20,2,0.748308,27.684362845656725,0.4
0.45,3,21,0,0.808868,19.35237460062895,0.38095238095238093
0.45,3,21,1,0.803042,23.662221518062182,0.38095238095238093
0.45,3,21,2,0.802766,28.000369491713162,0.38095238095238093
0.45,3,22,0,0.855484,19.444019408896015,0.36363636363636365
0.45,3,22,1,0.849368,23.848207409237496,0.36363636363636365
0.45,3,22,2,0.848524,28.274563332237,0.36363636363636365
0.45,3,23,0,0.891506,19.518915831102746,0.34782608695652173
0.45,3,23,1,0.88405,24.008930055296215,0.34782608695652173
0.45,3,23,2,0.88466,28.516465256534886,0.34782608695652173
0.45,3,24,0,0.91975,19.586802851945556,0.3333333333333333
0.45,3,24,1,0.91376,24.142292455180954,0.3333333333333333
0.45,3,24,2,0.914218,28.71316250609812,0.3333333333333333
0.45,3,25,0,0.941066,19.638225733860903,0.32
0.45,3,25,1,0.93585,24.257928415549834,0.32
0.45,3,25,2,0.936062,28.886866755867413,0.32
0.45,3,26,0,0.957364,19.684826493130338,0.3076923076923077
0.45,3,26,1,0.95276,24.353710838470903,0.3076923076923077
0.45,3,26,2,0.953244,29.02215689065646,0.3076923076923077
0.45,3,27,0,0.969584,19.71843931957496,0.2962962962962963
0.45,3,27,1,0.965722,24.42175587081679,0.2962962962962963
0.45,3,27,2,0.96643,29.13770705666135,0.2962962962962963
0.45,3,28,0,0.978188,19.748645926486997,0.2857142857142857
0.45,3,28,1,0.975458,24.4864041774775,0.2857142857142857
0.45,3,28,2,0.975744,29.227234058555084,0.2857142857142857
0.45,3,29,0,0.9851,19.764905554297496,0.27586206896551724
0.45,3,29,1,0.982724,24.531093008976924,0.27586206896551724
0.45,3,29,2,0.98304,29.293848477877116,0.27586206896551724
0.45,3,30,0,0.989742,19.784940457676388,0.26666666666666666
0.45,3,30,1,0.987896,24.565510944471885,0.26666666666666666
0.45,3,30,2,0.988136,29.34906052327895,0.26666666666666666
0.45,3,31,0,0.993062,19.795444253771127,0.25806451612903225
0.45,3,31,1,0.991486,24.602147685393444,0.25806451612903225
0.45,3,31,2,0.991636,29.405673282100732,0.25806451612903225
0.45,3,32,0,0.995178,19.805121835954512,0.25
0.45,3,32,1,0.994242,24.62900689864548,0.25
0.45,3,32,2,0.994262,29.437640682234658,0.25
0.45,3,33,0,0.99686,19.81070600145997,0.24242424242424243
0.45,3,33,1,0.995928,24.633133813195013,0.24242424242424243
0.45,3,33,2,0.99622,29.457270598245994,0.24242424242424243
0.45,3,34,0,0.997852,19.817572954398347,0.23529411764705882
0.45,3,34,1,0.997294,24.64490449618205,0.23529411764705882
0.45,3,34,2,0.99735,29.46950669273575,0.23529411764705882
0.45,3,35,0,0.99857,19.820613862438677,0.22857142857142856
0.45,3,35,1,0.998048,24.659907678249482,0.22857142857142856
0.45,3,35,2,0.998166,29.48653946722905,0.22857142857142856
0.45,3,36,0,0.99907,19.823827505734183,0.2222222222222222
0.45,3,36,1,0.998798,24.662624859696734,0.2222222222222222
0.45,3,36,2,0.998752,29.49756989030002,0.2222222222222222
0.45,3,37,0,0.999404,19.82867500568801,0.21621621621621623
0.45,3,37,1,0.999076,24.667724900885343,0.21621621621621623
0.45,3,37,2,0.999188,29.51068921810664,0.21621621621621623
0.45,3,38,0,0.99959,19.826582937465894,0.21052631578947367
0.45,3,38,1,0.999412,24.66772231302775,0.21052631578947367
0.45,3,38,2,0.999444,29.50432286505142,0.21052631578947367
0.45,3,39,0,0.999722,19.831466609255834,0.20512820512820512
0.45,3,39,1,0.99957,24.670898101568287,0.20512820512820512
0.45,3,39,2,0.99958,29.509419148349995,0.20512820512820512
0.45,3,40,0,0.999836,19.826952774101102,0.2
0.45,3,40,1,0.999728,24.672545932493634,0.2
0.45,3,40,2,0.99976,29.51918306547418,0.2
0.45,3,41,0,0.999884,19.830318009196763,0.1951219512195122
0.45,3,41,1,0.999844,24.67391066852582,0.1951219512195122
0.45,3,41,2,0.999832,29.52302256009779,0.1951219512195122
0.45,3,42,0,0.99994,19.82830162117419,0.19047619047619047
0.45,3,42,1,0.999912,24.675929943373482,0.19047619047619047
0.45,3,42,2,0.999916,29.52133171494098,0.19047619047619047
0.45,3,43,0,0.999944,19.83117458423826,0.18604651162790697
0.45,3,43,1,0.999932,24.684221219350615,0.18604651162790697
0.45,3,43,2,0.999916,29.522223135974187,0.18604651162790697
0.45,3,44,0,0.999974,19.829934039823502,0.18181818181818182
0.45,3,44,1,0.999946,24.672941184977834,0.18181818181818182
0.45,3,44,2,0.999952,29.506051675095787,0.18181818181818182
0.45,3,45,0,0.999986,19.83136744683656,0.17777777777777778
0.45,3,45,1,0.999974,24.683658698203082,0.17777777777777778
0.45,3,45,2,0.999976,29.5234408702732,0.17777777777777778
0.45,3,46,0,0.999994,19.829883594686184,0.17391304347826086
0.45,3,46,1,0.999978,24.684102281019413,0.17391304347826086
0.45,3,46,2,0.999974,29.51393659312066,0.17391304347826086
0.45,3,47,0,0.99999,19.83141619877737,0.1702127659574468
0.45,3,47,1,0.999988,24.673736084833024,0.1702127659574468
0.45,3,47,2,0.999998,29.517702304635385,0.1702127659574468
0.45,3,48,0,0.999996,19.832003943400398,0.16666666666666666
0.45,3,48,1,0.999992,24.67288622924368,0.16666666666666666
0.45,3,48,2,0.999992,29.52408426959723,0.16666666666666666
0.45,3,49,0,0.999998,19.827405424041615,0.16326530612244897
0.45,3,49,1,0.99999,24.681614893072002,0.16326530612244897
0.45,3,49,2,0.999994,29.512550729150526,0.16326530612244897
0.45,3,50,0,0.999998,19.831596778578174,0.16
0.45,3,50,1,0.999996,24.681519879925684,0.16
0.45,3,50,2,0.999996,29.523622902183913,0.16
0.45,3,51,0,1.0,19.82952692307693,0.1568627450980392
0.45,3,51,1,0.999998,24.67843935687871,0.1568627450980392
0.45,3,51,2,0.999998,29.524251548503084,0.1568627450980392
0.45,3,52,0,1.0,19.832942307692303,0.15384615384615385
0.45,3,52,1,0.999998,24.68506475474489,0.15384615384615385
0.45,3,52,2,0.999998,29.517487688821525,0.15384615384615385
0.45,3,53,0,0.999998,19.828641772668153,0.1509433962264151
0.45,3,53,1,0.999998,24.682847058001812,0.1509433962264151
0.45,3,53,2,0.999998,29.52044904089808,0.1509433962264151
0.45,3,54,0,1.0,19.828885384615383,0.14814814814814814
0.45,3,54,1,1.0,24.67426384615385,0.14814814814814814
0.45,3,54,2,1.0,29.520669230769236,0.14814814814814814
0.45,3,55,0,1.0,19.827107307692305,0.14545454545454545
0.45,3,55,1,1.0,24.676519615384617,0.14545454545454545
0.45,3,55,2,1.0,29.51243423076923,0.14545454545454545
0.45,3,56,0,1.0,19.82911846153846,0.14285714285714285
0.45,3,56,1,1.0,24.68083846153846,0.14285714285714285
0.45,3,56,2,1.0,29.52348346153847,0.14285714285714285
0.45,3,57,0,1.0,19.829720192307693,0.14035087719298245
0.45,3,57,1,1.0,24.68400692307693,0.14035087719298245
0.45,3,57,2,0.999998,29.52681655363312,0.14035087719298245
0.45,3,58,0,1.0,19.828007307692296,0.13793103448275862
0.45,3,58,1,1.0,24.67369038461539,0.13793103448275862
0.45,3,58,2,1.0,29.517784038461528,0.13793103448275862
0.45,3,59,0,1.0,19.830159807692304,0.13559322033898305
0.45,3,59,1,1.0,24.67850307692306,0.13559322033898305
0.45,3,59,2,1.0,29.525435769230764,0.13559322033898305
0.45,3,60,0,1.0,19.825887115384614,0.13333333333333333
0.45,3,60,1,1.0,24.67902807692307,0.13333333333333333
0.45,3,60,2,1.0,29.51932269230769,0.13333333333333333
0.45,3,61,0,1.0,19.82951826923076,0.13114754098360656
0.45,3,61,1,1.0,24.677604230769226,0.13114754098360656
0.45,3,61,2,1.0,29.51288942307692,0.13114754098360656
0.45,3,62,0,1.0,19.828558269230772,0.12903225806451613
0.45,3,62,1,1.0,24.67939961538461,0.12903225806451613
0.45,3,62,2,1.0,29.511939230769226,0.12903225806451613
0.45,3,63,0,1.0,19.83065942307692,0.12698412698412698
0.45,3,63,1,1.0,24.681813461538464,0.12698412698412698
0.45,3,63,2,1.0,29.52259903846154,0.12698412698412698
0.45,3,64,0,1.0,19.82530442307693,0.125
0.45,3,64,1,1.0,24.67835192307692,0.125
0.45,3,64,2,1.0,29.53686576923077,0.125
0.45,5,10,0,0.068374,17.40205172456467,0.8
0.45,5,10,1,0.03838,19.923778410229684,0.8
0.45,5,10,2,0.03108,22.42855286605287,0.8
0.45,5,11,0,0.114352,17.594892558469933,0.7272727272727273
0.45,5,11,1,0.076384,20.347248517611423,0.7272727272727273
0.45,5,11,2,0.066132,23.080822620493276,0.7272727272727273
0.45,5,12,0,0.16981,17.786122951896463,0.6666666666666666
0.45,5,12,1,0.130172,20.760136293046596,0.6666666666666666
0.45,5,12,2,0.118844,23.713104509337388,0.6666666666666666
0.45,5,13,0,0.231818,17.968986944001824,0.6153846153846154
0.45,5,13,1,0.196818,21.155346954664086,0.6153846153846154
0.45,5,13,2,0.185504,24.318923042090738,0.6153846153846154
0.45,5,14,0,0.301784,18.149543789852757,0.5714285714285714
0.45,5,14,1,0.27439,21.536679964228345,0.5714285714285714
0.45,5,14,2,0.263418,24.89493446216221,0.5714285714285714
0.45,5,15,0,0.37211,18.317172031429912,0.5333333333333333
0.45,5,15,1,0.357162,21.884122395654984,0.5333333333333333
0.45,5,15,2,0.348454,25.432775366884318,0.5333333333333333
0.45,5,16,0,0.442468,18.479490216067777,0.5
0.45,5,16,1,0.440678,22.22407377862154,0.5
0.45,5,16,2,0.438036,25.953264642105285,0.5
0.45,5,17,0,0.512866,18.632397306358925,0.47058823529411764
0.45,5,17,1,0.522654,22.54173595062596,0.47058823529411764
0.45,5,17,2,0.524054,26.426513665209487,0.47058823529411764
0.45,5,18,0,0.579518,18.777932363951262,0.4444444444444444
0.45,5,18,1,0.599136,22.82743111619193,0.4444444444444444
0.45,5,18,2,0.604694,26.864138657797934,0.4444444444444444
0.45,5,19,0,0.639744,18.912683462808204,0.42105263157894735
0.45,5,19,1,0.66848,23.095975485141953,0.42105263157894735
0.45,5,19,2,0.678272,27.26394397482472,0.42105263157894735
0.45,5,20,0,0.69455,19.036168133212986,0.4
0.45,5,20,1,0.731088,23.3477601980778,0.4
0.45,5,20,2,0.742142,27.62214177133423,0.4
0.45,5,21,0,0.74349,19.151678104407797,0.38095238095238093
0.45,5,21,1,0.78374,23.554511798457494,0.38095238095238093
0.45,5,21,2,0.796468,27.94913171459686,0.38095238095238093
0.45,5,22,0,0.78624,19.257507249694743,0.36363636363636365
0.45,5,22,1,0.827752,23.744929733692064,0.36363636363636365
0.45,5,22,2,0.840804,28.223767416022692,0.36363636363636365
0.45,5,23,0,0.824762,19.354122531945347,0.34782608695652173
0.45,5,23,1,0.866652,23.91589970102452,0.34782608695652173
0.45,5,23,2,0.878436,28.46268319709469,0.34782608695652173
0.45,5,24,0,0.85666,19.435057261744628,0.3333333333333333
0.45,5,24,1,0.896282,24.065183897307044,0.3333333333333333
0.45,5,24,2,0.908422,28.66693859495663,0.3333333333333333
0.45,5,25,0,0.883374,19.51169606531322,0.32
0.45,5,25,1,0.920818,24.187697577254465,0.32
0.45,5,25,2,0.930562,28.849343605923497,0.32
0.45,5,26,0,0.907146,19.581235248536878,0.3076923076923077
0.45,5,26,1,0.94003,24.295213164227984,0.3076923076923077
0.45,5,26,2,0.94904,28.999894022461557,0.3076923076923077
0.45,5,27,0,0.925696,19.638058407279086,0.2962962962962963
0.45,5,27,1,0.954352,24.38909494448749,0.2962962962962963
0.45,5,27,2,0.96207,29.114230853184356,0.2962962962962963
0.45,5,28,0,0.941162,19.68969864257816,0.2857142857142857
0.45,5,28,1,0.966526,24.457815930456082,0.2857142857142857
0.45,5,28,2,0.972528,29.214084324564435,0.2857142857142857
0.45,5,29,0,0.953208,19.735586606975115,0.27586206896551724
0.45,5,29,1,0.97526,24.525776952575963,0.27586206896551724
0.45,5,29,2,0.980264,29.30377311229817,0.27586206896551724
0.45,5,30,0,0.963146,19.771272196291353,0.26666666666666666
0.45,5,30,1,0.981706,24.571951590081255,0.26666666666666666
0.45,5,30,2,0.985932,29.349536978521527,0.26666666666666666
0.45,5,31,0,0.971372,19.80694297106804,0.25806451612903225
0.45,5,31,1,0.986624,24.6120320795577,0.25806451612903225
0.45,5,31,2,0.99002,29.4052684250357,0.25806451612903225
0.45,5,32,0,0.977834,19.833487349827042,0.25
0.45,5,32,1,0.990384,24.635838220326665,0.25
0.45,5,32,2,0.992854,29.439406886224344,0.25
0.45,5,33,0,0.98266,19.860020642557327,0.24242424242424243
0.45,5,33,1,0.992964,24.66395133079424,0.24242424242424243
0.45,5,33,2,0.995026,29.47585211921018,0.24242424242424243
0.45,5,34,0,0.986674,19.87183534706577,0.23529411764705882
0.45,5,34,1,0.995106,24.6808105792827,0.23529411764705882
0.45,5,34,2,0.996586,29.488320626619277,0.23529411764705882
0.45,5,35,0,0.990046,19.892309393860327,0.22857142857142856
0.45,5,35,1,0.99649,24.702239089975045,0.22857142857142856
0.45,5,35,2,0.997514,29.50722553961455,0.22857142857142856
0.45,5,36,0,0.992292,19.90215368522107,0.2222222222222222
0.45,5,36,1,0.997628,24.70734543876536,0.2222222222222222
0.45,5,36,2,0.998366,29.520564872232,0.2222222222222222
0.45,5,37,0,0.994228,19.909965706674303,0.21621621621621623
0.45,5,37,1,0.9982,24.709527534176896,0.21621621621621623
0.45,5,37,2,0.998858,29.526278240519897,0.21621621621621623
0.45,5,38,0,0.995578,19.91975535046746,0.21052631578947367
0.45,5,38,1,0.998686,24.725672995855017,0.21052631578947367
0.45,5,38,2,0.999242,29.53080434969707,0.21052631578947367
0.45,5,39,0,0.996484,19.932622137898388,0.20512820512820512
0.45,5,39,1,0.999082,24.725419088569456,0.20512820512820512
0.45,5,39,2,0.999468,29.526606039028156,0.20512820512820512
0.45,5,40,0,0.997492,19.93255777798411,0.2
0.45,5,40,1,0.999406,24.737950496441034,0.2
0.45,5,40,2,0.999666,29.53959314718808,0.2
0.45,5,41,0,0.998126,19.9340059425209,0.1951219512195122
0.45,5,41,1,0.999628,24.72763637303846,0.1951219512195122
0.45,5,41,2,0.99978,29.54413105498594,0.1951219512195122
0.45,5,42,0,0.99858,19.94137405885588,0.19047619047619047
0.45,5,42,1,0.99972,24.738273639696036,0.19047619047619047
0.45,5,42,2,0.999854,29.53718646768582,0.19047619047619047
0.45,5,43,0,0.999004,19.94588860505063,0.18604651162790697
0.45,5,43,1,0.999788,24.734316367377577,0.18604651162790697
0.45,5,43,2,0.9999,29.541289898220583,0.18604651162790697
0.45,5,44,0,0.999182,19.94278916307385,0.18181818181818182
0.45,5,44,1,0.999866,24.742356244967592,0.18181818181818182
0.45,5,44,2,0.99994,29.53537885350045,0.18181818181818182
0.45,5,45,0,0.99948,19.94784384033544,0.17777777777777778
0.45,5,45,1,0.99992,24.737501692443075,0.17777777777777778
0.45,5,45,2,0.999952,29.55124942151069,0.17777777777777778
0.45,5,46,0,0.99959,19.947113508846325,0.17391304347826086
0.45,5,46,1,0.999962,24.744537600121117,0.17391304347826086
0.45,5,46,2,0.99998,29.535673213464268,0.17391304347826086
0.45,5,47,0,0.999686,19.94769915445758,0.1702127659574468
0.45,5,47,1,0.999964,24.740441425122082,0.1702127659574468
0.45,5,47,2,0.999982,29.563786955857505,0.1702127659574468
0.45,5,48,0,0.999778,19.948459134851017,0.16666666666666666
0.45,5,48,1,0.999982,24.742316515543436,0.16666666666666666
0.45,5,48,2,0.999968,29.55009406454854,0.16666666666666666
0.45,5,49,0,0.999848,19.949911809672003,0.16326530612244897
0.45,5,49,1,0.999988,24.737093383582135,0.16326530612244897
0.45,5,49,2,0.999988,29.550420951205254,0.16326530612244897
0.45,5,50,0,0.99988,19.95351596037678,0.16
0.45,5,50,1,0.999994,24.73982382355832,0.16
0.45,5,50,2,0.999998,29.541145620752776,0.16
0.45,5,51,0,0.999918,19.951298506477535,0.1568627450980392
0.45,5,51,1,0.999982,24.739489541580973,0.1568627450980392
0.45,5,51,2,1.0,29.54965788461539,0.1568627450980392
0.45,5,52,0,0.999954,19.948718410277642,0.15384615384615385
0.45,5,52,1,0.999998,24.73656447312895,0.15384615384615385
0.45,5,52,2,0.999996,29.5499341612751,0.15384615384615385
0.45,5,53,0,0.999966,19.950606782169054,0.1509433962264151
0.45,5,53,1,0.999992,24.739513300721796,0.1509433962264151
0.45,5,53,2,0.999998,29.5546058399809,0.1509433962264151
0.45,5,54,0,0.999974,19.952859351266206,0.14814814814814814
0.45,5,54,1,0.999994,24.739803054202927,0.14814814814814814
0.45,5,54,2,0.999996,29.5396308508311,0.14814814814814814
0.45,5,55,0,0.999976,19.957332822141577,0.14545454545454545
0.45,5,55,1,1.0,24.736368461538465,0.14545454545454545
0.45,5,55,2,1.0,29.550334615384617,0.14545454545454545
0.45,5,56,0,0.999984,19.948297634300612,0.14285714285714285
0.45,5,56,1,0.999998,24.747485648817456,0.14285714285714285
0.45,5,56,2,1.0,29.546855769230763,0.14285714285714285
0.45,5,57,0,0.999986,19.951316049193924,0.14035087719298245
0.45,5,57,1,0.999998,24.735669086722794,0.14035087719298245
0.45,5,57,2,1.0,29.5493723076923,0.14035087719298245
0.45,5,58,0,0.999984,19.951904615089234,0.13793103448275862
0.45,5,58,1,1.0,24.738271153846153,0.13793103448275862
0.45,5,58,2,1.0,29.54385634615385,0.13793103448275862
0.45,5,59,0,0.999994,19.953047025974463,0.13559322033898305
0.45,5,59,1,1.0,24.74005615384614,0.13559322033898305
0.45,5,59,2,1.0,29.548432499999993,0.13559322033898305
0.45,5,60,0,0.999998,19.954078369695203,0.13333333333333333
0.45,5,60,1,1.0,24.735951923076925,0.13333333333333333
0.45,5,60,2,1.0,29.546220576923073,0.13333333333333333
0.45,5,61,0,0.999998,19.94936201410864,0.13114754098360656
0.45,5,61,1,1.0,24.735490384615375,0.13114754098360656
0.45,5,61,2,1.0,29.543094807692317,0.13114754098360656
0.45,5,62,0,0.999994,19.949441235108953,0.12903225806451613
0.45,5,62,1,1.0,24.73838538461538,0.12903225806451613
0.45,5,62,2,1.0,29.542743461538464,0.12903225806451613
0.45,5,63,0,1.0,19.95237923076923,0.12698412698412698
0.45,5,63,1,1.0,24.733466538461542,0.12698412698412698
0.45,5,63,2,1.0,29.550083653846148,0.12698412698412698
0.45,5,64,0,0.999998,19.95047951634365,0.125
0.45,5,64,1,1.0,24.744000000000003,0.125
0.45,5,64,2,1.0,29.541756923076917,0.125
0.45,10,10,0,0.147212,17.263752536896035,0.8
0.45,10,10,1,0.08629,19.73142444529627,0.8
0.45,10,10,2,0.05988,22.252610991213196,0.8
0.45,10,11,0,0.19305,17.412751778136396,0.7272727272727273
0.45,10,11,1,0.133862,20.096810377621964,0.7272727272727273
0.45,10,11,2,0.104936,22.844440714046947,0.7272727272727273
0.45,10,12,0,0.23979,17.561067857452194,0.6666666666666666
0.45,10,12,1,0.18939,20.458656740060192,0.6666666666666666
0.45,10,12,2,0.161222,23.42396008179834,0.6666666666666666
0.45,10,13,0,0.287968,17.71664199334114,0.6153846153846154
0.45,10,13,1,0.250588,20.814884929108278,0.6153846153846154
0.45,10,13,2,0.224046,23.988688964285487,0.6153846153846154
0.45,10,14,0,0.338652,17.866393820204816,0.5714285714285714
0.45,10,14,1,0.312494,21.150066388966977,0.5714285714285714
0.45,10,14,2,0.295816,24.531394645528092,0.5714285714285714
0.45,10,15,0,0.38871,18.015144768791448,0.5333333333333333
0.45,10,15,1,0.37749,21.490007886097853,0.5333333333333333
0.45,10,15,2,0.368718,25.046725827993626,0.5333333333333333
0.45,10,16,0,0.43595,18.16796739216741,0.5
0.45,10,16,1,0.443854,21.80915172730048,0.5
0.45,10,16,2,0.444704,25.53309357719707,0.5
0.45,10,17,0,0.485404,18.306811677251556,0.47058823529411764
0.45,10,17,1,0.507192,22.111278296066306,0.47058823529411764
0.45,10,17,2,0.514272,25.998632719949452,0.47058823529411764
0.45,10,18,0,0.532124,18.450673801884232,0.4444444444444444
0.45,10,18,1,0.567756,22.39606857116844,0.4444444444444444
0.45,10,18,2,0.583462,26.424776064778325,0.4444444444444444
0.45,10,19,0,0.575906,18.58330312452166,0.42105263157894735
0.45,10,19,1,0.623116,22.666228463696353,0.42105263157894735
0.45,10,19,2,0.646282,26.83833866997331,0.42105263157894735
0.45,10,20,0,0.619356,18.712767467647538,0.4
0.45,10,20,1,0.674906,22.91863778636752,0.4
0.45,10,20,2,0.701566,27.20385153740675,0.4
0.45,10,21,0,0.6577,18.836306885299592,0.38095238095238093
0.45,10,21,1,0.722096,23.15775507369146,0.38095238095238093
0.45,10,21,2,0.75278,27.545014428569377,0.38095238095238093
0.45,10,22,0,0.697302,18.95749397182062,0.36363636363636365
0.45,10,22,1,0.764356,23.378205363026574,0.36363636363636365
0.45,10,22,2,0.79714,27.845627927533236,0.36363636363636365
0.45,10,23,0,0.730724,19.067809670745927,0.34782608695652173
0.45,10,23,1,0.802162,23.563425611515658,0.34782608695652173
0.45,10,23,2,0.833734,28.130127880668823,0.34782608695652173
0.45,10,24,0,0.761812,19.17721321513201,0.3333333333333333
0.45,10,24,1,0.833608,23.755328551401764,0.3333333333333333
0.45,10,24,2,0.865442,28.377098949705204,0.3333333333333333
0.45,10,25,0,0.791094,19.277551330572212,0.32
0.45,10,25,1,0.862072,23.920318185095375,0.32
0.45,10,25,2,0.893458,28.608307660968787,0.32
0.45,10,26,0,0.816384,19.36852892191006,0.3076923076923077
0.45,10,26,1,0.885834,24.075998524467433,0.3076923076923077
0.45,10,26,2,0.91421,28.793315035343664,0.3076923076923077
0.45,10,27,0,0.839682,19.45366061657408,0.2962962962962963
0.45,10,27,1,0.906808,24.200672536566127,0.2962962962962963
0.45,10,27,2,0.932814,28.95482626514214,0.2962962962962963
0.45,10,28,0,0.861648,19.533952334988836,0.2857142857142857
0.45,10,28,1,0.923572,24.31617467498265,0.2857142857142857
0.45,10,28,2,0.947422,29.10024255294894,0.2857142857142857
0.45,10,29,0,0.879446,19.61343102537104,0.27586206896551724
0.45,10,29,1,0.937394,24.4234297834865,0.27586206896551724
0.45,10,29,2,0.958414,29.233720219831135,0.27586206896551724
0.45,10,30,0,0.896588,19.68087134438903,0.26666666666666666
0.45,10,30,1,0.949858,24.51549842996775,0.26666666666666666
0.45,10,30,2,0.968278,29.338318008480407,0.26666666666666666
0.45,10,31,0,0.91142,19.744213383005054,0.25806451612903225
0.45,10,31,1,0.959458,24.597283851122995,0.25806451612903225
0.45,10,31,2,0.975662,29.42458536633825,0.25806451612903225
0.45,10,32,0,0.924556,19.80641601939825,0.25
0.45,10,32,1,0.967476,24.665891533147153,0.25
0.45,10,32,2,0.981098,29.501924609742588,0.25
0.45,10,33,0,0.93569,19.856689263455934,0.24242424242424243
0.45,10,33,1,0.974558,24.723438728120854,0.24242424242424243
0.45,10,33,2,0.985712,29.563349405537075,0.24242424242424243
0.45,10,34,0,0.945924,19.903232590160925,0.23529411764705882
0.45,10,34,1,0.979728,24.776654650772777,0.23529411764705882
0.45,10,34,2,0.989218,29.612255492566995,0.23529411764705882
0.45,10,35,0,0.953326,19.956245292795963,0.22857142857142856
0.45,10,35,1,0.983788,24.817571312268345,0.22857142857142856
0.45,10,35,2,0.992112,29.650169382240954,0.22857142857142856
0.45,10,36,0,0.960484,19.98532971197534,0.2222222222222222
0.45,10,36,1,0.98742,24.848455882696644,0.2222222222222222
0.45,10,36,2,0.993972,29.67864595473823,0.2222222222222222
0.45,10,37,0,0.967518,20.02089525823968,0.21621621621621623
0.45,10,37,1,0.990138,24.882699334684812,0.21621621621621623
0.45,10,37,2,0.995702,29.6966243607332,0.21621621621621623
0.45,10,38,0,0.972654,20.056811845970678,0.21052631578947367
0.45,10,38,1,0.99219,24.916594758913252,0.21052631578947367
0.45,10,38,2,0.996718,29.727850844934625,0.21052631578947367
0.45,10,39,0,0.976876,20.07884021655217,0.20512820512820512
0.45,10,39,1,0.994176,24.92671472502006,0.20512820512820512
0.45,10,39,2,0.997494,29.72952121863544,0.20512820512820512
0.45,10,40,0,0.980582,20.103596051199105,0.2
0.45,10,40,1,0.995364,24.957337215330252,0.2
0.45,10,40,2,0.998206,29.76043907385232,0.2
0.45,10,41,0,0.983692,20.121756176651914,0.1951219512195122
0.45,10,41,1,0.99642,24.96060627816815,0.1951219512195122
0.45,10,41,2,0.998684,29.75872594488192,0.1951219512195122
0.45,10,42,0,0.986554,20.137037217815365,0.19047619047619047
0.45,10,42,1,0.99729,24.970886872655676,0.19047619047619047
0.45,10,42,2,0.998972,29.75781314730004,0.19047619047619047
0.45,10,43,0,0.989004,20.159802962607603,0.18604651162790697
0.45,10,43,1,0.997828,24.9789072634994,0.18604651162790697
0.45,10,43,2,0.999264,29.75683487662304,0.18604651162790697
0.45,10,44,0,0.99085,20.17447277201781,0.18181818181818182
0.45,10,44,1,0.998404,24.979771176335902,0.18181818181818182
0.45,10,44,2,0.999482,29.777404118410264,0.18181818181818182
0.45,10,45,0,0.992392,20.184744962753545,0.17777777777777778
0.45,10,45,1,0.998704,24.989336564803367,0.17777777777777778
0.45,10,45,2,0.999638,29.762292603768717,0.17777777777777778
0.45,10,46,0,0.993864,20.20459423638832,0.17391304347826086
0.45,10,46,1,0.999022,24.997712378090387,0.17391304347826086
0.45,10,46,2,0.999728,29.78007998944943,0.17391304347826086
0.45,10,47,0,0.994874,20.20516223855793,0.1702127659574468
0.45,10,47,1,0.999224,25.006689036846446,0.1702127659574468
0.45,10,47,2,0.99978,29.793099866586033,0.1702127659574468
0.45,10,48,0,0.996004,20.213884297035573,0.16666666666666666
0.45,10,48,1,0.999422,25.0089020684725,0.16666666666666666
0.45,10,48,2,0.999856,29.780429535699284,0.16666666666666666
0.45,10,49,0,0.996732,20.223298585932675,0.16326530612244897
0.45,10,49,1,0.999548,25.007221340969195,0.16326530612244897
0.45,10,49,2,0.9999,29.789396247317043,0.16326530612244897
0.45,10,50,0,0.997196,20.231125190418545,0.16
0.45,10,50,1,0.999664,25.020766208215193,0.16
0.45,10,50,2,0.999926,29.780796855890415,0.16
0.45,10,51,0,0.997806,20.23299272449909,0.1568627450980392
0.45,10,51,1,0.999748,25.006205025204807,0.1568627450980392
0.45,10,51,2,0.99996,29.78533795197962,0.1568627450980392
0.45,10,52,0,0.99819,20.242191058122895,0.15384615384615385
0.45,10,52,1,0.9998,25.01163271115762,0.15384615384615385
0.45,10,52,2,0.999954,29.790103421680474,0.15384615384615385
0.45,10,53,0,0.998586,20.240260112414337,0.1509433962264151
0.45,10,53,1,0.9999,25.010164093332406,0.1509433962264151
0.45,10,53,2,0.999968,29.788911514399224,0.1509433962264151
0.45,10,54,0,0.998752,20.239793493048545,0.14814814814814814
0.45,10,54,1,0.999894,25.025206133388597,0.14814814814814814
0.45,10,54,2,0.999976,29.775633845981535,0.14814814814814814
0.45,10,55,0,0.998946,20.242525236984402,0.14545454545454545
0.45,10,55,1,0.999934,25.025964790599257,0.14545454545454545
0.45,10,55,2,0.999982,29.78611345773455,0.14545454545454545
0.45,10,56,0,0.99922,20.244953756237557,0.14285714285714285
0.45,10,56,1,0.999942,25.016509034447065,0.14285714285714285
0.45,10,56,2,0.99999,29.781649162645465,0.14285714285714285
0.45,10,57,0,0.999394,20.24879211417504,0.14035087719298245
0.45,10,57,1,0.999956,25.0207836067864,0.14035087719298245
0.45,10,57,2,0.999992,29.791947181731302,0.14035087719298245
0.45,10,58,0,0.999516,20.2481023892487,0.13793103448275862
0.45,10,58,1,0.999964,25.010614997524524,0.13793103448275862
0.45,10,58,2,0.999992,29.804834592522884,0.13793103448275862
0.45,10,59,0,0.999646,20.25458954777684,0.13559322033898305
0.45,10,59,1,0.999984,25.022975752227417,0.13559322033898305
0.45,10,59,2,1.0,29.78559115384616,0.13559322033898305
0.45,10,60,0,0.99971,20.252386846031502,0.13333333333333333
0.45,10,60,1,0.999986,25.02105991022336,0.13333333333333333
0.45,10,60,2,0.999994,29.791213170355952,0.13333333333333333
0.45,10,61,0,0.999762,20.25456154718669,0.13114754098360656
0.45,10,61,1,0.999988,25.021533719943104,0.13114754098360656
0.45,10,61,2,1.0,29.797419230769226,0.13114754098360656
0.45,10,62,0,0.99982,20.25433520341355,0.12903225806451613
0.45,10,62,1,0.99999,25.015001303859194,0.12903225806451613
0.45,10,62,2,1.0,29.801661346153846,0.12903225806451613
0.45,10,63,0,0.999852,20.251443559800688,0.12698412698412698
0.45,10,63,1,0.999992,25.01581551113947,0.12698412698412698
0.45,10,63,2,1.0,29.79634615384615,0.12698412698412698
0.45,10,64,0,0.9999,20.25613099771516,0.125
0.45,10,64,1,0.999998,25.01807926692777,0.125
0.45,10,64,2,0.999998,29.788374384441074,0.125
0.45,20,10,0,0.213996,17.162132433819757,0.8
0.45,20,10,1,0.155734,19.49991405463557,0.8
0.45,20,10,2,0.119268,21.933264064640465,0.8
0.45,20,11,0,0.248108,17.2623910059019,0.7272727272727273
0.45,20,11,1,0.200344,19.779300756544895,0.7272727272727273
0.45,20,11,2,0.166422,22.4269200262909,0.7272727272727273
0.45,20,12,0,0.280644,17.365498912939803,0.6666666666666666
0.45,20,12,1,0.244884,20.073702085634267,0.6666666666666666
0.45,20,12,2,0.21692,22.921053844735386,0.6666666666666666
0.45,20,13,0,0.315234,17.487509278821445,0.6153846153846154
0.45,20,13,1,0.292742,20.370503457231706,0.6153846153846154
0.45,20,13,2,0.272874,23.41498485353342,0.6153846153846154
0.45,20,14,0,0.348204,17.605947508224624,0.5714285714285714
0.45,20,14,1,0.33975,20.67076923076923,0.5714285714285714
0.45,20,14,2,0.32845,23.896607023665933,0.5714285714285714
0.45,20,15,0,0.381396,17.732827358118396,0.5333333333333333
0.45,20,15,1,0.38881,20.962587025895584,0.5333333333333333
0.45,20,15,2,0.38543,24.374888486186254,0.5333333333333333
0.45,20,16,0,0.414316,17.86017333852199,0.5
0.45,20,16,1,0.435492,21.256891409821893,0.5
0.45,20,16,2,0.441266,24.83693944939543,0.5
0.45,20,17,0,0.447388,17.987730577691643,0.47058823529411764
0.45,20,17,1,0.482144,21.535612884245243,0.47058823529411764
0.45,20,17,2,0.49573,25.27713054097377,0.47058823529411764
0.45,20,18,0,0.48025,18.117106074560525,0.4444444444444444
0.45,20,18,1,0.525116,21.82118954522576,0.4444444444444444
0.45,20,18,2,0.548032,25.6965146336205,0.4444444444444444
0.45,20,19,0,0.511342,18.243384000411584,0.42105263157894735
0.45,20,19,1,0.568034,22.085934184329705,0.42105263157894735
0.45,20,19,2,0.598318,26.110715307810334,0.42105263157894735
0.45,20,20,0,0.542314,18.37515329608932,0.4
0.45,20,20,1,0.610714,22.35902125658215,0.4
0.45,20,20,2,0.64563,26.48828871978353,0.4
0.45,20,21,0,0.572182,18.50061760875977,0.38095238095238093
0.45,20,21,1,0.648938,22.597533318935056,0.38095238095238093
0.45,20,21,2,0.688842,26.85602124233915,0.38095238095238093
0.45,20,22,0,0.603498,18.6266221773216,0.36363636363636365
0.45,20,22,1,0.684914,22.836909788337266,0.36363636363636365
0.45,20,22,2,0.7281,27.206489493201484,0.36363636363636365
0.45,20,23,0,0.631916,18.750826241754623,0.34782608695652173
0.45,20,23,1,0.717134,23.061121395400626,0.34782608695652173
0.45,20,23,2,0.764116,27.51346452834185,0.34782608695652173
0.45,20,24,0,0.65771,18.87051342478506,0.3333333333333333
0.45,20,24,1,0.750066,23.278363811676876,0.3333333333333333
0.45,20,24,2,0.795896,27.819586594614986,0.3333333333333333
0.45,20,25,0,0.686506,18.988892808152947,0.32
0.45,20,25,1,0.777996,23.489356975139682,0.32
0.45,20,25,2,0.824768,28.083156764643554,0.32
0.45,20,26,0,0.713134,19.10377912577008,0.3076923076923077
0.45,20,26,1,0.804358,23.673805693484734,0.3076923076923077
0.45,20,26,2,0.850812,28.356734281712406,0.3076923076923077
0.45,20,27,0,0.736056,19.216637258369143,0.2962962962962963
0.45,20,27,1,0.829314,23.85880656505534,0.2962962962962963
0.45,20,27,2,0.87307,28.599119728702696,0.2962962962962963
0.45,20,28,0,0.758934,19.327545660705066,0.2857142857142857
0.45,20,28,1,0.850424,24.041389941958357,0.2857142857142857
0.45,20,28,2,0.893026,28.806203893796525,0.2857142857142857
0.45,20,29,0,0.77977,19.43013102482882,0.27586206896551724
0.45,20,29,1,0.868948,24.18923890639114,0.27586206896551724
0.45,20,29,2,0.909208,28.99713795709266,0.27586206896551724
0.45,20,30,0,0.802044,19.52656059920749,0.26666666666666666
0.45,20,30,1,0.887054,24.329406014827644,0.26666666666666666
0.45,20,30,2,0.924336,29.175929032799267,0.26666666666666666
0.45,20,31,0,0.819358,19.62156745797413,0.25806451612903225
0.45,20,31,1,0.901846,24.473344758332438,0.25806451612903225
0.45,20,31,2,0.936436,29.310223919364326,0.25806451612903225
0.45,20,32,0,0.837534,19.71604275628948,0.25
0.45,20,32,1,0.915112,24.601572518740035,0.25
0.45,20,32,2,0.947272,29.477014399892933,0.25
0.45,20,33,0,0.85336,19.80428811719826,0.24242424242424243
0.45,20,33,1,0.927696,24.703334514091484,0.24242424242424243
0.45,20,33,2,0.95534,29.5976364033103,0.24242424242424243
0.45,20,34,0,0.869096,19.887904522895937,0.23529411764705882
0.45,20,34,1,0.938274,24.814845786395676,0.23529411764705882
0.45,20,34,2,0.963076,29.702653468996942,0.23529411764705882
0.45,20,35,0,0.88303,19.969203502973595,0.22857142857142856
0.45,20,35,1,0.947056,24.908956728088857,0.22857142857142856
0.45,20,35,2,0.970446,29.798161994984376,0.22857142857142856
0.45,20,36,0,0.895644,20.03981771775393,0.2222222222222222
0.45,20,36,1,0.95543,24.98259945783574,0.2222222222222222
0.45,20,36,2,0.9757,29.890547220535943,0.2222222222222222
0.45,20,37,0,0.907088,20.101195762195577,0.21621621621621623
0.45,20,37,1,0.961938,25.074898078350483,0.21621621621621623
0.45,20,37,2,0.98004,29.972070409998963,0.21621621621621623
0.45,20,38,0,0.918028,20.17047137995791,0.21052631578947367
0.45,20,38,1,0.96802,25.135289639597396,0.21052631578947367
0.45,20,38,2,0.983614,30.013653338997425,0.21052631578947367
0.45,20,39,0,0.927322,20.22268300132408,0.20512820512820512
0.45,20,39,1,0.972796,25.209826188556573,0.20512820512820512
0.45,20,39,2,0.987102,30.084511373853807,0.20512820512820512
0.45,20,40,0,0.935372,20.276784366170723,0.2
0.45,20,40,1,0.977072,25.250172099749207,0.2
0.45,20,40,2,0.98924,30.127221207889196,0.2
0.45,20,41,0,0.943158,20.337847790247075,0.1951219512195122
0.45,20,41,1,0.980844,25.305068507718467,0.1951219512195122
0.45,20,41,2,0.991294,30.15539362613995,0.1951219512195122
0.45,20,42,0,0.950768,20.384375295307827,0.19047619047619047
0.45,20,42,1,0.983788,25.33861110164135,0.19047619047619047
0.45,20,42,2,0.993018,30.201999591920018,0.19047619047619047
0.45,20,43,0,0.957044,20.426440887051893,0.18604651162790697
0.45,20,43,1,0.986618,25.39547298876644,0.18604651162790697
0.45,20,43,2,0.994504,30.21905295349394,0.18604651162790697
0.45,20,44,0,0.962414,20.469640364269907,0.18181818181818182
0.45,20,44,1,0.988898,25.419830574421844,0.18181818181818182
0.45,20,44,2,0.995642,30.260318313363484,0.18181818181818182
0.45,20,45,0,0.967546,20.503920187297002,0.17777777777777778
0.45,20,45,1,0.990552,25.44194006511987,0.17777777777777778
0.45,20,45,2,0.996572,30.27995043933681,0.17777777777777778
0.45,20,46,0,0.97181,20.540599895674443,0.17391304347826086
0.45,20,46,1,0.992342,25.475963389172737,0.17391304347826086
0.45,20,46,2,0.997246,30.28330637961562,0.17391304347826086
0.45,20,47,0,0.97542,20.56570010078499,0.1702127659574468
0.45,20,47,1,0.993464,25.48405764693421,0.1702127659574468
0.45,20,47,2,0.9978,30.32998924557102,0.1702127659574468
0.45,20,48,0,0.97854,20.590580590235685,0.16666666666666666
0.45,20,48,1,0.994788,25.504538887450625,0.16666666666666666
0.45,20,48,2,0.998262,30.340282564944022,0.16666666666666666
0.45,20,49,0,0.981668,20.611812672998337,0.16326530612244897
0.45,20,49,1,0.995744,25.514612884745162,0.16326530612244897
0.45,20,49,2,0.998622,30.325994797754365,0.16326530612244897
0.45,20,50,0,0.984132,20.63835421233362,0.16
0.45,20,50,1,0.996388,25.533445265838665,0.16
0.45,20,50,2,0.998892,30.3230130908123,0.16
0.45,20,51,0,0.986556,20.659333307758732,0.1568627450980392
0.45,20,51,1,0.99697,25.539145148260765,0.1568627450980392
0.45,20,51,2,0.99912,30.338069231693122,0.1568627450980392
0.45,20,52,0,0.988504,20.682122448903364,0.15384615384615385
0.45,20,52,1,0.99763,25.559890401790707,0.15384615384615385
0.45,20,52,2,0.999322,30.36760904662592,0.15384615384615385
0.45,20,53,0,0.989948,20.68721189240398,0.1509433962264151
0.45,20,53,1,0.99819,25.56149939082046,0.1509433962264151
0.45,20,53,2,0.999476,30.34791403772498,0.1509433962264151
0.45,20,54,0,0.991304,20.70386814508194,0.14814814814814814
0.45,20,54,1,0.998436,25.56802454423333,0.14814814814814814
0.45,20,54,2,0.999594,30.35990208178367,0.14814814814814814
0.45,20,55,0,0.992584,20.72330169769782,0.14545454545454545
0.45,20,55,1,0.998702,25.582036252286237,0.14545454545454545
0.45,20,55,2,0.99962,30.370668546355294,0.14545454545454545
0.45,20,56,0,0.993602,20.734787323139596,0.14285714285714285
0.45,20,56,1,0.998986,25.58435253346893,0.14285714285714285
0.45,20,56,2,0.99973,30.348737428336435,0.14285714285714285
0.45,20,57,0,0.994774,20.735340582190222,0.14035087719298245
0.45,20,57,1,0.999158,25.597099681008338,0.14035087719298245
0.45,20,57,2,0.9998,30.37296651638021,0.14035087719298245
0.45,20,58,0,0.995418,20.74706420201981,0.13793103448275862
0.45,20,58,1,0.999294,25.583591246189037,0.13793103448275862
0.45,20,58,2,0.999812,30.36773759620655,0.13793103448275862
0.45,20,59,0,0.996192,20.750915833648374,0.13559322033898305
0.45,20,59,1,0.999446,25.592567128342946,0.13559322033898305
0.45,20,59,2,0.99987,30.359048022396756,0.13559322033898305
0.45,20,60,0,0.99685,20.76018033729324,0.13333333333333333
0.45,20,60,1,0.99955,25.585226813604578,0.13333333333333333
0.45,20,60,2,0.999916,30.383527985581566,0.13333333333333333
0.45,20,61,0,0.997334,20.76204680910076,0.13114754098360656
0.45,20,61,1,0.999646,25.608821291968127,0.13114754098360656
0.45,20,61,2,0.999924,30.36652343270396,0.13114754098360656
0.45,20,62,0,0.997516,20.77617860457685,0.12903225806451613
0.45,20,62,1,0.999768,25.607669825553376,0.12903225806451613
0.45,20,62,2,0.999936,30.37662910426268,0.12903225806451613
0.45,20,63,0,0.998016,20.777293111070833,0.12698412698412698
0.45,20,63,1,0.999798,25.607605428604266,0.12698412698412698
0.45,20,63,2,0.999954,30.35992828747046,0.12698412698412698
0.45,20,64,0,0.998394,20.775643182951825,0.125
0.45,20,64,1,0.999804,25.60376449168653,0.125
0.45,20,64,2,0.99995,30.382868181870627,0.125
0.45,40,10,0,0.260692,17.104548072644523,0.8
0.45,40,10,1,0.217722,19.31695712174948,0.8
0.45,40,10,2,0.18478,21.610146577634943,0.8
0.45,40,11,0,0.279832,17.162137942105925,0.7272727272727273
0.45,40,11,1,0.249584,19.503894480415415,0.7272727272727273
0.45,40,11,2,0.223962,21.972172648794132,0.7272727272727273
0.45,40,12,0,0.300484,17.23175328418869,0.6666666666666666
0.45,40,12,1,0.28234,19.718460012750583,0.6666666666666666
0.45,40,12,2,0.265706,22.35767453211734,0.6666666666666666
0.45,40,13,0,0.32387,17.309578748358202,0.6153846153846154
0.45,40,13,1,0.315742,19.949732571335023,0.6153846153846154
0.45,40,13,2,0.305456,22.75382416906073,0.6153846153846154
0.45,40,14,0,0.342178,17.394784293554817,0.5714285714285714
0.45,40,14,1,0.34852,20.186927800192464,0.5714285714285714
0.45,40,14,2,0.346824,23.17051687932163,0.5714285714285714
0.45,40,15,0,0.363886,17.492275158872673,0.5333333333333333
0.45,40,15,1,0.380872,20.435957083098383,0.5333333333333333
0.45,40,15,2,0.386574,23.588116376166013,0.5333333333333333
0.45,40,16,0,0.38494,17.590274308483643,0.5
0.45,40,16,1,0.413056,20.683069980453386,0.5
0.45,40,16,2,0.427462,24.003869169837138,0.5
0.45,40,17,0,0.40445,17.698222657550136,0.47058823529411764
0.45,40,17,1,0.445904,20.943273923052086,0.47058823529411764
0.45,40,17,2,0.467584,24.414959089210136,0.47058823529411764
0.45,40,18,0,0.427596,17.80792680294196,0.4444444444444444
0.45,40,18,1,0.477374,21.198748860351706,0.4444444444444444
0.45,40,18,2,0.504416,24.81494136097678,0.4444444444444444
0.45,40,19,0,0.448604,17.927229634771248,0.42105263157894735
0.45,40,19,1,0.507424,21.455561666529217,0.42105263157894735
0.45,40,19,2,0.543488,25.20451905809541,0.42105263157894735
0.45,40,20,0,0.471008,18.043118326913937,0.4
0.45,40,20,1,0.537538,21.71053738741046,0.4
0.45,40,20,2,0.579034,25.59879670942665,0.4
0.45,40,21,0,0.492814,18.168711490776207,0.38095238095238093
0.45,40,21,1,0.56815,21.96670841259418,0.38095238095238093
0.45,40,21,2,0.614482,25.98471558157928,0.38095238095238093
0.45,40,22,0,0.51599,18.288432468130715,0.36363636363636365
0.45,40,22,1,0.597614,22.224174286927163,0.36363636363636365
0.45,40,22,2,0.646712,26.347458671414312,0.36363636363636365
0.45,40,23,0,0.537954,18.417599545972045,0.34782608695652173
0.45,40,23,1,0.62611,22.467369950967086,0.34782608695652173
0.45,40,23,2,0.678512,26.707912370689886,0.34782608695652173
0.45,40,24,0,0.560178,18.5459484444093,0.3333333333333333
0.45,40,24,1,0.654202,22.71235501714009,0.3333333333333333
0.45,40,24,2,0.708878,27.04237704350559,0.3333333333333333
0.45,40,25,0,0.584692,18.67860935593178,0.32
0.45,40,25,1,0.681416,22.953310007847918,0.32
0.45,40,25,2,0.736476,27.3772034244575,0.32
0.45,40,26,0,0.6074,18.81638794610065,0.3076923076923077
0.45,40,26,1,0.704396,23.173103678132097,0.3076923076923077
0.45,40,26,2,0.762448,27.71619658500796,0.3076923076923077
0.45,40,27,0,0.62872,18.94932806091988,0.2962962962962963
0.45,40,27,1,0.729204,23.412892688465774,0.2962962962962963
0.45,40,27,2,0.785404,28.005465731893786,0.2962962962962963
0.45,40,28,0,0.650918,19.083094065730133,0.2857142857142857
0.45,40,28,1,0.751328,23.63080080562991,0.2857142857142857
0.45,40,28,2,0.80978,28.293655494274795,0.2857142857142857
0.45,40,29,0,0.673626,19.213445934048316,0.27586206896551724
0.45,40,29,1,0.773768,23.844799335598907,0.27586206896551724
0.45,40,29,2,0.830038,28.563457104002833,0.27586206896551724
0.45,40,30,0,0.69529,19.345061606833678,0.26666666666666666
0.45,40,30,1,0.794026,24.046299394575136,0.26666666666666666
0.45,40,30,2,0.849396,28.842512570923706,0.26666666666666666
0.45,40,31,0,0.716056,19.4641974714483,0.25806451612903225
0.45,40,31,1,0.81394,24.240620174233218,0.25806451612903225
0.45,40,31,2,0.866158,29.064306885206765,0.25806451612903225
0.45,40,32,0,0.737422,19.593956795013316,0.25
0.45,40,32,1,0.832386,24.42925656347674,0.25
0.45,40,32,2,0.882072,29.303973615968548,0.25
0.45,40,33,0,0.756144,19.71067858258989,0.24242424242424243
0.45,40,33,1,0.848614,24.598907521785296,0.24242424242424243
0.45,40,33,2,0.89611,29.499081714727676,0.24242424242424243
0.45,40,34,0,0.775492,19.82415629740167,0.23529411764705882
0.45,40,34,1,0.863386,24.78144368620934,0.23529411764705882
0.45,40,34,2,0.90926,29.71527311304712,0.23529411764705882
0.45,40,35,0,0.793478,19.940705544257256,0.22857142857142856
0.45,40,35,1,0.878578,24.924819949439275,0.22857142857142856
0.45,40,35,2,0.920652,29.885863287857205,0.22857142857142856
0.45,40,36,0,0.81022,20.04920838214882,0.2222222222222222
0.45,40,36,1,0.89085,25.079464297278747,0.2222222222222222
0.45,40,36,2,0.930848,30.061140280359737,0.2222222222222222
0.45,40,37,0,0.826166,20.154050573557676,0.21621621621621623
0.45,40,37,1,0.903288,25.21697782051623,0.21621621621621623
0.45,40,37,2,0.939186,30.199258883592975,0.21621621621621623
0.45,40,38,0,0.842234,20.254354901552116,0.21052631578947367
0.45,40,38,1,0.91426,25.343627633277183,0.21052631578947367
0.45,40,38,2,0.947584,30.339033267763075,0.21052631578947367
0.45,40,39,0,0.856378,20.35049538692206,0.20512820512820512
0.45,40,39,1,0.92385,25.48232355402351,0.20512820512820512
0.45,40,39,2,0.954412,30.486450537890583,0.20512820512820512
0.45,40,40,0,0.869376,20.44087523252753,0.2
0.45,40,40,1,0.93304,25.58607966349864,0.2
0.45,40,40,2,0.960428,30.60873882028879,0.2
0.45,40,41,0,0.882136,20.523485040855377,0.1951219512195122
0.45,40,41,1,0.940854,25.700189157117652,0.1951219512195122
0.45,40,41,2,0.96671,30.701532875581975,0.1951219512195122
0.45,40,42,0,0.89344,20.61575957061384,0.19047619047619047
0.45,40,42,1,0.947808,25.797903811093192,0.19047619047619047
0.45,40,42,2,0.97131,30.82601550008196,0.19047619047619047
0.45,40,43,0,0.903738,20.68524305972272,0.18604651162790697
0.45,40,43,1,0.953932,25.88509856693543,0.18604651162790697
0.45,40,43,2,0.975046,30.899146927821473,0.18604651162790697
0.45,40,44,0,0.913382,20.755773176375953,0.18181818181818182
0.45,40,44,1,0.959864,25.959230442261376,0.18181818181818182
0.45,40,44,2,0.978842,30.960453781100526,0.18181818181818182
0.45,40,45,0,0.922896,20.833457732715612,0.17777777777777778
0.45,40,45,1,0.965126,26.051377269352955,0.17777777777777778
0.45,40,45,2,0.982002,31.050669957902315,0.17777777777777778
0.45,40,46,0,0.931532,20.886465067140012,0.17391304347826086
0.45,40,46,1,0.969354,26.105359461439896,0.17391304347826086
0.45,40,46,2,0.984894,31.113730161668318,0.17391304347826086
0.45,40,47,0,0.939182,20.947095655908743,0.1702127659574468
0.45,40,47,1,0.973504,26.170940232397612,0.1702127659574468
0.45,40,47,2,0.987124,31.171135307449497,0.1702127659574468
0.45,40,48,0,0.945214,21.010096858814723,0.16666666666666666
0.45,40,48,1,0.977484,26.2412200018698,0.16666666666666666
0.45,40,48,2,0.989242,31.23488664125586,0.16666666666666666
0.45,40,49,0,0.951824,21.05397252659509,0.16326530612244897
0.45,40,49,1,0.98047,26.271191759681965,0.16326530612244897
0.45,40,49,2,0.990744,31.255336316017985,0.16326530612244897
0.45,40,50,0,0.956624,21.09111332384269,0.16
0.45,40,50,1,0.982668,26.32076182862918,0.16
0.45,40,50,2,0.992516,31.29137309780241,0.16
0.45,40,51,0,0.961522,21.146806433326134,0.1568627450980392
0.45,40,51,1,0.985312,26.380463946757672,0.1568627450980392
0.45,40,51,2,0.993492,31.339493771619534,0.1568627450980392
0.45,40,52,0,0.966994,21.169653069202084,0.15384615384615385
0.45,40,52,1,0.987476,26.420303652170553,0.15384615384615385
0.45,40,52,2,0.994458,31.384858346494745,0.15384615384615385
0.45,40,53,0,0.97052,21.219739259524633,0.1509433962264151
0.45,40,53,1,0.989294,26.44364100521725,0.1509433962264151
0.45,40,53,2,0.995232,31.390314983379216,0.1509433962264151
0.45,40,54,0,0.974212,21.247721037815502,0.14814814814814814
0.45,40,54,1,0.99096,26.472758350876536,0.14814814814814814
0.45,40,54,2,0.996146,31.401677063402346,0.14814814814814814
0.45,40,55,0,0.97734,21.283539623247403,0.14545454545454545
0.45,40,55,1,0.991976,26.501608522166478,0.14545454545454545
0.45,40,55,2,0.996838,31.42775957577861,0.14545454545454545
0.45,40,56,0,0.980218,21.30819192182838,0.14285714285714285
0.45,40,56,1,0.993194,26.50762164212709,0.14285714285714285
0.45,40,56,2,0.997252,31.444305297110308,0.14285714285714285
0.45,40,57,0,0.98261,21.340320089432137,0.14035087719298245
0.45,40,57,1,0.99422,26.54074783015058,0.14035087719298245
0.45,40,57,2,0.997828,31.459042501852487,0.14035087719298245
0.45,40,58,0,0.984584,21.3549935810454,0.13793103448275862
0.45,40,58,1,0.995104,26.567208437123554,0.13793103448275862
0.45,40,58,2,0.99809,31.473410174972663,0.13793103448275862
0.45,40,59,0,0.986592,21.3768282048787,0.13559322033898305
0.45,40,59,1,0.995752,26.57976121023647,0.13559322033898305
0.45,40,59,2,0.998436,31.46520696831383,0.13559322033898305
0.45,40,60,0,0.988348,21.399128608079806,0.13333333333333333
0.45,40,60,1,0.996544,26.5874755462571,0.13333333333333333
0.45,40,60,2,0.99868,31.489164350789196,0.13333333333333333
0.45,40,61,0,0.990026,21.414930011939077,0.13114754098360656
0.45,40,61,1,0.99695,26.603309324208055,0.13114754098360656
0.45,40,61,2,0.998914,31.493694652392502,0.13114754098360656
0.45,40,62,0,0.991112,21.430517128546207,0.12903225806451613
0.45,40,62,1,0.997466,26.63500618258977,0.12903225806451613
0.45,40,62,2,0.999174,31.519806321560065,0.12903225806451613
0.45,40,63,0,0.992536,21.448692463625427,0.12698412698412698
0.45,40,63,1,0.997854,26.624751331742527,0.12698412698412698
0.45,40,63,2,0.99923,31.513883382512223,0.12698412698412698
0.45,40,64,0,0.99337,21.44747560944446,0.125
0.45,40,64,1,0.99814,26.657500258172504,0.125
0.45,40,64,2,0.999478,31.503382073134485,0.125
0.55,2,10,0,0.083384,17.478041812116697,0.8
0.55,2,10,1,0.101588,19.915647214540783,0.8
0.55,2,10,2,0.098392,22.383755793153917,0.8
0.55,2,11,0,0.171394,17.688064208333298,0.7272727272727273
0.55,2,11,1,0.193586,20.32059295451276,0.7272727272727273
0.55,2,11,2,0.19026,22.989647769449096,0.7272727272727273
0.55,2,12,0,0.2888,17.8828674355423,0.6666666666666666
0.55,2,12,1,0.306948,20.697518547366077,0.6666666666666666
0.55,2,12,2,0.304802,23.562737196858695,0.6666666666666666
0.55,2,13,0,0.419292,18.063140227592445,0.6153846153846154
0.55,2,13,1,0.426848,21.045728041543885,0.6153846153846154
0.55,2,13,2,0.427688,24.08417917518593,0.6153846153846154
0.55,2,14,0,0.549254,18.225936031837307,0.5714285714285714
0.55,2,14,1,0.545718,21.361051650514337,0.5714285714285714
0.55,2,14,2,0.546362,24.56344068021399,0.5714285714285714
0.55,2,15,0,0.662568,18.367594548205442,0.5333333333333333
0.55,2,15,1,0.652494,21.6383899551331,0.5333333333333333
0.55,2,15,2,0.654788,24.97873357483643,0.5333333333333333
0.55,2,16,0,0.759812,18.48898173799268,0.5
0.55,2,16,1,0.741922,21.881412787950133,0.5
0.55,2,16,2,0.745386,25.344928151836246,0.5
0.55,2,17,0,0.834654,18.589253750655963,0.47058823529411764
0.55,2,17,1,0.815456,22.092550765366955,0.47058823529411764
0.55,2,17,2,0.816496,25.65359922626217,0.47058823529411764
0.55,2,18,0,0.890146,18.67039961810932,0.4444444444444444
0.55,2,18,1,0.86976,22.263543523942946,0.4444444444444444
0.55,2,18,2,0.871968,25.914557864861663,0.4444444444444444
0.55,2,19,0,0.928204,18.73527242685046,0.42105263157894735
0.55,2,19,1,0.910902,22.39985159258034,0.42105263157894735
0.55,2,19,2,0.913294,26.123101357032052,0.42105263157894735
0.55,2,20,0,0.955324,18.78272429844985,0.4
0.55,2,20,1,0.940154,22.51699680625155,0.4
0.55,2,20,2,0.942628,26.28416450930476,0.4
0.55,2,21,0,0.97272,18.817625595475334,0.38095238095238093
0.55,2,21,1,0.960448,22.598307488556625,0.38095238095238093
0.55,2,21,2,0.96226,26.41066983335706,0.38095238095238093
0.55,2,22,0,0.983464,18.84460476907683,0.36363636363636365
0.55,2,22,1,0.974284,22.668447961627365,0.36363636363636365
0.55,2,22,2,0.975658,26.507242370710927,0.36363636363636365
0.55,2,23,0,0.990012,18.860823831506004,0.34782608695652173
0.55,2,23,1,0.983672,22.715619481040275,0.34782608695652173
0.55,2,23,2,0.984878,26.575855471048577,0.34782608695652173
0.55,2,24,0,0.99439,18.872234195374507,0.3333333333333333
0.55,2,24,1,0.989752,22.74944710314379,0.3333333333333333
0.55,2,24,2,0.99081,26.62136748254924,0.3333333333333333
0.55,2,25,0,0.9968,18.880884214100504,0.32
0.55,2,25,1,0.993812,22.771907564006074,0.32
0.55,2,25,2,0.994286,26.65795412680364,0.32
0.55,2,26,0,0.998314,18.882694492144527,0.3076923076923077
0.55,2,26,1,0.996222,22.791310185264535,0.3076923076923077
0.55,2,26,2,0.996574,26.684167650678916,0.3076923076923077
0.55,2,27,0,0.998906,18.885165755952396,0.2962962962962963
0.55,2,27,1,0.997696,22.795777625495305,0.2962962962962963
0.55,2,27,2,0.997952,26.694098937701337,0.2962962962962963
0.55,2,28,0,0.999458,18.891530170891087,0.2857142857142857
0.55,2,28,1,0.998632,22.806115304197682,0.2857142857142857
0.55,2,28,2,0.998794,26.70426900226288,0.2857142857142857
0.55,2,29,0,0.99969,18.88898231528697,0.27586206896551724
0.55,2,29,1,0.999214,22.817616184782775,0.27586206896551724
0.55,2,29,2,0.999262,26.7078269147246,0.27586206896551724
0.55,2,30,0,0.99984,18.89092793308468,0.26666666666666666
0.55,2,30,1,0.999532,22.819110497559013,0.26666666666666666
0.55,2,30,2,0.999612,26.713240121782633,0.26666666666666666
0.55,2,31,0,0.999884,18.891235037110466,0.25806451612903225
0.55,2,31,1,0.99971,22.813791768843735,0.25806451612903225
0.55,2,31,2,0.999822,26.71604584077504,0.25806451612903225
0.55,2,32,0,0.999952,18.890073838928885,0.25
0.55,2,32,1,0.99986,22.81454672884973,0.25
0.55,2,32,2,0.99984,26.717887938993318,0.25
0.55,2,33,0,0.99999,18.89203930500844,0.24242424242424243
0.55,2,33,1,0.999916,22.823531022759756,0.24242424242424243
0.55,2,33,2,0.999906,26.726395742738276,0.24242424242424243
0.55,2,34,0,0.999988,18.889246094030046,0.23529411764705882
0.55,2,34,1,0.999942,22.819463144246978,0.23529411764705882
0.55,2,34,2,0.999956,26.721745372180983,0.23529411764705882
0.55,2,35,0,0.999996,18.892557685615362,0.22857142857142856
0.55,2,35,1,0.99997,22.818289933313388,0.22857142857142856
0.55,2,35,2,0.999974,26.722462091706692,0.22857142857142856
0.55,2,36,0,0.999996,18.889265172445302,0.2222222222222222
0.55,2,36,1,0.999988,22.82061961666618,0.2222222222222222
0.55,2,36,2,0.999986,26.721696603752445,0.2222222222222222
0.55,2,37,0,1.0,18.89152961538462,0.21621621621621623
0.55,2,37,1,0.99999,22.820935132428243,0.21621621621621623
0.55,2,37,2,0.999994,26.716263374503317,0.21621621621621623
0.55,2,38,0,1.0,18.89049173076923,0.21052631578947367
0.55,2,38,1,0.999996,22.820074741837434,0.21052631578947367
0.55,2,38,2,0.999996,26.724179012100656,0.21052631578947367
0.55,2,39,0,1.0,18.88905115384614,0.20512820512820512
0.55,2,39,1,0.999998,22.81814717475589,0.20512820512820512
0.55,2,39,2,0.999996,26.7252659395253,0.20512820512820512
0.55,2,40,0,1.0,18.891411923076923,0.2
0.55,2,40,1,0.999998,22.821151796149746,0.2
0.55,2,40,2,0.999998,26.721860559105735,0.2
0.55,2,41,0,1.0,18.88942326923077,0.1951219512195122
0.55,2,41,1,0.999998,22.821283334874366,0.1951219512195122
0.55,2,41,2,1.0,26.726781923076935,0.1951219512195122
0.55,2,42,0,1.0,18.892546730769233,0.19047619047619047
0.55,2,42,1,1.0,22.82198884615384,0.19047619047619047
0.55,2,42,2,1.0,26.71490019230769,0.19047619047619047
0.55,2,43,0,1.0,18.89075307692308,0.18604651162790697
0.55,2,43,1,1.0,22.81937769230769,0.18604651162790697
0.55,2,43,2,1.0,26.717498076923075,0.18604651162790697
0.55,2,44,0,1.0,18.89198596153846,0.18181818181818182
0.55,2,44,1,1.0,22.816708846153844,0.18181818181818182
0.55,2,44,2,1.0,26.720424807692304,0.18181818181818182
0.55,2,45,0,1.0,18.88766365384615,0.17777777777777778
0.55,2,45,1,1.0,22.823491153846163,0.17777777777777778
0.55,2,45,2,1.0,26.717413269230775,0.17777777777777778
0.55,2,46,0,1.0,18.891421153846156,0.17391304347826086
0.55,2,46,1,1.0,22.82423538461538,0.17391304347826086
0.55,2,46,2,1.0,26.714062499999997,0.17391304347826086
0.55,2,47,0,1.0,18.891650192307697,0.1702127659574468
0.55,2,47,1,1.0,22.81577076923077,0.1702127659574468
0.55,2,47,2,1.0,26.718408461538466,0.1702127659574468
0.55,2,48,0,1.0,18.891822115384613,0.16666666666666666
0.55,2,48,1,1.0,22.816011923076925,0.16666666666666666
0.55,2,48,2,1.0,26.72286173076925,0.16666666666666666
0.55,2,49,0,1.0,18.89022,0.16326530612244897
0.55,2,49,1,1.0,22.82307000000001,0.16326530612244897
0.55,2,49,2,1.0,26.72019807692308,0.16326530612244897
0.55,2,50,0,1.0,18.891795,0.16
0.55,2,50,1,1.0,22.81864269230769,0.16
0.55,2,50,2,1.0,26.722252499999993,0.16
0.55,2,51,0,1.0,18.890618076923072,0.1568627450980392
0.55,2,51,1,1.0,22.819023461538464,0.1568627450980392
0.55,2,51,2,1.0,26.721601730769233,0.1568627450980392
0.55,2,52,0,1.0,18.88894269230769,0.15384615384615385
0.55,2,52,1,1.0,22.824387692307695,0.15384615384615385
0.55,2,52,2,1.0,26.725835192307695,0.15384615384615385
0.55,2,53,0,1.0,18.890765769230775,0.1509433962264151
0.55,2,53,1,1.0,22.822918846153847,0.1509433962264151
0.55,2,53,2,1.0,26.71598192307692,0.1509433962264151
0.55,2,54,0,1.0,18.89000076923077,0.14814814814814814
0.55,2,54,1,1.0,22.815478846153848,0.14814814814814814
0.55,2,54,2,1.0,26.717108653846154,0.14814814814814814
0.55,2,55,0,1.0,18.891233076923076,0.14545454545454545
0.55,2,55,1,1.0,22.82212153846154,0.14545454545454545
0.55,2,55,2,1.0,26.716464807692308,0.14545454545454545
0.55,2,56,0,1.0,18.892123846153844,0.14285714285714285
0.55,2,56,1,1.0,22.81582038461539,0.14285714285714285
0.55,2,56,2,1.0,26.71564788461538,0.14285714285714285
0.55,2,57,0,1.0,18.89246942307692,0.14035087719298245
0.55,2,57,1,1.0,22.817820000000008,0.14035087719298245
0.55,2,57,2,1.0,26.718946730769233,0.14035087719298245
0.55,2,58,0,1.0,18.889729615384613,0.13793103448275862
0.55,2,58,1,1.0,22.821009230769228,0.13793103448275862
0.55,2,58,2,1.0,26.722062115384624,0.13793103448275862
0.55,2,59,0,1.0,18.88983057692307,0.13559322033898305
0.55,2,59,1,1.0,22.821815769230767,0.13559322033898305
0.55,2,59,2,1.0,26.724294807692306,0.13559322033898305
0.55,2,60,0,1.0,18.889006730769232,0.13333333333333333
0.55,2,60,1,1.0,22.8198726923077,0.13333333333333333
0.55,2,60,2,1.0,26.721461538461533,0.13333333333333333
0.55,2,61,0,1.0,18.890830384615384,0.13114754098360656
0.55,2,61,1,1.0,22.817716153846167,0.13114754098360656
0.55,2,61,2,1.0,26.72022923076923,0.13114754098360656
0.55,2,62,0,1.0,18.890741538461548,0.12903225806451613
0.55,2,62,1,1.0,22.820453076923084,0.12903225806451613
0.55,2,62,2,1.0,26.72220576923078,0.12903225806451613
0.55,2,63,0,1.0,18.88824230769231,0.12698412698412698
0.55,2,63,1,1.0,22.816910769230773,0.12698412698412698
0.55,2,63,2,1.0,26.724729230769235,0.12698412698412698
0.55,2,64,0,1.0,18.890615192307695,0.125
0.55,2,64,1,1.0,22.818496153846155,0.125
0.55,2,64,2,1.0,26.72106865384615,0.125
0.55,3,10,0,0.14133,17.411696030566763,0.8
0.55,3,10,1,0.10912,19.901149757500562,0.8
0.55,3,10,2,0.101506,22.37330608724911,0.8
0.55,3,11,0,0.233024,17.599137196828853,0.7272727272727273
0.55,3,11,1,0.20086,20.298518294410954,0.7272727272727273
0.55,3,11,2,0.193826,22.983321083382478,0.7272727272727273
0.55,3,12,0,0.335628,17.77280374975591,0.6666666666666666
0.55,3,12,1,0.311628,20.67344718703069,0.6666666666666666
0.55,3,12,2,0.304938,23.550245648926364,0.6666666666666666
0.55,3,13,0,0.439858,17.937283168658976,0.6153846153846154
0.55,3,13,1,0.430444,21.019810135223526,0.6153846153846154
0.55,3,13,2,0.427762,24.074155362453524,0.6153846153846154
0.55,3,14,0,0.540804,18.087776575389462,0.5714285714285714
0.55,3,14,1,0.545378,21.3286402345642,0.5714285714285714
0.55,3,14,2,0.545044,24.542233852115245,0.5714285714285714
0.55,3,15,0,0.629882,18.223568981052125,0.5333333333333333
0.55,3,15,1,0.647634,21.6075105098535,0.5333333333333333
0.55,3,15,2,0.652604,24.966721779210665,0.5333333333333333
0.55,3,16,0,0.709974,18.349373194814714,0.5
0.55,3,16,1,0.737248,21.85169086198319,0.5
0.55,3,16,2,0.742052,25.329041060361096,0.5
0.55,3,17,0,0.776396,18.45450373857591,0.47058823529411764
0.55,3,17,1,0.807252,22.06085917694561,0.47058823529411764
0.55,3,17,2,0.814432,25.640097827499602,0.47058823529411764
0.55,3,18,0,0.831564,18.551668209635,0.4444444444444444
0.55,3,18,1,0.863614,22.233386496923217,0.4444444444444444
0.55,3,18,2,0.870288,25.901639855029416,0.4444444444444444
0.55,3,19,0,0.873694,18.63588307893751,0.42105263157894735
0.55,3,19,1,0.90402,22.38114371193285,0.42105263157894735
0.55,3,19,2,0.910476,26.109067378787834,0.42105263157894735
0.55,3,20,0,0.906742,18.701426688585656,0.4
0.55,3,20,1,0.934978,22.496818518313145,0.4
0.55,3,20,2,0.94066,26.2767731412805,0.4
0.55,3,21,0,0.93303,18.7577019536844,0.38095238095238093
0.55,3,21,1,0.955822,22.589605113150288,0.38095238095238093
0.55,3,21,2,0.960936,26.404372923899196,0.38095238095238093
0.55,3,22,0,0.95231,18.802662231028517,0.36363636363636365
0.55,3,22,1,0.971058,22.66013738860881,0.36363636363636365
0.55,3,22,2,0.974626,26.498363908901396,0.36363636363636365
0.55,3,23,0,0.965824,18.839199839881644,0.34782608695652173
0.55,3,23,1,0.981182,22.706808256227216,0.34782608695652173
0.55,3,23,2,0.983742,26.578522464379727,0.34782608695652173
0.55,3,24,0,0.97673,18.86712531374311,0.3333333333333333
0.55,3,24,1,0.987902,22.749058104953725,0.3333333333333333
0.55,3,24,2,0.989792,26.619572402779877,0.3333333333333333
0.55,3,25,0,0.983696,18.893749264938627,0.32
0.55,3,25,1,0.99234,22.77165278339775,0.32
0.55,3,25,2,0.99369,26.65440351696126,0.32
0.55,3,26,0,0.988868,18.906140657802663,0.3076923076923077
0.55,3,26,1,0.995256,22.793139499941567,0.3076923076923077
0.55,3,26,2,0.99615,26.687902076841993,0.3076923076923077
0.55,3,27,0,0.992512,18.91924713020327,0.2962962962962963
0.55,3,27,1,0.99718,22.809579938503504,0.2962962962962963
0.55,3,27,2,0.997764,26.70125304025957,0.2962962962962963
0.55,3,28,0,0.994792,18.92940665756491,0.2857142857142857
0.55,3,28,1,0.998216,22.815149149159016,0.2857142857142857
0.55,3,28,2,0.99869,26.715305511758864,0.2857142857142857
0.55,3,29,0,0.996506,18.940104996087104,0.27586206896551724
0.55,3,29,1,0.998854,22.82271752659318,0.27586206896551724
0.55,3,29,2,0.999196,26.71891527711356,0.27586206896551724
0.55,3,30,0,0.99773,18.9440778644446,0.26666666666666666
0.55,3,30,1,0.999298,22.825594721340533,0.26666666666666666
0.55,3,30,2,0.999518,26.722165083570268,0.26666666666666666
0.55,3,31,0,0.99849,18.94889513935274,0.25806451612903225
0.55,3,31,1,0.999618,22.829872165013192,0.25806451612903225
0.55,3,31,2,0.999724,26.72131123574722,0.25806451612903225
0.55,3,32,0,0.998992,18.949638928347458,0.25
0.55,3,32,1,0.999758,22.834490946809133,0.25
0.55,3,32,2,0.999836,26.73048322232538,0.25
0.55,3,33,0,0.999372,18.951880819616264,0.24242424242424243
0.55,3,33,1,0.999874,22.82956614071834,0.24242424242424243
0.55,3,33,2,0.999922,26.725422275245148,0.24242424242424243
0.55,3,34,0,0.999572,18.954207977937628,0.23529411764705882
0.55,3,34,1,0.999908,22.837832234411717,0.23529411764705882
0.55,3,34,2,0.999934,26.72244464288489,0.23529411764705882
0.55,3,35,0,0.999742,18.9550740629544,0.22857142857142856
0.55,3,35,1,0.999968,22.83048365239996,0.22857142857142856
0.55,3,35,2,0.99997,26.72523675710271,0.22857142857142856
0.55,3,36,0,0.999808,18.953538310124774,0.2222222222222222
0.55,3,36,1,0.999978,22.829297629163214,0.2222222222222222
0.55,3,36,2,0.99999,26.726040721945676,0.2222222222222222
0.55,3,37,0,0.99987,18.95527226231718,0.21621621621621623
0.55,3,37,1,0.999988,22.83102281842767,0.21621621621621623
0.55,3,37,2,0.99999,26.727636507134296,0.21621621621621623
0.55,3,38,0,0.999932,18.954761616097585,0.21052631578947367
0.55,3,38,1,0.999994,22.83671971262596,0.21052631578947367
0.55,3,38,2,0.999992,26.738638139874347,0.21052631578947367
0.55,3,39,0,0.999944,18.95666945810504,0.20512820512820512
0.55,3,39,1,0.999996,22.831359402360683,0.20512820512820512
0.55,3,39,2,0.999996,26.729786726839215,0.20512820512820512
0.55,3,40,0,0.999974,18.955881506765333,0.2
0.55,3,40,1,1.0,22.829134615384614,0.2
0.55,3,40,2,1.0,26.730290192307695,0.2
0.55,3,41,0,0.999972,18.953247614010117,0.1951219512195122
0.55,3,41,1,1.0,22.83071653846154,0.1951219512195122
0.55,3,41,2,1.0,26.7272925,0.1951219512195122
0.55,3,42,0,0.999988,18.954070525769378,0.19047619047619047
0.55,3,42,1,1.0,22.839436153846158,0.19047619047619047
0.55,3,42,2,1.0,26.72343634615385,0.19047619047619047
0.55,3,43,0,0.999996,18.954975242977902,0.18604651162790697
0.55,3,43,1,0.999998,22.83413951443288,0.18604651162790697
0.55,3,43,2,1.0,26.730909807692303,0.18604651162790697
0.55,3,44,0,0.999998,18.954180408360813,0.18181818181818182
0.55,3,44,1,1.0,22.83909346153846,0.18181818181818182
0.55,3,44,2,1.0,26.732611153846157,0.18181818181818182
0.55,3,45,0,1.0,18.958268653846154,0.17777777777777778
0.55,3,45,1,1.0,22.834010769230765,0.17777777777777778
0.55,3,45,2,1.0,26.72445923076922,0.17777777777777778
0.55,3,46,0,0.999998,18.95699752937967,0.17391304347826086
0.55,3,46,1,1.0,22.83607730769231,0.17391304347826086
0.55,3,46,2,1.0,26.729106346153845,0.17391304347826086
0.55,3,47,0,0.999998,18.95514444875044,0.1702127659574468
0.55,3,47,1,1.0,22.838125384615388,0.1702127659574468
0.55,3,47,2,1.0,26.730653653846158,0.1702127659574468
0.55,3,48,0,0.999998,18.954807524999666,0.16666666666666666
0.55,3,48,1,1.0,22.832148461538456,0.16666666666666666
0.55,3,48,2,1.0,26.726475576923068,0.16666666666666666
0.55,3,49,0,1.0,18.95297134615384,0.16326530612244897
0.55,3,49,1,1.0,22.830139615384624,0.16326530612244897
0.55,3,49,2,1.0,26.722879038461542,0.16326530612244897
0.55,3,50,0,1.0,18.954628269230767,0.16
0.55,3,50,1,1.0,22.839707307692308,0.16
0.55,3,50,2,1.0,26.73255057692308,0.16
0.55,3,51,0,0.999998,18.95276636707119,0.1568627450980392
0.55,3,51,1,1.0,22.829996538461547,0.1568627450980392
0.55,3,51,2,1.0,26.73510346153847,0.1568627450980392
0.55,3,52,0,1.0,18.955145769230775,0.15384615384615385
0.55,3,52,1,1.0,22.834298076923087,0.15384615384615385
0.55,3,52,2,1.0,26.736012115384607,0.15384615384615385
0.55,3,53,0,1.0,18.956708076923075,0.1509433962264151
0.55,3,53,1,1.0,22.830065769230767,0.1509433962264151
0.55,3,53,2,1.0,26.72983326923077,0.1509433962264151
0.55,3,54,0,1.0,18.955060961538464,0.14814814814814814
0.55,3,54,1,1.0,22.830961153846147,0.14814814814814814
0.55,3,54,2,1.0,26.727797884615384,0.14814814814814814
0.55,3,55,0,1.0,18.953098269230768,0.14545454545454545
0.55,3,55,1,1.0,22.834464230769235,0.14545454545454545
0.55,3,55,2,1.0,26.727557307692315,0.14545454545454545
0.55,3,56,0,1.0,18.955519615384617,0.14285714285714285
0.55,3,56,1,1.0,22.833253846153852,0.14285714285714285
0.55,3,56,2,1.0,26.732232115384605,0.14285714285714285
0.55,3,57,0,1.0,18.956535576923077,0.14035087719298245
0.55,3,57,1,1.0,22.8351773076923,0.14035087719298245
0.55,3,57,2,1.0,26.726449615384617,0.14035087719298245
0.55,3,58,0,1.0,18.953632500000005,0.13793103448275862
0.55,3,58,1,1.0,22.836083076923067,0.13793103448275862
0.55,3,58,2,1.0,26.725527115384608,0.13793103448275862
0.55,3,59,0,1.0,18.953074038461537,0.13559322033898305
0.55,3,59,1,1.0,22.83736153846154,0.13559322033898305
0.55,3,59,2,1.0,26.73360115384617,0.13559322033898305
0.55,3,60,0,1.0,18.953113846153848,0.13333333333333333
0.55,3,60,1,1.0,22.831714615384616,0.13333333333333333
0.55,3,60,2,1.0,26.721715961538468,0.13333333333333333
0.55,3,61,0,1.0,18.95584615384616,0.13114754098360656
0.55,3,61,1,1.0,22.829710384615392,0.13114754098360656
0.55,3,61,2,1.0,26.73264057692309,0.13114754098360656
0.55,3,62,0,1.0,18.952806923076928,0.12903225806451613
0.55,3,62,1,1.0,22.83544269230769,0.12903225806451613
0.55,3,62,2,1.0,26.732853461538465,0.12903225806451613
0.55,3,63,0,1.0,18.955498846153844,0.12698412698412698
0.55,3,63,1,1.0,22.83352730769231,0.12698412698412698
0.55,3,63,2,1.0,26.730392307692313,0.12698412698412698
0.55,3,64,0,1.0,18.954773653846157,0.125
0.55,3,64,1,1.0,22.830311538461544,0.125
0.55,3,64,2,1.0,26.724594230769235,0.125
0.55,5,10,0,0.215218,17.31249870435487,0.8
0.55,5,10,1,0.152642,19.7945141623487,0.8
0.55,5,10,2,0.125256,22.29307762318157,0.8
0.55,5,11,0,0.295064,17.466667596495363,0.7272727272727273
0.55,5,11,1,0.243152,20.15973547410673,0.7272727272727273
0.55,5,11,2,0.21775,22.867786805616888,0.7272727272727273
0.55,5,12,0,0.374668,17.617466561164715,0.6666666666666666
0.55,5,12,1,0.342158,20.50092692220014,0.6666666666666666
0.55,5,12,2,0.323582,23.40897361410709,0.6666666666666666
0.55,5,13,0,0.452126,17.764045267843994,0.6153846153846154
0.55,5,13,1,0.441702,20.82676607932324,0.6153846153846154
0.55,5,13,2,0.435308,23.91568728348663,0.6153846153846154
0.55,5,14,0,0.528,17.903166520979017,0.5714285714285714
0.55,5,14,1,0.538556,21.125750368363953,0.5714285714285714
0.55,5,14,2,0.541624,24.37192058583928,0.5714285714285714
0.55,5,15,0,0.597102,18.034842906623613,0.5333333333333333
0.55,5,15,1,0.624552,21.395858397453136,0.5333333333333333
0.55,5,15,2,0.640788,24.7892012526884,0.5333333333333333
0.55,5,16,0,0.657796,18.158482732780854,0.5
0.55,5,16,1,0.703794,21.64570719010655,0.5
0.55,5,16,2,0.722654,25.161495521529513,0.5
0.55,5,17,0,0.713262,18.268598247315747,0.47058823529411764
0.55,5,17,1,0.767052,21.86080053142521,0.47058823529411764
0.55,5,17,2,0.791132,25.47862575884448,0.47058823529411764
0.55,5,18,0,0.7628,18.375518081158486,0.4444444444444444
0.55,5,18,1,0.82048,22.052814300072,0.4444444444444444
0.55,5,18,2,0.846094,25.75686125800534,0.4444444444444444
0.55,5,19,0,0.804644,18.470856485792282,0.42105263157894735
0.55,5,19,1,0.864286,22.22308311760762,0.42105263157894735
0.55,5,19,2,0.88841,25.98651263752963,0.42105263157894735
0.55,5,20,0,0.840574,18.556333574987487,0.4
0.55,5,20,1,0.898644,22.364066989135434,0.4
0.55,5,20,2,0.921134,26.17218496231485,0.4
0.55,5,21,0,0.870898,18.63171824237299,0.38095238095238093
0.55,5,21,1,0.924718,22.482554764720785,0.38095238095238093
0.55,5,21,2,0.944988,26.332889330951208,0.38095238095238093
0.55,5,22,0,0.895546,18.70149843267081,0.36363636363636365
0.55,5,22,1,0.945186,22.58770312851731,0.36363636363636365
0.55,5,22,2,0.961208,26.437772133526842,0.36363636363636365
0.55,5,23,0,0.917026,18.762475529172985,0.34782608695652173
0.55,5,23,1,0.960746,22.66392910381019,0.34782608695652173
0.55,5,23,2,0.973634,26.547192705962324,0.34782608695652173
0.55,5,24,0,0.933726,18.813959629731603,0.3333333333333333
0.55,5,24,1,0.971416,22.730456602289067,0.3333333333333333
0.55,5,24,2,0.98232,26.608492571745384,0.3333333333333333
0.55,5,25,0,0.94793,18.859621044721735,0.32
0.55,5,25,1,0.979818,22.78087947887339,0.32
0.55,5,25,2,0.988252,26.669720102533795,0.32
0.55,5,26,0,0.959522,18.898779608692987,0.3076923076923077
0.55,5,26,1,0.985808,22.830569909696884,0.3076923076923077
0.55,5,26,2,0.992544,26.718966227577436,0.3076923076923077
0.55,5,27,0,0.968264,18.935398618240793,0.2962962962962963
0.55,5,27,1,0.990062,22.856311018905878,0.2962962962962963
0.55,5,27,2,0.99505,26.736180825857225,0.2962962962962963
0.55,5,28,0,0.974982,18.9597257653514,0.2857142857142857
0.55,5,28,1,0.993118,22.87817374556312,0.2857142857142857
0.55,5,28,2,0.996694,26.76520345492969,0.2857142857142857
0.55,5,29,0,0.980878,18.983898766050572,0.27586206896551724
0.55,5,29,1,0.995344,22.889545261197668,0.27586206896551724
0.55,5,29,2,0.997852,26.78232169623428,0.27586206896551724
0.55,5,30,0,0.985116,19.00645456981716,0.26666666666666666
0.55,5,30,1,0.996818,22.908635663295993,0.26666666666666666
0.55,5,30,2,0.998724,26.78721529440797,0.26666666666666666
0.55,5,31,0,0.98861,19.019559708152784,0.25806451612903225
0.55,5,31,1,0.997938,22.90856785152523,0.25806451612903225
0.55,5,31,2,0.999164,26.80456072815335,0.25806451612903225
0.55,5,32,0,0.9913,19.033874903972247,0.25
0.55,5,32,1,0.998442,22.926272979455835,0.25
0.55,5,32,2,0.999436,26.785100835332674,0.25
0.55,5,33,0,0.993472,19.04634414999579,0.24242424242424243
0.55,5,33,1,0.999004,22.925375982170547,0.24242424242424243
0.55,5,33,2,0.999674,26.80328748710541,0.24242424242424243
0.55,5,34,0,0.995074,19.05355550673386,0.23529411764705882
0.55,5,34,1,0.999318,22.930776481868325,0.23529411764705882
0.55,5,34,2,0.999774,26.804355668996582,0.23529411764705882
0.55,5,35,0,0.99642,19.06338499520591,0.22857142857142856
0.55,5,35,1,0.999582,22.93622888213427,0.22857142857142856
0.55,5,35,2,0.999886,26.808060157319467,0.22857142857142856
0.55,5,36,0,0.997178,19.070168129847048,0.2222222222222222
0.55,5,36,1,0.999718,22.937359489222125,0.2222222222222222
0.55,5,36,2,0.999934,26.79928375272768,0.2222222222222222
0.55,5,37,0,0.997886,19.073326011187657,0.21621621621621623
0.55,5,37,1,0.99979,22.93863672909772,0.21621621621621623
0.55,5,37,2,0.999952,26.81052959772838,0.21621621621621623
0.55,5,38,0,0.998412,19.073913798188446,0.21052631578947367
0.55,5,38,1,0.99988,22.94021167155443,0.21052631578947367
0.55,5,38,2,0.999976,26.803731366475876,0.21052631578947367
0.55,5,39,0,0.998824,19.07734457260199,0.20512820512820512
0.55,5,39,1,0.999928,22.932328819982743,0.20512820512820512
0.55,5,39,2,0.999988,26.820599924122153,0.20512820512820512
0.55,5,40,0,0.999126,19.079688724868607,0.2
0.55,5,40,1,0.999954,22.94340193495054,0.2
0.55,5,40,2,0.999994,26.803428897496463,0.2
0.55,5,41,0,0.999366,19.078874083091755,0.1951219512195122
0.55,5,41,1,0.999962,22.948450118027562,0.1951219512195122
0.55,5,41,2,0.999986,26.814558865362574,0.1951219512195122
0.55,5,42,0,0.999504,19.078769223380952,0.19047619047619047
0.55,5,42,1,0.99997,22.9397601158804,0.19047619047619047
0.55,5,42,2,0.999996,26.808339733358928,0.19047619047619047
0.55,5,43,0,0.999672,19.083963386144514,0.18604651162790697
0.55,5,43,1,0.999992,22.94224623027753,0.18604651162790697
0.55,5,43,2,0.999996,26.809175698241244,0.18604651162790697
0.55,5,44,0,0.999742,19.080538740533523,0.18181818181818182
0.55,5,44,1,0.999992,22.9407346797236,0.18181818181818182
0.55,5,44,2,0.999998,26.80944284965494,0.18181818181818182
0.55,5,45,0,0.999822,19.08540951058519,0.17777777777777778
0.55,5,45,1,0.999996,22.942849079088617,0.17777777777777778
0.55,5,45,2,0.999998,26.80022475429565,0.17777777777777778
0.55,5,46,0,0.999868,19.082480810543927,0.17391304347826086
0.55,5,46,1,0.999996,22.944172545920953,0.17391304347826086
0.55,5,46,2,1.0,26.809128461538457,0.17391304347826086
0.55,5,47,0,0.999888,19.085385063127067,0.1702127659574468
0.55,5,47,1,0.999998,22.94389473394331,0.1702127659574468
0.55,5,47,2,1.0,26.79592442307693,0.1702127659574468
0.55,5,48,0,0.999916,19.086355946207174,0.16666666666666666
0.55,5,48,1,0.999998,22.9342820224102,0.16666666666666666
0.55,5,48,2,1.0,26.813609423076905,0.16666666666666666
0.55,5,49,0,0.999962,19.090041575426014,0.16326530612244897
0.55,5,49,1,0.999998,22.94382896458101,0.16326530612244897
0.55,5,49,2,1.0,26.796344999999995,0.16326530612244897
0.55,5,50,0,0.99994,19.08214762116496,0.16
0.55,5,50,1,1.0,22.949448461538452,0.16
0.55,5,50,2,1.0,26.804432884615384,0.16
0.55,5,51,0,0.999974,19.08255345408211,0.1568627450980392
0.55,5,51,1,1.0,22.939525384615383,0.1568627450980392
0.55,5,51,2,1.0,26.8054973076923,0.1568627450980392
0.55,5,52,0,0.99998,19.08631249548068,0.15384615384615385
0.55,5,52,1,1.0,22.943956153846152,0.15384615384615385
0.55,5,52,2,1.0,26.809126730769226,0.15384615384615385
0.55,5,53,0,0.999996,19.083401718222262,0.1509433962264151
0.55,5,53,1,1.0,22.94124807692308,0.1509433962264151
0.55,5,53,2,1.0,26.809855384615375,0.1509433962264151
0.55,5,54,0,0.99999,19.089745320530128,0.14814814814814814
0.55,5,54,1,1.0,22.93855846153846,0.14814814814814814
0.55,5,54,2,1.0,26.81436057692307,0.14814814814814814
0.55,5,55,0,0.999996,19.085851920330757,0.14545454545454545
0.55,5,55,1,1.0,22.946235,0.14545454545454545
0.55,5,55,2,1.0,26.810066538461523,0.14545454545454545
0.55,5,56,0,0.999996,19.086795770260004,0.14285714285714285
0.55,5,56,1,1.0,22.93534153846153,0.14285714285714285
0.55,5,56,2,1.0,26.82295903846154,0.14285714285714285
0.55,5,57,0,0.999988,19.084678823838196,0.14035087719298245
0.55,5,57,1,1.0,22.94832923076923,0.14035087719298245
0.55,5,57,2,1.0,26.80858326923076,0.14035087719298245
0.55,5,58,0,0.999998,19.090305680611355,0.13793103448275862
0.55,5,58,1,1.0,22.935259615384616,0.13793103448275862
0.55,5,58,2,1.0,26.805680769230776,0.13793103448275862
0.55,5,59,0,1.0,19.082544230769223,0.13559322033898305
0.55,5,59,1,1.0,22.941421153846157,0.13559322033898305
0.55,5,59,2,1.0,26.816472115384602,0.13559322033898305
0.55,5,60,0,1.0,19.088360192307697,0.13333333333333333
0.55,5,60,1,1.0,22.938161538461536,0.13333333333333333
0.55,5,60,2,1.0,26.81183365384614,0.13333333333333333
0.55,5,61,0,1.0,19.087782692307687,0.13114754098360656
0.55,5,61,1,1.0,22.94308961538461,0.13114754098360656
0.55,5,61,2,1.0,26.80064596153846,0.13114754098360656
0.55,5,62,0,1.0,19.090269230769227,0.12903225806451613
0.55,5,62,1,1.0,22.9450973076923,0.12903225806451613
0.55,5,62,2,1.0,26.812667884615383,0.12903225806451613
0.55,5,63,0,1.0,19.086319038461536,0.12698412698412698
0.55,5,63,1,1.0,22.94688807692307,0.12698412698412698
0.55,5,63,2,1.0,26.807681538461537,0.12698412698412698
0.55,5,64,0,0.999998,19.08775740628404,0.125
0.55,5,64,1,1.0,22.94072653846154,0.125
0.55,5,64,2,1.0,26.802184615384615,0.125
0.55,10,10,0,0.296496,17.191893625235057,0.8
0.55,10,10,1,0.2304,19.574894831730774,0.8
0.55,10,10,2,0.191302,22.04021249526524,0.8
0.55,10,11,0,0.353054,17.300623221289747,0.7272727272727273
0.55,10,11,1,0.306012,19.8710420104189,0.7272727272727273
0.55,10,11,2,0.275646,22.530233175326888,0.7272727272727273
0.55,10,12,0,0.407046,17.416609311591696,0.6666666666666666
0.55,10,12,1,0.380486,20.162427890806853,0.6666666666666666
0.55,10,12,2,0.36292,23.005356128496217,0.6666666666666666
0.55,10,13,0,0.458182,17.534383380739197,0.6153846153846154
0.55,10,13,1,0.453366,20.444874899851673,0.6153846153846154
0.55,10,13,2,0.44873,23.47359899476985,0.6153846153846154
0.55,10,14,0,0.506672,17.651199698910055,0.5714285714285714
0.55,10,14,1,0.523382,20.717107492894584,0.5714285714285714
0.55,10,14,2,0.530948,23.898335546114605,0.5714285714285714
0.55,10,15,0,0.555092,17.76766803451569,0.5333333333333333
0.55,10,15,1,0.588904,20.977256708420025,0.5333333333333333
0.55,10,15,2,0.606886,24.298965412082207,0.5333333333333333
0.55,10,16,0,0.597588,17.883420195339106,0.5
0.55,10,16,1,0.647084,21.222078883588054,0.5
0.55,10,16,2,0.674076,24.668013924017693,0.5
0.55,10,17,0,0.640374,17.99324331142066,0.47058823529411764
0.55,10,17,1,0.700706,21.44893534850235,0.47058823529411764
0.55,10,17,2,0.733982,25.005706752817037,0.47058823529411764
0.55,10,18,0,0.6796,18.10293611626749,0.4444444444444444
0.55,10,18,1,0.746696,21.658647407533167,0.4444444444444444
0.55,10,18,2,0.784654,25.31053667750862,0.4444444444444444
0.55,10,19,0,0.713604,18.207949205182963,0.42105263157894735
0.55,10,19,1,0.78852,21.84978577198179,0.42105263157894735
0.55,10,19,2,0.827696,25.589259917799627,0.42105263157894735
0.55,10,20,0,0.745474,18.30404960726072,0.4
0.55,10,20,1,0.82395,22.026394432074387,0.4
0.55,10,20,2,0.863816,25.831182842713666,0.4
0.55,10,21,0,0.775144,18.397470216948275,0.38095238095238093
0.55,10,21,1,0.854834,22.197448681444406,0.38095238095238093
0.55,10,21,2,0.89281,26.042052189586386,0.38095238095238093
0.55,10,22,0,0.8018,18.487353934416795,0.36363636363636365
0.55,10,22,1,0.881102,22.33587685560896,0.36363636363636365
0.55,10,22,2,0.916006,26.230699026324814,0.36363636363636365
0.55,10,23,0,0.827498,18.57290545159579,0.34782608695652173
0.55,10,23,1,0.902954,22.46869505747034,0.34782608695652173
0.55,10,23,2,0.935666,26.380760417630935,0.34782608695652173
0.55,10,24,0,0.848032,18.652974452342875,0.3333333333333333
0.55,10,24,1,0.92121,22.58498438091038,0.3333333333333333
0.55,10,24,2,0.950358,26.519639683960392,0.3333333333333333
0.55,10,25,0,0.8675,18.72963644424739,0.32
0.55,10,25,1,0.936008,22.687085432537394,0.32
0.55,10,25,2,0.962112,26.62189397268317,0.32
0.55,10,26,0,0.885702,18.797256517776514,0.3076923076923077
0.55,10,26,1,0.948832,22.776111131288857,0.3076923076923077
0.55,10,26,2,0.97149,26.72302240729347,0.3076923076923077
0.55,10,27,0,0.901222,18.85706616640005,0.2962962962962963
0.55,10,27,1,0.959148,22.853228153447727,0.2962962962962963
0.55,10,27,2,0.978762,26.80706478812403,0.2962962962962963
0.55,10,28,0,0.914402,18.917389978116002,0.2857142857142857
0.55,10,28,1,0.96758,22.910934416871903,0.2857142857142857
0.55,10,28,2,0.983784,26.86854454917871,0.2857142857142857
0.55,10,29,0,0.927258,18.971182528736097,0.27586206896551724
0.55,10,29,1,0.974458,22.982054955362166,0.27586206896551724
0.55,10,29,2,0.988022,26.911522758057554,0.27586206896551724
0.55,10,30,0,0.937904,19.020273068787102,0.26666666666666666
0.55,10,30,1,0.979724,23.027758916718472,0.26666666666666666
0.55,10,30,2,0.991184,26.967912384815303,0.26666666666666666
0.55,10,31,0,0.946656,19.064647640666806,0.25806451612903225
0.55,10,31,1,0.984164,23.065191917669758,0.25806451612903225
0.55,10,31,2,0.993736,26.999890390328098,0.25806451612903225
0.55,10,32,0,0.95472,19.105780107901158,0.25
0.55,10,32,1,0.98748,23.110377698009856,0.25
0.55,10,32,2,0.995244,27.020685186439017,0.25
0.55,10,33,0,0.961582,19.145503891583783,0.24242424242424243
0.55,10,33,1,0.99052,23.133536697119457,0.24242424242424243
0.55,10,33,2,0.996544,27.0368095985881,0.24242424242424243
0.55,10,34,0,0.96724,19.180303472529292,0.23529411764705882
0.55,10,34,1,0.992506,23.155975883269218,0.23529411764705882
0.55,10,34,2,0.997544,27.049500303514666,0.23529411764705882
0.55,10,35,0,0.97207,19.203546397022695,0.22857142857142856
0.55,10,35,1,0.994086,23.170672511076663,0.22857142857142856
0.55,10,35,2,0.998148,27.0714074003516,0.22857142857142856
0.55,10,36,0,0.977174,19.230008402566206,0.2222222222222222
0.55,10,36,1,0.995682,23.190792843498222,0.2222222222222222
0.55,10,36,2,0.998744,27.07170398327992,0.2222222222222222
0.55,10,37,0,0.980932,19.263724153701236,0.21621621621621623
0.55,10,37,1,0.996472,23.20720540528523,0.21621621621621623
0.55,10,37,2,0.999082,27.084415223944806,0.21621621621621623
0.55,10,38,0,0.98371,19.27650425430259,0.21052631578947367
0.55,10,38,1,0.997338,23.219482955936396,0.21052631578947367
0.55,10,38,2,0.99936,27.090166745178458,0.21052631578947367
0.55,10,39,0,0.98641,19.29410125918931,0.20512820512820512
0.55,10,39,1,0.997982,23.219382868474735,0.20512820512820512
0.55,10,39,2,0.999456,27.091791780882645,0.20512820512820512
0.55,10,40,0,0.98884,19.310784120010076,0.2
0.55,10,40,1,0.99844,23.230654436305247,0.2
0.55,10,40,2,0.999634,27.0882691141881,0.2
0.55,10,41,0,0.99079,19.322095344274615,0.1951219512195122
0.55,10,41,1,0.998826,23.236345623608273,0.1951219512195122
0.55,10,41,2,0.999762,27.105831957236585,0.1951219512195122
0.55,10,42,0,0.992296,19.34057730757757,0.19047619047619047
0.55,10,42,1,0.999124,23.241014513329066,0.19047619047619047
0.55,10,42,2,0.999836,27.102349785364797,0.19047619047619047
0.55,10,43,0,0.993734,19.344671403320906,0.18604651162790697
0.55,10,43,1,0.999374,23.24339344121728,0.18604651162790697
0.55,10,43,2,0.999878,27.100344126598834,0.18604651162790697
0.55,10,44,0,0.994748,19.357597641273507,0.18181818181818182
0.55,10,44,1,0.999476,23.238540456737798,0.18181818181818182
0.55,10,44,2,0.999928,27.096353437447497,0.18181818181818182
0.55,10,45,0,0.995628,19.364515314802475,0.17777777777777778
0.55,10,45,1,0.999654,23.245616060079865,0.17777777777777778
0.55,10,45,2,0.999942,27.108997706482363,0.17777777777777778
0.55,10,46,0,0.99629,19.37057695589096,0.17391304347826086
0.55,10,46,1,0.999704,23.250186285909866,0.17391304347826086
0.55,10,46,2,0.999972,27.111310270533725,0.17391304347826086
0.55,10,47,0,0.997226,19.374838494290852,0.1702127659574468
0.55,10,47,1,0.999798,23.239370121995414,0.1702127659574468
0.55,10,47,2,0.99997,27.096504818221465,0.1702127659574468
0.55,10,48,0,0.997652,19.379429246023516,0.16666666666666666
0.55,10,48,1,0.999886,23.252498477134086,0.16666666666666666
0.55,10,48,2,0.999978,27.090076750919284,0.16666666666666666
0.55,10,49,0,0.998134,19.384207662267027,0.16326530612244897
0.55,10,49,1,0.999864,23.247190464056953,0.16326530612244897
0.55,10,49,2,0.999988,27.106573163493344,0.16326530612244897
0.55,10,50,0,0.998404,19.386272991694746,0.16
0.55,10,50,1,0.999914,23.245579119804308,0.16
0.55,10,50,2,0.999992,27.097486587585013,0.16
0.55,10,51,0,0.998738,19.391145279188493,0.1568627450980392
0.55,10,51,1,0.999926,23.253007260998853,0.1568627450980392
0.55,10,51,2,0.99999,27.107578768095372,0.1568627450980392
0.55,10,52,0,0.998938,19.394035119142686,0.15384615384615385
0.55,10,52,1,0.99996,23.245551745146734,0.15384615384615385
0.55,10,52,2,0.999996,27.102924757852872,0.15384615384615385
0.55,10,53,0,0.999122,19.400376222631163,0.1509433962264151
0.55,10,53,1,0.999964,23.25996543567876,0.1509433962264151
0.55,10,53,2,1.0,27.094502884615398,0.1509433962264151
0.55,10,54,0,0.999348,19.400083662240085,0.14814814814814814
0.55,10,54,1,0.999974,23.254442307807697,0.14814814814814814
0.55,10,54,2,1.0,27.10085653846154,0.14814814814814814
0.55,10,55,0,0.999424,19.396589743384492,0.14545454545454545
0.55,10,55,1,0.99998,23.24828073484546,0.14545454545454545
0.55,10,55,2,0.999998,27.10767402304036,0.14545454545454545
0.55,10,56,0,0.999532,19.405681666712336,0.14285714285714285
0.55,10,56,1,0.999976,23.251425726525135,0.14285714285714285
0.55,10,56,2,1.0,27.11549192307692,0.14285714285714285
0.55,10,57,0,0.999642,19.403576865133104,0.14035087719298245
0.55,10,57,1,0.999988,23.256457923648934,0.14035087719298245
0.55,10,57,2,1.0,27.107471538461535,0.14035087719298245
0.55,10,58,0,0.999692,19.401348307586428,0.13793103448275862
0.55,10,58,1,0.999986,23.25163052282732,0.13793103448275862
0.55,10,58,2,1.0,27.10488576923077,0.13793103448275862
0.55,10,59,0,0.999736,19.403588124187863,0.13559322033898305
0.55,10,59,1,0.99999,23.252227522275216,0.13559322033898305
0.55,10,59,2,1.0,27.110064230769225,0.13559322033898305
0.55,10,60,0,0.999838,19.403350650497686,0.13333333333333333
0.55,10,60,1,1.0,23.250113076923082,0.13333333333333333
0.55,10,60,2,1.0,27.104482499999996,0.13333333333333333
0.55,10,61,0,0.999856,19.40179078094938,0.13114754098360656
0.55,10,61,1,1.0,23.259107307692307,0.13114754098360656
0.55,10,61,2,1.0,27.109747499999997,0.13114754098360656
0.55,10,62,0,0.999894,19.403987399587432,0.12903225806451613
0.55,10,62,1,0.999994,23.248184873724625,0.12903225806451613
0.55,10,62,2,1.0,27.11190576923076,0.12903225806451613
0.55,10,63,0,0.999904,19.409196744425913,0.12698412698412698
0.55,10,63,1,1.0,23.254875000000013,0.12698412698412698
0.55,10,63,2,1.0,27.100619423076928,0.12698412698412698
0.55,10,64,0,0.999924,19.401476435286018,0.125
0.55,10,64,1,0.999998,23.250053423183772,0.125
0.55,10,64,2,1.0,27.109700769230763,0.125
0.55,20,10,0,0.357986,17.118668478225835,0.8
0.55,20,10,1,0.304212,19.36952494667181,0.8
0.55,20,10,2,0.265708,21.713534435140485,0.8
0.55,20,11,0,0.393352,17.184914725037817,0.7272727272727273
0.55,20,11,1,0.356548,19.577942251383135,0.7272727272727273
0.55,20,11,2,0.330318,22.094320996969355,0.7272727272727273
0.55,20,12,0,0.425386,17.260925280894206,0.6666666666666666
0.55,20,12,1,0.40936,19.797799754964597,0.6666666666666666
0.55,20,12,2,0.394804,22.486820626866066,0.6666666666666666
0.55,20,13,0,0.456748,17.34563866558971,0.6153846153846154
0.55,20,13,1,0.45789,20.03514532378452,0.6153846153846154
0.55,20,13,2,0.458108,22.878470545407158,0.6153846153846154
0.55,20,14,0,0.487742,17.433949159123536,0.5714285714285714
0.55,20,14,1,0.506634,20.26602955069067,0.5714285714285714
0.55,20,14,2,0.515542,23.266440576504554,0.5714285714285714
0.55,20,15,0,0.516256,17.52919131653229,0.5333333333333333
0.55,20,15,1,0.551088,20.493516043228617,0.5333333333333333
0.55,20,15,2,0.571058,23.637864684093785,0.5333333333333333
0.55,20,16,0,0.54629,17.625786247653757,0.5
0.55,20,16,1,0.593846,20.720758606414154,0.5
0.55,20,16,2,0.621234,23.993578785251483,0.5
0.55,20,17,0,0.574582,17.72163904837309,0.47058823529411764
0.55,20,17,1,0.632744,20.947303150429534,0.47058823529411764
0.55,20,17,2,0.669556,24.332599915811034,0.47058823529411764
0.55,20,18,0,0.602038,17.818360622265857,0.4444444444444444
0.55,20,18,1,0.67107,21.157317647706133,0.4444444444444444
0.55,20,18,2,0.712172,24.659712444141622,0.4444444444444444
0.55,20,19,0,0.628278,17.91707682317015,0.42105263157894735
0.55,20,19,1,0.706566,21.365070909593292,0.42105263157894735
0.55,20,19,2,0.751404,24.95805928225439,0.42105263157894735
0.55,20,20,0,0.653946,18.019712989710513,0.4
0.55,20,20,1,0.73763,21.555283084389817,0.4
0.55,20,20,2,0.783638,25.256706785923726,0.4
0.55,20,21,0,0.677746,18.119553638088604,0.38095238095238093
0.55,20,21,1,0.766574,21.748926943878768,0.38095238095238093
0.55,20,21,2,0.816822,25.517392406179074,0.38095238095238093
0.55,20,22,0,0.70229,18.21854055469086,0.36363636363636365
0.55,20,22,1,0.793506,21.932224738158162,0.36363636363636365
0.55,20,22,2,0.843652,25.760312354456023,0.36363636363636365
0.55,20,23,0,0.72395,18.314712554521936,0.34782608695652173
0.55,20,23,1,0.818756,22.118719881606502,0.34782608695652173
0.55,20,23,2,0.867112,25.97673945234295,0.34782608695652173
0.55,20,24,0,0.746204,18.41093464645469,0.3333333333333333
0.55,20,24,1,0.838614,22.26526516004154,0.3333333333333333
0.55,20,24,2,0.887136,26.198646760257375,0.3333333333333333
0.55,20,25,0,0.76583,18.506774449842762,0.32
0.55,20,25,1,0.86089,22.421257696641312,0.32
0.55,20,25,2,0.905148,26.38319963654054,0.32
0.55,20,26,0,0.786898,18.59482056808457,0.3076923076923077
0.55,20,26,1,0.878052,22.563949252698897,0.3076923076923077
0.55,20,26,2,0.92017,26.56094672305535,0.3076923076923077
0.55,20,27,0,0.804912,18.688496143295545,0.2962962962962963
0.55,20,27,1,0.894426,22.697385293430138,0.2962962962962963
0.55,20,27,2,0.933572,26.706196324851877,0.2962962962962963
0.55,20,28,0,0.822104,18.775151225485974,0.2857142857142857
0.55,20,28,1,0.907224,22.82524704271154,0.2857142857142857
0.55,20,28,2,0.945372,26.844313667000925,0.2857142857142857
0.55,20,29,0,0.83847,18.856174157875472,0.27586206896551724
0.55,20,29,1,0.92054,22.94003812143708,0.27586206896551724
0.55,20,29,2,0.954426,26.95397991124427,0.27586206896551724
0.55,20,30,0,0.85445,18.935588345179312,0.26666666666666666
0.55,20,30,1,0.931444,23.03289094880967,0.26666666666666666
0.55,20,30,2,0.96241,27.087089062473773,0.26666666666666666
0.55,20,31,0,0.86722,19.01460746363712,0.25806451612903225
0.55,20,31,1,0.941526,23.119628299001985,0.25806451612903225
0.55,20,31,2,0.96877,27.178971987476586,0.25806451612903225
0.55,20,32,0,0.88028,19.08600650667095,0.25
0.55,20,32,1,0.949754,23.21120481238785,0.25
0.55,20,32,2,0.974372,27.26511892946273,0.25
0.55,20,33,0,0.892512,19.16056202993522,0.24242424242424243
0.55,20,33,1,0.957054,23.293091250698655,0.24242424242424243
0.55,20,33,2,0.979596,27.324431154821436,0.24242424242424243
0.55,20,34,0,0.904478,19.227019511636723,0.23529411764705882
0.55,20,34,1,0.9633,23.3739632992358,0.23529411764705882
0.55,20,34,2,0.98308,27.39677986140889,0.23529411764705882
0.55,20,35,0,0.914578,19.28680242943488,0.22857142857142856
0.55,20,35,1,0.96886,23.434551550672566,0.22857142857142856
0.55,20,35,2,0.986356,27.45877093213654,0.22857142857142856
0.55,20,36,0,0.923836,19.34977303663953,0.2222222222222222
0.55,20,36,1,0.973832,23.498263323890335,0.2222222222222222
0.55,20,36,2,0.98879,27.49360037559504,0.2222222222222222
0.55,20,37,0,0.932412,19.39521122884271,0.21621621621621623
0.55,20,37,1,0.977688,23.546075812765196,0.21621621621621623
0.55,20,37,2,0.99132,27.546385122866486,0.21621621621621623
0.55,20,38,0,0.94051,19.451538363392032,0.21052631578947367
0.55,20,38,1,0.981302,23.582356752716134,0.21052631578947367
0.55,20,38,2,0.992692,27.580842721687013,0.21052631578947367
0.55,20,39,0,0.946432,19.49619953190997,0.20512820512820512
0.55,20,39,1,0.984574,23.627420433765106,0.20512820512820512
0.55,20,39,2,0.994362,27.597978556950242,0.20512820512820512
0.55,20,40,0,0.953262,19.542882350691222,0.2
0.55,20,40,1,0.987174,23.6739945775283,0.2
0.55,20,40,2,0.995394,27.616436112426133,0.2
0.55,20,41,0,0.958744,19.580605940207665,0.1951219512195122
0.55,20,41,1,0.989294,23.688712509977982,0.1951219512195122
0.55,20,41,2,0.996422,27.661405586110178,0.1951219512195122
0.55,20,42,0,0.964202,19.62923145852138,0.19047619047619047
0.55,20,42,1,0.990906,23.70952596761099,0.19047619047619047
0.55,20,42,2,0.997142,27.663538547013516,0.19047619047619047
0.55,20,43,0,0.968534,19.662366604500278,0.18604651162790697
0.55,20,43,1,0.992732,23.74318469714811,0.18604651162790697
0.55,20,43,2,0.99778,27.68511537921879,0.18604651162790697
0.55,20,44,0,0.972656,19.693080279469505,0.18181818181818182
0.55,20,44,1,0.993814,23.768466348214673,0.18181818181818182
0.55,20,44,2,0.998226,27.6962591252266,0.18181818181818182
0.55,20,45,0,0.976234,19.721554975548894,0.17777777777777778
0.55,20,45,1,0.994828,23.785583654043325,0.17777777777777778
0.55,20,45,2,0.998576,27.7005827452138,0.17777777777777778
0.55,20,46,0,0.979494,19.747564126909477,0.17391304347826086
0.55,20,46,1,0.99577,23.793424261549426,0.17391304347826086
0.55,20,46,2,0.998926,27.70440953584149,0.17391304347826086
0.55,20,47,0,0.982054,19.763982898637412,0.1702127659574468
0.55,20,47,1,0.996498,23.808246479170048,0.1702127659574468
0.55,20,47,2,0.999038,27.70595986415855,0.1702127659574468
0.55,20,48,0,0.984298,19.795141386981474,0.16666666666666666
0.55,20,48,1,0.997152,23.830167933659688,0.16666666666666666
0.55,20,48,2,0.999302,27.713859273773092,0.16666666666666666
0.55,20,49,0,0.986392,19.811990996558084,0.16326530612244897
0.55,20,49,1,0.997582,23.83866612546059,0.16326530612244897
0.55,20,49,2,0.999492,27.722519770812806,0.16326530612244897
0.55,20,50,0,0.988464,19.831091665763946,0.16
0.55,20,50,1,0.998062,23.84105010895731,0.16
0.55,20,50,2,0.999576,27.72529283185301,0.16
0.55,20,51,0,0.990106,19.84052018361981,0.1568627450980392
0.55,20,51,1,0.998344,23.859580696402475,0.1568627450980392
0.55,20,51,2,0.999684,27.734221129261467,0.1568627450980392
0.55,20,52,0,0.991274,19.855601711302057,0.15384615384615385
0.55,20,52,1,0.998702,23.84911114626786,0.15384615384615385
0.55,20,52,2,0.999746,27.735543481890552,0.15384615384615385
0.55,20,53,0,0.992694,19.867963030206383,0.1509433962264151
0.55,20,53,1,0.998968,23.856439845920978,0.1509433962264151
0.55,20,53,2,0.99982,27.737143839737307,0.1509433962264151
0.55,20,54,0,0.993864,19.880300524015357,0.14814814814814814
0.55,20,54,1,0.999166,23.87261899501107,0.14814814814814814
0.55,20,54,2,0.999824,27.739213447720648,0.14814814814814814
0.55,20,55,0,0.994776,19.89426475446192,0.14545454545454545
0.55,20,55,1,0.999322,23.8706935610036,0.14545454545454545
0.55,20,55,2,0.999904,27.73258944397124,0.14545454545454545
0.55,20,56,0,0.995356,19.90579134114211,0.14285714285714285
0.55,20,56,1,0.999474,23.874179356803218,0.14285714285714285
0.55,20,56,2,0.99991,27.749277050319147,0.14285714285714285
0.55,20,57,0,0.996072,19.904579997924156,0.14035087719298245
0.55,20,57,1,0.999548,23.875797629759425,0.14035087719298245
0.55,20,57,2,0.999922,27.741435370420437,0.14035087719298245
0.55,20,58,0,0.996692,19.915608139417497,0.13793103448275862
0.55,20,58,1,0.999598,23.88402714814432,0.13793103448275862
0.55,20,58,2,0.999946,27.74096512750149,0.13793103448275862
0.55,20,59,0,0.99718,19.92120279187308,0.13559322033898305
0.55,20,59,1,0.99972,23.895680405898265,0.13559322033898305
0.55,20,59,2,0.999936,27.74024787586405,0.13559322033898305
0.55,20,60,0,0.997612,19.932632395390964,0.13333333333333333
0.55,20,60,1,0.999796,23.886393593523838,0.13333333333333333
0.55,20,60,2,0.999966,27.7454493068149,0.13333333333333333
0.55,20,61,0,0.997932,19.92846186683291,0.13114754098360656
0.55,20,61,1,0.999784,23.894213073100715,0.13114754098360656
0.55,20,61,2,0.999984,27.737221872473036,0.13114754098360656
0.55,20,62,0,0.998268,19.936445693171343,0.12903225806451613
0.55,20,62,1,0.99984,23.88155604896784,0.12903225806451613
0.55,20,62,2,0.999986,27.728320888800145,0.12903225806451613
0.55,20,63,0,0.998598,19.938779360971775,0.12698412698412698
0.55,20,63,1,0.999878,23.89437511376388,0.12698412698412698
0.55,20,63,2,0.999992,27.752349134177685,0.12698412698412698
0.55,20,64,0,0.99884,19.94388952723621,0.125
0.55,20,64,1,0.999934,23.888933592694045,0.125
0.55,20,64,2,0.999996,27.744147899668523,0.125
0.55,40,10,0,0.396328,17.080529064504457,0.8
0.55,40,10,1,0.360044,19.233347975418393,0.8
0.55,40,10,2,0.332004,21.44984756902837,0.8
0.55,40,11,0,0.41549,17.11728783623414,0.7272727272727273
0.55,40,11,1,0.39238,19.360393378475344,0.7272727272727273
0.55,40,11,2,0.375052,21.710161831918285,0.7272727272727273
0.55,40,12,0,0.433984,17.161487431652922,0.6666666666666666
0.55,40,12,1,0.4244,19.510252483143628,0.6666666666666666
0.55,40,12,2,0.416616,21.994270041698613,0.6666666666666666
0.55,40,13,0,0.45097,17.21473243145971,0.6153846153846154
0.55,40,13,1,0.456238,19.677389196664233,0.6153846153846154
0.55,40,13,2,0.458638,22.29692002776113,0.6153846153846154
0.55,40,14,0,0.468708,17.27310459324848,0.5714285714285714
0.55,40,14,1,0.48614,19.851278200961424,0.5714285714285714
0.55,40,14,2,0.497148,22.61263709738812,0.5714285714285714
0.55,40,15,0,0.48883,17.33861386450221,0.5333333333333333
0.55,40,15,1,0.515386,20.036117813414837,0.5333333333333333
0.55,40,15,2,0.535762,22.93104853102109,0.5333333333333333
0.55,40,16,0,0.505298,17.40747539075951,0.5
0.55,40,16,1,0.545294,20.22459584963482,0.5
0.55,40,16,2,0.57196,23.251768211332696,0.5
0.55,40,17,0,0.524808,17.486474174291438,0.47058823529411764
0.55,40,17,1,0.5716,20.422330031759707,0.47058823529411764
0.55,40,17,2,0.607308,23.57760553382874,0.47058823529411764
0.55,40,18,0,0.5413,17.565492617487816,0.4444444444444444
0.55,40,18,1,0.599346,20.61829317032489,0.4444444444444444
0.55,40,18,2,0.638928,23.879540598290596,0.4444444444444444
0.55,40,19,0,0.559428,17.647749473225673,0.42105263157894735
0.55,40,19,1,0.62688,20.817397882553895,0.42105263157894735
0.55,40,19,2,0.670008,24.190556450301862,0.42105263157894735
0.55,40,20,0,0.577446,17.73767557086257,0.4
0.55,40,20,1,0.650918,21.021735102164588,0.4
0.55,40,20,2,0.697796,24.49762703404169,0.4
0.55,40,21,0,0.596744,17.831592067826538,0.38095238095238093
0.55,40,21,1,0.674908,21.21804749684402,0.38095238095238093
0.55,40,21,2,0.726756,24.790343082029015,0.38095238095238093
0.55,40,22,0,0.614716,17.92730958436341,0.36363636363636365
0.55,40,22,1,0.69748,21.407608048314597,0.36363636363636365
0.55,40,22,2,0.752604,25.075727842162784,0.36363636363636365
0.55,40,23,0,0.63373,18.023046699091704,0.34782608695652173
0.55,40,23,1,0.72083,21.602320081871433,0.34782608695652173
0.55,40,23,2,0.7749,25.359735995711606,0.34782608695652173
0.55,40,24,0,0.65122,18.135103226370383,0.3333333333333333
0.55,40,24,1,0.740844,21.798457102772186,0.3333333333333333
0.55,40,24,2,0.798896,25.62779736998596,0.3333333333333333
0.55,40,25,0,0.669096,18.229087340347167,0.32
0.55,40,25,1,0.763908,21.988479482627998,0.32
0.55,40,25,2,0.818686,25.872735747846583,0.32
0.55,40,26,0,0.68767,18.338776090052136,0.3076923076923077
0.55,40,26,1,0.782596,22.17332982888902,0.3076923076923077
0.55,40,26,2,0.838072,26.115571261731144,0.3076923076923077
0.55,40,27,0,0.706398,18.44903461482925,0.2962962962962963
0.55,40,27,1,0.79995,22.354904873862317,0.2962962962962963
0.55,40,27,2,0.855394,26.350042967154486,0.2962962962962963
0.55,40,28,0,0.724928,18.556196668443675,0.2857142857142857
0.55,40,28,1,0.817442,22.530905509551083,0.2857142857142857
0.55,40,28,2,0.871122,26.56938452319581,0.2857142857142857
0.55,40,29,0,0.742028,18.661159531197452,0.27586206896551724
0.55,40,29,1,0.834866,22.69829575598406,0.27586206896551724
0.55,40,29,2,0.885526,26.80727569307352,0.27586206896551724
0.55,40,30,0,0.759658,18.76468170798317,0.26666666666666666
0.55,40,30,1,0.850854,22.86517021540892,0.26666666666666666
0.55,40,30,2,0.899506,26.960234070358958,0.26666666666666666
0.55,40,31,0,0.776032,18.869392875948023,0.25806451612903225
0.55,40,31,1,0.863766,23.01352583204959,0.25806451612903225
0.55,40,31,2,0.91129,27.146765953926685,0.25806451612903225
0.55,40,32,0,0.791412,18.965656903785213,0.25
0.55,40,32,1,0.87715,23.1626061677022,0.25
0.55,40,32,2,0.922108,27.322767298073874,0.25
0.55,40,33,0,0.808256,19.071388558537432,0.24242424242424243
0.55,40,33,1,0.889322,23.310678506513078,0.24242424242424243
0.55,40,33,2,0.931908,27.485545783489354,0.24242424242424243
0.55,40,34,0,0.823014,19.17249608428009,0.23529411764705882
0.55,40,34,1,0.900188,23.45055784928344,0.23529411764705882
0.55,40,34,2,0.939876,27.624999508936853,0.23529411764705882
0.55,40,35,0,0.835984,19.269615437984093,0.22857142857142856
0.55,40,35,1,0.910834,23.56663825089465,0.22857142857142856
0.55,40,35,2,0.948304,27.773597958525468,0.22857142857142856
0.55,40,36,0,0.850002,19.35824449643828,0.2222222222222222
0.55,40,36,1,0.921042,23.69810873069682,0.2222222222222222
0.55,40,36,2,0.954522,27.89509223545317,0.2222222222222222
0.55,40,37,0,0.863048,19.447362273459433,0.21621621621621623
0.55,40,37,1,0.92951,23.813508440758284,0.21621621621621623
0.55,40,37,2,0.960842,28.00799595162769,0.21621621621621623
0.55,40,38,0,0.875138,19.538203820865533,0.21052631578947367
0.55,40,38,1,0.93781,23.910438230476394,0.21052631578947367
0.55,40,38,2,0.96601,28.112971039478012,0.21052631578947367
0.55,40,39,0,0.88638,19.6241903108061,0.20512820512820512
0.55,40,39,1,0.945464,24.014594543403682,0.20512820512820512
0.55,40,39,2,0.970186,28.201994058554043,0.20512820512820512
0.55,40,40,0,0.89689,19.6976843914484,0.2
0.55,40,40,1,0.951278,24.094687923468772,0.2
0.55,40,40,2,0.974914,28.302262676897264,0.2
0.55,40,41,0,0.907438,19.776953822825277,0.1951219512195122
0.55,40,41,1,0.9573,24.181402020104617,0.1951219512195122
0.55,40,41,2,0.978434,28.378384784729015,0.1951219512195122
0.55,40,42,0,0.916082,19.837424068352636,0.19047619047619047
0.55,40,42,1,0.962218,24.27580460337071,0.19047619047619047
0.55,40,42,2,0.981614,28.462297415669106,0.19047619047619047
0.55,40,43,0,0.92349,19.9102895204396,0.18604651162790697
0.55,40,43,1,0.967488,24.341173700902186,0.18604651162790697
0.55,40,43,2,0.98426,28.526183278652148,0.18604651162790697
0.55,40,44,0,0.93131,19.965385400052696,0.18181818181818182
0.55,40,44,1,0.971238,24.398912680358624,0.18181818181818182
0.55,40,44,2,0.986244,28.576208360670915,0.18181818181818182
0.55,40,45,0,0.93871,20.03370869843476,0.17777777777777778
0.55,40,45,1,0.9746,24.455946818418603,0.17777777777777778
0.55,40,45,2,0.988438,28.61815775535201,0.17777777777777778
0.55,40,46,0,0.945756,20.075226753883825,0.17391304347826086
0.55,40,46,1,0.978356,24.52850771325335,0.17391304347826086
0.55,40,46,2,0.990342,28.65312612286386,0.17391304347826086
0.55,40,47,0,0.951264,20.13099493855624,0.1702127659574468
0.55,40,47,1,0.980734,24.565707144617434,0.1702127659574468
0.55,40,47,2,0.99162,28.69451910859154,0.1702127659574468
0.55,40,48,0,0.956406,20.182895653101298,0.16666666666666666
0.55,40,48,1,0.983328,24.61799779774555,0.16666666666666666
0.55,40,48,2,0.993352,28.726076146529824,0.16666666666666666
0.55,40,49,0,0.961526,20.236098659838635,0.16326530612244897
0.55,40,49,1,0.985548,24.64712291264119,0.16326530612244897
0.55,40,49,2,0.994342,28.759366650353858,0.16326530612244897
0.55,40,50,0,0.965976,20.260088282174234,0.16
0.55,40,50,1,0.987614,24.703008774371675,0.16
0.55,40,50,2,0.995118,28.812852229198327,0.16
0.55,40,51,0,0.969638,20.297229679847216,0.1568627450980392
0.55,40,51,1,0.98952,24.71583541670553,0.1568627450980392
0.55,40,51,2,0.99597,28.825008630936534,0.1568627450980392
0.55,40,52,0,0.973316,20.336060120564845,0.15384615384615385
0.55,40,52,1,0.9909,24.750381937166676,0.15384615384615385
0.55,40,52,2,0.99652,28.83160977123466,0.15384615384615385
0.55,40,53,0,0.976576,20.372226928181107,0.1509433962264151
0.55,40,53,1,0.992416,24.786092339688807,0.1509433962264151
0.55,40,53,2,0.997192,28.85167839755573,0.1509433962264151
0.55,40,54,0,0.979376,20.3896197484615,0.14814814814814814
0.55,40,54,1,0.993442,24.805103406602036,0.14814814814814814
0.55,40,54,2,0.997662,28.868383896935654,0.14814814814814814
0.55,40,55,0,0.98189,20.424154515193226,0.14545454545454545
0.55,40,55,1,0.994364,24.83490452188534,0.14545454545454545
0.55,40,55,2,0.997892,28.892020725843917,0.14545454545454545
0.55,40,56,0,0.984366,20.442683021746607,0.14285714285714285
0.55,40,56,1,0.995082,24.85503784535421,0.14285714285714285
0.55,40,56,2,0.998406,28.902712076896727,0.14285714285714285
0.55,40,57,0,0.986268,20.467737002986542,0.14035087719298245
0.55,40,57,1,0.995864,24.8552451400531,0.14035087719298245
0.55,40,57,2,0.998588,28.894437792316594,0.14035087719298245
0.55,40,58,0,0.987894,20.485330215278463,0.13793103448275862
0.55,40,58,1,0.996476,24.872737681435535,0.13793103448275862
0.55,40,58,2,0.998854,28.922202728942754,0.13793103448275862
0.55,40,59,0,0.98963,20.50460039843951,0.13559322033898305
0.55,40,59,1,0.997102,24.885443399587384,0.13559322033898305
0.55,40,59,2,0.999022,28.914768066245703,0.13559322033898305
0.55,40,60,0,0.990902,20.518190264254955,0.13333333333333333
0.55,40,60,1,0.997418,24.90119681324873,0.13333333333333333
0.55,40,60,2,0.999252,28.915670267513956,0.13333333333333333
0.55,40,61,0,0.992138,20.533172959654966,0.13114754098360656
0.55,40,61,1,0.997802,24.903751137307502,0.13114754098360656
0.55,40,61,2,0.999356,28.9080964294852,0.13114754098360656
0.55,40,62,0,0.993142,20.543355563221798,0.12903225806451613
0.55,40,62,1,0.99818,24.922362545987543,0.12903225806451613
0.55,40,62,2,0.999518,28.91802406452218,0.12903225806451613
0.55,40,63,0,0.994174,20.549118587970433,0.12698412698412698
0.55,40,63,1,0.998504,24.935073639395306,0.12698412698412698
0.55,40,63,2,0.99956,28.949495085529936,0.12698412698412698
0.55,40,64,0,0.994938,20.570106842374553,0.125
0.55,40,64,1,0.99878,24.945350250382386,0.125
0.55,40,64,2,0.999622,28.932252352927872,0.125
0.65,2,10,0,0.283054,17.405618036460563,0.8
0.65,2,10,1,0.26457,19.851592278908296,0.8
0.65,2,10,2,0.261078,22.282067781688582,0.8
0.65,2,11,0,0.436802,17.57330552515785,0.7272727272727273
0.65,2,11,1,0.425656,20.200090249836997,0.7272727272727273
0.65,2,11,2,0.42527,22.807504191907046,0.7272727272727273
0.65,2,12,0,0.57967,17.72347761524793,0.6666666666666666
0.65,2,12,1,0.584162,20.507712165197585,0.6666666666666666
0.65,2,12,2,0.58276,23.27436053633373,0.6666666666666666
0.65,2,13,0,0.70174,17.85215349318507,0.6153846153846154
0.65,2,13,1,0.714336,20.765420345176935,0.6153846153846154
0.65,2,13,2,0.71577,23.66364893750786,0.6153846153846154
0.65,2,14,0,0.797308,17.958633445775806,0.5714285714285714
0.65,2,14,1,0.81411,20.97907767141655,0.5714285714285714
0.65,2,14,2,0.817094,23.982665067628982,0.5714285714285714
0.65,2,15,0,0.867194,18.04496744673049,0.5333333333333333
0.65,2,15,1,0.884958,21.148546032693076,0.5333333333333333
0.65,2,15,2,0.88606,24.231196359336664,0.5333333333333333
0.65,2,16,0,0.91584,18.113569131994836,0.5
0.65,2,16,1,0.931192,21.275646202353048,0.5
0.65,2,16,2,0.93247,24.417738537267844,0.5
0.65,2,17,0,0.947568,18.16439234237218,0.47058823529411764
0.65,2,17,1,0.960456,21.36472915749634,0.47058823529411764
0.65,2,17,2,0.961364,24.54674876209539,0.47058823529411764
0.65,2,18,0,0.968162,18.20283354518069,0.4444444444444444
0.65,2,18,1,0.977886,21.424895917551506,0.4444444444444444
0.65,2,18,2,0.978616,24.63445432513484,0.4444444444444444
0.65,2,19,0,0.9813,18.22763092914423,0.42105263157894735
0.65,2,19,1,0.987814,21.464676626291066,0.42105263157894735
0.65,2,19,2,0.98833,24.69954717709516,0.42105263157894735
0.65,2,20,0,0.989354,18.24493733362298,0.4
0.65,2,20,1,0.993354,21.48738167708746,0.4
0.65,2,20,2,0.993806,24.733245414404518,0.4
0.65,2,21,0,0.993828,18.257440112683177,0.38095238095238093
0.65,2,21,1,0.99658,21.508091519149335,0.38095238095238093
0.65,2,21,2,0.996874,24.759786014157175,0.38095238095238093
0.65,2,22,0,0.996692,18.263478085506865,0.36363636363636365
0.65,2,22,1,0.998274,21.512140724120595,0.36363636363636365
0.65,2,22,2,0.998546,24.768009801636207,0.36363636363636365
0.65,2,23,0,0.998192,18.26923982406344,0.34782608695652173
0.65,2,23,1,0.999112,21.52012256114198,0.34782608695652173
0.65,2,23,2,0.999218,24.777466170853305,0.34782608695652173
0.65,2,24,0,0.99896,18.27134835613654,0.3333333333333333
0.65,2,24,1,0.99959,21.523219520003202,0.3333333333333333
0.65,2,24,2,0.999598,24.78770658112253,0.3333333333333333
0.65,2,25,0,0.999438,18.274347490982237,0.32
0.65,2,25,1,0.999798,21.524127873830516,0.32
0.65,2,25,2,0.999834,24.783158042696623,0.32
0.65,2,26,0,0.99975,18.276629349645102,0.3076923076923077
0.65,2,26,1,0.99987,21.525240204303483,0.3076923076923077
0.65,2,26,2,0.999934,24.788289680965097,0.3076923076923077
0.65,2,27,0,0.999838,18.277691755295123,0.2962962962962963
0.65,2,27,1,0.999946,21.524994657403813,0.2962962962962963
0.65,2,27,2,0.999964,24.785413621044196,0.2962962962962963
0.65,2,28,0,0.999914,18.277561485672386,0.2857142857142857
0.65,2,28,1,0.999974,21.525550433542048,0.2857142857142857
0.65,2,28,2,0.99998,24.785828216564326,0.2857142857142857
0.65,2,29,0,0.999968,18.276989863675638,0.27586206896551724
0.65,2,29,1,0.99999,21.525306406910218,0.27586206896551724
0.65,2,29,2,0.999998,24.78730842077069,0.27586206896551724
0.65,2,30,0,0.999982,18.277241682657976,0.26666666666666666
0.65,2,30,1,0.999994,21.52417606813333,0.26666666666666666
0.65,2,30,2,0.999996,24.782987208871912,0.26666666666666666
0.65,2,31,0,0.999986,18.276155481561357,0.25806451612903225
0.65,2,31,1,0.999998,21.526486514511504,0.25806451612903225
0.65,2,31,2,0.999998,24.787661498399917,0.25806451612903225
0.65,2,32,0,0.999992,18.27541812642194,0.25
0.65,2,32,1,0.999998,21.52891190397765,0.25
0.65,2,32,2,0.999998,24.783239374171057,0.25
0.65,2,33,0,0.999998,18.275835205516564,0.24242424242424243
0.65,2,33,1,1.0,21.532074230769233,0.24242424242424243
0.65,2,33,2,1.0,24.781542692307692,0.24242424242424243
0.65,2,34,0,0.999998,18.274984242276176,0.23529411764705882
0.65,2,34,1,1.0,21.52410461538462,0.23529411764705882
0.65,2,34,2,1.0,24.781430192307695,0.23529411764705882
0.65,2,35,0,1.0,18.275642884615387,0.22857142857142856
0.65,2,35,1,1.0,21.526902692307694,0.22857142857142856
0.65,2,35,2,1.0,24.78457326923077,0.22857142857142856
0.65,2,36,0,1.0,18.27587134615385,0.2222222222222222
0.65,2,36,1,1.0,21.52464692307693,0.2222222222222222
0.65,2,36,2,1.0,24.78474980769231,0.2222222222222222
0.65,2,37,0,1.0,18.27704192307693,0.21621621621621623
0.65,2,37,1,1.0,21.524922692307683,0.21621621621621623
0.65,2,37,2,1.0,24.78741000000001,0.21621621621621623
0.65,2,38,0,1.0,18.27629653846154,0.21052631578947367
0.65,2,38,1,1.0,21.52747615384616,0.21052631578947367
0.65,2,38,2,1.0,24.788988461538466,0.21052631578947367
0.65,2,39,0,1.0,18.276270000000007,0.20512820512820512
0.65,2,39,1,1.0,21.527073461538457,0.20512820512820512
0.65,2,39,2,1.0,24.787655769230764,0.20512820512820512
0.65,2,40,0,1.0,18.276293076923075,0.2
0.65,2,40,1,1.0,21.527658461538465,0.2
0.65,2,40,2,1.0,24.78447980769231,0.2
0.65,2,41,0,1.0,18.27797192307692,0.1951219512195122
0.65,2,41,1,1.0,21.523028076923083,0.1951219512195122
0.65,2,41,2,1.0,24.782965384615384,0.1951219512195122
0.65,2,42,0,1.0,18.274714615384617,0.19047619047619047
0.65,2,42,1,1.0,21.526667307692303,0.19047619047619047
0.65,2,42,2,1.0,24.78685096153847,0.19047619047619047
0.65,2,43,0,1.0,18.276032307692308,0.18604651162790697
0.65,2,43,1,1.0,21.52464,0.18604651162790697
0.65,2,43,2,1.0,24.782719615384618,0.18604651162790697
0.65,2,44,0,1.0,18.275397115384614,0.18181818181818182
0.65,2,44,1,1.0,21.52772769230769,0.18181818181818182
0.65,2,44,2,1.0,24.78612230769231,0.18181818181818182
0.65,2,45,0,1.0,18.27707192307692,0.17777777777777778
0.65,2,45,1,1.0,21.528180000000006,0.17777777777777778
0.65,2,45,2,1.0,24.790776346153844,0.17777777777777778
0.65,2,46,0,1.0,18.27426865384616,0.17391304347826086
0.65,2,46,1,1.0,21.528315000000003,0.17391304347826086
0.65,2,46,2,1.0,24.7813921153846,0.17391304347826086
0.65,2,47,0,1.0,18.276700961538463,0.1702127659574468
0.65,2,47,1,1.0,21.52654384615385,0.1702127659574468
0.65,2,47,2,1.0,24.783785769230768,0.1702127659574468
0.65,2,48,0,1.0,18.276874615384617,0.16666666666666666
0.65,2,48,1,1.0,21.526916538461542,0.16666666666666666
0.65,2,48,2,1.0,24.78461653846154,0.16666666666666666
0.65,2,49,0,1.0,18.277267500000004,0.16326530612244897
0.65,2,49,1,1.0,21.525581538461537,0.16326530612244897
0.65,2,49,2,1.0,24.78973961538462,0.16326530612244897
0.65,2,50,0,1.0,18.278260961538464,0.16
0.65,2,50,1,1.0,21.529544999999995,0.16
0.65,2,50,2,1.0,24.78217961538461,0.16
0.65,2,51,0,1.0,18.276819230769235,0.1568627450980392
0.65,2,51,1,1.0,21.52982538461539,0.1568627450980392
0.65,2,51,2,1.0,24.78054403846153,0.1568627450980392
0.65,2,52,0,1.0,18.27501634615384,0.15384615384615385
0.65,2,52,1,1.0,21.528135,0.15384615384615385
0.65,2,52,2,1.0,24.78529326923078,0.15384615384615385
0.65,2,53,0,1.0,18.275569038461533,0.1509433962264151
0.65,2,53,1,1.0,21.525643846153855,0.1509433962264151
0.65,2,53,2,1.0,24.785551153846153,0.1509433962264151
0.65,2,54,0,1.0,18.27625211538461,0.14814814814814814
0.65,2,54,1,1.0,21.52800461538462,0.14814814814814814
0.65,2,54,2,1.0,24.788289230769223,0.14814814814814814
0.65,2,55,0,1.0,18.274568653846156,0.14545454545454545
0.65,2,55,1,1.0,21.530664230769222,0.14545454545454545
0.65,2,55,2,1.0,24.78565846153846,0.14545454545454545
0.65,2,56,0,1.0,18.27468173076923,0.14285714285714285
0.65,2,56,1,1.0,21.526549615384614,0.14285714285714285
0.65,2,56,2,1.0,24.785950961538454,0.14285714285714285
0.65,2,57,0,1.0,18.276803653846148,0.14035087719298245
0.65,2,57,1,1.0,21.53173961538462,0.14035087719298245
0.65,2,57,2,1.0,24.791577692307676,0.14035087719298245
0.65,2,58,0,1.0,18.277548461538473,0.13793103448275862
0.65,2,58,1,1.0,21.52486846153847,0.13793103448275862
0.65,2,58,2,1.0,24.78463384615385,0.13793103448275862
0.65,2,59,0,1.0,18.27727961538461,0.13559322033898305
0.65,2,59,1,1.0,21.526399615384605,0.13559322033898305
0.65,2,59,2,1.0,24.783349615384612,0.13559322033898305
0.65,2,60,0,1.0,18.274421538461535,0.13333333333333333
0.65,2,60,1,1.0,21.526202307692312,0.13333333333333333
0.65,2,60,2,1.0,24.786548076923072,0.13333333333333333
0.65,2,61,0,1.0,18.278428269230773,0.13114754098360656
0.65,2,61,1,1.0,21.52548923076923,0.13114754098360656
0.65,2,61,2,1.0,24.791646923076915,0.13114754098360656
0.65,2,62,0,1.0,18.276234807692312,0.12903225806451613
0.65,2,62,1,1.0,21.52732961538462,0.12903225806451613
0.65,2,62,2,1.0,24.79074346153846,0.12903225806451613
0.65,2,63,0,1.0,18.277030961538465,0.12698412698412698
0.65,2,63,1,1.0,21.530106923076918,0.12698412698412698
0.65,2,63,2,1.0,24.782975769230777,0.12698412698412698
0.65,2,64,0,1.0,18.274565769230765,0.125
0.65,2,64,1,1.0,21.527025000000016,0.125
0.65,2,64,2,1.0,24.79025538461538,0.125
0.65,3,10,0,0.338024,17.330303355792672,0.8
0.65,3,10,1,0.290968,19.787045046455017,0.8
0.65,3,10,2,0.273494,22.24372873318554,0.8
0.65,3,11,0,0.459804,17.477693672822465,0.7272727272727273
0.65,3,11,1,0.439822,20.120564508089462,0.7272727272727273
0.65,3,11,2,0.432078,22.76131900329961,0.7272727272727273
0.65,3,12,0,0.571824,17.611421790351844,0.6666666666666666
0.65,3,12,1,0.578856,20.413093969963032,0.6666666666666666
0.65,3,12,2,0.582638,23.215300330301417,0.6666666666666666
0.65,3,13,0,0.667114,17.734263097922828,0.6153846153846154
0.65,3,13,1,0.696524,20.669408707767758,0.6153846153846154
0.65,3,13,2,0.70681,23.60755583319639,0.6153846153846154
0.65,3,14,0,0.746178,17.842530149024046,0.5714285714285714
0.65,3,14,1,0.789606,20.8865945605978,0.5714285714285714
0.65,3,14,2,0.80509,23.920068898173827,0.5714285714285714
0.65,3,15,0,0.811834,17.936426137514662,0.5333333333333333
0.65,3,15,1,0.859532,21.061805458354975,0.5333333333333333
0.65,3,15,2,0.875166,24.179285151880634,0.5333333333333333
0.65,3,16,0,0.860988,18.01791729608668,0.5
0.65,3,16,1,0.906938,21.20120457729534,0.5
0.65,3,16,2,0.92359,24.367127188471073,0.5
0.65,3,17,0,0.89926,18.08673092748054,0.47058823529411764
0.65,3,17,1,0.940714,21.307698604055407,0.47058823529411764
0.65,3,17,2,0.953652,24.51615998288684,0.47058823529411764
0.65,3,18,0,0.928934,18.14305740194178,0.4444444444444444
0.65,3,18,1,0.963438,21.393635245699418,0.4444444444444444
0.65,3,18,2,0.972836,24.623215407957137,0.4444444444444444
0.65,3,19,0,0.949548,18.18819828770352,0.42105263157894735
0.65,3,19,1,0.977908,21.448277657706356,0.42105263157894735
0.65,3,19,2,0.984514,24.68777663981338,0.42105263157894735
0.65,3,20,0,0.964986,18.223715361992497,0.4
0.65,3,20,1,0.986706,21.486645776647055,0.4
0.65,3,20,2,0.991352,24.737541024006372,0.4
0.65,3,21,0,0.975762,18.254724355072085,0.38095238095238093
0.65,3,21,1,0.992316,21.51354081686757,0.38095238095238093
0.65,3,21,2,0.995448,24.765546614342327,0.38095238095238093
0.65,3,22,0,0.983116,18.27276016727974,0.36363636363636365
0.65,3,22,1,0.995336,21.536827764694532,0.36363636363636365
0.65,3,22,2,0.997438,24.786582262217333,0.36363636363636365
0.65,3,23,0,0.98874,18.292331265433393,0.34782608695652173
0.65,3,23,1,0.997424,21.54476122800024,0.34782608695652173
0.65,3,23,2,0.998702,24.79726415656753,0.34782608695652173
0.65,3,24,0,0.992432,18.302288643531167,0.3333333333333333
0.65,3,24,1,0.99851,21.557984473789027,0.3333333333333333
0.65,3,24,2,0.999354,24.80132761918045,0.3333333333333333
0.65,3,25,0,0.994914,18.31268060123016,0.32
0.65,3,25,1,0.999112,21.562137947728345,0.32
0.65,3,25,2,0.99965,24.806464185541863,0.32
0.65,3,26,0,0.996722,18.319987920403086,0.3076923076923077
0.65,3,26,1,0.999546,21.56178212600829,0.3076923076923077
0.65,3,26,2,0.999824,24.810229485004747,0.3076923076923077
0.65,3,27,0,0.997736,18.32581984844457,0.2962962962962963
0.65,3,27,1,0.999782,21.562504472128772,0.2962962962962963
0.65,3,27,2,0.999892,24.81141097853952,0.2962962962962963
0.65,3,28,0,0.998532,18.324908850808377,0.2857142857142857
0.65,3,28,1,0.999854,21.56847361253204,0.2857142857142857
0.65,3,28,2,0.999972,24.81151222234223,0.2857142857142857
0.65,3,29,0,0.999144,18.3307291811021,0.27586206896551724
0.65,3,29,1,0.999928,21.564044534283383,0.27586206896551724
0.65,3,29,2,0.999974,24.81469979757935,0.27586206896551724
0.65,3,30,0,0.99943,18.332301527255147,0.26666666666666666
0.65,3,30,1,0.99996,21.56648958266023,0.26666666666666666
0.65,3,30,2,0.999988,24.80992733451263,0.26666666666666666
0.65,3,31,0,0.999646,18.33547883643117,0.25806451612903225
0.65,3,31,1,0.999978,21.564339415467145,0.25806451612903225
0.65,3,31,2,0.999996,24.80918942906541,0.25806451612903225
0.65,3,32,0,0.999764,18.33327723034943,0.25
0.65,3,32,1,0.999984,21.562785004560077,0.25
0.65,3,32,2,0.999998,24.809355003325393,0.25
0.65,3,33,0,0.999822,18.332782658390126,0.24242424242424243
0.65,3,33,1,0.999994,21.565991703642524,0.24242424242424243
0.65,3,33,2,0.999998,24.806151343071917,0.24242424242424243
0.65,3,34,0,0.999922,18.33531226974166,0.23529411764705882
0.65,3,34,1,0.999998,21.567310826929344,0.23529411764705882
0.65,3,34,2,1.0,24.808359230769224,0.23529411764705882
0.65,3,35,0,0.999934,18.334248137300143,0.22857142857142856
0.65,3,35,1,1.0,21.56560269230769,0.22857142857142856
0.65,3,35,2,1.0,24.81836480769231,0.22857142857142856
0.65,3,36,0,0.999968,18.33505383710739,0.2222222222222222
0.65,3,36,1,1.0,21.56935269230769,0.2222222222222222
0.65,3,36,2,1.0,24.806079807692324,0.2222222222222222
0.65,3,37,0,0.999976,18.334754841808515,0.21621621621621623
0.65,3,37,1,1.0,21.57034846153847,0.21621621621621623
0.65,3,37,2,1.0,24.811197692307694,0.21621621621621623
0.65,3,38,0,0.999992,18.336487076511993,0.21052631578947367
0.65,3,38,1,0.999998,21.566063516742418,0.21052631578947367
0.65,3,38,2,1.0,24.8120475,0.21052631578947367
0.65,3,39,0,0.99999,18.337783762453007,0.20512820512820512
0.65,3,39,1,1.0,21.566748461538456,0.20512820512820512
0.65,3,39,2,1.0,24.80657826923077,0.20512820512820512
0.65,3,40,0,0.999998,18.337119558854507,0.2
0.65,3,40,1,1.0,21.568340769230772,0.2
0.65,3,40,2,1.0,24.80950153846152,0.2
0.65,3,41,0,0.999998,18.3363470573095,0.1951219512195122
0.65,3,41,1,1.0,21.570833076923076,0.1951219512195122
0.65,3,41,2,1.0,24.807443653846157,0.1951219512195122
0.65,3,42,0,0.999998,18.336289941810655,0.19047619047619047
0.65,3,42,1,1.0,21.568364999999993,0.19047619047619047
0.65,3,42,2,1.0,24.813842307692312,0.19047619047619047
0.65,3,43,0,0.999998,18.336039556694498,0.18604651162790697
0.65,3,43,1,1.0,21.562018846153837,0.18604651162790697
0.65,3,43,2,1.0,24.813516923076918,0.18604651162790697
0.65,3,44,0,1.0,18.336571730769233,0.18181818181818182
0.65,3,44,1,1.0,21.566890384615384,0.18181818181818182
0.65,3,44,2,1.0,24.811701346153846,0.18181818181818182
0.65,3,45,0,1.0,18.33559384615385,0.17777777777777778
0.65,3,45,1,1.0,21.56467846153847,0.17777777777777778
0.65,3,45,2,1.0,24.80963999999999,0.17777777777777778
0.65,3,46,0,1.0,18.336293653846152,0.17391304347826086
0.65,3,46,1,1.0,21.56803615384616,0.17391304347826086
0.65,3,46,2,1.0,24.810138461538457,0.17391304347826086
0.65,3,47,0,1.0,18.335879423076918,0.1702127659574468
0.65,3,47,1,1.0,21.56835923076923,0.1702127659574468
0.65,3,47,2,1.0,24.812161730769226,0.1702127659574468
0.65,3,48,0,1.0,18.33522115384616,0.16666666666666666
0.65,3,48,1,1.0,21.56409576923077,0.16666666666666666
0.65,3,48,2,1.0,24.808540961538455,0.16666666666666666
0.65,3,49,0,1.0,18.33628326923077,0.16326530612244897
0.65,3,49,1,1.0,21.568092692307676,0.16326530612244897
0.65,3,49,2,1.0,24.8170373076923,0.16326530612244897
0.65,3,50,0,1.0,18.336774230769226,0.16
0.65,3,50,1,1.0,21.567129230769233,0.16
0.65,3,50,2,1.0,24.81605423076924,0.16
0.65,3,51,0,1.0,18.33591173076923,0.1568627450980392
0.65,3,51,1,1.0,21.570488076923073,0.1568627450980392
0.65,3,51,2,1.0,24.809409807692298,0.1568627450980392
0.65,3,52,0,1.0,18.336657692307696,0.15384615384615385
0.65,3,52,1,1.0,21.569296153846157,0.15384615384615385
0.65,3,52,2,1.0,24.807393461538453,0.15384615384615385
0.65,3,53,0,1.0,18.336485192307684,0.1509433962264151
0.65,3,53,1,1.0,21.570125769230767,0.1509433962264151
0.65,3,53,2,1.0,24.811291153846142,0.1509433962264151
0.65,3,54,0,1.0,18.33494942307692,0.14814814814814814
0.65,3,54,1,1.0,21.565452692307684,0.14814814814814814
0.65,3,54,2,1.0,24.81100038461539,0.14814814814814814
0.65,3,55,0,1.0,18.33512307692307,0.14545454545454545
0.65,3,55,1,1.0,21.566078076923077,0.14545454545454545
0.65,3,55,2,1.0,24.80605038461538,0.14545454545454545
0.65,3,56,0,1.0,18.33866192307693,0.14285714285714285
0.65,3,56,1,1.0,21.567867692307683,0.14285714285714285
0.65,3,56,2,1.0,24.80975076923077,0.14285714285714285
0.65,3,57,0,1.0,18.337199423076925,0.14035087719298245
0.65,3,57,1,1.0,21.564079615384617,0.14035087719298245
0.65,3,57,2,1.0,24.810432692307685,0.14035087719298245
0.65,3,58,0,1.0,18.334708846153845,0.13793103448275862
0.65,3,58,1,1.0,21.566690769230767,0.13793103448275862
0.65,3,58,2,1.0,24.80996884615385,0.13793103448275862
0.65,3,59,0,1.0,18.336315576923074,0.13559322033898305
0.65,3,59,1,1.0,21.569640000000003,0.13559322033898305
0.65,3,59,2,1.0,24.807980192307692,0.13559322033898305
0.65,3,60,0,1.0,18.33371192307692,0.13333333333333333
0.65,3,60,1,1.0,21.566248846153844,0.13333333333333333
0.65,3,60,2,1.0,24.798043846153845,0.13333333333333333
0.65,3,61,0,1.0,18.33778846153846,0.13114754098360656
0.65,3,61,1,1.0,21.570794999999993,0.13114754098360656
0.65,3,61,2,1.0,24.808485576923076,0.13114754098360656
0.65,3,62,0,1.0,18.336579230769235,0.12903225806451613
0.65,3,62,1,1.0,21.569995384615392,0.12903225806451613
0.65,3,62,2,1.0,24.813669230769236,0.12903225806451613
0.65,3,63,0,1.0,18.336662884615382,0.12698412698412698
0.65,3,63,1,1.0,21.56532230769231,0.12698412698412698
0.65,3,63,2,1.0,24.814077692307702,0.12698412698412698
0.65,3,64,0,1.0,18.339366923076927,0.125
0.65,3,64,1,1.0,21.570239999999995,0.125
0.65,3,64,2,1.0,24.807364038461532,0.125
0.65,5,10,0,0.393704,17.236758013439232,0.8
0.65,5,10,1,0.341398,19.65506647553701,0.8
0.65,5,10,2,0.309798,22.11365830439388,0.8
0.65,5,11,0,0.482306,17.35410156144089,0.7272727272727273
0.65,5,11,1,0.459342,19.94889931182497,0.7272727272727273
0.65,5,11,2,0.448114,22.58559592150487,0.7272727272727273
0.65,5,12,0,0.563774,17.470791623812165,0.6666666666666666
0.65,5,12,1,0.57069,20.216507143174866,0.6666666666666666
0.65,5,12,2,0.576266,23.01462212028686,0.6666666666666666
0.65,5,13,0,0.634484,17.583879486807692,0.6153846153846154
0.65,5,13,1,0.665322,20.45983402368732,0.6153846153846154
0.65,5,13,2,0.685374,23.39220068728337,0.6153846153846154
0.65,5,14,0,0.696456,17.68530299777069,0.5714285714285714
0.65,5,14,1,0.74596,20.676515960847556,0.5714285714285714
0.65,5,14,2,0.771872,23.718648648002223,0.5714285714285714
0.65,5,15,0,0.750712,17.785046831438795,0.5333333333333333
0.65,5,15,1,0.810496,20.867948097878898,0.5333333333333333
0.65,5,15,2,0.841006,23.993708359164735,0.5333333333333333
0.65,5,16,0,0.796336,17.873530964123375,0.5
0.65,5,16,1,0.859028,21.032809533207658,0.5
0.65,5,16,2,0.890394,24.20994115655973,0.5
0.65,5,17,0,0.835812,17.954680367944356,0.47058823529411764
0.65,5,17,1,0.898328,21.169189187708035,0.47058823529411764
0.65,5,17,2,0.92603,24.39386994440286,0.47058823529411764
0.65,5,18,0,0.86655,18.025931745249732,0.4444444444444444
0.65,5,18,1,0.92702,21.28539339454962,0.4444444444444444
0.65,5,18,2,0.95113,24.533002242676528,0.4444444444444444
0.65,5,19,0,0.894296,18.089154012679327,0.42105263157894735
0.65,5,19,1,0.948332,21.372700050842305,0.42105263157894735
0.65,5,19,2,0.967998,24.642941689167507,0.42105263157894735
0.65,5,20,0,0.91509,18.145431470801103,0.4
0.65,5,20,1,0.963684,21.44349185002553,0.4
0.65,5,20,2,0.97958,24.722699249442854,0.4
0.65,5,21,0,0.933398,18.195049370480437,0.38095238095238093
0.65,5,21,1,0.97529,21.50228018963985,0.38095238095238093
0.65,5,21,2,0.986954,24.78105382044927,0.38095238095238093
0.65,5,22,0,0.94677,18.24075541050096,0.36363636363636365
0.65,5,22,1,0.982572,21.55053816373292,0.36363636363636365
0.65,5,22,2,0.991928,24.814700803346145,0.36363636363636365
0.65,5,23,0,0.959102,18.27537694314377,0.34782608695652173
0.65,5,23,1,0.98823,21.581117055434774,0.34782608695652173
0.65,5,23,2,0.99506,24.847989259248376,0.34782608695652173
0.65,5,24,0,0.967946,18.31184360411714,0.3333333333333333
0.65,5,24,1,0.991856,21.604614519105137,0.3333333333333333
0.65,5,24,2,0.99709,24.871137124416656,0.3333333333333333
0.65,5,25,0,0.974846,18.3328264156595,0.32
0.65,5,25,1,0.994632,21.624968213988076,0.32
0.65,5,25,2,0.998236,24.87949762612017,0.32
0.65,5,26,0,0.981074,18.360690387818313,0.3076923076923077
0.65,5,26,1,0.996392,21.636381371681342,0.3076923076923077
0.65,5,26,2,0.998932,24.895637194369744,0.3076923076923077
0.65,5,27,0,0.985258,18.378131959813103,0.2962962962962963
0.65,5,27,1,0.997712,21.650073059467758,0.2962962962962963
0.65,5,27,2,0.999348,24.893201328804846,0.2962962962962963
0.65,5,28,0,0.988818,18.390747064443843,0.2857142857142857
0.65,5,28,1,0.998426,21.662944782780407,0.2857142857142857
0.65,5,28,2,0.999638,24.896967702308228,0.2857142857142857
0.65,5,29,0,0.99165,18.404108537053627,0.27586206896551724
0.65,5,29,1,0.998964,21.666288967678213,0.27586206896551724
0.65,5,29,2,0.999746,24.902123985646202,0.27586206896551724
0.65,5,30,0,0.993424,18.414738783780606,0.26666666666666666
0.65,5,30,1,0.999376,21.66893834060146,0.26666666666666666
0.65,5,30,2,0.999878,24.902485410912437,0.26666666666666666
0.65,5,31,0,0.995152,18.421112476362325,0.25806451612903225
0.65,5,31,1,0.999568,21.672924626515584,0.25806451612903225
0.65,5,31,2,0.999908,24.90049719189549,0.25806451612903225
0.65,5,32,0,0.996252,18.430529740853334,0.25
0.65,5,32,1,0.999674,21.670887401600613,0.25
0.65,5,32,2,0.99995,24.90584683080307,0.25
0.65,5,33,0,0.997214,18.433719033535123,0.24242424242424243
0.65,5,33,1,0.999842,21.67680724323675,0.24242424242424243
0.65,5,33,2,0.99998,24.89569791395828,0.24242424242424243
0.65,5,34,0,0.997926,18.439393494415114,0.23529411764705882
0.65,5,34,1,0.999888,21.674555627153325,0.23529411764705882
0.65,5,34,2,0.999988,24.907239271486638,0.23529411764705882
0.65,5,35,0,0.998376,18.445179779654463,0.22857142857142856
0.65,5,35,1,0.999924,21.673856059214348,0.22857142857142856
0.65,5,35,2,0.99999,24.901144396059347,0.22857142857142856
0.65,5,36,0,0.998894,18.446959067497883,0.2222222222222222
0.65,5,36,1,0.999954,21.671536121430815,0.2222222222222222
0.65,5,36,2,0.999996,24.90479923458155,0.2222222222222222
0.65,5,37,0,0.999148,18.446135915492302,0.21621621621621623
0.65,5,37,1,0.999968,21.676702116006172,0.21621621621621623
0.65,5,37,2,0.999996,24.907745015595445,0.21621621621621623
0.65,5,38,0,0.999378,18.44670173309336,0.21052631578947367
0.65,5,38,1,0.999976,21.67789026936646,0.21052631578947367
0.65,5,38,2,1.0,24.903139615384617,0.21052631578947367
0.65,5,39,0,0.99951,18.451104310342835,0.20512820512820512
0.65,5,39,1,0.999986,21.675672690186897,0.20512820512820512
0.65,5,39,2,0.999998,24.901726341914223,0.20512820512820512
0.65,5,40,0,0.999644,18.453280329335698,0.2
0.65,5,40,1,0.99999,21.67407904848279,0.2
0.65,5,40,2,1.0,24.904041346153857,0.2
0.65,5,41,0,0.9997,18.450877763328997,0.1951219512195122
0.65,5,41,1,0.999996,21.670629374825193,0.1951219512195122
0.65,5,41,2,1.0,24.90022673076922,0.1951219512195122
0.65,5,42,0,0.999818,18.45365914288708,0.19047619047619047
0.65,5,42,1,0.999996,21.677855942193,0.19047619047619047
0.65,5,42,2,1.0,24.90494134615384,0.19047619047619047
0.65,5,43,0,0.999844,18.453677235187158,0.18604651162790697
0.65,5,43,1,0.999998,21.672724114678996,0.18604651162790697
0.65,5,43,2,1.0,24.90309634615385,0.18604651162790697
0.65,5,44,0,0.999906,18.452960539829217,0.18181818181818182
0.65,5,44,1,0.999998,21.674539118309006,0.18181818181818182
0.65,5,44,2,1.0,24.90068711538461,0.18181818181818182
0.65,5,45,0,0.99993,18.45075559135294,0.17777777777777778
0.65,5,45,1,1.0,21.678353076923077,0.17777777777777778
0.65,5,45,2,1.0,24.89888884615385,0.17777777777777778
0.65,5,46,0,0.999932,18.45261516244643,0.17391304347826086
0.65,5,46,1,1.0,21.678422307692305,0.17391304347826086
0.65,5,46,2,1.0,24.903414807692315,0.17391304347826086
0.65,5,47,0,0.999978,18.450547835129292,0.1702127659574468
0.65,5,47,1,0.999998,21.67533296605055,0.1702127659574468
0.65,5,47,2,1.0,24.912269423076918,0.1702127659574468
0.65,5,48,0,0.999964,18.457000221238733,0.16666666666666666
0.65,5,48,1,1.0,21.672950769230766,0.16666666666666666
0.65,5,48,2,1.0,24.898006153846154,0.16666666666666666
0.65,5,49,0,0.999984,18.454899124539843,0.16326530612244897
0.65,5,49,1,1.0,21.675443076923077,0.16326530612244897
0.65,5,49,2,1.0,24.89746961538461,0.16326530612244897
0.65,5,50,0,0.999984,18.452373314896118,0.16
0.65,5,50,1,1.0,21.677555769230764,0.16
0.65,5,50,2,1.0,24.908058461538452,0.16
0.65,5,51,0,0.999994,18.45280725530507,0.1568627450980392
0.65,5,51,1,1.0,21.67775307692307,0.1568627450980392
0.65,5,51,2,1.0,24.905399999999993,0.1568627450980392
0.65,5,52,0,0.999996,18.455585745419906,0.15384615384615385
0.65,5,52,1,1.0,21.675507692307693,0.15384615384615385
0.65,5,52,2,1.0,24.912293653846156,0.15384615384615385
0.65,5,53,0,1.0,18.455674615384616,0.1509433962264151
0.65,5,53,1,1.0,21.673235769230768,0.1509433962264151
0.65,5,53,2,1.0,24.89971961538462,0.1509433962264151
0.65,5,54,0,0.999998,18.45424210079189,0.14814814814814814
0.65,5,54,1,1.0,21.679169999999996,0.14814814814814814
0.65,5,54,2,1.0,24.905889807692304,0.14814814814814814
0.65,5,55,0,0.999996,18.45755133020532,0.14545454545454545
0.65,5,55,1,1.0,21.6715626923077,0.14545454545454545
0.65,5,55,2,1.0,24.89823461538461,0.14545454545454545
0.65,5,56,0,0.999996,18.45285169602217,0.14285714285714285
0.65,5,56,1,1.0,21.678011538461543,0.14285714285714285
0.65,5,56,2,1.0,24.89270134615385,0.14285714285714285
0.65,5,57,0,1.0,18.457143461538458,0.14035087719298245
0.65,5,57,1,1.0,21.66983538461539,0.14035087719298245
0.65,5,57,2,1.0,24.90643326923077,0.14035087719298245
0.65,5,58,0,1.0,18.45352846153846,0.13793103448275862
0.65,5,58,1,1.0,21.676070769230776,0.13793103448275862
0.65,5,58,2,1.0,24.904576153846147,0.13793103448275862
0.65,5,59,0,1.0,18.45403557692308,0.13559322033898305
0.65,5,59,1,1.0,21.6768173076923,0.13559322033898305
0.65,5,59,2,1.0,24.904650576923064,0.13559322033898305
0.65,5,60,0,0.999996,18.451239189572146,0.13333333333333333
0.65,5,60,1,1.0,21.674450769230766,0.13333333333333333
0.65,5,60,2,1.0,24.90209942307692,0.13333333333333333
0.65,5,61,0,1.0,18.454098461538464,0.13114754098360656
0.65,5,61,1,1.0,21.6770676923077,0.13114754098360656
0.65,5,61,2,1.0,24.89796807692308,0.13114754098360656
0.65,5,62,0,0.999998,18.45727268377614,0.12903225806451613
0.65,5,62,1,1.0,21.67664653846154,0.12903225806451613
0.65,5,62,2,1.0,24.903572307692304,0.12903225806451613
0.65,5,63,0,1.0,18.454726153846153,0.12698412698412698
0.65,5,63,1,1.0,21.674511923076924,0.12698412698412698
0.65,5,63,2,1.0,24.904015384615384,0.12698412698412698
0.65,5,64,0,0.999998,18.45681518286114,0.125
0.65,5,64,1,1.0,21.67554576923078,0.125
0.65,5,64,2,1.0,24.903246923076928,0.125
0.65,10,10,0,0.4575,17.14278814627995,0.8
0.65,10,10,1,0.404812,19.44197078377884,0.8
0.65,10,10,2,0.371434,21.830712444616935,0.8
0.65,10,11,0,0.510682,17.218577314258187,0.7272727272727273
0.65,10,11,1,0.486574,19.66718241292099,0.7272727272727273
0.65,10,11,2,0.473904,22.22287473996681,0.7272727272727273
0.65,10,12,0,0.559928,17.303781090535814,0.6666666666666666
0.65,10,12,1,0.562694,19.894404282037705,0.6666666666666666
0.65,10,12,2,0.566348,22.601213252411803,0.6666666666666666
0.65,10,13,0,0.60308,17.39085674307784,0.6153846153846154
0.65,10,13,1,0.630758,20.110914779702178,0.6153846153846154
0.65,10,13,2,0.648268,22.948229863147763,0.6153846153846154
0.65,10,14,0,0.64525,17.47791792090127,0.5714285714285714
0.65,10,14,1,0.689552,20.314018823369825,0.5714285714285714
0.65,10,14,2,0.717054,23.268864688015125,0.5714285714285714
0.65,10,15,0,0.68382,17.56674833458197,0.5333333333333333
0.65,10,15,1,0.740244,20.508453969231766,0.5333333333333333
0.65,10,15,2,0.7765,23.56139878151469,0.5333333333333333
0.65,10,16,0,0.718826,17.649303008816293,0.5
0.65,10,16,1,0.785346,20.689747429305537,0.5
0.65,10,16,2,0.825214,23.823662943560937,0.5
0.65,10,17,0,0.752326,17.737631998321504,0.47058823529411764
0.65,10,17,1,0.822834,20.850113052057786,0.47058823529411764
0.65,10,17,2,0.863498,24.049679104864527,0.47058823529411764
0.65,10,18,0,0.781244,17.812806094658495,0.4444444444444444
0.65,10,18,1,0.85485,21.003998002348595,0.4444444444444444
0.65,10,18,2,0.895732,24.24148285768168,0.4444444444444444
0.65,10,19,0,0.806554,17.88957308595485,0.42105263157894735
0.65,10,19,1,0.8825,21.13653955110046,0.42105263157894735
0.65,10,19,2,0.920218,24.42381650535317,0.42105263157894735
0.65,10,20,0,0.830116,17.964057710933442,0.4
0.65,10,20,1,0.905114,21.260183375115858,0.4
0.65,10,20,2,0.938938,24.56664849829521,0.4
0.65,10,21,0,0.850666,18.032360255647653,0.38095238095238093
0.65,10,21,1,0.922998,21.360818850011672,0.38095238095238093
0.65,10,21,2,0.95372,24.680658772611853,0.38095238095238093
0.65,10,22,0,0.87017,18.10211930294788,0.36363636363636365
0.65,10,22,1,0.938488,21.46070758332716,0.36363636363636365
0.65,10,22,2,0.965284,24.786632144609182,0.36363636363636365
0.65,10,23,0,0.887398,18.15885665386115,0.34782608695652173
0.65,10,23,1,0.950992,21.537583507941832,0.34782608695652173
0.65,10,23,2,0.974978,24.860105916393852,0.34782608695652173
0.65,10,24,0,0.90153,18.219508246237808,0.3333333333333333
0.65,10,24,1,0.96109,21.608942010553733,0.3333333333333333
0.65,10,24,2,0.981192,24.937084767225045,0.3333333333333333
0.65,10,25,0,0.915568,18.27366265447326,0.32
0.65,10,25,1,0.96893,21.669643516361035,0.32
0.65,10,25,2,0.986052,24.99547613185636,0.32
0.65,10,26,0,0.926724,18.323439092146927,0.3076923076923077
0.65,10,26,1,0.97582,21.71360102667106,0.3076923076923077
0.65,10,26,2,0.989744,25.03337770637193,0.3076923076923077
0.65,10,27,0,0.937712,18.367952855132824,0.2962962962962963
0.65,10,27,1,0.981352,21.76294854132165,0.2962962962962963
0.65,10,27,2,0.992742,25.068626940487913,0.2962962962962963
0.65,10,28,0,0.945572,18.410471691697232,0.2857142857142857
0.65,10,28,1,0.985468,21.798492617798775,0.2857142857142857
0.65,10,28,2,0.994798,25.10434259788651,0.2857142857142857
0.65,10,29,0,0.954038,18.44806717906899,0.27586206896551724
0.65,10,29,1,0.988788,21.827496039440362,0.27586206896551724
0.65,10,29,2,0.996218,25.123621768296932,0.27586206896551724
0.65,10,30,0,0.960334,18.482488504400155,0.26666666666666666
0.65,10,30,1,0.99131,21.861511535241245,0.26666666666666666
0.65,10,30,2,0.997318,25.133900467206892,0.26666666666666666
0.65,10,31,0,0.967082,18.50964392010032,0.25806451612903225
0.65,10,31,1,0.993144,21.87797888477246,0.25806451612903225
0.65,10,31,2,0.99813,25.14014225833076,0.25806451612903225
0.65,10,32,0,0.971518,18.546150694860238,0.25
0.65,10,32,1,0.994678,21.89105805713391,0.25
0.65,10,32,2,0.998534,25.154102452657142,0.25
0.65,10,33,0,0.976212,18.567909784097964,0.24242424242424243
0.65,10,33,1,0.996042,21.916053354561974,0.24242424242424243
0.65,10,33,2,0.999062,25.172433473367242,0.24242424242424243
0.65,10,34,0,0.98016,18.588020558652907,0.23529411764705882
0.65,10,34,1,0.996904,21.927261030920963,0.23529411764705882
0.65,10,34,2,0.999396,25.170102357208368,0.23529411764705882
0.65,10,35,0,0.98312,18.61235873075985,0.22857142857142856
0.65,10,35,1,0.997642,21.934883223872664,0.22857142857142856
0.65,10,35,2,0.99952,25.181292597369826,0.22857142857142856
0.65,10,36,0,0.985904,18.631798836397863,0.2222222222222222
0.65,10,36,1,0.998172,21.93895171142078,0.2222222222222222
0.65,10,36,2,0.999676,25.172439139511972,0.2222222222222222
0.65,10,37,0,0.988176,18.645802195933953,0.21621621621621623
0.65,10,37,1,0.998744,21.942870630126823,0.21621621621621623
0.65,10,37,2,0.999772,25.18280841108696,0.21621621621621623
0.65,10,38,0,0.99033,18.656047051915095,0.21052631578947367
0.65,10,38,1,0.998982,21.9466139607043,0.21052631578947367
0.65,10,38,2,0.999834,25.190567403419738,0.21052631578947367
0.65,10,39,0,0.991828,18.671452145393694,0.20512820512820512
0.65,10,39,1,0.99918,21.955672112670854,0.20512820512820512
0.65,10,39,2,0.999894,25.185801618048437,0.20512820512820512
0.65,10,40,0,0.99323,18.67984950422049,0.2
0.65,10,40,1,0.999424,21.955354745872096,0.2
0.65,10,40,2,0.999922,25.180681977809655,0.2
0.65,10,41,0,0.994368,18.69350683046919,0.1951219512195122
0.65,10,41,1,0.999564,21.95878210592126,0.1951219512195122
0.65,10,41,2,0.999948,25.18710876811748,0.1951219512195122
0.65,10,42,0,0.995334,18.698880321735064,0.19047619047619047
0.65,10,42,1,0.999656,21.958968115801063,0.19047619047619047
0.65,10,42,2,0.99997,25.177803026398482,0.19047619047619047
0.65,10,43,0,0.996154,18.703209273635636,0.18604651162790697
0.65,10,43,1,0.999754,21.956102355025493,0.18604651162790697
0.65,10,43,2,0.999976,25.18823067138227,0.18604651162790697
0.65,10,44,0,0.996746,18.715598634880976,0.18181818181818182
0.65,10,44,1,0.999824,21.958145018138573,0.18181818181818182
0.65,10,44,2,0.999974,25.183699006943417,0.18181818181818182
0.65,10,45,0,0.99728,18.71176831751595,0.17777777777777778
0.65,10,45,1,0.999886,21.958739450143472,0.17777777777777778
0.65,10,45,2,0.99999,25.181282582056596,0.17777777777777778
0.65,10,46,0,0.997908,18.723176384997412,0.17391304347826086
0.65,10,46,1,0.999916,21.963256067355807,0.17391304347826086
0.65,10,46,2,0.999988,25.181522755196138,0.17391304347826086
0.65,10,47,0,0.998226,18.73086124014771,0.1702127659574468
0.65,10,47,1,0.999904,21.972429353217905,0.1702127659574468
0.65,10,47,2,1.0,25.178650384615384,0.1702127659574468
0.65,10,48,0,0.998556,18.727415464854328,0.16666666666666666
0.65,10,48,1,0.999954,21.97329461770627,0.16666666666666666
0.65,10,48,2,0.999994,25.184549376527034,0.16666666666666666
0.65,10,49,0,0.998856,18.734194995998497,0.16326530612244897
0.65,10,49,1,0.999964,21.97040939627673,0.16326530612244897
0.65,10,49,2,0.999996,25.177197439558977,0.16326530612244897
0.65,10,50,0,0.99898,18.735351404586527,0.16
0.65,10,50,1,0.999968,21.963292056115026,0.16
0.65,10,50,2,0.999998,25.194685581678858,0.16
0.65,10,51,0,0.999254,18.7372110363562,0.1568627450980392
0.65,10,51,1,0.99997,21.967510563778447,0.1568627450980392
0.65,10,51,2,1.0,25.195457884615386,0.1568627450980392
0.65,10,52,0,0.999356,18.740767900681885,0.15384615384615385
0.65,10,52,1,0.999986,21.970224890840782,0.15384615384615385
0.65,10,52,2,0.999998,25.18037555305881,0.15384615384615385
0.65,10,53,0,0.999512,18.737898325151907,0.1509433962264151
0.65,10,53,1,0.99999,21.964520029815688,0.1509433962264151
0.65,10,53,2,1.0,25.18080173076924,0.1509433962264151
0.65,10,54,0,0.999622,18.734942385144667,0.14814814814814814
0.65,10,54,1,0.999994,21.966037180838477,0.14814814814814814
0.65,10,54,2,1.0,25.188365192307696,0.14814814814814814
0.65,10,55,0,0.999656,18.74104538114958,0.14545454545454545
0.65,10,55,1,0.999998,21.968010089866336,0.14545454545454545
0.65,10,55,2,1.0,25.18058192307693,0.14545454545454545
0.65,10,56,0,0.999718,18.738945344125508,0.14285714285714285
0.65,10,56,1,1.0,21.97112538461539,0.14285714285714285
0.65,10,56,2,0.999998,25.18850499239461,0.14285714285714285
0.65,10,57,0,0.999804,18.742565465908246,0.14035087719298245
0.65,10,57,1,0.999998,21.97236586780866,0.14035087719298245
0.65,10,57,2,1.0,25.1776673076923,0.14035087719298245
0.65,10,58,0,0.99985,18.740234112039882,0.13793103448275862
0.65,10,58,1,0.999998,21.9587608405986,0.13793103448275862
0.65,10,58,2,1.0,25.192884230769224,0.13793103448275862
0.65,10,59,0,0.99988,18.74393984970504,0.13559322033898305
0.65,10,59,1,0.999996,21.95692051998977,0.13559322033898305
0.65,10,59,2,1.0,25.176815769230764,0.13559322033898305
0.65,10,60,0,0.999872,18.743559560239095,0.13333333333333333
0.65,10,60,1,0.999998,21.967000472462484,0.13333333333333333
0.65,10,60,2,1.0,25.18171903846154,0.13333333333333333
0.65,10,61,0,0.99991,18.743467488997084,0.13114754098360656
0.65,10,61,1,0.999998,21.975507797169435,0.13114754098360656
0.65,10,61,2,1.0,25.18328192307692,0.13114754098360656
0.65,10,62,0,0.999932,18.743890546095592,0.12903225806451613
0.65,10,62,1,0.999998,21.967128549641718,0.12903225806451613
0.65,10,62,2,1.0,25.176943846153854,0.12903225806451613
0.65,10,63,0,0.999964,18.744518456510583,0.12698412698412698
0.65,10,63,1,1.0,21.96296884615385,0.12698412698412698
0.65,10,63,2,1.0,25.17884769230769,0.12698412698412698
0.65,10,64,0,0.99996,18.74341358269715,0.125
0.65,10,64,1,1.0,21.9610673076923,0.125
0.65,10,64,2,1.0,25.188446538461545,0.125
0.65,20,10,0,0.503206,17.090658543572463,0.8
0.65,20,10,1,0.46104,19.276235834701478,0.8
0.65,20,10,2,0.4305,21.538343607611903,0.8
0.65,20,11,0,0.531492,17.134764746440933,0.7272727272727273
0.65,20,11,1,0.511396,19.425670878566486,0.7272727272727273
0.65,20,11,2,0.497764,21.824456276159292,0.7272727272727273
0.65,20,12,0,0.559888,17.186086599187977,0.6666666666666666
0.65,20,12,1,0.558882,19.586990703693342,0.6666666666666666
0.65,20,12,2,0.559948,22.12699592709433,0.6666666666666666
0.65,20,13,0,0.586918,17.245476173188397,0.6153846153846154
0.65,20,13,1,0.603528,19.757126175013994,0.6153846153846154
0.65,20,13,2,0.617552,22.420835068887374,0.6153846153846154
0.65,20,14,0,0.613426,17.306841161205828,0.5714285714285714
0.65,20,14,1,0.644198,19.93071408766584,0.5714285714285714
0.65,20,14,2,0.667266,22.707433132998048,0.5714285714285714
0.65,20,15,0,0.636554,17.374690370096108,0.5333333333333333
0.65,20,15,1,0.681912,20.103329935647015,0.5333333333333333
0.65,20,15,2,0.711674,22.990959451831984,0.5333333333333333
0.65,20,16,0,0.661036,17.445015213881053,0.5
0.65,20,16,1,0.715648,20.275635078009984,0.5
0.65,20,16,2,0.752118,23.260383446378192,0.5
0.65,20,17,0,0.683798,17.514298532157614,0.47058823529411764
0.65,20,17,1,0.747748,20.44257608795395,0.47058823529411764
0.65,20,17,2,0.78811,23.51188578712656,0.47058823529411764
0.65,20,18,0,0.704322,17.58926424168316,0.4444444444444444
0.65,20,18,1,0.775146,20.6001266461167,0.4444444444444444
0.65,20,18,2,0.819676,23.753419503090708,0.4444444444444444
0.65,20,19,0,0.725546,17.662960562962766,0.42105263157894735
0.65,20,19,1,0.801336,20.757772020725394,0.42105263157894735
0.65,20,19,2,0.846518,23.96941398129205,0.42105263157894735
0.65,20,20,0,0.744432,17.736801088201887,0.4
0.65,20,20,1,0.824326,20.906475761363275,0.4
0.65,20,20,2,0.869622,24.170482427112894,0.4
0.65,20,21,0,0.765178,17.80738297795767,0.38095238095238093
0.65,20,21,1,0.845264,21.045275613481532,0.38095238095238093
0.65,20,21,2,0.891256,24.358264974028007,0.38095238095238093
0.65,20,22,0,0.78291,17.881286089470944,0.36363636363636365
0.65,20,22,1,0.864574,21.17886647955214,0.36363636363636365
0.65,20,22,2,0.908708,24.52444950582417,0.36363636363636365
0.65,20,23,0,0.798638,17.955092583585092,0.34782608695652173
0.65,20,23,1,0.8816,21.302416061705994,0.34782608695652173
0.65,20,23,2,0.923124,24.6899539373492,0.34782608695652173
0.65,20,24,0,0.81523,18.029509605123234,0.3333333333333333
0.65,20,24,1,0.89688,21.414984767707537,0.3333333333333333
0.65,20,24,2,0.936512,24.82409728866261,0.3333333333333333
0.65,20,25,0,0.829598,18.09975132534071,0.32
0.65,20,25,1,0.909662,21.533218678180216,0.32
0.65,20,25,2,0.947224,24.94967927332922,0.32
0.65,20,26,0,0.844666,18.167620282864657,0.3076923076923077
0.65,20,26,1,0.921936,21.630942094428708,0.3076923076923077
0.65,20,26,2,0.956634,25.05550591569382,0.3076923076923077
0.65,20,27,0,0.858654,18.236576127825106,0.2962962962962963
0.65,20,27,1,0.932254,21.722692858054035,0.2962962962962963
0.65,20,27,2,0.964106,25.14984368140815,0.2962962962962963
0.65,20,28,0,0.871086,18.30413083826926,0.2857142857142857
0.65,20,28,1,0.941722,21.815416537266515,0.2857142857142857
0.65,20,28,2,0.970428,25.247643506069167,0.2857142857142857
0.65,20,29,0,0.88267,18.371004800992793,0.27586206896551724
0.65,20,29,1,0.95051,21.887051323864192,0.27586206896551724
0.65,20,29,2,0.976074,25.335324118710417,0.27586206896551724
0.65,20,30,0,0.893494,18.434161711903368,0.26666666666666666
0.65,20,30,1,0.957532,21.97594239871156,0.26666666666666666
0.65,20,30,2,0.980268,25.39108280749597,0.26666666666666666
0.65,20,31,0,0.9047,18.487821079660918,0.25806451612903225
0.65,20,31,1,0.963244,22.039870958488674,0.25806451612903225
0.65,20,31,2,0.98366,25.448091820344427,0.25806451612903225
0.65,20,32,0,0.913268,18.551025632041284,0.25
0.65,20,32,1,0.969196,22.094310446692212,0.25
0.65,20,32,2,0.987062,25.507537871130534,0.25
0.65,20,33,0,0.923128,18.604355558992403,0.24242424242424243
0.65,20,33,1,0.973228,22.14609763353737,0.24242424242424243
0.65,20,33,2,0.989452,25.539265674332864,0.24242424242424243
0.65,20,34,0,0.931112,18.658489072123523,0.23529411764705882
0.65,20,34,1,0.977788,22.19252301348317,0.23529411764705882
0.65,20,34,2,0.991276,25.578217251921146,0.23529411764705882
0.65,20,35,0,0.937908,18.710899478085597,0.22857142857142856
0.65,20,35,1,0.98127,22.239699964959076,0.22857142857142856
0.65,20,35,2,0.99325,25.613092605858782,0.22857142857142856
0.65,20,36,0,0.944646,18.750824484678756,0.2222222222222222
0.65,20,36,1,0.984082,22.284464490373143,0.2222222222222222
0.65,20,36,2,0.994536,25.64992774365286,0.2222222222222222
0.65,20,37,0,0.95098,18.790775548139006,0.21621621621621623
0.65,20,37,1,0.986628,22.316877438959928,0.21621621621621623
0.65,20,37,2,0.995672,25.671065139153026,0.21621621621621623
0.65,20,38,0,0.95638,18.83237552823387,0.21052631578947367
0.65,20,38,1,0.988876,22.35152256781359,0.21052631578947367
0.65,20,38,2,0.996566,25.694960918872333,0.21052631578947367
0.65,20,39,0,0.961792,18.874582350125923,0.20512820512820512
0.65,20,39,1,0.990482,22.369534382094937,0.20512820512820512
0.65,20,39,2,0.997256,25.6964782517073,0.20512820512820512
0.65,20,40,0,0.96664,18.906347681739764,0.2
0.65,20,40,1,0.991982,22.393546455480042,0.2
0.65,20,40,2,0.997824,25.712879495011908,0.2
0.65,20,41,0,0.970172,18.934015348269728,0.1951219512195122
0.65,20,41,1,0.993394,22.421001598095483,0.1951219512195122
0.65,20,41,2,0.99827,25.726485088433762,0.1951219512195122
0.65,20,42,0,0.974204,18.966641365273993,0.19047619047619047
0.65,20,42,1,0.994502,22.42822383618983,0.19047619047619047
0.65,20,42,2,0.998552,25.73913680856034,0.19047619047619047
0.65,20,43,0,0.977204,18.994619224456084,0.18604651162790697
0.65,20,43,1,0.995394,22.44885674184525,0.18604651162790697
0.65,20,43,2,0.99887,25.744121626668907,0.18604651162790697
0.65,20,44,0,0.979998,19.01151623229373,0.18181818181818182
0.65,20,44,1,0.996258,22.46424234871504,0.18181818181818182
0.65,20,44,2,0.999164,25.74646173431758,0.18181818181818182
0.65,20,45,0,0.982728,19.04471551874749,0.17777777777777778
0.65,20,45,1,0.996996,22.47819256739553,0.17777777777777778
0.65,20,45,2,0.999372,25.746201114299776,0.17777777777777778
0.65,20,46,0,0.984954,19.0652982076008,0.17391304347826086
0.65,20,46,1,0.997578,22.493713620542795,0.17391304347826086
0.65,20,46,2,0.999466,25.75197001352568,0.17391304347826086
0.65,20,47,0,0.98695,19.079067991130405,0.1702127659574468
0.65,20,47,1,0.99782,22.49124977065387,0.1702127659574468
0.65,20,47,2,0.999588,25.76382392622684,0.1702127659574468
0.65,20,48,0,0.988716,19.102451874645816,0.16666666666666666
0.65,20,48,1,0.998288,22.505754852307145,0.16666666666666666
0.65,20,48,2,0.999672,25.76323284037164,0.16666666666666666
0.65,20,49,0,0.990134,19.107423066745742,0.16326530612244897
0.65,20,49,1,0.998652,22.508644730019142,0.16326530612244897
0.65,20,49,2,0.99973,25.76488844295652,0.16326530612244897
0.65,20,50,0,0.991654,19.125006923165355,0.16
0.65,20,50,1,0.998854,22.516256707109434,0.16
0.65,20,50,2,0.999802,25.770289825077665,0.16
0.65,20,51,0,0.99293,19.140904851143745,0.1568627450980392
0.65,20,51,1,0.99915,22.516858175603115,0.1568627450980392
0.65,20,51,2,0.999842,25.755103537128086,0.1568627450980392
0.65,20,52,0,0.993798,19.152758485047332,0.15384615384615385
0.65,20,52,1,0.999322,22.51651119458993,0.15384615384615385
0.65,20,52,2,0.999882,25.77204360114494,0.15384615384615385
0.65,20,53,0,0.994634,19.159172156251984,0.1509433962264151
0.65,20,53,1,0.999416,22.533714304538474,0.1509433962264151
0.65,20,53,2,0.999926,25.784085714650576,0.1509433962264151
0.65,20,54,0,0.995488,19.165241840414723,0.14814814814814814
0.65,20,54,1,0.99948,22.536247310139736,0.14814814814814814
0.65,20,54,2,0.999944,25.76433972610159,0.14814814814814814
0.65,20,55,0,0.996184,19.177871604195456,0.14545454545454545
0.65,20,55,1,0.999604,22.534824174988685,0.14545454545454545
0.65,20,55,2,0.999938,25.770566236645127,0.14545454545454545
0.65,20,56,0,0.996654,19.180711159539825,0.14285714285714285
0.65,20,56,1,0.99966,22.535117709251914,0.14285714285714285
0.65,20,56,2,0.999956,25.770353318622945,0.14285714285714285
0.65,20,57,0,0.997118,19.187948513770532,0.14035087719298245
0.65,20,57,1,0.999724,22.533314964160876,0.14035087719298245
0.65,20,57,2,0.99998,25.778272873149763,0.14035087719298245
0.65,20,58,0,0.997542,19.197306209432014,0.13793103448275862
0.65,20,58,1,0.999814,22.529913256173337,0.13793103448275862
0.65,20,58,2,0.99997,25.76822593139332,0.13793103448275862
0.65,20,59,0,0.998062,19.198047161552935,0.13559322033898305
0.65,20,59,1,0.999842,22.541965092023002,0.13559322033898305
0.65,20,59,2,0.999988,25.7680113315206,0.13559322033898305
0.65,20,60,0,0.99826,19.20393927741963,0.13333333333333333
0.65,20,60,1,0.999848,22.53122897757382,0.13333333333333333
0.65,20,60,2,0.999976,25.768673640475072,0.13333333333333333
0.65,20,61,0,0.998516,19.204099653115996,0.13114754098360656
0.65,20,61,1,0.999886,22.545141299954352,0.13114754098360656
0.65,20,61,2,0.99999,25.75936009360094,0.13114754098360656
0.65,20,62,0,0.998728,19.21281485434088,0.12903225806451613
0.65,20,62,1,0.999908,22.540357174398505,0.12903225806451613
0.65,20,62,2,0.999994,25.775617538320603,0.12903225806451613
0.65,20,63,0,0.998958,19.208066728608134,0.12698412698412698
0.65,20,63,1,0.99993,22.535959824880045,0.12698412698412698
0.65,20,63,2,0.999992,25.769500002153865,0.12698412698412698
0.65,20,64,0,0.999114,19.217266498117336,0.125
0.65,20,64,1,0.999944,22.543693985324715,0.125
0.65,20,64,2,0.999998,25.777495593452738,0.125
0.65,40,10,0,0.534776,17.06581713292467,0.8
0.65,40,10,1,0.50375,19.17974957052873,0.8
0.65,40,10,2,0.481742,21.33933364587428,0.8
0.65,40,11,0,0.549516,17.089066350416346,0.7272727272727273
0.65,40,11,1,0.533702,19.26532755386685,0.7272727272727273
0.65,40,11,2,0.520324,21.51734784480439,0.7272727272727273
0.65,40,12,0,0.56363,17.117907410617168,0.6666666666666666
0.65,40,12,1,0.561122,19.36777083716609,0.6666666666666666
0.65,40,12,2,0.560078,21.71829054304799,0.6666666666666666
0.65,40,13,0,0.578666,17.152240936647658,0.6153846153846154
0.65,40,13,1,0.587938,19.481286880851126,0.6153846153846154
0.65,40,13,2,0.594518,21.932657728937237,0.6153846153846154
0.65,40,14,0,0.594236,17.19262050508811,0.5714285714285714
0.65,40,14,1,0.613442,19.606209401528282,0.5714285714285714
0.65,40,14,2,0.629006,22.170995556114303,0.5714285714285714
0.65,40,15,0,0.608246,17.234547560336797,0.5333333333333333
0.65,40,15,1,0.637314,19.73705450350401,0.5333333333333333
0.65,40,15,2,0.660624,22.405177936664078,0.5333333333333333
0.65,40,16,0,0.624326,17.281650069896912,0.5
0.65,40,16,1,0.659176,19.875559089623316,0.5
0.65,40,16,2,0.689156,22.640598399737122,0.5
0.65,40,17,0,0.636328,17.33460060027098,0.47058823529411764
0.65,40,17,1,0.681346,20.014537965461585,0.47058823529411764
0.65,40,17,2,0.716282,22.882524190622817,0.47058823529411764
0.65,40,18,0,0.650466,17.391999321669754,0.4444444444444444
0.65,40,18,1,0.702318,20.163569888459477,0.4444444444444444
0.65,40,18,2,0.74271,23.11328342255959,0.4444444444444444
0.65,40,19,0,0.665182,17.450514989188612,0.42105263157894735
0.65,40,19,1,0.723268,20.315184264073196,0.42105263157894735
0.65,40,19,2,0.766044,23.3418466021032,0.42105263157894735
0.65,40,20,0,0.677142,17.515870151539627,0.4
0.65,40,20,1,0.743354,20.455354018098014,0.4
0.65,40,20,2,0.7881,23.574886533337242,0.4
0.65,40,21,0,0.693418,17.58005965765571,0.38095238095238093
0.65,40,21,1,0.7607,20.60056021275951,0.38095238095238093
0.65,40,21,2,0.808784,23.793498111885352,0.38095238095238093
0.65,40,22,0,0.70636,17.652720665426656,0.36363636363636365
0.65,40,22,1,0.77801,20.747778108448284,0.36363636363636365
0.65,40,22,2,0.82741,24.00660169407223,0.36363636363636365
0.65,40,23,0,0.721664,17.723392635737575,0.34782608695652173
0.65,40,23,1,0.79624,20.89902107211587,0.34782608695652173
0.65,40,23,2,0.844572,24.221535149892954,0.34782608695652173
0.65,40,24,0,0.735612,17.800875848430127,0.3333333333333333
0.65,40,24,1,0.811522,21.033527599517196,0.3333333333333333
0.65,40,24,2,0.860502,24.41350022339375,0.3333333333333333
0.65,40,25,0,0.747414,17.87127091133304,0.32
0.65,40,25,1,0.826342,21.193756989795432,0.32
0.65,40,25,2,0.875776,24.60994745934331,0.32
0.65,40,26,0,0.763354,17.952114312927904,0.3076923076923077
0.65,40,26,1,0.841894,21.330584555592694,0.3076923076923077
0.65,40,26,2,0.889018,24.789009204105408,0.3076923076923077
0.65,40,27,0,0.77626,18.032181673864233,0.2962962962962963
0.65,40,27,1,0.854948,21.470622954666435,0.2962962962962963
0.65,40,27,2,0.90072,24.96433622332904,0.2962962962962963
0.65,40,28,0,0.79123,18.117190712804508,0.2857142857142857
0.65,40,28,1,0.8678,21.602676529508752,0.2857142857142857
0.65,40,28,2,0.912682,25.12466681039635,0.2857142857142857
0.65,40,29,0,0.804974,18.199723029754807,0.27586206896551724
0.65,40,29,1,0.8799,21.732192032311364,0.27586206896551724
0.65,40,29,2,0.922868,25.27194175781785,0.27586206896551724
0.65,40,30,0,0.81754,18.283442024008238,0.26666666666666666
0.65,40,30,1,0.89144,21.849282750812865,0.26666666666666666
0.65,40,30,2,0.93209,25.427262099978783,0.26666666666666666
0.65,40,31,0,0.829642,18.368021294819837,0.25806451612903225
0.65,40,31,1,0.901036,21.979984493063892,0.25806451612903225
0.65,40,31,2,0.940404,25.549536524891273,0.25806451612903225
0.65,40,32,0,0.841794,18.446650614868137,0.25
0.65,40,32,1,0.911694,22.095198186436036,0.25
0.65,40,32,2,0.947492,25.705602263660264,0.25
0.65,40,33,0,0.853972,18.52947169228031,0.24242424242424243
0.65,40,33,1,0.920132,22.199814809179557,0.24242424242424243
0.65,40,33,2,0.953932,25.80868951633063,0.24242424242424243
0.65,40,34,0,0.864154,18.608563537731257,0.23529411764705882
0.65,40,34,1,0.929136,22.314706268056483,0.23529411764705882
0.65,40,34,2,0.96016,25.91254362253727,0.23529411764705882
0.65,40,35,0,0.875902,18.686744108886085,0.22857142857142856
0.65,40,35,1,0.936532,22.409789932020885,0.22857142857142856
0.65,40,35,2,0.9654,26.018343333173966,0.22857142857142856
0.65,40,36,0,0.886116,18.75316875512392,0.2222222222222222
0.65,40,36,1,0.943336,22.495808247783163,0.2222222222222222
0.65,40,36,2,0.969968,26.107317457895522,0.2222222222222222
0.65,40,37,0,0.896396,18.8264645313009,0.21621621621621623
0.65,40,37,1,0.949056,22.586301140696246,0.21621621621621623
0.65,40,37,2,0.973862,26.20578981890184,0.21621621621621623
0.65,40,38,0,0.904812,18.889792320648674,0.21052631578947367
0.65,40,38,1,0.95544,22.67074493266091,0.21052631578947367
0.65,40,38,2,0.97772,26.274974115603335,0.21052631578947367
0.65,40,39,0,0.913118,18.957942203779538,0.20512820512820512
0.65,40,39,1,0.96012,22.75131233595802,0.20512820512820512
0.65,40,39,2,0.980334,26.330610477967397,0.20512820512820512
0.65,40,40,0,0.92232,19.025702951420172,0.2
0.65,40,40,1,0.965078,22.821210784556754,0.2
0.65,40,40,2,0.983182,26.387302225755842,0.2
0.65,40,41,0,0.92903,19.09000288969719,0.1951219512195122
0.65,40,41,1,0.969248,22.88517410484131,0.1951219512195122
0.65,40,41,2,0.986018,26.45254896267302,0.1951219512195122
0.65,40,42,0,0.935982,19.147381902314688,0.19047619047619047
0.65,40,42,1,0.9724,22.949442299781673,0.19047619047619047
0.65,40,42,2,0.987764,26.493075230053403,0.19047619047619047
0.65,40,43,0,0.94212,19.20432967872785,0.18604651162790697
0.65,40,43,1,0.97663,22.99856059179959,0.18604651162790697
0.65,40,43,2,0.989558,26.543902195960996,0.18604651162790697
0.65,40,44,0,0.948526,19.240394286260184,0.18181818181818182
0.65,40,44,1,0.979352,23.053709532896796,0.18181818181818182
0.65,40,44,2,0.991272,26.589642282456666,0.18181818181818182
0.65,40,45,0,0.953276,19.28987149415442,0.17777777777777778
0.65,40,45,1,0.982326,23.103872065657658,0.17777777777777778
0.65,40,45,2,0.992576,26.62462486887267,0.17777777777777778
0.65,40,46,0,0.958488,19.341375527031996,0.17391304347826086
0.65,40,46,1,0.983998,23.1464600381458,0.17391304347826086
0.65,40,46,2,0.993688,26.648738375085074,0.17391304347826086
0.65,40,47,0,0.96272,19.386510256197187,0.1702127659574468
0.65,40,47,1,0.98648,23.178902219546732,0.1702127659574468
0.65,40,47,2,0.994698,26.682052859646465,0.1702127659574468
0.65,40,48,0,0.967542,19.42389561144871,0.16666666666666666
0.65,40,48,1,0.988332,23.231067402140475,0.16666666666666666
0.65,40,48,2,0.995522,26.698559225133227,0.16666666666666666
0.65,40,49,0,0.970902,19.46146311526649,0.16326530612244897
0.65,40,49,1,0.989864,23.234029740837737,0.16326530612244897
0.65,40,49,2,0.99618,26.73240297165943,0.16326530612244897
0.65,40,50,0,0.974218,19.482218045653028,0.16
0.65,40,50,1,0.991102,23.27223480684981,0.16
0.65,40,50,2,0.99678,26.742282457204507,0.16
0.65,40,51,0,0.977036,19.519010125443767,0.1568627450980392
0.65,40,51,1,0.992366,23.307553711185044,0.1568627450980392
0.65,40,51,2,0.997198,26.762514912939913,0.1568627450980392
0.65,40,52,0,0.979698,19.54908808632865,0.15384615384615385
0.65,40,52,1,0.99352,23.336534977422936,0.15384615384615385
0.65,40,52,2,0.997624,26.76829531582425,0.15384615384615385
0.65,40,53,0,0.982246,19.566872954746252,0.1509433962264151
0.65,40,53,1,0.994402,23.35213409280538,0.1509433962264151
0.65,40,53,2,0.998162,26.802686414553026,0.1509433962264151
0.65,40,54,0,0.984088,19.595238668461803,0.14814814814814814
0.65,40,54,1,0.99526,23.386869530806788,0.14814814814814814
0.65,40,54,2,0.998522,26.79553302858547,0.14814814814814814
0.65,40,55,0,0.986182,19.624066699811845,0.14545454545454545
0.65,40,55,1,0.995966,23.384104554696727,0.14545454545454545
0.65,40,55,2,0.998738,26.82674342712811,0.14545454545454545
0.65,40,56,0,0.987958,19.63884792984815,0.14285714285714285
0.65,40,56,1,0.99654,23.3891298508223,0.14285714285714285
0.65,40,56,2,0.998904,26.8249824884997,0.14285714285714285
0.65,40,57,0,0.989644,19.658665913430244,0.14035087719298245
0.65,40,57,1,0.997002,23.411033200612355,0.14035087719298245
0.65,40,57,2,0.999056,26.819940331365114,0.14035087719298245
0.65,40,58,0,0.99084,19.667928610689295,0.13793103448275862
0.65,40,58,1,0.997322,23.424120949749575,0.13793103448275862
0.65,40,58,2,0.999278,26.817601923973722,0.13793103448275862
0.65,40,59,0,0.991918,19.688479599818034,0.13559322033898305
0.65,40,59,1,0.997928,23.419118644600847,0.13559322033898305
0.65,40,59,2,0.999418,26.842395928276407,0.13559322033898305
0.65,40,60,0,0.993184,19.68465077196944,0.13333333333333333
0.65,40,60,1,0.998232,23.440645754000776,0.13333333333333333
0.65,40,60,2,0.99949,26.84580790049078,0.13333333333333333
0.65,40,61,0,0.993836,19.700333432199148,0.13114754098360656
0.65,40,61,1,0.998486,23.440812081799535,0.13114754098360656
0.65,40,61,2,0.999598,26.828264385359834,0.13114754098360656
0.65,40,62,0,0.99475,19.724956792390824,0.12903225806451613
0.65,40,62,1,0.99873,23.47364152473642,0.12903225806451613
0.65,40,62,2,0.999672,26.842479140850504,0.12903225806451613
0.65,40,63,0,0.995454,19.73784168986056,0.12698412698412698
0.65,40,63,1,0.998936,23.450204094079176,0.12698412698412698
0.65,40,63,2,0.99965,26.830725754013905,0.12698412698412698
0.65,40,64,0,0.996026,19.737367645175777,0.125
0.65,40,64,1,0.999098,23.468861990438445,0.125
0.65,40,64,2,0.99976,26.837873974369234,0.125
0.75,2,10,0,0.540738,17.318906682235138,0.8
0.75,2,10,1,0.528904,19.722650700606998,0.8
0.75,2,10,2,0.526604,22.11732849322481,0.8
0.75,2,11,0,0.687844,17.43947280309086,0.7272727272727273
0.75,2,11,1,0.706056,19.984599173218772,0.7272727272727273
0.75,2,11,2,0.71103,22.51314209397201,0.7272727272727273
0.75,2,12,0,0.798504,17.540064343399084,0.6666666666666666
0.75,2,12,1,0.830972,20.18865441731074,0.6666666666666666
0.75,2,12,2,0.839114,22.82202441182925,0.6666666666666666
0.75,2,13,0,0.874144,17.619915993421962,0.6153846153846154
0.75,2,13,1,0.908066,20.337234467369278,0.6153846153846154
0.75,2,13,2,0.916608,23.038667481711837,0.6153846153846154
0.75,2,14,0,0.923944,17.682455904753468,0.5714285714285714
0.75,2,14,1,0.952194,20.439569441327485,0.5714285714285714
0.75,2,14,2,0.959422,23.176980916234342,0.5714285714285714
0.75,2,15,0,0.9554,17.724430766010208,0.5333333333333333
0.75,2,15,1,0.976778,20.506505139267137,0.5333333333333333
0.75,2,15,2,0.980624,23.27246850357135,0.5333333333333333
0.75,2,16,0,0.97381,17.758103578884842,0.5
0.75,2,16,1,0.988746,20.542980315859296,0.5
0.75,2,16,2,0.99161,23.31895545938113,0.5
0.75,2,17,0,0.985244,17.77809550027904,0.47058823529411764
0.75,2,17,1,0.99498,20.56753208800486,0.47058823529411764
0.75,2,17,2,0.99642,23.342897573312456,0.47058823529411764
0.75,2,18,0,0.991778,17.792493535696646,0.4444444444444444
0.75,2,18,1,0.99778,20.578257192505827,0.4444444444444444
0.75,2,18,2,0.998416,23.35680487122372,0.4444444444444444
0.75,2,19,0,0.995628,17.7994057326323,0.42105263157894735
0.75,2,19,1,0.998964,20.58390184538875,0.42105263157894735
0.75,2,19,2,0.99941,23.366813920212934,0.42105263157894735
0.75,2,20,0,0.997686,17.80665826106225,0.4
0.75,2,20,1,0.999628,20.585692877750528,0.4
0.75,2,20,2,0.99975,23.3691309365803,0.4
0.75,2,21,0,0.998722,17.8098065096424,0.38095238095238093
0.75,2,21,1,0.999836,20.588142993912548,0.38095238095238093
0.75,2,21,2,0.999924,23.3667191398854,0.38095238095238093
0.75,2,22,0,0.999344,17.81233315978358,0.36363636363636365
0.75,2,22,1,0.99994,20.58493432682884,0.36363636363636365
0.75,2,22,2,0.999972,23.37052860557018,0.36363636363636365
0.75,2,23,0,0.99963,17.81349022215142,0.34782608695652173
0.75,2,23,1,0.999972,20.588119159644165,0.34782608695652173
0.75,2,23,2,0.99999,23.36879080329264,0.34782608695652173
0.75,2,24,0,0.999804,17.813945187102824,0.3333333333333333
0.75,2,24,1,0.999988,20.58887322032479,0.3333333333333333
0.75,2,24,2,0.999996,23.369348092776985,0.3333333333333333
0.75,2,25,0,0.99991,17.814320788871,0.32
0.75,2,25,1,0.999996,20.588002352009404,0.32
0.75,2,25,2,0.999994,23.36675827747274,0.32
0.75,2,26,0,0.999952,17.81576381050906,0.3076923076923077
0.75,2,26,1,1.0,20.588066538461536,0.3076923076923077
0.75,2,26,2,1.0,23.366862115384613,0.3076923076923077
0.75,2,27,0,0.999978,17.815458093924224,0.2962962962962963
0.75,2,27,1,0.999998,20.58926733238082,0.2962962962962963
0.75,2,27,2,1.0,23.368810961538458,0.2962962962962963
0.75,2,28,0,0.99999,17.815870851016204,0.2857142857142857
0.75,2,28,1,1.0,20.589595384615382,0.2857142857142857
0.75,2,28,2,1.0,23.368973653846155,0.2857142857142857
0.75,2,29,0,0.999988,17.815896098445492,0.27586206896551724
0.75,2,29,1,1.0,20.586852692307687,0.27586206896551724
0.75,2,29,2,1.0,23.371161346153848,0.27586206896551724
0.75,2,30,0,0.999996,17.816337419195836,0.26666666666666666
0.75,2,30,1,1.0,20.588626153846153,0.26666666666666666
0.75,2,30,2,1.0,23.371036730769237,0.26666666666666666
0.75,2,31,0,1.0,17.81412576923077,0.25806451612903225
0.75,2,31,1,1.0,20.58876576923077,0.25806451612903225
0.75,2,31,2,1.0,23.369970576923073,0.25806451612903225
0.75,2,32,0,1.0,17.814832499999998,0.25
0.75,2,32,1,1.0,20.586505384615396,0.25
0.75,2,32,2,1.0,23.371902115384607,0.25
0.75,2,33,0,1.0,17.81576769230769,0.24242424242424243
0.75,2,33,1,1.0,20.587360384615383,0.24242424242424243
0.75,2,33,2,1.0,23.371379423076927,0.24242424242424243
0.75,2,34,0,1.0,17.816023846153847,0.23529411764705882
0.75,2,34,1,1.0,20.58775615384616,0.23529411764705882
0.75,2,34,2,1.0,23.370186923076925,0.23529411764705882
0.75,2,35,0,1.0,17.814263653846147,0.22857142857142856
0.75,2,35,1,1.0,20.588037692307704,0.22857142857142856
0.75,2,35,2,1.0,23.37044999999999,0.22857142857142856
0.75,2,36,0,1.0,17.815309615384614,0.2222222222222222
0.75,2,36,1,1.0,20.59122807692308,0.2222222222222222
0.75,2,36,2,1.0,23.369160576923075,0.2222222222222222
0.75,2,37,0,1.0,17.81516076923076,0.21621621621621623
0.75,2,37,1,1.0,20.589081923076925,0.21621621621621623
0.75,2,37,2,1.0,23.36956903846155,0.21621621621621623
0.75,2,38,0,1.0,17.81483596153846,0.21052631578947367
0.75,2,38,1,1.0,20.588184230769233,0.21052631578947367
0.75,2,38,2,1.0,23.371277307692303,0.21052631578947367
0.75,2,39,0,1.0,17.815148076923077,0.20512820512820512
0.75,2,39,1,1.0,20.58966115384615,0.20512820512820512
0.75,2,39,2,1.0,23.368198269230763,0.20512820512820512
0.75,2,40,0,1.0,17.81487461538463,0.2
0.75,2,40,1,1.0,20.58820730769231,0.2
0.75,2,40,2,1.0,23.37162865384615,0.2
0.75,2,41,0,1.0,17.813000192307697,0.1951219512195122
0.75,2,41,1,1.0,20.589054230769232,0.1951219512195122
0.75,2,41,2,1.0,23.36748173076923,0.1951219512195122
0.75,2,42,0,1.0,17.814169615384618,0.19047619047619047
0.75,2,42,1,1.0,20.587723846153843,0.19047619047619047
0.75,2,42,2,1.0,23.370780576923067,0.19047619047619047
0.75,2,43,0,1.0,17.81501019230769,0.18604651162790697
0.75,2,43,1,1.0,20.590832307692313,0.18604651162790697
0.75,2,43,2,1.0,23.36915365384615,0.18604651162790697
0.75,2,44,0,1.0,17.815570384615384,0.18181818181818182
0.75,2,44,1,1.0,20.58914423076923,0.18181818181818182
0.75,2,44,2,1.0,23.368350576923078,0.18181818181818182
0.75,2,45,0,1.0,17.814832499999994,0.17777777777777778
0.75,2,45,1,1.0,20.590293461538458,0.17777777777777778
0.75,2,45,2,1.0,23.368089230769233,0.17777777777777778
0.75,2,46,0,1.0,17.814540576923086,0.17391304347826086
0.75,2,46,1,1.0,20.587288846153843,0.17391304347826086
0.75,2,46,2,1.0,23.366796346153848,0.17391304347826086
0.75,2,47,0,1.0,17.81654538461538,0.1702127659574468
0.75,2,47,1,1.0,20.58909576923076,0.1702127659574468
0.75,2,47,2,1.0,23.367841730769232,0.1702127659574468
0.75,2,48,0,1.0,17.81600076923077,0.16666666666666666
0.75,2,48,1,1.0,20.590415769230766,0.16666666666666666
0.75,2,48,2,1.0,23.367992307692305,0.16666666666666666
0.75,2,49,0,1.0,17.814581538461546,0.16326530612244897
0.75,2,49,1,1.0,20.590036153846153,0.16326530612244897
0.75,2,49,2,1.0,23.366502115384623,0.16326530612244897
0.75,2,50,0,1.0,17.81456538461538,0.16
0.75,2,50,1,1.0,20.59113923076923,0.16
0.75,2,50,2,1.0,23.371945384615387,0.16
0.75,2,51,0,1.0,17.81549480769231,0.1568627450980392
0.75,2,51,1,1.0,20.589014999999996,0.1568627450980392
0.75,2,51,2,1.0,23.374995,0.1568627450980392
0.75,2,52,0,1.0,17.814665192307697,0.15384615384615385
0.75,2,52,1,1.0,20.591959615384614,0.15384615384615385
0.75,2,52,2,1.0,23.36865346153846,0.15384615384615385
0.75,2,53,0,1.0,17.816174999999998,0.1509433962264151
0.75,2,53,1,1.0,20.589150000000007,0.1509433962264151
0.75,2,53,2,1.0,23.369195192307696,0.1509433962264151
0.75,2,54,0,1.0,17.814962307692312,0.14814814814814814
0.75,2,54,1,1.0,20.588575384615382,0.14814814814814814
0.75,2,54,2,1.0,23.371112884615382,0.14814814814814814
0.75,2,55,0,1.0,17.8133423076923,0.14545454545454545
0.75,2,55,1,1.0,20.591475000000003,0.14545454545454545
0.75,2,55,2,1.0,23.371268653846148,0.14545454545454545
0.75,2,56,0,1.0,17.813955,0.14285714285714285
0.75,2,56,1,1.0,20.591417307692314,0.14285714285714285
0.75,2,56,2,1.0,23.368203461538457,0.14285714285714285
0.75,2,57,0,1.0,17.81620096153846,0.14035087719298245
0.75,2,57,1,1.0,20.588005384615386,0.14035087719298245
0.75,2,57,2,1.0,23.37175153846155,0.14035087719298245
0.75,2,58,0,1.0,17.815774038461537,0.13793103448275862
0.75,2,58,1,1.0,20.586230769230767,0.13793103448275862
0.75,2,58,2,1.0,23.369987884615387,0.13793103448275862
0.75,2,59,0,1.0,17.814842884615384,0.13559322033898305
0.75,2,59,1,1.0,20.585781923076926,0.13559322033898305
0.75,2,59,2,1.0,23.372230961538456,0.13559322033898305
0.75,2,60,0,1.0,17.815404230769236,0.13333333333333333
0.75,2,60,1,1.0,20.587317692307696,0.13333333333333333
0.75,2,60,2,1.0,23.369712692307697,0.13333333333333333
0.75,2,61,0,1.0,17.815041346153844,0.13114754098360656
0.75,2,61,1,1.0,20.58908307692307,0.13114754098360656
0.75,2,61,2,1.0,23.368963269230772,0.13114754098360656
0.75,2,62,0,1.0,17.814042115384616,0.12903225806451613
0.75,2,62,1,1.0,20.587075384615385,0.12903225806451613
0.75,2,62,2,1.0,23.376924807692305,0.12903225806451613
0.75,2,63,0,1.0,17.815453846153854,0.12698412698412698
0.75,2,63,1,1.0,20.589960000000005,0.12698412698412698
0.75,2,63,2,1.0,23.37149019230769,0.12698412698412698
0.75,2,64,0,1.0,17.816054423076924,0.125
0.75,2,64,1,1.0,20.589984230769236,0.125
0.75,2,64,2,1.0,23.371448653846144,0.125
0.75,3,10,0,0.556448,17.247826668163338,0.8
0.75,3,10,1,0.538348,19.641140760537507,0.8
0.75,3,10,2,0.533534,22.048485627474967,0.8
0.75,3,11,0,0.668654,17.354926119085157,0.7272727272727273
0.75,3,11,1,0.690462,19.88609633282331,0.7272727272727273
0.75,3,11,2,0.700822,22.433768708525353,0.7272727272727273
0.75,3,12,0,0.75723,17.45001493296925,0.6666666666666666
0.75,3,12,1,0.79875,20.087014806789455,0.6666666666666666
0.75,3,12,2,0.821214,22.74033930254478,0.6666666666666666
0.75,3,13,0,0.824496,17.533678616531052,0.6153846153846154
0.75,3,13,1,0.875506,20.246636274864528,0.6153846153846154
0.75,3,13,2,0.898176,22.965749688599654,0.6153846153846154
0.75,3,14,0,0.875602,17.603622993095037,0.5714285714285714
0.75,3,14,1,0.9256,20.368649441526497,0.5714285714285714
0.75,3,14,2,0.945078,23.12934915262183,0.5714285714285714
0.75,3,15,0,0.9123,17.662253054410236,0.5333333333333333
0.75,3,15,1,0.955838,20.457194065875665,0.5333333333333333
0.75,3,15,2,0.970816,23.237379094572933,0.5333333333333333
0.75,3,16,0,0.939682,17.709046169956355,0.5
0.75,3,16,1,0.975028,20.51694097305608,0.5
0.75,3,16,2,0.985078,23.30479433334995,0.5
0.75,3,17,0,0.958082,17.745515358971204,0.47058823529411764
0.75,3,17,1,0.986104,20.55733043292672,0.47058823529411764
0.75,3,17,2,0.993004,23.347074208082827,0.47058823529411764
0.75,3,18,0,0.971586,17.778216790342324,0.4444444444444444
0.75,3,18,1,0.992104,20.587951697371683,0.4444444444444444
0.75,3,18,2,0.996538,23.375670996065306,0.4444444444444444
0.75,3,19,0,0.980624,17.799625740658698,0.42105263157894735
0.75,3,19,1,0.995834,20.6025811221858,0.42105263157894735
0.75,3,19,2,0.998378,23.385994005353595,0.42105263157894735
0.75,3,20,0,0.987356,17.818724374062572,0.4
0.75,3,20,1,0.997682,20.61622918848969,0.4
0.75,3,20,2,0.999246,23.390615755048543,0.4
0.75,3,21,0,0.991434,17.828969879060963,0.38095238095238093
0.75,3,21,1,0.99888,20.618932050049896,0.38095238095238093
0.75,3,21,2,0.999666,23.392984025895416,0.38095238095238093
0.75,3,22,0,0.994534,17.837913767421956,0.36363636363636365
0.75,3,22,1,0.999414,20.622381253876306,0.36363636363636365
0.75,3,22,2,0.999866,23.397839733601224,0.36363636363636365
0.75,3,23,0,0.996258,17.8448226339887,0.34782608695652173
0.75,3,23,1,0.999716,20.62432884785433,0.34782608695652173
0.75,3,23,2,0.999936,23.397608408476607,0.34782608695652173
0.75,3,24,0,0.997722,17.852614409470927,0.3333333333333333
0.75,3,24,1,0.99981,20.627209169742258,0.3333333333333333
0.75,3,24,2,0.999978,23.39634010409767,0.3333333333333333
0.75,3,25,0,0.998508,17.85392112724493,0.32
0.75,3,25,1,0.999914,20.622227357706613,0.32
0.75,3,25,2,0.999988,23.401578318939816,0.32
0.75,3,26,0,0.999008,17.856780079685205,0.3076923076923077
0.75,3,26,1,0.99995,20.626980964432832,0.3076923076923077
0.75,3,26,2,0.999996,23.40156302932903,0.3076923076923077
0.75,3,27,0,0.999346,17.85850869545606,0.2962962962962963
0.75,3,27,1,0.999986,20.626278767902754,0.2962962962962963
0.75,3,27,2,0.999998,23.3954815986555,0.2962962962962963
0.75,3,28,0,0.999576,17.86224551517535,0.2857142857142857
0.75,3,28,1,0.999992,20.62780502244017,0.2857142857142857
0.75,3,28,2,0.999998,23.400230838923218,0.2857142857142857
0.75,3,29,0,0.99975,17.861870275261126,0.27586206896551724
0.75,3,29,1,0.999996,20.62717789332697,0.27586206896551724
0.75,3,29,2,1.0,23.40039057692308,0.27586206896551724
0.75,3,30,0,0.99984,17.86176442076886,0.26666666666666666
0.75,3,30,1,1.0,20.62669730769231,0.26666666666666666
0.75,3,30,2,1.0,23.397401538461555,0.26666666666666666
0.75,3,31,0,0.99992,17.861743747192083,0.25806451612903225
0.75,3,31,1,1.0,20.625991153846158,0.25806451612903225
0.75,3,31,2,1.0,23.398701346153842,0.25806451612903225
0.75,3,32,0,0.99994,17.860626060640563,0.25
0.75,3,32,1,0.999998,20.626993561679427,0.25
0.75,3,32,2,1.0,23.393183653846158,0.25
0.75,3,33,0,0.99995,17.862458699858074,0.24242424242424243
0.75,3,33,1,1.0,20.626243846153855,0.24242424242424243
0.75,3,33,2,1.0,23.396923846153847,0.24242424242424243
0.75,3,34,0,0.999976,17.860034410056613,0.23529411764705882
0.75,3,34,1,1.0,20.627184230769224,0.23529411764705882
0.75,3,34,2,1.0,23.397661153846155,0.23529411764705882
0.75,3,35,0,0.999972,17.86093029835605,0.22857142857142856
0.75,3,35,1,1.0,20.62512692307692,0.22857142857142856
0.75,3,35,2,1.0,23.40088384615384,0.22857142857142856
0.75,3,36,0,0.999986,17.86129640430351,0.2222222222222222
0.75,3,36,1,1.0,20.625943846153852,0.2222222222222222
0.75,3,36,2,1.0,23.396395961538456,0.2222222222222222
0.75,3,37,0,0.999996,17.863585877420437,0.21621621621621623
0.75,3,37,1,1.0,20.627133461538467,0.21621621621621623
0.75,3,37,2,1.0,23.39678019230768,0.21621621621621623
0.75,3,38,0,0.999992,17.861805394443152,0.21052631578947367
0.75,3,38,1,1.0,20.626637307692313,0.21052631578947367
0.75,3,38,2,1.0,23.394819230769226,0.21052631578947367
0.75,3,39,0,1.0,17.860773461538464,0.20512820512820512
0.75,3,39,1,1.0,20.62457999999999,0.20512820512820512
0.75,3,39,2,1.0,23.39510826923076,0.20512820512820512
0.75,3,40,0,0.999994,17.86054947098913,0.2
0.75,3,40,1,1.0,20.625516923076916,0.2
0.75,3,40,2,1.0,23.397913846153852,0.2
0.75,3,41,0,0.999996,17.860708750527305,0.1951219512195122
0.75,3,41,1,1.0,20.629276153846156,0.1951219512195122
0.75,3,41,2,1.0,23.39749846153847,0.1951219512195122
0.75,3,42,0,0.999998,17.86431226708607,0.19047619047619047
0.75,3,42,1,1.0,20.628648461538464,0.19047619047619047
0.75,3,42,2,1.0,23.39771134615384,0.19047619047619047
0.75,3,43,0,1.0,17.86165903846154,0.18604651162790697
0.75,3,43,1,1.0,20.62926115384615,0.18604651162790697
0.75,3,43,2,1.0,23.402595576923076,0.18604651162790697
0.75,3,44,0,1.0,17.862458076923076,0.18181818181818182
0.75,3,44,1,1.0,20.62698346153847,0.18181818181818182
0.75,3,44,2,1.0,23.40220615384615,0.18181818181818182
0.75,3,45,0,1.0,17.861889230769226,0.17777777777777778
0.75,3,45,1,1.0,20.62927961538461,0.17777777777777778
0.75,3,45,2,1.0,23.396508461538453,0.17777777777777778
0.75,3,46,0,1.0,17.862092307692308,0.17391304347826086
0.75,3,46,1,1.0,20.62892192307692,0.17391304347826086
0.75,3,46,2,1.0,23.398085192307693,0.17391304347826086
0.75,3,47,0,1.0,17.86183442307692,0.1702127659574468
0.75,3,47,1,1.0,20.626960384615384,0.1702127659574468
0.75,3,47,2,1.0,23.400250384615386,0.1702127659574468
0.75,3,48,0,0.999998,17.861578223156446,0.16666666666666666
0.75,3,48,1,1.0,20.62968923076923,0.16666666666666666
0.75,3,48,2,1.0,23.3982548076923,0.16666666666666666
0.75,3,49,0,1.0,17.861670576923075,0.16326530612244897
0.75,3,49,1,1.0,20.628761538461532,0.16326530612244897
0.75,3,49,2,1.0,23.400629423076914,0.16326530612244897
0.75,3,50,0,1.0,17.86069615384615,0.16
0.75,3,50,1,1.0,20.62683115384615,0.16
0.75,3,50,2,1.0,23.398945384615384,0.16
0.75,3,51,0,1.0,17.860532307692303,0.1568627450980392
0.75,3,51,1,1.0,20.628921923076916,0.1568627450980392
0.75,3,51,2,1.0,23.393934807692307,0.1568627450980392
0.75,3,52,0,1.0,17.86082942307692,0.15384615384615385
0.75,3,52,1,1.0,20.63022461538462,0.15384615384615385
0.75,3,52,2,1.0,23.399587499999996,0.15384615384615385
0.75,3,53,0,1.0,17.861700000000003,0.1509433962264151
0.75,3,53,1,1.0,20.629862307692317,0.1509433962264151
0.75,3,53,2,1.0,23.404374807692303,0.1509433962264151
0.75,3,54,0,1.0,17.862830769230772,0.14814814814814814
0.75,3,54,1,1.0,20.62788461538462,0.14814814814814814
0.75,3,54,2,1.0,23.399526923076927,0.14814814814814814
0.75,3,55,0,1.0,17.860917692307694,0.14545454545454545
0.75,3,55,1,1.0,20.628121153846156,0.14545454545454545
0.75,3,55,2,1.0,23.40115038461539,0.14545454545454545
0.75,3,56,0,1.0,17.863006153846158,0.14285714285714285
0.75,3,56,1,1.0,20.627848846153846,0.14285714285714285
0.75,3,56,2,1.0,23.396889230769233,0.14285714285714285
0.75,3,57,0,1.0,17.86212115384616,0.14035087719298245
0.75,3,57,1,1.0,20.627176153846158,0.14035087719298245
0.75,3,57,2,1.0,23.395428461538465,0.14035087719298245
0.75,3,58,0,1.0,17.86047634615385,0.13793103448275862
0.75,3,58,1,1.0,20.625981923076925,0.13793103448275862
0.75,3,58,2,1.0,23.40206596153846,0.13793103448275862
0.75,3,59,0,1.0,17.861764615384605,0.13559322033898305
0.75,3,59,1,1.0,20.630329615384618,0.13559322033898305
0.75,3,59,2,1.0,23.402000192307682,0.13559322033898305
0.75,3,60,0,1.0,17.862354807692306,0.13333333333333333
0.75,3,60,1,1.0,20.626336153846157,0.13333333333333333
0.75,3,60,2,1.0,23.40585807692307,0.13333333333333333
0.75,3,61,0,1.0,17.86174903846154,0.13114754098360656
0.75,3,61,1,1.0,20.63039538461538,0.13114754098360656
0.75,3,61,2,1.0,23.396594999999998,0.13114754098360656
0.75,3,62,0,1.0,17.86157711538462,0.12903225806451613
0.75,3,62,1,1.0,20.627499230769228,0.12903225806451613
0.75,3,62,2,1.0,23.396785384615395,0.12903225806451613
0.75,3,63,0,1.0,17.86222557692308,0.12698412698412698
0.75,3,63,1,1.0,20.628078461538465,0.12698412698412698
0.75,3,63,2,1.0,23.399845384615393,0.12698412698412698
0.75,3,64,0,1.0,17.861700000000003,0.125
0.75,3,64,1,1.0,20.62625423076923,0.125
0.75,3,64,2,1.0,23.39865807692308,0.125
0.75,5,10,0,0.580514,17.171102479208738,0.8
0.75,5,10,1,0.555414,19.50456291647727,0.8
0.75,5,10,2,0.54528,21.89077735644637,0.8
0.75,5,11,0,0.656408,17.254602672071684,0.7272727272727273
0.75,5,11,1,0.669214,19.72280282425468,0.7272727272727273
0.75,5,11,2,0.68243,22.244890994737137,0.7272727272727273
0.75,5,12,0,0.721542,17.337016524226005,0.6666666666666666
0.75,5,12,1,0.758484,19.913361592131345,0.6666666666666666
0.75,5,12,2,0.783756,22.543468198697635,0.6666666666666666
0.75,5,13,0,0.776492,17.41529681419275,0.6153846153846154
0.75,5,13,1,0.82807,20.076071699624055,0.6153846153846154
0.75,5,13,2,0.85825,22.787566156534997,0.6153846153846154
0.75,5,14,0,0.8202,17.486811378087896,0.5714285714285714
0.75,5,14,1,0.878378,20.21771553757214,0.5714285714285714
0.75,5,14,2,0.90824,22.98077388897546,0.5714285714285714
0.75,5,15,0,0.856522,17.553428956784618,0.5333333333333333
0.75,5,15,1,0.915526,20.33658666837845,0.5333333333333333
0.75,5,15,2,0.943134,23.127576210314185,0.5333333333333333
0.75,5,16,0,0.885702,17.613339692478608,0.5
0.75,5,16,1,0.941976,20.425537544317645,0.5
0.75,5,16,2,0.965168,23.239984565461064,0.5
0.75,5,17,0,0.910282,17.664854872530636,0.47058823529411764
0.75,5,17,1,0.960032,20.50230457061688,0.47058823529411764
0.75,5,17,2,0.978504,23.316656187561676,0.47058823529411764
0.75,5,18,0,0.929464,17.709815508226736,0.4444444444444444
0.75,5,18,1,0.97353,20.55887456354315,0.4444444444444444
0.75,5,18,2,0.987068,23.37333882538215,0.4444444444444444
0.75,5,19,0,0.94509,17.751683600340876,0.42105263157894735
0.75,5,19,1,0.982274,20.602934149190084,0.42105263157894735
0.75,5,19,2,0.99249,23.411501142813297,0.42105263157894735
0.75,5,20,0,0.956704,17.786057049073616,0.4
0.75,5,20,1,0.988186,20.638221487110258,0.4
0.75,5,20,2,0.995588,23.442872646423712,0.4
0.75,5,21,0,0.967112,17.814593266423046,0.38095238095238093
0.75,5,21,1,0.992248,20.654273853993082,0.38095238095238093
0.75,5,21,2,0.997628,23.45280601741176,0.38095238095238093
0.75,5,22,0,0.97412,17.84262186146707,0.36363636363636365
0.75,5,22,1,0.99482,20.677612726229572,0.36363636363636365
0.75,5,22,2,0.99856,23.460734419101964,0.36363636363636365
0.75,5,23,0,0.980136,17.864259300593137,0.34782608695652173
0.75,5,23,1,0.996752,20.683724197732705,0.34782608695652173
0.75,5,23,2,0.999246,23.468521034090465,0.34782608695652173
0.75,5,24,0,0.98493,17.881278364959943,0.3333333333333333
0.75,5,24,1,0.997984,20.699008046375333,0.3333333333333333
0.75,5,24,2,0.999606,23.47409379295442,0.3333333333333333
0.75,5,25,0,0.98848,17.898110463306526,0.32
0.75,5,25,1,0.998628,20.70084656148236,0.32
0.75,5,25,2,0.9998,23.47713735054702,0.32
0.75,5,26,0,0.991142,17.910048168212494,0.3076923076923077
0.75,5,26,1,0.999208,20.706889856766562,0.3076923076923077
0.75,5,26,2,0.99988,23.481565480165315,0.3076923076923077
0.75,5,27,0,0.993222,17.91991716004927,0.2962962962962963
0.75,5,27,1,0.999538,20.704256520358562,0.2962962962962963
0.75,5,27,2,0.999936,23.483029067706493,0.2962962962962963
0.75,5,28,0,0.994948,17.924923830576695,0.2857142857142857
0.75,5,28,1,0.999686,20.716848167247594,0.2857142857142857
0.75,5,28,2,0.999964,23.480212595345744,0.2857142857142857
0.75,5,29,0,0.996198,17.932963048587652,0.27586206896551724
0.75,5,29,1,0.999772,20.71170072930475,0.27586206896551724
0.75,5,29,2,0.999984,23.481415510340476,0.27586206896551724
0.75,5,30,0,0.997238,17.935020179582164,0.26666666666666666
0.75,5,30,1,0.999874,20.716057146277354,0.26666666666666666
0.75,5,30,2,0.999998,23.48284581184547,0.26666666666666666
0.75,5,31,0,0.997926,17.94259871897392,0.25806451612903225
0.75,5,31,1,0.999912,20.72014529586296,0.25806451612903225
0.75,5,31,2,0.999994,23.48240550981767,0.25806451612903225
0.75,5,32,0,0.998498,17.945645128213343,0.25
0.75,5,32,1,0.999942,20.712157074341082,0.25
0.75,5,32,2,0.999998,23.4832231202924,0.25
0.75,5,33,0,0.998818,17.946645627439327,0.24242424242424243
0.75,5,33,1,0.999968,20.714252856091395,0.24242424242424243
0.75,5,33,2,0.999996,23.479361417445663,0.24242424242424243
0.75,5,34,0,0.999084,17.947911633209863,0.23529411764705882
0.75,5,34,1,0.999986,20.718179285279223,0.23529411764705882
0.75,5,34,2,1.0,23.480618653846157,0.23529411764705882
0.75,5,35,0,0.999344,17.951709398288354,0.22857142857142856
0.75,5,35,1,0.999984,20.716089534355625,0.22857142857142856
0.75,5,35,2,1.0,23.482896346153847,0.22857142857142856
0.75,5,36,0,0.999468,17.95394938568857,0.2222222222222222
0.75,5,36,1,0.999994,20.717238149582748,0.2222222222222222
0.75,5,36,2,1.0,23.48294480769231,0.2222222222222222
0.75,5,37,0,0.999596,17.95501748090844,0.21621621621621623
0.75,5,37,1,0.999994,20.715968911198086,0.21621621621621623
0.75,5,37,2,1.0,23.483012307692313,0.21621621621621623
0.75,5,38,0,0.99971,17.95393664162608,0.21052631578947367
0.75,5,38,1,0.999994,20.715568524180373,0.21052631578947367
0.75,5,38,2,1.0,23.480300192307684,0.21052631578947367
0.75,5,39,0,0.999794,17.954493433339575,0.20512820512820512
0.75,5,39,1,0.999998,20.717521050426726,0.20512820512820512
0.75,5,39,2,1.0,23.473307884615373,0.20512820512820512
0.75,5,40,0,0.999856,17.95417809395322,0.2
0.75,5,40,1,0.999994,20.71617198933963,0.2
0.75,5,40,2,1.0,23.47967365384616,0.2
0.75,5,41,0,0.99992,17.95586762325602,0.1951219512195122
0.75,5,41,1,1.0,20.720188846153842,0.1951219512195122
0.75,5,41,2,1.0,23.482612500000005,0.1951219512195122
0.75,5,42,0,0.999912,17.957500452347496,0.19047619047619047
0.75,5,42,1,1.0,20.714516538461545,0.19047619047619047
0.75,5,42,2,1.0,23.47893807692308,0.19047619047619047
0.75,5,43,0,0.99994,17.954298604070082,0.18604651162790697
0.75,5,43,1,1.0,20.715743076923083,0.18604651162790697
0.75,5,43,2,1.0,23.481461538461545,0.18604651162790697
0.75,5,44,0,0.99997,17.957435069205925,0.18181818181818182
0.75,5,44,1,1.0,20.718130384615378,0.18181818181818182
0.75,5,44,2,1.0,23.476717500000003,0.18181818181818182
0.75,5,45,0,0.999978,17.956348116581644,0.17777777777777778
0.75,5,45,1,1.0,20.718011538461536,0.17777777777777778
0.75,5,45,2,1.0,23.47943307692307,0.17777777777777778
0.75,5,46,0,0.999972,17.956927793978235,0.17391304347826086
0.75,5,46,1,1.0,20.716073076923074,0.17391304347826086
0.75,5,46,2,1.0,23.479498846153845,0.17391304347826086
0.75,5,47,0,0.999976,17.953824737947556,0.1702127659574468
0.75,5,47,1,1.0,20.711724230769228,0.1702127659574468
0.75,5,47,2,1.0,23.484673846153846,0.1702127659574468
0.75,5,48,0,0.999986,17.95554099295851,0.16666666666666666
0.75,5,48,1,1.0,20.71639153846154,0.16666666666666666
0.75,5,48,2,1.0,23.47843615384616,0.16666666666666666
0.75,5,49,0,0.999994,17.958211595423425,0.16326530612244897
0.75,5,49,1,1.0,20.71950346153847,0.16326530612244897
0.75,5,49,2,1.0,23.483986730769228,0.16326530612244897
0.75,5,50,0,0.999996,17.95593143911037,0.16
0.75,5,50,1,1.0,20.71725230769231,0.16
0.75,5,50,2,1.0,23.482345961538456,0.16
0.75,5,51,0,1.0,17.955586730769227,0.1568627450980392
0.75,5,51,1,1.0,20.720412692307686,0.1568627450980392
0.75,5,51,2,1.0,23.47858326923077,0.1568627450980392
0.75,5,52,0,0.999998,17.95349840699681,0.15384615384615385
0.75,5,52,1,1.0,20.71644,0.15384615384615385
0.75,5,52,2,1.0,23.47794980769231,0.15384615384615385
0.75,5,53,0,1.0,17.957367115384617,0.1509433962264151
0.75,5,53,1,1.0,20.716246153846154,0.1509433962264151
0.75,5,53,2,1.0,23.477941153846164,0.1509433962264151
0.75,5,54,0,0.999994,17.95766293828532,0.14814814814814814
0.75,5,54,1,1.0,20.716866923076925,0.14814814814814814
0.75,5,54,2,1.0,23.48322692307692,0.14814814814814814
0.75,5,55,0,0.999998,17.956241681714136,0.14545454545454545
0.75,5,55,1,1.0,20.716772307692313,0.14545454545454545
0.75,5,55,2,1.0,23.47767807692308,0.14545454545454545
0.75,5,56,0,1.0,17.95522788461538,0.14285714285714285
0.75,5,56,1,1.0,20.714742692307702,0.14285714285714285
0.75,5,56,2,1.0,23.480878269230764,0.14285714285714285
0.75,5,57,0,0.999998,17.95973091946184,0.14035087719298245
0.75,5,57,1,1.0,20.71984384615385,0.14035087719298245
0.75,5,57,2,1.0,23.475696346153857,0.14035087719298245
0.75,5,58,0,0.999998,17.956465528315665,0.13793103448275862
0.75,5,58,1,1.0,20.720948076923072,0.13793103448275862
0.75,5,58,2,1.0,23.47632288461538,0.13793103448275862
0.75,5,59,0,1.0,17.953070192307692,0.13559322033898305
0.75,5,59,1,1.0,20.72016576923077,0.13559322033898305
0.75,5,59,2,1.0,23.474528076923075,0.13559322033898305
0.75,5,60,0,1.0,17.957775576923076,0.13333333333333333
0.75,5,60,1,1.0,20.71607076923077,0.13333333333333333
0.75,5,60,2,1.0,23.478226730769233,0.13333333333333333
0.75,5,61,0,1.0,17.955939230769232,0.13114754098360656
0.75,5,61,1,1.0,20.719815,0.13114754098360656
0.75,5,61,2,1.0,23.480848846153844,0.13114754098360656
0.75,5,62,0,1.0,17.9570475,0.12903225806451613
0.75,5,62,1,1.0,20.715106153846158,0.12903225806451613
0.75,5,62,2,1.0,23.480905961538458,0.12903225806451613
0.75,5,63,0,1.0,17.957824038461535,0.12698412698412698
0.75,5,63,1,1.0,20.71917115384615,0.12698412698412698
0.75,5,63,2,1.0,23.48284788461539,0.12698412698412698
0.75,5,64,0,1.0,17.955700961538465,0.125
0.75,5,64,1,1.0,20.721012692307692,0.125
0.75,5,64,2,1.0,23.482288846153832,0.125
0.75,10,10,0,0.617836,17.10423652380742,0.8
0.75,10,10,1,0.583522,19.322561959960378,0.8
0.75,10,10,2,0.566478,21.622443006137516,0.8
0.75,10,11,0,0.660456,17.154425823277347,0.7272727272727273
0.75,10,11,1,0.657658,19.483618092826834,0.7272727272727273
0.75,10,11,2,0.661096,21.912314201312324,0.7272727272727273
0.75,10,12,0,0.699138,17.20985589507255,0.6666666666666666
0.75,10,12,1,0.718088,19.64280840231282,0.6666666666666666
0.75,10,12,2,0.736734,22.182703818996565,0.6666666666666666
0.75,10,13,0,0.732976,17.26965113140446,0.6153846153846154
0.75,10,13,1,0.769592,19.796282165894894,0.6153846153846154
0.75,10,13,2,0.797798,22.4237234622915,0.6153846153846154
0.75,10,14,0,0.764,17.330699003221913,0.5714285714285714
0.75,10,14,1,0.813446,19.93896384592879,0.5714285714285714
0.75,10,14,2,0.84665,22.646952014500584,0.5714285714285714
0.75,10,15,0,0.79169,17.391056814195924,0.5333333333333333
0.75,10,15,1,0.848206,20.070590163238656,0.5333333333333333
0.75,10,15,2,0.88563,22.83068571785926,0.5333333333333333
0.75,10,16,0,0.817356,17.44808400971689,0.5
0.75,10,16,1,0.879042,20.193416854327257,0.5
0.75,10,16,2,0.913496,22.999936507658497,0.5
0.75,10,17,0,0.840066,17.507302997621615,0.47058823529411764
0.75,10,17,1,0.902532,20.30323280248491,0.47058823529411764
0.75,10,17,2,0.936166,23.140059685338507,0.47058823529411764
0.75,10,18,0,0.859074,17.56498320821651,0.4444444444444444
0.75,10,18,1,0.922144,20.40413302711273,0.4444444444444444
0.75,10,18,2,0.952852,23.2475208434985,0.4444444444444444
0.75,10,19,0,0.878218,17.615498964073577,0.42105263157894735
0.75,10,19,1,0.937666,20.48539056633091,0.42105263157894735
0.75,10,19,2,0.9653,23.350815410115633,0.42105263157894735
0.75,10,20,0,0.89301,17.66849970669637,0.4
0.75,10,20,1,0.95145,20.558755260189916,0.4
0.75,10,20,2,0.975168,23.42695033849788,0.4
0.75,10,21,0,0.907272,17.713300251913267,0.38095238095238093
0.75,10,21,1,0.961502,20.62437087614363,0.38095238095238093
0.75,10,21,2,0.981662,23.48780964558849,0.38095238095238093
0.75,10,22,0,0.918602,17.760327859407763,0.36363636363636365
0.75,10,22,1,0.969742,20.677060337856716,0.36363636363636365
0.75,10,22,2,0.98646,23.547200830007526,0.36363636363636365
0.75,10,23,0,0.929916,17.798482294678724,0.34782608695652173
0.75,10,23,1,0.976366,20.7234570295912,0.34782608695652173
0.75,10,23,2,0.99037,23.58310860509787,0.34782608695652173
0.75,10,24,0,0.938466,17.838855766095538,0.3333333333333333
0.75,10,24,1,0.981334,20.76956587038272,0.3333333333333333
0.75,10,24,2,0.99315,23.610428357324594,0.3333333333333333
0.75,10,25,0,0.948356,17.876773879461695,0.32
0.75,10,25,1,0.98544,20.800958494136157,0.32
0.75,10,25,2,0.995062,23.641649774277692,0.32
0.75,10,26,0,0.95536,17.909431241384645,0.3076923076923077
0.75,10,26,1,0.988858,20.822835727988956,0.3076923076923077
0.75,10,26,2,0.996528,23.658650140981806,0.3076923076923077
0.75,10,27,0,0.962064,17.9372294278839,0.2962962962962963
0.75,10,27,1,0.991474,20.85209457372015,0.2962962962962963
0.75,10,27,2,0.997458,23.666460912871276,0.2962962962962963
0.75,10,28,0,0.967006,17.968551503697615,0.2857142857142857
0.75,10,28,1,0.993338,20.866807362959722,0.2857142857142857
0.75,10,28,2,0.998356,23.677754497624857,0.2857142857142857
0.75,10,29,0,0.971982,17.99235717090677,0.27586206896551724
0.75,10,29,1,0.9948,20.883760554885395,0.27586206896551724
0.75,10,29,2,0.998804,23.688088838866676,0.27586206896551724
0.75,10,30,0,0.976458,18.009236720095256,0.26666666666666666
0.75,10,30,1,0.996054,20.9000670491915,0.26666666666666666
0.75,10,30,2,0.99918,23.688758435763482,0.26666666666666666
0.75,10,31,0,0.979944,18.03294607415557,0.25806451612903225
0.75,10,31,1,0.99707,20.912378654071823,0.25806451612903225
0.75,10,31,2,0.999472,23.695972819802705,0.25806451612903225
0.75,10,32,0,0.982532,18.056951521484997,0.25
0.75,10,32,1,0.997676,20.914612867997537,0.25
0.75,10,32,2,0.999572,23.694360032247655,0.25
0.75,10,33,0,0.985754,18.067925473994837,0.24242424242424243
0.75,10,33,1,0.998286,20.923167308767223,0.24242424242424243
0.75,10,33,2,0.999718,23.7010662006686,0.24242424242424243
0.75,10,34,0,0.988062,18.0875522759939,0.23529411764705882
0.75,10,34,1,0.998656,20.9289438851971,0.23529411764705882
0.75,10,34,2,0.99979,23.69771478933653,0.23529411764705882
0.75,10,35,0,0.989612,18.099352807735997,0.22857142857142856
0.75,10,35,1,0.999028,20.937036183786027,0.22857142857142856
0.75,10,35,2,0.999854,23.708302373685026,0.22857142857142856
0.75,10,36,0,0.991342,18.11517697144958,0.2222222222222222
0.75,10,36,1,0.99927,20.937460884907527,0.2222222222222222
0.75,10,36,2,0.99992,23.70137687938112,0.2222222222222222
0.75,10,37,0,0.992726,18.121383016988652,0.21621621621621623
0.75,10,37,1,0.999408,20.938773446187827,0.21621621621621623
0.75,10,37,2,0.99996,23.701293628668218,0.21621621621621623
0.75,10,38,0,0.994132,18.127864694643552,0.21052631578947367
0.75,10,38,1,0.999598,20.941682402479646,0.21052631578947367
0.75,10,38,2,0.999954,23.711869399838562,0.21052631578947367
0.75,10,39,0,0.995186,18.138996127357103,0.20512820512820512
0.75,10,39,1,0.999676,20.94513045303602,0.20512820512820512
0.75,10,39,2,0.999968,23.710084107306823,0.20512820512820512
0.75,10,40,0,0.995792,18.145081039475652,0.2
0.75,10,40,1,0.999796,20.943433614303473,0.2
0.75,10,40,2,0.999986,23.70567822564901,0.2
0.75,10,41,0,0.996494,18.146860778504823,0.1951219512195122
0.75,10,41,1,0.999822,20.948961607473827,0.1951219512195122
0.75,10,41,2,0.999982,23.71059044447417,0.1951219512195122
0.75,10,42,0,0.997272,18.153425236352465,0.19047619047619047
0.75,10,42,1,0.999862,20.946767577002547,0.19047619047619047
0.75,10,42,2,0.999988,23.7090670088041,0.19047619047619047
0.75,10,43,0,0.997666,18.165878583691256,0.18604651162790697
0.75,10,43,1,0.999912,20.94554474639922,0.18604651162790697
0.75,10,43,2,0.999994,23.703370681762557,0.18604651162790697
0.75,10,44,0,0.99819,18.165372015656033,0.18181818181818182
0.75,10,44,1,0.99995,20.94887859777605,0.18181818181818182
0.75,10,44,2,0.999996,23.71090984363938,0.18181818181818182
0.75,10,45,0,0.99846,18.162513347478196,0.17777777777777778
0.75,10,45,1,0.99996,20.942471545015653,0.17777777777777778
0.75,10,45,2,0.999994,23.709990913791636,0.17777777777777778
0.75,10,46,0,0.998728,18.16728417007972,0.17391304347826086
0.75,10,46,1,0.999958,20.943954646095136,0.17391304347826086
0.75,10,46,2,1.0,23.706634615384615,0.17391304347826086
0.75,10,47,0,0.998962,18.171521654862364,0.1702127659574468
0.75,10,47,1,0.999976,20.948137755306124,0.1702127659574468
0.75,10,47,2,1.0,23.713026346153857,0.1702127659574468
0.75,10,48,0,0.99916,18.173508824335514,0.16666666666666666
0.75,10,48,1,0.999988,20.954209527437406,0.16666666666666666
0.75,10,48,2,1.0,23.706371538461525,0.16666666666666666
0.75,10,49,0,0.999296,18.172868507121326,0.16326530612244897
0.75,10,49,1,0.999986,20.945753240545365,0.16326530612244897
0.75,10,49,2,1.0,23.71032288461539,0.16326530612244897
0.75,10,50,0,0.999398,18.17852231658843,0.16
0.75,10,50,1,0.999988,20.953975293857376,0.16
0.75,10,50,2,0.999998,23.70055451649365,0.16
0.75,10,51,0,0.999516,18.17422786474808,0.1568627450980392
0.75,10,51,1,0.99999,20.95050296656813,0.1568627450980392
0.75,10,51,2,0.999998,23.709014533413686,0.1568627450980392
0.75,10,52,0,0.999626,18.180973915013446,0.15384615384615385
0.75,10,52,1,0.999994,20.94804338056798,0.15384615384615385
0.75,10,52,2,1.0,23.71182865384615,0.15384615384615385
0.75,10,53,0,0.999716,18.182975118779893,0.1509433962264151
0.75,10,53,1,0.999994,20.94061833601771,0.1509433962264151
0.75,10,53,2,1.0,23.718563076923086,0.1509433962264151
0.75,10,54,0,0.99972,18.181363281718884,0.14814814814814814
0.75,10,54,1,0.999998,20.9503711315115,0.14814814814814814
0.75,10,54,2,1.0,23.708782500000005,0.14814814814814814
0.75,10,55,0,0.999804,18.17892518472082,0.14545454545454545
0.75,10,55,1,0.999998,20.954565370669204,0.14545454545454545
0.75,10,55,2,1.0,23.700490384615378,0.14545454545454545
0.75,10,56,0,0.999834,18.180030577383544,0.14285714285714285
0.75,10,56,1,1.0,20.948007692307687,0.14285714285714285
0.75,10,56,2,1.0,23.707763076923065,0.14285714285714285
0.75,10,57,0,0.999864,18.18366490150353,0.14035087719298245
0.75,10,57,1,0.999996,20.94942302846135,0.14035087719298245
0.75,10,57,2,1.0,23.701383461538462,0.14035087719298245
0.75,10,58,0,0.999914,18.18462618554427,0.13793103448275862
0.75,10,58,1,1.0,20.943835384615394,0.13793103448275862
0.75,10,58,2,1.0,23.710646538461546,0.13793103448275862
0.75,10,59,0,0.999912,18.182822011413926,0.13559322033898305
0.75,10,59,1,1.0,20.947755,0.13559322033898305
0.75,10,59,2,1.0,23.704107692307698,0.13559322033898305
0.75,10,60,0,0.999924,18.184318546671086,0.13333333333333333
0.75,10,60,1,1.0,20.94730153846154,0.13333333333333333
0.75,10,60,2,1.0,23.716359807692307,0.13333333333333333
0.75,10,61,0,0.999956,18.179631057612692,0.13114754098360656
0.75,10,61,1,1.0,20.945477307692308,0.13114754098360656
0.75,10,61,2,1.0,23.70457673076923,0.13114754098360656
0.75,10,62,0,0.99994,18.18606770252369,0.12903225806451613
0.75,10,62,1,1.0,20.953568076923077,0.12903225806451613
0.75,10,62,2,1.0,23.70101826923077,0.12903225806451613
0.75,10,63,0,0.999972,18.187672908687595,0.12698412698412698
0.75,10,63,1,0.999998,20.94814997322303,0.12698412698412698
0.75,10,63,2,1.0,23.71640480769231,0.12698412698412698
0.75,10,64,0,0.99998,18.18133343436099,0.125
0.75,10,64,1,1.0,20.95317,0.125
0.75,10,64,2,1.0,23.70464076923077,0.125
0.75,20,10,0,0.650104,17.071451703822067,0.8
0.75,20,10,1,0.618342,19.203439321480793,0.8
0.75,20,10,2,0.600392,21.3934959928744,0.8
0.75,20,11,0,0.671808,17.098108903368,0.7272727272727273
0.75,20,11,1,0.659242,19.30167292365848,0.7272727272727273
0.75,20,11,2,0.656484,21.590125753841097,0.7272727272727273
0.75,20,12,0,0.693994,17.13095446846027,0.6666666666666666
0.75,20,12,1,0.698244,19.410347738260334,0.6666666666666666
0.75,20,12,2,0.706316,21.797426854487018,0.6666666666666666
0.75,20,13,0,0.712824,17.168027073680506,0.6153846153846154
0.75,20,13,1,0.731504,19.526511343541742,0.6153846153846154
0.75,20,13,2,0.75015,22.006370264408655,0.6153846153846154
0.75,20,14,0,0.731524,17.20943011281401,0.5714285714285714
0.75,20,14,1,0.762088,19.645002636481316,0.5714285714285714
0.75,20,14,2,0.787564,22.21186663999566,0.5714285714285714
0.75,20,15,0,0.749338,17.252371169875683,0.5333333333333333
0.75,20,15,1,0.790812,19.762321220758874,0.5333333333333333
0.75,20,15,2,0.82046,22.404671910129217,0.5333333333333333
0.75,20,16,0,0.766432,17.297740348483927,0.5
0.75,20,16,1,0.814366,19.881552501719607,0.5
0.75,20,16,2,0.848764,22.58261810023843,0.5
0.75,20,17,0,0.783318,17.344629855602413,0.47058823529411764
0.75,20,17,1,0.836876,20.000149365019436,0.47058823529411764
0.75,20,17,2,0.872864,22.765315585333937,0.47058823529411764
0.75,20,18,0,0.79771,17.394316471283666,0.4444444444444444
0.75,20,18,1,0.856034,20.10807757276356,0.4444444444444444
0.75,20,18,2,0.89403,22.925301938757872,0.4444444444444444
0.75,20,19,0,0.813314,17.446276308081227,0.42105263157894735
0.75,20,19,1,0.873634,20.2139348620026,0.42105263157894735
0.75,20,19,2,0.910858,23.068753053967544,0.42105263157894735
0.75,20,20,0,0.82671,17.495345312233948,0.4
0.75,20,20,1,0.889726,20.32107118890016,0.4
0.75,20,20,2,0.925226,23.20130536921624,0.4
0.75,20,21,0,0.838946,17.545280259167683,0.38095238095238093
0.75,20,21,1,0.903534,20.412993696035613,0.38095238095238093
0.75,20,21,2,0.938216,23.322459859989596,0.38095238095238093
0.75,20,22,0,0.852708,17.595280384555842,0.36363636363636365
0.75,20,22,1,0.915016,20.497262006683698,0.36363636363636365
0.75,20,22,2,0.949484,23.434405707974822,0.36363636363636365
0.75,20,23,0,0.864206,17.648019151060677,0.34782608695652173
0.75,20,23,1,0.926132,20.588675845842207,0.34782608695652173
0.75,20,23,2,0.957746,23.530272961403455,0.34782608695652173
0.75,20,24,0,0.874788,17.697382548246416,0.3333333333333333
0.75,20,24,1,0.936046,20.666512691108707,0.3333333333333333
0.75,20,24,2,0.965566,23.62709679727108,0.3333333333333333
0.75,20,25,0,0.884402,17.74912030954249,0.32
0.75,20,25,1,0.945354,20.74678374450206,0.32
0.75,20,25,2,0.97101,23.697767312861394,0.32
0.75,20,26,0,0.89461,17.796043269391994,0.3076923076923077
0.75,20,26,1,0.952578,20.809778629878405,0.3076923076923077
0.75,20,26,2,0.976532,23.769829591625495,0.3076923076923077
0.75,20,27,0,0.903622,17.842701372919205,0.2962962962962963
0.75,20,27,1,0.959316,20.873398738909163,0.2962962962962963
0.75,20,27,2,0.981188,23.825566950080304,0.2962962962962963
0.75,20,28,0,0.912664,17.894563227919754,0.2857142857142857
0.75,20,28,1,0.964996,20.925893833916245,0.2857142857142857
0.75,20,28,2,0.984698,23.88050936194886,0.2857142857142857
0.75,20,29,0,0.920326,17.940792175815965,0.27586206896551724
0.75,20,29,1,0.9696,20.984391660319876,0.27586206896551724
0.75,20,29,2,0.987274,23.925568126126944,0.27586206896551724
0.75,20,30,0,0.927822,17.984217131833816,0.26666666666666666
0.75,20,30,1,0.974482,21.028008489875422,0.26666666666666666
0.75,20,30,2,0.989836,23.961033405067564,0.26666666666666666
0.75,20,31,0,0.935392,18.019780230353447,0.25806451612903225
0.75,20,31,1,0.977862,21.070967540960233,0.25806451612903225
0.75,20,31,2,0.991916,23.989512953485217,0.25806451612903225
0.75,20,32,0,0.941004,18.064590708843557,0.25
0.75,20,32,1,0.981326,21.11568350453288,0.25
0.75,20,32,2,0.993378,24.021542578028637,0.25
0.75,20,33,0,0.947646,18.107019515076964,0.24242424242424243
0.75,20,33,1,0.984074,21.14503388660109,0.24242424242424243
0.75,20,33,2,0.994598,24.041280999961803,0.24242424242424243
0.75,20,34,0,0.952854,18.144518185125136,0.23529411764705882
0.75,20,34,1,0.98707,21.186304299204092,0.23529411764705882
0.75,20,34,2,0.995784,24.072039255964697,0.23529411764705882
0.75,20,35,0,0.958272,18.173854765500973,0.22857142857142856
0.75,20,35,1,0.98872,21.20873024641028,0.22857142857142856
0.75,20,35,2,0.996616,24.085600672676343,0.22857142857142856
0.75,20,36,0,0.962614,18.20510449831237,0.2222222222222222
0.75,20,36,1,0.990634,21.235799109847452,0.2222222222222222
0.75,20,36,2,0.99718,24.10891811061039,0.2222222222222222
0.75,20,37,0,0.9672,18.243165441878215,0.21621621621621623
0.75,20,37,1,0.992048,21.253209754738922,0.21621621621621623
0.75,20,37,2,0.997862,24.12192093619235,0.21621621621621623
0.75,20,38,0,0.970576,18.26947289349512,0.21052631578947367
0.75,20,38,1,0.993114,21.27991116055931,0.21052631578947367
0.75,20,38,2,0.998294,24.124762806887016,0.21052631578947367
0.75,20,39,0,0.974082,18.297417663305236,0.20512820512820512
0.75,20,39,1,0.994564,21.295518979634835,0.20512820512820512
0.75,20,39,2,0.998646,24.135331739174845,0.20512820512820512
0.75,20,40,0,0.977006,18.31922416349226,0.2
0.75,20,40,1,0.99526,21.308301348391375,0.2
0.75,20,40,2,0.998942,24.139042376064648,0.2
0.75,20,41,0,0.979992,18.34527514981284,0.1951219512195122
0.75,20,41,1,0.996068,21.322861877517788,0.1951219512195122
0.75,20,41,2,0.999154,24.152750534644614,0.1951219512195122
0.75,20,42,0,0.982662,18.368250848597608,0.19047619047619047
0.75,20,42,1,0.99685,21.326791315721444,0.19047619047619047
0.75,20,42,2,0.999316,24.14522052314553,0.19047619047619047
0.75,20,43,0,0.984512,18.384064115794654,0.18604651162790697
0.75,20,43,1,0.997242,21.341863551984073,0.18604651162790697
0.75,20,43,2,0.999472,24.151776176282617,0.18604651162790697
0.75,20,44,0,0.986868,18.396506383364805,0.18181818181818182
0.75,20,44,1,0.997938,21.35248536328062,0.18181818181818182
0.75,20,44,2,0.99955,24.16899046878788,0.18181818181818182
0.75,20,45,0,0.988456,18.42313824637772,0.17777777777777778
0.75,20,45,1,0.998238,21.354604505446297,0.17777777777777778
0.75,20,45,2,0.999708,24.178141940523556,0.17777777777777778
0.75,20,46,0,0.98996,18.437162185263112,0.17391304347826086
0.75,20,46,1,0.998508,21.36400047332158,0.17391304347826086
0.75,20,46,2,0.999746,24.156047366800397,0.17391304347826086
0.75,20,47,0,0.991084,18.451365451286748,0.1702127659574468
0.75,20,47,1,0.998734,21.367387266125068,0.1702127659574468
0.75,20,47,2,0.999804,24.158969773460218,0.1702127659574468
0.75,20,48,0,0.992368,18.464464446501854,0.16666666666666666
0.75,20,48,1,0.999064,21.382996022738823,0.16666666666666666
0.75,20,48,2,0.999884,24.16093036022948,0.16666666666666666
0.75,20,49,0,0.99333,18.468877412340312,0.16326530612244897
0.75,20,49,1,0.9992,21.376465403091714,0.16326530612244897
0.75,20,49,2,0.99988,24.172644178839928,0.16326530612244897
0.75,20,50,0,0.994452,18.478929369372043,0.16
0.75,20,50,1,0.999334,21.379636530236837,0.16
0.75,20,50,2,0.999892,24.16868617964587,0.16
0.75,20,51,0,0.995304,18.494046117490814,0.1568627450980392
0.75,20,51,1,0.999492,21.38653012653506,0.1568627450980392
0.75,20,51,2,0.999924,24.166897261114936,0.1568627450980392
0.75,20,52,0,0.996004,18.495084434322628,0.15384615384615385
0.75,20,52,1,0.999522,21.388046947979607,0.15384615384615385
0.75,20,52,2,0.999946,24.182591821496818,0.15384615384615385
0.75,20,53,0,0.996488,18.50011142980301,0.1509433962264151
0.75,20,53,1,0.99967,21.385506063154683,0.1509433962264151
0.75,20,53,2,0.999958,24.175006119487787,0.1509433962264151
0.75,20,54,0,0.997012,18.50724503277332,0.14814814814814814
0.75,20,54,1,0.999738,21.399421263755723,0.14814814814814814
0.75,20,54,2,0.999976,24.1774821826493,0.14814814814814814
0.75,20,55,0,0.997324,18.515981265867456,0.14545454545454545
0.75,20,55,1,0.999754,21.391958960365795,0.14545454545454545
0.75,20,55,2,0.999984,24.172905228022113,0.14545454545454545
0.75,20,56,0,0.997696,18.522941087033754,0.14285714285714285
0.75,20,56,1,0.99981,21.3949015697598,0.14285714285714285
0.75,20,56,2,0.999982,24.172044327567132,0.14285714285714285
0.75,20,57,0,0.998082,18.523387857911477,0.14035087719298245
0.75,20,57,1,0.999836,21.388104187548294,0.14035087719298245
0.75,20,57,2,0.99999,24.162430855077776,0.14035087719298245
0.75,20,58,0,0.998402,18.52290633509271,0.13793103448275862
0.75,20,58,1,0.999892,21.396245409888877,0.13793103448275862
0.75,20,58,2,0.999986,24.175820576872688,0.13793103448275862
0.75,20,59,0,0.998658,18.526854769870397,0.13559322033898305
0.75,20,59,1,0.999898,21.403136581469763,0.13559322033898305
0.75,20,59,2,0.99999,24.16938342460348,0.13559322033898305
0.75,20,60,0,0.998806,18.53701454151642,0.13333333333333333
0.75,20,60,1,0.999906,21.38654110409456,0.13333333333333333
0.75,20,60,2,0.999996,24.184060774704633,0.13333333333333333
0.75,20,61,0,0.999074,18.538858906424277,0.13114754098360656
0.75,20,61,1,0.999938,21.39375064330911,0.13114754098360656
0.75,20,61,2,0.999996,24.174541505858326,0.13114754098360656
0.75,20,62,0,0.999236,18.539224544475058,0.12903225806451613
0.75,20,62,1,0.999952,21.400728773442662,0.12903225806451613
0.75,20,62,2,0.999996,24.173824964530628,0.12903225806451613
0.75,20,63,0,0.999354,18.540031668149936,0.12698412698412698
0.75,20,63,1,0.99997,21.39359796178501,0.12698412698412698
0.75,20,63,2,0.999996,24.172521690086764,0.12698412698412698
0.75,20,64,0,0.999428,18.54798329259721,0.125
0.75,20,64,1,0.999972,21.394608664427214,0.125
0.75,20,64,2,0.999998,24.166011216637827,0.125
0.75,40,10,0,0.669914,17.05639196856726,0.8
0.75,40,10,1,0.649906,19.141569940647035,0.8
0.75,40,10,2,0.633706,21.256850422508474,0.8
0.75,40,11,0,0.681444,17.069980466818656,0.7272727272727273
0.75,40,11,1,0.671594,19.19532313593309,0.7272727272727273
0.75,40,11,2,0.665874,21.37001750850993,0.7272727272727273
0.75,40,12,0,0.692944,17.0867570384198,0.6666666666666666
0.75,40,12,1,0.6927,19.260190891827968,0.6666666666666666
0.75,40,12,2,0.695408,21.50232364973568,0.6666666666666666
0.75,40,13,0,0.70418,17.10879566413308,0.6153846153846154
0.75,40,13,1,0.71243,19.33256492675664,0.6153846153846154
0.75,40,13,2,0.721836,21.648157774597863,0.6153846153846154
0.75,40,14,0,0.7143,17.132659192969992,0.5714285714285714
0.75,40,14,1,0.73007,19.414275870280097,0.5714285714285714
0.75,40,14,2,0.74647,21.801987766008427,0.5714285714285714
0.75,40,15,0,0.725012,17.16114194820754,0.5333333333333333
0.75,40,15,1,0.749286,19.498420958290755,0.5333333333333333
0.75,40,15,2,0.76883,21.959784547749372,0.5333333333333333
0.75,40,16,0,0.734846,17.19094335621132,0.5
0.75,40,16,1,0.76551,19.588126769182537,0.5
0.75,40,16,2,0.791454,22.130396421309104,0.5
0.75,40,17,0,0.745804,17.222993059013653,0.47058823529411764
0.75,40,17,1,0.781528,19.687654283561276,0.47058823529411764
0.75,40,17,2,0.811008,22.292151817908653,0.47058823529411764
0.75,40,18,0,0.755672,17.25917232507063,0.4444444444444444
0.75,40,18,1,0.79593,19.77491207672883,0.4444444444444444
0.75,40,18,2,0.829086,22.449764884741477,0.4444444444444444
0.75,40,19,0,0.76514,17.298101302727915,0.42105263157894735
0.75,40,19,1,0.809802,19.879075853869697,0.42105263157894735
0.75,40,19,2,0.84528,22.60539452561919,0.42105263157894735
0.75,40,20,0,0.774182,17.33904525133525,0.4
0.75,40,20,1,0.823814,19.98009632868958,0.4
0.75,40,20,2,0.86115,22.762970803799924,0.4
0.75,40,21,0,0.78447,17.382138455066677,0.38095238095238093
0.75,40,21,1,0.837644,20.084457120208587,0.38095238095238093
0.75,40,21,2,0.874768,22.9244885940747,0.38095238095238093
0.75,40,22,0,0.795212,17.42765668874367,0.36363636363636365
0.75,40,22,1,0.849368,20.189645079092287,0.36363636363636365
0.75,40,22,2,0.887348,23.067569795702386,0.36363636363636365
0.75,40,23,0,0.805014,17.47745524158108,0.34782608695652173
0.75,40,23,1,0.861696,20.28479926170644,0.34782608695652173
0.75,40,23,2,0.89895,23.212616000718793,0.34782608695652173
0.75,40,24,0,0.814976,17.526705128079282,0.3333333333333333
0.75,40,24,1,0.87283,20.38581484278814,0.3333333333333333
0.75,40,24,2,0.910766,23.36387447489256,0.3333333333333333
0.75,40,25,0,0.824882,17.579138125676906,0.32
0.75,40,25,1,0.883668,20.49279907072653,0.32
0.75,40,25,2,0.919656,23.472521665291566,0.32
0.75,40,26,0,0.833896,17.629036336204262,0.3076923076923077
0.75,40,26,1,0.892794,20.589290043822665,0.3076923076923077
0.75,40,26,2,0.929268,23.605836281062906,0.3076923076923077
0.75,40,27,0,0.844674,17.68828543046466,0.2962962962962963
0.75,40,27,1,0.9028,20.6864025595583,0.2962962962962963
0.75,40,27,2,0.936834,23.718791983671352,0.2962962962962963
0.75,40,28,0,0.853488,17.746475683854413,0.2857142857142857
0.75,40,28,1,0.910684,20.78331992554709,0.2857142857142857
0.75,40,28,2,0.943896,23.834263887286156,0.2857142857142857
0.75,40,29,0,0.862636,17.80505535448234,0.27586206896551724
0.75,40,29,1,0.918942,20.86534506321065,0.27586206896551724
0.75,40,29,2,0.950502,23.950146667437107,0.27586206896551724
0.75,40,30,0,0.871702,17.86183700216535,0.26666666666666666
0.75,40,30,1,0.926646,20.96046635683132,0.26666666666666666
0.75,40,30,2,0.956382,24.02546725375103,0.26666666666666666
0.75,40,31,0,0.880408,17.920788080421456,0.25806451612903225
0.75,40,31,1,0.933668,21.05767871366564,0.25806451612903225
0.75,40,31,2,0.962176,24.128749274081315,0.25806451612903225
0.75,40,32,0,0.889772,17.97562659958869,0.25
0.75,40,32,1,0.939938,21.13641865412727,0.25
0.75,40,32,2,0.966898,24.221184853322363,0.25
0.75,40,33,0,0.898166,18.03545031679085,0.24242424242424243
0.75,40,33,1,0.946584,21.20712437077388,0.24242424242424243
0.75,40,33,2,0.970812,24.30283023980877,0.24242424242424243
0.75,40,34,0,0.906398,18.091622639197215,0.23529411764705882
0.75,40,34,1,0.95197,21.27513068042707,0.23529411764705882
0.75,40,34,2,0.974554,24.382464065218944,0.23529411764705882
0.75,40,35,0,0.913328,18.15022810913663,0.22857142857142856
0.75,40,35,1,0.957374,21.365707333087894,0.22857142857142856
0.75,40,35,2,0.978064,24.445092156939236,0.22857142857142856
0.75,40,36,0,0.920938,18.19634709394118,0.2222222222222222
0.75,40,36,1,0.962076,21.4261167436956,0.2222222222222222
0.75,40,36,2,0.980502,24.519915661726184,0.2222222222222222
0.75,40,37,0,0.9265,18.25775602972311,0.21621621621621623
0.75,40,37,1,0.965678,21.480307498581702,0.21621621621621623
0.75,40,37,2,0.983624,24.586944847280602,0.21621621621621623
0.75,40,38,0,0.934146,18.302520327492875,0.21052631578947367
0.75,40,38,1,0.96955,21.551470745746446,0.21052631578947367
0.75,40,38,2,0.985822,24.618896132442696,0.21052631578947367
0.75,40,39,0,0.93927,18.34958367832302,0.20512820512820512
0.75,40,39,1,0.97374,21.59998364750661,0.20512820512820512
0.75,40,39,2,0.98767,24.67365715425038,0.20512820512820512
0.75,40,40,0,0.945174,18.401486637136898,0.2
0.75,40,40,1,0.976444,21.64838079650399,0.2
0.75,40,40,2,0.989446,24.700877872761428,0.2
0.75,40,41,0,0.950694,18.444683365722632,0.1951219512195122
0.75,40,41,1,0.979446,21.698965144974423,0.1951219512195122
0.75,40,41,2,0.990994,24.735286567752254,0.1951219512195122
0.75,40,42,0,0.954734,18.48643645567972,0.19047619047619047
0.75,40,42,1,0.981868,21.74549821987665,0.19047619047619047
0.75,40,42,2,0.992314,24.793617397160727,0.19047619047619047
0.75,40,43,0,0.959636,18.52401587685331,0.18604651162790697
0.75,40,43,1,0.984158,21.78992522620274,0.18604651162790697
0.75,40,43,2,0.99337,24.819357726341032,0.18604651162790697
0.75,40,44,0,0.964054,18.563923406141782,0.18181818181818182
0.75,40,44,1,0.98635,21.814804777520852,0.18181818181818182
0.75,40,44,2,0.994568,24.840188635436924,0.18181818181818182
0.75,40,45,0,0.967712,18.59439366734668,0.17777777777777778
0.75,40,45,1,0.987996,21.84545242631005,0.17777777777777778
0.75,40,45,2,0.995382,24.852280330566558,0.17777777777777778
0.75,40,46,0,0.970756,18.62930362442341,0.17391304347826086
0.75,40,46,1,0.98935,21.876371432681136,0.17391304347826086
0.75,40,46,2,0.995958,24.882726750757328,0.17391304347826086
0.75,40,47,0,0.973814,18.663789215157347,0.1702127659574468
0.75,40,47,1,0.990518,21.903445003989376,0.1702127659574468
0.75,40,47,2,0.996526,24.910188572022285,0.1702127659574468
0.75,40,48,0,0.976794,18.68765081717096,0.16666666666666666
0.75,40,48,1,0.99204,21.940758437159793,0.16666666666666666
0.75,40,48,2,0.997146,24.91734834293999,0.16666666666666666
0.75,40,49,0,0.97961,18.71159401739939,0.16326530612244897
0.75,40,49,1,0.993072,21.966428416066513,0.16326530612244897
0.75,40,49,2,0.997538,24.930196027234437,0.16326530612244897
0.75,40,50,0,0.982086,18.74819595150605,0.16
0.75,40,50,1,0.99395,21.970034090865123,0.16
0.75,40,50,2,0.997922,24.96263196460707,0.16
0.75,40,51,0,0.984256,18.76389061695019,0.1568627450980392
0.75,40,51,1,0.994932,21.98637231953077,0.1568627450980392
0.75,40,51,2,0.998358,24.95508259176952,0.1568627450980392
0.75,40,52,0,0.986388,18.787680600643654,0.15384615384615385
0.75,40,52,1,0.995634,22.015566888110417,0.15384615384615385
0.75,40,52,2,0.998566,24.967817889314812,0.15384615384615385
0.75,40,53,0,0.98743,18.806425031881513,0.1509433962264151
0.75,40,53,1,0.996328,22.023511874063093,0.1509433962264151
0.75,40,53,2,0.998792,24.973826459285895,0.1509433962264151
0.75,40,54,0,0.988806,18.82185122569738,0.14814814814814814
0.75,40,54,1,0.99684,22.037978859349398,0.14814814814814814
0.75,40,54,2,0.99896,24.994805944335955,0.14814814814814814
0.75,40,55,0,0.990202,18.837440783255882,0.14545454545454545
0.75,40,55,1,0.997166,22.042670466563784,0.14545454545454545
0.75,40,55,2,0.999156,24.982500422664423,0.14545454545454545
0.75,40,56,0,0.991532,18.857365323404746,0.14285714285714285
0.75,40,56,1,0.99771,22.052390358536442,0.14285714285714285
0.75,40,56,2,0.999334,24.989219166118477,0.14285714285714285
0.75,40,57,0,0.992514,18.861085044179195,0.14035087719298245
0.75,40,57,1,0.99794,22.069576789725296,0.14035087719298245
0.75,40,57,2,0.999422,25.0103988951768,0.14035087719298245
0.75,40,58,0,0.993712,18.889866015969965,0.13793103448275862
0.75,40,58,1,0.998454,22.0827044765053,0.13793103448275862
0.75,40,58,2,0.999558,25.00409681079036,0.13793103448275862
0.75,40,59,0,0.994416,18.894136782872483,0.13559322033898305
0.75,40,59,1,0.998428,22.094392384828957,0.13559322033898305
0.75,40,59,2,0.999624,25.008130172329416,0.13559322033898305
0.75,40,60,0,0.99519,18.89994469552394,0.13333333333333333
0.75,40,60,1,0.998738,22.093840118537287,0.13333333333333333
0.75,40,60,2,0.999668,25.006233608019414,0.13333333333333333
0.75,40,61,0,0.995936,18.901730671912187,0.13114754098360656
0.75,40,61,1,0.99904,22.088152318533492,0.13114754098360656
0.75,40,61,2,0.999728,25.005614027015355,0.13114754098360656
0.75,40,62,0,0.996408,18.910159716779592,0.12903225806451613
0.75,40,62,1,0.999166,22.089685874942784,0.12903225806451613
0.75,40,62,2,0.999806,25.011120811283547,0.12903225806451613
0.75,40,63,0,0.99679,18.926884144256913,0.12698412698412698
0.75,40,63,1,0.999262,22.10414401212711,0.12698412698412698
0.75,40,63,2,0.99983,25.004456526840322,0.12698412698412698
0.75,40,64,0,0.997346,18.93327699406533,0.125
0.75,40,64,1,0.999388,22.1025590738455,0.125
0.75,40,64,2,0.99989,25.01826297046522,0.125
0.85,2,10,0,0.7768,17.21709726293274,0.8
0.85,2,10,1,0.802322,19.52904627012404,0.8
0.85,2,10,2,0.814462,21.83949248800955,0.8
0.85,2,11,0,0.87005,17.289278909700148,0.7272727272727273
0.85,2,11,1,0.908314,19.674597872880625,0.7272727272727273
0.85,2,11,2,0.92158,22.056891425595182,0.7272727272727273
0.85,2,12,0,0.927464,17.34285519023256,0.6666666666666666
0.85,2,12,1,0.960168,19.764598887502384,0.6666666666666666
0.85,2,12,2,0.970312,22.17691874841843,0.6666666666666666
0.85,2,13,0,0.960148,17.381935068664095,0.6153846153846154
0.85,2,13,1,0.98373,19.81786747301675,0.6153846153846154
0.85,2,13,2,0.98947,22.238948823418287,0.6153846153846154
0.85,2,14,0,0.978074,17.407344984593742,0.5714285714285714
0.85,2,14,1,0.99354,19.844831070252297,0.5714285714285714
0.85,2,14,2,0.996458,22.267426802658093,0.5714285714285714
0.85,2,15,0,0.988412,17.424934564813988,0.5333333333333333
0.85,2,15,1,0.997414,19.856609576981466,0.5333333333333333
0.85,2,15,2,0.998826,22.28078822229605,0.5333333333333333
0.85,2,16,0,0.993848,17.435445746850004,0.5
0.85,2,16,1,0.999148,19.859343622304667,0.5
0.85,2,16,2,0.999668,22.286541439450204,0.5
0.85,2,17,0,0.99679,17.440682282434306,0.47058823529411764
0.85,2,17,1,0.999638,19.86566367794372,0.47058823529411764
0.85,2,17,2,0.999886,22.28391421237406,0.47058823529411764
0.85,2,18,0,0.99843,17.444962822400402,0.4444444444444444
0.85,2,18,1,0.999864,19.865147813948845,0.4444444444444444
0.85,2,18,2,0.999958,22.28605005256374,0.4444444444444444
0.85,2,19,0,0.999108,17.44642586571837,0.42105263157894735
0.85,2,19,1,0.999954,19.864879553690233,0.42105263157894735
0.85,2,19,2,0.99999,22.284996503811186,0.42105263157894735
0.85,2,20,0,0.999506,17.450054942526226,0.4
0.85,2,20,1,0.999994,19.865276883969,0.4
0.85,2,20,2,0.999998,22.286523611508752,0.4
0.85,2,21,0,0.999814,17.44921997799283,0.38095238095238093
0.85,2,21,1,0.999988,19.866679169380802,0.38095238095238093
0.85,2,21,2,0.999998,22.287913421980686,0.38095238095238093
0.85,2,22,0,0.999896,17.448627926535124,0.36363636363636365
0.85,2,22,1,0.999998,19.8661528092287,0.36363636363636365
0.85,2,22,2,1.0,22.286905384615384,0.36363636363636365
0.85,2,23,0,0.999958,17.44984635508538,0.34782608695652173
0.85,2,23,1,1.0,19.867720384615385,0.34782608695652173
0.85,2,23,2,0.999998,22.286381688147983,0.34782608695652173
0.85,2,24,0,0.999972,17.449869173259927,0.3333333333333333
0.85,2,24,1,1.0,19.86490961538461,0.3333333333333333
0.85,2,24,2,1.0,22.28779846153847,0.3333333333333333
0.85,2,25,0,0.99999,17.44942353269687,0.32
0.85,2,25,1,1.0,19.866440769230767,0.32
0.85,2,25,2,1.0,22.28733288461539,0.32
0.85,2,26,0,0.999996,17.451489229033836,0.3076923076923077
0.85,2,26,1,1.0,19.864836923076922,0.3076923076923077
0.85,2,26,2,1.0,22.28537365384616,0.3076923076923077
0.85,2,27,0,0.999998,17.449719514823638,0.2962962962962963
0.85,2,27,1,1.0,19.86728192307692,0.2962962962962963
0.85,2,27,2,1.0,22.286372307692297,0.2962962962962963
0.85,2,28,0,0.999996,17.450750764541525,0.2857142857142857
0.85,2,28,1,1.0,19.865915769230774,0.2857142857142857
0.85,2,28,2,1.0,22.283772692307693,0.2857142857142857
0.85,2,29,0,1.0,17.45002326923077,0.27586206896551724
0.85,2,29,1,1.0,19.866830769230777,0.27586206896551724
0.85,2,29,2,1.0,22.28920038461538,0.27586206896551724
0.85,2,30,0,1.0,17.449276730769228,0.26666666666666666
0.85,2,30,1,1.0,19.86652384615385,0.26666666666666666
0.85,2,30,2,1.0,22.28994807692308,0.26666666666666666
0.85,2,31,0,1.0,17.451330576923077,0.25806451612903225
0.85,2,31,1,1.0,19.869110769230772,0.25806451612903225
0.85,2,31,2,1.0,22.288219038461538,0.25806451612903225
0.85,2,32,0,1.0,17.45151923076924,0.25
0.85,2,32,1,1.0,19.868185384615384,0.25
0.85,2,32,2,1.0,22.288381730769228,0.25
0.85,2,33,0,1.0,17.449523653846157,0.24242424242424243
0.85,2,33,1,1.0,19.865611153846153,0.24242424242424243
0.85,2,33,2,1.0,22.286399999999997,0.24242424242424243
0.85,2,34,0,1.0,17.449731923076925,0.23529411764705882
0.85,2,34,1,1.0,19.86435576923077,0.23529411764705882
0.85,2,34,2,1.0,22.289205576923088,0.23529411764705882
0.85,2,35,0,1.0,17.450537884615386,0.22857142857142856
0.85,2,35,1,1.0,19.865576538461536,0.22857142857142856
0.85,2,35,2,1.0,22.287618461538464,0.22857142857142856
0.85,2,36,0,1.0,17.450871346153843,0.2222222222222222
0.85,2,36,1,1.0,19.864302692307692,0.2222222222222222
0.85,2,36,2,1.0,22.286086730769238,0.2222222222222222
0.85,2,37,0,1.0,17.450523461538463,0.21621621621621623
0.85,2,37,1,1.0,19.86582692307692,0.21621621621621623
0.85,2,37,2,1.0,22.289710961538457,0.21621621621621623
0.85,2,38,0,1.0,17.44884634615385,0.21052631578947367
0.85,2,38,1,1.0,19.86570346153846,0.21052631578947367
0.85,2,38,2,1.0,22.28409634615384,0.21052631578947367
0.85,2,39,0,1.0,17.451478846153844,0.20512820512820512
0.85,2,39,1,1.0,19.86728307692309,0.20512820512820512
0.85,2,39,2,1.0,22.286460576923083,0.20512820512820512
0.85,2,40,0,1.0,17.450364807692303,0.2
0.85,2,40,1,1.0,19.86864461538462,0.2
0.85,2,40,2,1.0,22.287133846153846,0.2
0.85,2,41,0,1.0,17.450417884615387,0.1951219512195122
0.85,2,41,1,1.0,19.866032307692304,0.1951219512195122
0.85,2,41,2,1.0,22.285972500000003,0.1951219512195122
0.85,2,42,0,1.0,17.449375961538465,0.19047619047619047
0.85,2,42,1,1.0,19.866248076923075,0.19047619047619047
0.85,2,42,2,1.0,22.287576923076923,0.19047619047619047
0.85,2,43,0,1.0,17.449856538461546,0.18604651162790697
0.85,2,43,1,1.0,19.867256538461536,0.18604651162790697
0.85,2,43,2,1.0,22.285011923076922,0.18604651162790697
0.85,2,44,0,1.0,17.450581153846155,0.18181818181818182
0.85,2,44,1,1.0,19.864150384615378,0.18181818181818182
0.85,2,44,2,1.0,22.289105192307698,0.18181818181818182
0.85,2,45,0,1.0,17.45003307692308,0.17777777777777778
0.85,2,45,1,1.0,19.86584076923077,0.17777777777777778
0.85,2,45,2,1.0,22.284106730769228,0.17777777777777778
0.85,2,46,0,1.0,17.45008846153846,0.17391304347826086
0.85,2,46,1,1.0,19.867581923076923,0.17391304347826086
0.85,2,46,2,1.0,22.287865961538458,0.17391304347826086
0.85,2,47,0,1.0,17.44985076923077,0.1702127659574468
0.85,2,47,1,1.0,19.86458538461538,0.1702127659574468
0.85,2,47,2,1.0,22.284811153846153,0.1702127659574468
0.85,2,48,0,1.0,17.448567115384616,0.16666666666666666
0.85,2,48,1,1.0,19.868326153846155,0.16666666666666666
0.85,2,48,2,1.0,22.286408653846152,0.16666666666666666
0.85,2,49,0,1.0,17.4504201923077,0.16326530612244897
0.85,2,49,1,1.0,19.86587192307692,0.16326530612244897
0.85,2,49,2,1.0,22.28503096153846,0.16326530612244897
0.85,2,50,0,1.0,17.449517884615386,0.16
0.85,2,50,1,1.0,19.86560423076923,0.16
0.85,2,50,2,1.0,22.289309423076915,0.16
0.85,2,51,0,1.0,17.449853653846155,0.1568627450980392
0.85,2,51,1,1.0,19.864709999999995,0.1568627450980392
0.85,2,51,2,1.0,22.284487499999997,0.1568627450980392
0.85,2,52,0,1.0,17.449573846153847,0.15384615384615385
0.85,2,52,1,1.0,19.864915384615387,0.15384615384615385
0.85,2,52,2,1.0,22.282931538461543,0.15384615384615385
0.85,2,53,0,1.0,17.450065961538463,0.1509433962264151
0.85,2,53,1,1.0,19.86634615384616,0.1509433962264151
0.85,2,53,2,1.0,22.285943076923072,0.1509433962264151
0.85,2,54,0,1.0,17.449060384615382,0.14814814814814814
0.85,2,54,1,1.0,19.864048846153853,0.14814814814814814
0.85,2,54,2,1.0,22.28777596153846,0.14814814814814814
0.85,2,55,0,1.0,17.449578461538465,0.14545454545454545
0.85,2,55,1,1.0,19.864649999999997,0.14545454545454545
0.85,2,55,2,1.0,22.2872723076923,0.14545454545454545
0.85,2,56,0,1.0,17.450233846153843,0.14285714285714285
0.85,2,56,1,1.0,19.867691538461536,0.14285714285714285
0.85,2,56,2,1.0,22.290121153846155,0.14285714285714285
0.85,2,57,0,1.0,17.44928365384615,0.14035087719298245
0.85,2,57,1,1.0,19.86768692307692,0.14035087719298245
0.85,2,57,2,1.0,22.285586538461544,0.14035087719298245
0.85,2,58,0,1.0,17.45005788461538,0.13793103448275862
0.85,2,58,1,1.0,19.867695,0.13793103448275862
0.85,2,58,2,1.0,22.288203461538465,0.13793103448275862
0.85,2,59,0,1.0,17.449449807692307,0.13559322033898305
0.85,2,59,1,1.0,19.863970384615385,0.13559322033898305
0.85,2,59,2,1.0,22.28608153846154,0.13559322033898305
0.85,2,60,0,1.0,17.450575384615387,0.13333333333333333
0.85,2,60,1,1.0,19.866219230769236,0.13333333333333333
0.85,2,60,2,1.0,22.28798538461539,0.13333333333333333
0.85,2,61,0,1.0,17.450352692307693,0.13114754098360656
0.85,2,61,1,1.0,19.86614653846154,0.13114754098360656
0.85,2,61,2,1.0,22.291457307692312,0.13114754098360656
0.85,2,62,0,1.0,17.450810192307692,0.12903225806451613
0.85,2,62,1,1.0,19.865817692307697,0.12903225806451613
0.85,2,62,2,1.0,22.286735769230777,0.12903225806451613
0.85,2,63,0,1.0,17.449945961538464,0.12698412698412698
0.85,2,63,1,1.0,19.86635884615385,0.12698412698412698
0.85,2,63,2,1.0,22.287249807692316,0.12698412698412698
0.85,2,64,0,1.0,17.44980634615385,0.125
0.85,2,64,1,1.0,19.865529230769233,0.125
0.85,2,64,2,1.0,22.285461923076923,0.125
0.85,3,10,0,0.760816,17.16488410014834,0.8
0.85,3,10,1,0.779226,19.451633366364142,0.8
0.85,3,10,2,0.795858,21.76395257600071,0.8
0.85,3,11,0,0.836112,17.22983882542052,0.7272727272727273
0.85,3,11,1,0.87719,19.598626558407226,0.7272727272727273
0.85,3,11,2,0.899824,21.983852269572036,0.7272727272727273
0.85,3,12,0,0.88852,17.284344493349355,0.6666666666666666
0.85,3,12,1,0.933038,19.70264299566,0.6666666666666666
0.85,3,12,2,0.953276,22.127720618163057,0.6666666666666666
0.85,3,13,0,0.925072,17.330294082722546,0.6153846153846154
0.85,3,13,1,0.964536,19.77467762897234,0.6153846153846154
0.85,3,13,2,0.979468,22.207365277728474,0.6153846153846154
0.85,3,14,0,0.949696,17.368298341299177,0.5714285714285714
0.85,3,14,1,0.981442,19.822054612577126,0.5714285714285714
0.85,3,14,2,0.991024,22.26089708143371,0.5714285714285714
0.85,3,15,0,0.966254,17.39839110627226,0.5333333333333333
0.85,3,15,1,0.990812,19.852701622507595,0.5333333333333333
0.85,3,15,2,0.9962,22.280963237224526,0.5333333333333333
0.85,3,16,0,0.978242,17.419371846481912,0.5
0.85,3,16,1,0.995266,19.87167288404847,0.5
0.85,3,16,2,0.998526,22.298475067634307,0.5
0.85,3,17,0,0.985908,17.436234103291277,0.47058823529411764
0.85,3,17,1,0.997702,19.880185820862497,0.47058823529411764
0.85,3,17,2,0.999366,22.302340260648336,0.47058823529411764
0.85,3,18,0,0.990594,17.44967355251185,0.4444444444444444
0.85,3,18,1,0.998904,19.887486300369822,0.4444444444444444
0.85,3,18,2,0.999772,22.309657948166024,0.4444444444444444
0.85,3,19,0,0.994038,17.45920427589287,0.42105263157894735
0.85,3,19,1,0.999444,19.89092050564731,0.42105263157894735
0.85,3,19,2,0.999876,22.3061505780563,0.42105263157894735
0.85,3,20,0,0.996124,17.464118036895627,0.4
0.85,3,20,1,0.999738,19.890604030563708,0.4
0.85,3,20,2,0.999976,22.307484802712196,0.4
0.85,3,21,0,0.997542,17.467317165593023,0.38095238095238093
0.85,3,21,1,0.999872,19.89160920290105,0.38095238095238093
0.85,3,21,2,0.999986,22.306698639934805,0.38095238095238093
0.85,3,22,0,0.998448,17.473082839952223,0.36363636363636365
0.85,3,22,1,0.999942,19.892211825208946,0.36363636363636365
0.85,3,22,2,0.99999,22.30693422318839,0.36363636363636365
0.85,3,23,0,0.999062,17.476235786090427,0.34782608695652173
0.85,3,23,1,0.999964,19.88976987786945,0.34782608695652173
0.85,3,23,2,0.999998,22.30903750269039,0.34782608695652173
0.85,3,24,0,0.999338,17.477272261929706,0.3333333333333333
0.85,3,24,1,0.999994,19.890212802815277,0.3333333333333333
0.85,3,24,2,1.0,22.30653923076923,0.3333333333333333
0.85,3,25,0,0.999566,17.47754756333479,0.32
0.85,3,25,1,0.999998,19.892037091766483,0.32
0.85,3,25,2,1.0,22.30747211538462,0.32
0.85,3,26,0,0.99976,17.477566539046293,0.3076923076923077
0.85,3,26,1,0.999996,19.890826101765953,0.3076923076923077
0.85,3,26,2,1.0,22.30251692307692,0.3076923076923077
0.85,3,27,0,0.999862,17.479543330825805,0.2962962962962963
0.85,3,27,1,0.999998,19.891431321324184,0.2962962962962963
0.85,3,27,2,1.0,22.30809692307693,0.2962962962962963
0.85,3,28,0,0.999922,17.479216263483934,0.2857142857142857
0.85,3,28,1,1.0,19.892190000000003,0.2857142857142857
0.85,3,28,2,1.0,22.30823192307692,0.2857142857142857
0.85,3,29,0,0.999916,17.479308454217847,0.27586206896551724
0.85,3,29,1,1.0,19.891076538461537,0.27586206896551724
0.85,3,29,2,1.0,22.301192884615386,0.27586206896551724
0.85,3,30,0,0.999948,17.480119350821628,0.26666666666666666
0.85,3,30,1,1.0,19.89271153846154,0.26666666666666666
0.85,3,30,2,1.0,22.307174423076926,0.26666666666666666
0.85,3,31,0,0.999982,17.480465417608293,0.25806451612903225
0.85,3,31,1,1.0,19.89052961538461,0.25806451612903225
0.85,3,31,2,1.0,22.30885326923078,0.25806451612903225
0.85,3,32,0,0.999982,17.48052714948869,0.25
0.85,3,32,1,1.0,19.891201153846144,0.25
0.85,3,32,2,1.0,22.307409807692306,0.25
0.85,3,33,0,0.99999,17.478601132165167,0.24242424242424243
0.85,3,33,1,1.0,19.89005307692308,0.24242424242424243
0.85,3,33,2,1.0,22.30892423076923,0.24242424242424243
0.85,3,34,0,0.999994,17.48027295856083,0.23529411764705882
0.85,3,34,1,1.0,19.895045769230773,0.23529411764705882
0.85,3,34,2,1.0,22.305947307692303,0.23529411764705882
0.85,3,35,0,0.999996,17.481508964497394,0.22857142857142856
0.85,3,35,1,1.0,19.891581923076924,0.22857142857142856
0.85,3,35,2,1.0,22.30568942307692,0.22857142857142856
0.85,3,36,0,1.0,17.478943846153854,0.2222222222222222
0.85,3,36,1,1.0,19.891158461538463,0.2222222222222222
0.85,3,36,2,1.0,22.305929999999993,0.2222222222222222
0.85,3,37,0,0.999998,17.477613801381455,0.21621621621621623
0.85,3,37,1,1.0,19.894561153846155,0.21621621621621623
0.85,3,37,2,1.0,22.306341923076925,0.21621621621621623
0.85,3,38,0,1.0,17.48045538461539,0.21052631578947367
0.85,3,38,1,1.0,19.894235769230765,0.21052631578947367
0.85,3,38,2,1.0,22.309254807692298,0.21052631578947367
0.85,3,39,0,1.0,17.48018134615384,0.20512820512820512
0.85,3,39,1,1.0,19.89347653846155,0.20512820512820512
0.85,3,39,2,1.0,22.308922499999994,0.20512820512820512
0.85,3,40,0,1.0,17.48053326923077,0.2
0.85,3,40,1,1.0,19.890159230769235,0.2
0.85,3,40,2,1.0,22.310410961538455,0.2
0.85,3,41,0,1.0,17.479997307692308,0.1951219512195122
0.85,3,41,1,1.0,19.893131538461535,0.1951219512195122
0.85,3,41,2,1.0,22.306284807692297,0.1951219512195122
0.85,3,42,0,1.0,17.480088461538465,0.19047619047619047
0.85,3,42,1,1.0,19.892845384615377,0.19047619047619047
0.85,3,42,2,1.0,22.309838076923082,0.19047619047619047
0.85,3,43,0,1.0,17.479116346153848,0.18604651162790697
0.85,3,43,1,1.0,19.891669615384615,0.18604651162790697
0.85,3,43,2,1.0,22.308178269230773,0.18604651162790697
0.85,3,44,0,1.0,17.481417692307694,0.18181818181818182
0.85,3,44,1,1.0,19.893883846153848,0.18181818181818182
0.85,3,44,2,1.0,22.309301538461547,0.18181818181818182
0.85,3,45,0,1.0,17.480139230769232,0.17777777777777778
0.85,3,45,1,1.0,19.894692692307697,0.17777777777777778
0.85,3,45,2,1.0,22.307411538461533,0.17777777777777778
0.85,3,46,0,1.0,17.478995192307696,0.17391304347826086
0.85,3,46,1,1.0,19.890508846153857,0.17391304347826086
0.85,3,46,2,1.0,22.309015961538464,0.17391304347826086
0.85,3,47,0,1.0,17.479156730769237,0.1702127659574468
0.85,3,47,1,1.0,19.8904626923077,0.1702127659574468
0.85,3,47,2,1.0,22.309512692307695,0.1702127659574468
0.85,3,48,0,1.0,17.478525,0.16666666666666666
0.85,3,48,1,1.0,19.892038846153856,0.16666666666666666
0.85,3,48,2,1.0,22.308659423076925,0.16666666666666666
0.85,3,49,0,1.0,17.479801153846157,0.16326530612244897
0.85,3,49,1,1.0,19.89415961538462,0.16326530612244897
0.85,3,49,2,1.0,22.305493846153848,0.16326530612244897
0.85,3,50,0,1.0,17.478685961538464,0.16
0.85,3,50,1,1.0,19.89216230769231,0.16
0.85,3,50,2,1.0,22.30775596153846,0.16
0.85,3,51,0,1.0,17.47988307692308,0.1568627450980392
0.85,3,51,1,1.0,19.893248076923072,0.1568627450980392
0.85,3,51,2,1.0,22.307041153846153,0.1568627450980392
0.85,3,52,0,1.0,17.480488846153854,0.15384615384615385
0.85,3,52,1,1.0,19.89304153846154,0.15384615384615385
0.85,3,52,2,1.0,22.30896576923077,0.15384615384615385
0.85,3,53,0,1.0,17.479533461538463,0.1509433962264151
0.85,3,53,1,1.0,19.894733076923075,0.1509433962264151
0.85,3,53,2,1.0,22.305422884615382,0.1509433962264151
0.85,3,54,0,1.0,17.481207692307695,0.14814814814814814
0.85,3,54,1,1.0,19.89179653846154,0.14814814814814814
0.85,3,54,2,1.0,22.30586596153847,0.14814814814814814
0.85,3,55,0,1.0,17.480708653846158,0.14545454545454545
0.85,3,55,1,1.0,19.89294923076923,0.14545454545454545
0.85,3,55,2,1.0,22.310703461538463,0.14545454545454545
0.85,3,56,0,1.0,17.479605,0.14285714285714285
0.85,3,56,1,1.0,19.891845,0.14285714285714285
0.85,3,56,2,1.0,22.308863653846164,0.14285714285714285
0.85,3,57,0,1.0,17.480312884615383,0.14035087719298245
0.85,3,57,1,1.0,19.89063692307693,0.14035087719298245
0.85,3,57,2,1.0,22.308385961538455,0.14035087719298245
0.85,3,58,0,1.0,17.479984038461538,0.13793103448275862
0.85,3,58,1,1.0,19.895163461538452,0.13793103448275862
0.85,3,58,2,1.0,22.30795153846155,0.13793103448275862
0.85,3,59,0,1.0,17.478134423076924,0.13559322033898305
0.85,3,59,1,1.0,19.892914615384623,0.13559322033898305
0.85,3,59,2,1.0,22.31036596153847,0.13559322033898305
0.85,3,60,0,1.0,17.480199230769227,0.13333333333333333
0.85,3,60,1,1.0,19.89416076923077,0.13333333333333333
0.85,3,60,2,1.0,22.30586942307692,0.13333333333333333
0.85,3,61,0,1.0,17.48036250000001,0.13114754098360656
0.85,3,61,1,1.0,19.895051538461544,0.13114754098360656
0.85,3,61,2,1.0,22.30818346153846,0.13114754098360656
0.85,3,62,0,1.0,17.477825769230773,0.12903225806451613
0.85,3,62,1,1.0,19.896221538461543,0.12903225806451613
0.85,3,62,2,1.0,22.307974038461534,0.12903225806451613
0.85,3,63,0,1.0,17.48157288461538,0.12698412698412698
0.85,3,63,1,1.0,19.89354692307692,0.12698412698412698
0.85,3,63,2,1.0,22.309431346153858,0.12698412698412698
0.85,3,64,0,1.0,17.480929038461547,0.125
0.85,3,64,1,1.0,19.89276,0.125
0.85,3,64,2,1.0,22.308495,0.125
0.85,5,10,0,0.760832,17.113111041596568,0.8
0.85,5,10,1,0.761304,19.341542729519148,0.8
0.85,5,10,2,0.772482,21.623204364433285,0.8
0.85,5,11,0,0.811784,17.16199041958111,0.7272727272727273
0.85,5,11,1,0.840036,19.47291132577835,0.7272727272727273
0.85,5,11,2,0.86316,21.83600910072828,0.7272727272727273
0.85,5,12,0,0.851236,17.211176318453855,0.6666666666666666
0.85,5,12,1,0.892536,19.585957230942984,0.6666666666666666
0.85,5,12,2,0.9195,22.003569456644495,0.6666666666666666
0.85,5,13,0,0.885666,17.256095543223537,0.6153846153846154
0.85,5,13,1,0.92995,19.677624934343047,0.6153846153846154
0.85,5,13,2,0.95401,22.123640858465446,0.6153846153846154
0.85,5,14,0,0.9104,17.299916139989183,0.5714285714285714
0.85,5,14,1,0.954422,19.750426476403042,0.5714285714285714
0.85,5,14,2,0.973346,22.20735740425296,0.5714285714285714
0.85,5,15,0,0.930636,17.335273941691494,0.5333333333333333
0.85,5,15,1,0.970134,19.80493178499846,0.5333333333333333
0.85,5,15,2,0.985332,22.26246916697192,0.5333333333333333
0.85,5,16,0,0.947124,17.37018128241189,0.5
0.85,5,16,1,0.980622,19.846788764995775,0.5
0.85,5,16,2,0.991924,22.305103709868607,0.5
0.85,5,17,0,0.958712,17.397990741745176,0.47058823529411764
0.85,5,17,1,0.987908,19.87823959627508,0.47058823529411764
0.85,5,17,2,0.995636,22.3249551427043,0.47058823529411764
0.85,5,18,0,0.968028,17.422047908023007,0.4444444444444444
0.85,5,18,1,0.992368,19.89819998536523,0.4444444444444444
0.85,5,18,2,0.997634,22.339519533986635,0.4444444444444444
0.85,5,19,0,0.975732,17.441725407575667,0.42105263157894735
0.85,5,19,1,0.995006,19.91661897980051,0.42105263157894735
0.85,5,19,2,0.998668,22.349445230277496,0.42105263157894735
0.85,5,20,0,0.981206,17.461322714480563,0.4
0.85,5,20,1,0.99684,19.925960265207284,0.4
0.85,5,20,2,0.999262,22.354199129726968,0.4
0.85,5,21,0,0.985862,17.473972991695053,0.38095238095238093
0.85,5,21,1,0.99818,19.934670716087908,0.38095238095238093
0.85,5,21,2,0.99964,22.360291628063024,0.38095238095238093
0.85,5,22,0,0.989456,17.488876366251915,0.36363636363636365
0.85,5,22,1,0.998856,19.93666100172444,0.36363636363636365
0.85,5,22,2,0.999804,22.360747898895873,0.36363636363636365
0.85,5,23,0,0.991742,17.49804442780792,0.34782608695652173
0.85,5,23,1,0.999226,19.942448532086907,0.34782608695652173
0.85,5,23,2,0.999906,22.3565819033143,0.34782608695652173
0.85,5,24,0,0.993922,17.50621527645026,0.3333333333333333
0.85,5,24,1,0.999494,19.944426110381084,0.3333333333333333
0.85,5,24,2,0.999952,22.358701294585213,0.3333333333333333
0.85,5,25,0,0.995398,17.51422005608271,0.32
0.85,5,25,1,0.999728,19.946223449701392,0.32
0.85,5,25,2,0.999986,22.362769424925798,0.32
0.85,5,26,0,0.996448,17.51939157116849,0.3076923076923077
0.85,5,26,1,0.999832,19.947336152473618,0.3076923076923077
0.85,5,26,2,0.999984,22.36614189673188,0.3076923076923077
0.85,5,27,0,0.997362,17.522878815854693,0.2962962962962963
0.85,5,27,1,0.999904,19.95211848029719,0.2962962962962963
0.85,5,27,2,0.999992,22.363452176848188,0.2962962962962963
0.85,5,28,0,0.997924,17.529267875494142,0.2857142857142857
0.85,5,28,1,0.99993,19.948968735503794,0.2857142857142857
0.85,5,28,2,0.999998,22.36332145741215,0.2857142857142857
0.85,5,29,0,0.998498,17.531538332113293,0.27586206896551724
0.85,5,29,1,0.99996,19.950163391151033,0.27586206896551724
0.85,5,29,2,1.0,22.364192884615385,0.27586206896551724
0.85,5,30,0,0.998828,17.531086048233146,0.26666666666666666
0.85,5,30,1,0.999972,19.94808123858237,0.26666666666666666
0.85,5,30,2,0.999998,22.36058683655829,0.26666666666666666
0.85,5,31,0,0.999166,17.533596096067196,0.25806451612903225
0.85,5,31,1,0.999992,19.95107807016302,0.25806451612903225
0.85,5,31,2,1.0,22.36073134615384,0.25806451612903225
0.85,5,32,0,0.999432,17.532662590813118,0.25
0.85,5,32,1,0.999984,19.949354574288577,0.25
0.85,5,32,2,1.0,22.358732307692307,0.25
0.85,5,33,0,0.99955,17.537764301628048,0.24242424242424243
0.85,5,33,1,0.999996,19.946441708843764,0.24242424242424243
0.85,5,33,2,1.0,22.366378846153843,0.24242424242424243
0.85,5,34,0,0.999724,17.536431016499016,0.23529411764705882
0.85,5,34,1,1.0,19.95022384615385,0.23529411764705882
0.85,5,34,2,1.0,22.365909807692304,0.23529411764705882
0.85,5,35,0,0.999764,17.538081487230993,0.22857142857142856
0.85,5,35,1,0.999994,19.947811994564272,0.22857142857142856
0.85,5,35,2,1.0,22.363469423076925,0.22857142857142856
0.85,5,36,0,0.999832,17.537067573506196,0.2222222222222222
0.85,5,36,1,0.999998,19.95082797857903,0.2222222222222222
0.85,5,36,2,1.0,22.363509230769232,0.2222222222222222
0.85,5,37,0,0.999848,17.54001242804291,0.21621621621621623
0.85,5,37,1,0.999998,19.946469892939792,0.21621621621621623
0.85,5,37,2,1.0,22.36439711538462,0.21621621621621623
0.85,5,38,0,0.999886,17.538205124614983,0.21052631578947367
0.85,5,38,1,0.999994,19.951302400122096,0.21052631578947367
0.85,5,38,2,1.0,22.36080230769231,0.21052631578947367
0.85,5,39,0,0.999922,17.53942807538987,0.20512820512820512
0.85,5,39,1,0.999998,19.9512191332075,0.20512820512820512
0.85,5,39,2,1.0,22.360229423076927,0.20512820512820512
0.85,5,40,0,0.999926,17.539134626731613,0.2
0.85,5,40,1,1.0,19.953107307692306,0.2
0.85,5,40,2,1.0,22.357737115384616,0.2
0.85,5,41,0,0.99997,17.53989812002053,0.1951219512195122
0.85,5,41,1,1.0,19.95323423076923,0.1951219512195122
0.85,5,41,2,1.0,22.362654230769234,0.1951219512195122
0.85,5,42,0,0.999976,17.537431475278485,0.19047619047619047
0.85,5,42,1,1.0,19.94829346153846,0.19047619047619047
0.85,5,42,2,1.0,22.364547692307696,0.19047619047619047
0.85,5,43,0,0.999974,17.538525232425272,0.18604651162790697
0.85,5,43,1,1.0,19.95438576923078,0.18604651162790697
0.85,5,43,2,1.0,22.357899807692306,0.18604651162790697
0.85,5,44,0,0.999992,17.537973573019357,0.18181818181818182
0.85,5,44,1,1.0,19.95335538461539,0.18181818181818182
0.85,5,44,2,1.0,22.364539038461537,0.18181818181818182
0.85,5,45,0,0.999996,17.539746120522945,0.17777777777777778
0.85,5,45,1,1.0,19.94831538461538,0.17777777777777778
0.85,5,45,2,1.0,22.35928442307693,0.17777777777777778
0.85,5,46,0,0.999996,17.539659581715252,0.17391304347826086
0.85,5,46,1,1.0,19.952001923076928,0.17391304347826086
0.85,5,46,2,1.0,22.366134807692312,0.17391304347826086
0.85,5,47,0,0.999992,17.539587816702536,0.1702127659574468
0.85,5,47,1,1.0,19.95069115384615,0.1702127659574468
0.85,5,47,2,1.0,22.363012500000004,0.1702127659574468
0.85,5,48,0,0.999994,17.540382357678766,0.16666666666666666
0.85,5,48,1,1.0,19.95315692307693,0.16666666666666666
0.85,5,48,2,1.0,22.361260961538456,0.16666666666666666
0.85,5,49,0,1.0,17.53865192307692,0.16326530612244897
0.85,5,49,1,1.0,19.952764615384627,0.16326530612244897
0.85,5,49,2,1.0,22.363860576923077,0.16326530612244897
0.85,5,50,0,0.999998,17.536831035200528,0.16
0.85,5,50,1,1.0,19.949653846153847,0.16
0.85,5,50,2,1.0,22.360000961538468,0.16
0.85,5,51,0,0.999998,17.53856757713516,0.1568627450980392
0.85,5,51,1,1.0,19.94800153846154,0.1568627450980392
0.85,5,51,2,1.0,22.36451826923077,0.1568627450980392
0.85,5,52,0,1.0,17.540710384615387,0.15384615384615385
0.85,5,52,1,1.0,19.95116884615385,0.15384615384615385
0.85,5,52,2,1.0,22.36385365384616,0.15384615384615385
0.85,5,53,0,1.0,17.53994134615385,0.1509433962264151
0.85,5,53,1,1.0,19.951671923076923,0.1509433962264151
0.85,5,53,2,1.0,22.361226346153842,0.1509433962264151
0.85,5,54,0,1.0,17.53768788461539,0.14814814814814814
0.85,5,54,1,1.0,19.950361153846163,0.14814814814814814
0.85,5,54,2,1.0,22.36265423076923,0.14814814814814814
0.85,5,55,0,0.999998,17.53866450040593,0.14545454545454545
0.85,5,55,1,1.0,19.95234,0.14545454545454545
0.85,5,55,2,1.0,22.363530000000004,0.14545454545454545
0.85,5,56,0,1.0,17.53886307692308,0.14285714285714285
0.85,5,56,1,1.0,19.95093807692308,0.14285714285714285
0.85,5,56,2,1.0,22.36469653846154,0.14285714285714285
0.85,5,57,0,1.0,17.540365961538463,0.14035087719298245
0.85,5,57,1,1.0,19.95445961538462,0.14035087719298245
0.85,5,57,2,1.0,22.35929480769231,0.14035087719298245
0.85,5,58,0,1.0,17.53936903846154,0.13793103448275862
0.85,5,58,1,1.0,19.946353846153855,0.13793103448275862
0.85,5,58,2,1.0,22.36244134615385,0.13793103448275862
0.85,5,59,0,1.0,17.5378551923077,0.13559322033898305
0.85,5,59,1,1.0,19.95239076923078,0.13559322033898305
0.85,5,59,2,1.0,22.36028480769231,0.13559322033898305
0.85,5,60,0,1.0,17.53922653846153,0.13333333333333333
0.85,5,60,1,1.0,19.94853807692308,0.13333333333333333
0.85,5,60,2,1.0,22.359750000000005,0.13333333333333333
0.85,5,61,0,1.0,17.536928076923072,0.13114754098360656
0.85,5,61,1,1.0,19.94931,0.13114754098360656
0.85,5,61,2,1.0,22.360381730769227,0.13114754098360656
0.85,5,62,0,1.0,17.539847307692316,0.12903225806451613
0.85,5,62,1,1.0,19.95395538461538,0.12903225806451613
0.85,5,62,2,1.0,22.361705769230774,0.12903225806451613
0.85,5,63,0,1.0,17.542674807692308,0.12698412698412698
0.85,5,63,1,1.0,19.951669615384613,0.12698412698412698
0.85,5,63,2,1.0,22.35890365384616,0.12698412698412698
0.85,5,64,0,1.0,17.539613076923082,0.125
0.85,5,64,1,1.0,19.947189230769244,0.125
0.85,5,64,2,1.0,22.360160192307696,0.125
0.85,10,10,0,0.77637,17.074549605114935,0.8
0.85,10,10,1,0.761716,19.217666729816933,0.8
0.85,10,10,2,0.757826,21.417514605037205,0.8
0.85,10,11,0,0.804282,17.102160924038706,0.7272727272727273
0.85,10,11,1,0.810386,19.313280717697875,0.7272727272727273
0.85,10,11,2,0.823282,21.59011362215733,0.7272727272727273
0.85,10,12,0,0.828406,17.133714767136667,0.6666666666666666
0.85,10,12,1,0.849358,19.40423690146422,0.6666666666666666
0.85,10,12,2,0.870712,21.755238153461676,0.6666666666666666
0.85,10,13,0,0.849998,17.167284511257677,0.6153846153846154
0.85,10,13,1,0.881068,19.494835987513067,0.6153846153846154
0.85,10,13,2,0.906284,21.898189156532023,0.6153846153846154
0.85,10,14,0,0.869382,17.200613592360835,0.5714285714285714
0.85,10,14,1,0.906182,19.577325526218797,0.5714285714285714
0.85,10,14,2,0.931828,22.014471719937756,0.5714285714285714
0.85,10,15,0,0.885304,17.23466393812399,0.5333333333333333
0.85,10,15,1,0.925592,19.653002120223103,0.5333333333333333
0.85,10,15,2,0.951058,22.116105068088554,0.5333333333333333
0.85,10,16,0,0.900334,17.26946482766823,0.5
0.85,10,16,1,0.942576,19.722052610652586,0.5
0.85,10,16,2,0.965226,22.20318609320512,0.5
0.85,10,17,0,0.912974,17.301726386681167,0.47058823529411764
0.85,10,17,1,0.954628,19.7784449101559,0.47058823529411764
0.85,10,17,2,0.974988,22.27248003999103,0.47058823529411764
0.85,10,18,0,0.923636,17.33555980427855,0.4444444444444444
0.85,10,18,1,0.96451,19.828962972828776,0.4444444444444444
0.85,10,18,2,0.982348,22.32933413695476,0.4444444444444444
0.85,10,19,0,0.934282,17.36459285147476,0.42105263157894735
0.85,10,19,1,0.972294,19.878251450059977,0.42105263157894735
0.85,10,19,2,0.987574,22.37648345261294,0.42105263157894735
0.85,10,20,0,0.94287,17.393929418444994,0.4
0.85,10,20,1,0.97871,19.915804791707764,0.4
0.85,10,20,2,0.99127,22.40178973981319,0.4
0.85,10,21,0,0.950616,17.420391902966887,0.38095238095238093
0.85,10,21,1,0.983512,19.947157971401705,0.38095238095238093
0.85,10,21,2,0.993962,22.42544754458187,0.38095238095238093
0.85,10,22,0,0.957304,17.446886094859995,0.36363636363636365
0.85,10,22,1,0.98723,19.977566992026656,0.36363636363636365
0.85,10,22,2,0.99567,22.44866290267629,0.36363636363636365
0.85,10,23,0,0.963356,17.46911178613737,0.34782608695652173
0.85,10,23,1,0.990416,19.99739076229662,0.34782608695652173
0.85,10,23,2,0.996966,22.465905981825795,0.34782608695652173
0.85,10,24,0,0.968334,17.493649481401132,0.3333333333333333
0.85,10,24,1,0.9925,20.012850610346845,0.3333333333333333
0.85,10,24,2,0.997872,22.47619973765712,0.3333333333333333
0.85,10,25,0,0.972792,17.511718846372087,0.32
0.85,10,25,1,0.994092,20.030964089688037,0.32
0.85,10,25,2,0.998502,22.48802590896547,0.32
0.85,10,26,0,0.976672,17.53090183965391,0.3076923076923077
0.85,10,26,1,0.995524,20.04698685160934,0.3076923076923077
0.85,10,26,2,0.999112,22.4894236851555,0.3076923076923077
0.85,10,27,0,0.98027,17.55023223585967,0.2962962962962963
0.85,10,27,1,0.99667,20.058083803681647,0.2962962962962963
0.85,10,27,2,0.999306,22.496562037130698,0.2962962962962963
0.85,10,28,0,0.982774,17.562289538043885,0.2857142857142857
0.85,10,28,1,0.997432,20.058853828940418,0.2857142857142857
0.85,10,28,2,0.999512,22.493631699961885,0.2857142857142857
0.85,10,29,0,0.985546,17.580905172595465,0.27586206896551724
0.85,10,29,1,0.998118,20.07025722409575,0.27586206896551724
0.85,10,29,2,0.99968,22.498709009960105,0.27586206896551724
0.85,10,30,0,0.98802,17.59149417716552,0.26666666666666666
0.85,10,30,1,0.99857,20.077786234315077,0.26666666666666666
0.85,10,30,2,0.99981,22.500453547712524,0.26666666666666666
0.85,10,31,0,0.989796,17.600126109902373,0.25806451612903225
0.85,10,31,1,0.998848,20.078898198416887,0.25806451612903225
0.85,10,31,2,0.99988,22.50491193558612,0.25806451612903225
0.85,10,32,0,0.991198,17.61077310176481,0.25
0.85,10,32,1,0.999134,20.086363252114783,0.25
0.85,10,32,2,0.999892,22.50765717312855,0.25
0.85,10,33,0,0.992894,17.620287261278655,0.24242424242424243
0.85,10,33,1,0.99939,20.086681337154133,0.24242424242424243
0.85,10,33,2,0.999924,22.50586256093924,0.24242424242424243
0.85,10,34,0,0.99396,17.63036026058935,0.23529411764705882
0.85,10,34,1,0.999574,20.09327473503713,0.23529411764705882
0.85,10,34,2,0.99994,22.50744736991912,0.23529411764705882
0.85,10,35,0,0.994764,17.63687166001182,0.22857142857142856
0.85,10,35,1,0.99968,20.093550705456522,0.22857142857142856
0.85,10,35,2,0.999976,22.506477847776043,0.22857142857142856
0.85,10,36,0,0.995596,17.645378516216184,0.2222222222222222
0.85,10,36,1,0.999696,20.09812983146877,0.2222222222222222
0.85,10,36,2,0.999988,22.507692784621106,0.2222222222222222
0.85,10,37,0,0.996352,17.64776153407631,0.21621621621621623
0.85,10,37,1,0.999822,20.093878633473686,0.21621621621621623
0.85,10,37,2,0.999988,22.50751624404108,0.21621621621621623
0.85,10,38,0,0.996912,17.651383047774615,0.21052631578947367
0.85,10,38,1,0.99987,20.099841440925793,0.21052631578947367
0.85,10,38,2,0.999992,22.50695832489737,0.21052631578947367
0.85,10,39,0,0.997434,17.65805788422323,0.20512820512820512
0.85,10,39,1,0.999898,20.09394958285745,0.20512820512820512
0.85,10,39,2,0.999988,22.50428312832062,0.20512820512820512
0.85,10,40,0,0.997836,17.662346124706175,0.2
0.85,10,40,1,0.999898,20.101671908996266,0.2
0.85,10,40,2,0.999996,22.503548091115437,0.2
0.85,10,41,0,0.998194,17.66953656765658,0.1951219512195122
0.85,10,41,1,0.999944,20.099603654727744,0.1951219512195122
0.85,10,41,2,1.0,22.51248865384616,0.1951219512195122
0.85,10,42,0,0.998652,17.665327284256097,0.19047619047619047
0.85,10,42,1,0.999938,20.09646213449849,0.19047619047619047
0.85,10,42,2,1.0,22.513823076923078,0.19047619047619047
0.85,10,43,0,0.998778,17.670502777470993,0.18604651162790697
0.85,10,43,1,0.999964,20.09649462765275,0.18604651162790697
0.85,10,43,2,0.999998,22.51371175819275,0.18604651162790697
0.85,10,44,0,0.999058,17.670090994948012,0.18181818181818182
0.85,10,44,1,0.999978,20.100907219958845,0.18181818181818182
0.85,10,44,2,1.0,22.50939576923077,0.18181818181818182
0.85,10,45,0,0.999138,17.675466636856363,0.17777777777777778
0.85,10,45,1,0.999984,20.09686001129864,0.17777777777777778
0.85,10,45,2,1.0,22.50557076923078,0.17777777777777778
0.85,10,46,0,0.999396,17.67613600152954,0.17391304347826086
0.85,10,46,1,0.999982,20.10002833897164,0.17391304347826086
0.85,10,46,2,0.999998,22.512147139678895,0.17391304347826086
0.85,10,47,0,0.9994,17.677165530087283,0.1702127659574468
0.85,10,47,1,0.99999,20.097402897105898,0.1702127659574468
0.85,10,47,2,1.0,22.5080976923077,0.1702127659574468
0.85,10,48,0,0.999578,17.67582246631155,0.16666666666666666
0.85,10,48,1,0.99999,20.102627564737187,0.16666666666666666
0.85,10,48,2,1.0,22.508331346153845,0.16666666666666666
0.85,10,49,0,0.999624,17.676716253003438,0.16326530612244897
0.85,10,49,1,0.999992,20.100255417427956,0.16326530612244897
0.85,10,49,2,1.0,22.50609346153846,0.16326530612244897
0.85,10,50,0,0.999736,17.679118248756144,0.16
0.85,10,50,1,0.999996,20.096647694283085,0.16
0.85,10,50,2,1.0,22.50862211538462,0.16
0.85,10,51,0,0.99977,17.67990310848418,0.1568627450980392
0.85,10,51,1,0.999998,20.100821355488872,0.1568627450980392
0.85,10,51,2,1.0,22.50466903846154,0.1568627450980392
0.85,10,52,0,0.999812,17.68054875085747,0.15384615384615385
0.85,10,52,1,0.999998,20.092152491997297,0.15384615384615385
0.85,10,52,2,1.0,22.508663653846153,0.15384615384615385
0.85,10,53,0,0.999858,17.67846995811867,0.1509433962264151
0.85,10,53,1,1.0,20.099222307692315,0.1509433962264151
0.85,10,53,2,1.0,22.50613153846154,0.1509433962264151
0.85,10,54,0,0.999896,17.678900144076522,0.14814814814814814
0.85,10,54,1,0.999998,20.101138663815792,0.14814814814814814
0.85,10,54,2,1.0,22.51017288461538,0.14814814814814814
0.85,10,55,0,0.999922,17.678850104154275,0.14545454545454545
0.85,10,55,1,0.999998,20.09794250357731,0.14545454545454545
0.85,10,55,2,1.0,22.507230576923085,0.14545454545454545
0.85,10,56,0,0.999922,17.682244984339555,0.14285714285714285
0.85,10,56,1,1.0,20.09803153846154,0.14285714285714285
0.85,10,56,2,1.0,22.512092307692303,0.14285714285714285
0.85,10,57,0,0.999946,17.678044999045337,0.14035087719298245
0.85,10,57,1,1.0,20.09852884615385,0.14035087719298245
0.85,10,57,2,1.0,22.506557307692308,0.14035087719298245
0.85,10,58,0,0.99992,17.680005361967414,0.13793103448275862
0.85,10,58,1,1.0,20.09493576923078,0.13793103448275862
0.85,10,58,2,1.0,22.5064275,0.13793103448275862
0.85,10,59,0,0.999956,17.683365952717303,0.13559322033898305
0.85,10,59,1,1.0,20.092024615384624,0.13559322033898305
0.85,10,59,2,1.0,22.508798653846153,0.13559322033898305
0.85,10,60,0,0.999976,17.680832032276474,0.13333333333333333
0.85,10,60,1,1.0,20.095018846153852,0.13333333333333333
0.85,10,60,2,1.0,22.512789807692315,0.13333333333333333
0.85,10,61,0,0.999968,17.680056723353612,0.13114754098360656
0.85,10,61,1,1.0,20.099952692307696,0.13114754098360656
0.85,10,61,2,1.0,22.507633846153837,0.13114754098360656
0.85,10,62,0,0.999976,17.682744001240646,0.12903225806451613
0.85,10,62,1,0.999998,20.099682507057324,0.12903225806451613
0.85,10,62,2,1.0,22.50509999999999,0.12903225806451613
0.85,10,63,0,0.999994,17.682091092546553,0.12698412698412698
0.85,10,63,1,1.0,20.09701038461539,0.12698412698412698
0.85,10,63,2,1.0,22.51006384615385,0.12698412698412698
0.85,10,64,0,0.999982,17.681573460629984,0.125
0.85,10,64,1,1.0,20.10025846153846,0.125
0.85,10,64,2,1.0,22.505904807692303,0.125
0.85,20,10,0,0.795548,17.056966731398695,0.8
0.85,20,10,1,0.77864,19.14714808462882,0.8
0.85,20,10,2,0.767832,21.271130674017638,0.8
0.85,20,11,0,0.809128,17.0712775405698,0.7272727272727273
0.85,20,11,1,0.804466,19.200505963917962,0.7272727272727273
0.85,20,11,2,0.804828,21.38209487473864,0.7272727272727273
0.85,20,12,0,0.821092,17.088230345404938,0.6666666666666666
0.85,20,12,1,0.82808,19.26140961854299,0.6666666666666666
0.85,20,12,2,0.83831,21.502537843995672,0.6666666666666666
0.85,20,13,0,0.83477,17.108633561893143,0.6153846153846154
0.85,20,13,1,0.849114,19.3268571711219,0.6153846153846154
0.85,20,13,2,0.863908,21.62076107819174,0.6153846153846154
0.85,20,14,0,0.845878,17.129872065566104,0.5714285714285714
0.85,20,14,1,0.867424,19.39279850010358,0.5714285714285714
0.85,20,14,2,0.887112,21.74413368670126,0.5714285714285714
0.85,20,15,0,0.85586,17.153834244996933,0.5333333333333333
0.85,20,15,1,0.883986,19.45939232591397,0.5333333333333333
0.85,20,15,2,0.906816,21.857120662592227,0.5333333333333333
0.85,20,16,0,0.86671,17.179147847341365,0.5
0.85,20,16,1,0.898226,19.529663084620303,0.5
0.85,20,16,2,0.922508,21.966464914542335,0.5
0.85,20,17,0,0.875844,17.205054166653493,0.47058823529411764
0.85,20,17,1,0.911648,19.59354293627501,0.47058823529411764
0.85,20,17,2,0.936066,22.05994597027922,0.47058823529411764
0.85,20,18,0,0.884346,17.23407336738544,0.4444444444444444
0.85,20,18,1,0.922528,19.65746964194708,0.4444444444444444
0.85,20,18,2,0.946568,22.146234119959196,0.4444444444444444
0.85,20,19,0,0.893114,17.25918786145141,0.42105263157894735
0.85,20,19,1,0.93255,19.71899877507084,0.42105263157894735
0.85,20,19,2,0.955576,22.229495613117123,0.42105263157894735
0.85,20,20,0,0.900812,17.289503589752698,0.4
0.85,20,20,1,0.940966,19.779814246537804,0.4
0.85,20,20,2,0.964642,22.305105257861307,0.4
0.85,20,21,0,0.907536,17.316738992680776,0.38095238095238093
0.85,20,21,1,0.94847,19.831543270903506,0.38095238095238093
0.85,20,21,2,0.970362,22.372063605762996,0.38095238095238093
0.85,20,22,0,0.915594,17.347189365592175,0.36363636363636365
0.85,20,22,1,0.955144,19.884797878241802,0.36363636363636365
0.85,20,22,2,0.975848,22.428570409452163,0.36363636363636365
0.85,20,23,0,0.922538,17.377679418500502,0.34782608695652173
0.85,20,23,1,0.961546,19.928808958137772,0.34782608695652173
0.85,20,23,2,0.980254,22.481979356684796,0.34782608695652173
0.85,20,24,0,0.929268,17.404494927521114,0.3333333333333333
0.85,20,24,1,0.967058,19.977981990420755,0.3333333333333333
0.85,20,24,2,0.983732,22.537825733650422,0.3333333333333333
0.85,20,25,0,0.9346,17.433262275922242,0.32
0.85,20,25,1,0.971412,20.023099206262483,0.32
0.85,20,25,2,0.987044,22.562186262135306,0.32
0.85,20,26,0,0.940438,17.464215323890816,0.3076923076923077
0.85,20,26,1,0.975936,20.06064946881763,0.3076923076923077
0.85,20,26,2,0.989194,22.600842006413625,0.3076923076923077
0.85,20,27,0,0.945458,17.489200187389855,0.2962962962962963
0.85,20,27,1,0.978958,20.09964716015946,0.2962962962962963
0.85,20,27,2,0.991354,22.634951211249387,0.2962962962962963
0.85,20,28,0,0.951,17.517625576316437,0.2857142857142857
0.85,20,28,1,0.982226,20.128194686198654,0.2857142857142857
0.85,20,28,2,0.992978,22.66092211044416,0.2857142857142857
0.85,20,29,0,0.954718,17.549121633500473,0.27586206896551724
0.85,20,29,1,0.984594,20.153783808742105,0.27586206896551724
0.85,20,29,2,0.994346,22.6864530517082,0.27586206896551724
0.85,20,30,0,0.958954,17.570817947311497,0.26666666666666666
0.85,20,30,1,0.986842,20.178786706250065,0.26666666666666666
0.85,20,30,2,0.995396,22.698154804720932,0.26666666666666666
0.85,20,31,0,0.963624,17.595724577221,0.25806451612903225
0.85,20,31,1,0.988966,20.207107532202638,0.25806451612903225
0.85,20,31,2,0.99627,22.725416766075927,0.25806451612903225
0.85,20,32,0,0.966854,17.618542080412748,0.25
0.85,20,32,1,0.990636,20.230150514028757,0.25
0.85,20,32,2,0.996982,22.731463171235408,0.25
0.85,20,33,0,0.970298,17.645642211108182,0.24242424242424243
0.85,20,33,1,0.99199,20.248522201293905,0.24242424242424243
0.85,20,33,2,0.997612,22.747909700672906,0.24242424242424243
0.85,20,34,0,0.973244,17.663437155296336,0.23529411764705882
0.85,20,34,1,0.993216,20.261275957635068,0.23529411764705882
0.85,20,34,2,0.998088,22.759892491366568,0.23529411764705882
0.85,20,35,0,0.97684,17.68598431992642,0.22857142857142856
0.85,20,35,1,0.99428,20.276330224267433,0.22857142857142856
0.85,20,35,2,0.998484,22.764845736906388,0.22857142857142856
0.85,20,36,0,0.979072,17.702239781846806,0.2222222222222222
0.85,20,36,1,0.995316,20.291196271025793,0.2222222222222222
0.85,20,36,2,0.998856,22.77424257966499,0.2222222222222222
0.85,20,37,0,0.98125,17.723899461048504,0.21621621621621623
0.85,20,37,1,0.99605,20.30963845651863,0.21621621621621623
0.85,20,37,2,0.999116,22.767576922614982,0.21621621621621623
0.85,20,38,0,0.98303,17.742637950637707,0.21052631578947367
0.85,20,38,1,0.996626,20.317336848372573,0.21052631578947367
0.85,20,38,2,0.999204,22.783706792145015,0.21052631578947367
0.85,20,39,0,0.98552,17.754960481620014,0.20512820512820512
0.85,20,39,1,0.997234,20.326093513118828,0.20512820512820512
0.85,20,39,2,0.999514,22.786139448387306,0.20512820512820512
0.85,20,40,0,0.987358,17.773389069228575,0.2
0.85,20,40,1,0.99756,20.331574040659213,0.2
0.85,20,40,2,0.999534,22.79098963963361,0.2
0.85,20,41,0,0.988612,17.787779152060597,0.1951219512195122
0.85,20,41,1,0.998022,20.341774876860278,0.1951219512195122
0.85,20,41,2,0.999652,22.786307712006856,0.1951219512195122
0.85,20,42,0,0.990192,17.798234118697728,0.19047619047619047
0.85,20,42,1,0.998326,20.347036708681102,0.19047619047619047
0.85,20,42,2,0.999692,22.790310569501557,0.19047619047619047
0.85,20,43,0,0.99153,17.8090753683701,0.18604651162790697
0.85,20,43,1,0.998708,20.353820597750758,0.18604651162790697
0.85,20,43,2,0.999768,22.78628026317491,0.18604651162790697
0.85,20,44,0,0.992544,17.824523880824664,0.18181818181818182
0.85,20,44,1,0.998904,20.36162172202273,0.18181818181818182
0.85,20,44,2,0.999814,22.791889099064747,0.18181818181818182
0.85,20,45,0,0.993244,17.82658177106067,0.17777777777777778
0.85,20,45,1,0.99914,20.361694903771095,0.17777777777777778
0.85,20,45,2,0.999848,22.798323229746313,0.17777777777777778
0.85,20,46,0,0.994178,17.839232898550748,0.17391304347826086
0.85,20,46,1,0.999256,20.36032077096129,0.17391304347826086
0.85,20,46,2,0.999904,22.80522045500984,0.17391304347826086
0.85,20,47,0,0.995118,17.847107076748692,0.1702127659574468
0.85,20,47,1,0.999398,20.370449933937145,0.1702127659574468
0.85,20,47,2,0.999906,22.798764045358723,0.1702127659574468
0.85,20,48,0,0.995582,17.855107518864493,0.16666666666666666
0.85,20,48,1,0.999474,20.366510092000706,0.16666666666666666
0.85,20,48,2,0.999952,22.81370255772277,0.16666666666666666
0.85,20,49,0,0.99629,17.86143399705213,0.16326530612244897
0.85,20,49,1,0.999586,20.37267659580297,0.16326530612244897
0.85,20,49,2,0.999964,22.795549293620734,0.16326530612244897
0.85,20,50,0,0.996708,17.87318988726272,0.16
0.85,20,50,1,0.999654,20.376850774983534,0.16
0.85,20,50,2,0.999964,22.800688132465073,0.16
0.85,20,51,0,0.997336,17.86895520435672,0.1568627450980392
0.85,20,51,1,0.999724,20.37663818290771,0.1568627450980392
0.85,20,51,2,0.99998,22.799502336200565,0.1568627450980392
0.85,20,52,0,0.9977,17.882774805128722,0.15384615384615385
0.85,20,52,1,0.99976,20.382249816879128,0.15384615384615385
0.85,20,52,2,0.999972,22.80523662354854,0.15384615384615385
0.85,20,53,0,0.998092,17.879114889671033,0.1509433962264151
0.85,20,53,1,0.999814,20.378361913777503,0.1509433962264151
0.85,20,53,2,0.999982,22.810025580460444,0.1509433962264151
0.85,20,54,0,0.998348,17.882112596162713,0.14814814814814814
0.85,20,54,1,0.999828,20.374637514575582,0.14814814814814814
0.85,20,54,2,0.999974,22.803479813552084,0.14814814814814814
0.85,20,55,0,0.998498,17.884796810963916,0.14545454545454545
0.85,20,55,1,0.999888,20.37873818790782,0.14545454545454545
0.85,20,55,2,0.999982,22.79827863824626,0.14545454545454545
0.85,20,56,0,0.998668,17.890957871269148,0.14285714285714285
0.85,20,56,1,0.999918,20.375533870700483,0.14285714285714285
0.85,20,56,2,0.999988,22.803668259403732,0.14285714285714285
0.85,20,57,0,0.99886,17.891080254567136,0.14035087719298245
0.85,20,57,1,0.999944,20.387103985515502,0.14035087719298245
0.85,20,57,2,0.999996,22.80485891174334,0.14035087719298245
0.85,20,58,0,0.999046,17.895672279046526,0.13793103448275862
0.85,20,58,1,0.999952,20.38238873927487,0.13793103448275862
0.85,20,58,2,0.999994,22.806169144707166,0.13793103448275862
0.85,20,59,0,0.99931,17.891093508366925,0.13559322033898305
0.85,20,59,1,0.99993,20.380089683200907,0.13559322033898305
0.85,20,59,2,0.999996,22.796784840985524,0.13559322033898305
0.85,20,60,0,0.999412,17.89363799760413,0.13333333333333333
0.85,20,60,1,0.999948,20.37646534542873,0.13333333333333333
0.85,20,60,2,0.999994,22.803792784295165,0.13333333333333333
0.85,20,61,0,0.999466,17.90109302983177,0.13114754098360656
0.85,20,61,1,0.999968,20.38008023949075,0.13114754098360656
0.85,20,61,2,0.999996,22.79668272519244,0.13114754098360656
0.85,20,62,0,0.999568,17.901540388524765,0.12903225806451613
0.85,20,62,1,0.999982,20.38473692526465,0.12903225806451613
0.85,20,62,2,0.999998,22.800493870218514,0.12903225806451613
0.85,20,63,0,0.999596,17.896685453230806,0.12698412698412698
0.85,20,63,1,0.999986,20.385518474181723,0.12698412698412698
0.85,20,63,2,0.999998,22.808936579411622,0.12698412698412698
0.85,20,64,0,0.999708,17.906661437447426,0.125
0.85,20,64,1,0.999986,20.383788834582152,0.125
0.85,20,64,2,0.999998,22.796708670340422,0.125
0.85,40,10,0,0.80691,17.049229825459523,0.8
0.85,40,10,1,0.796944,19.113717284642725,0.8
0.85,40,10,2,0.78757,21.194310933045276,0.8
0.85,40,11,0,0.814278,17.055940732393985,0.7272727272727273
0.85,40,11,1,0.810258,19.141502791988202,0.7272727272727273
0.85,40,11,2,0.80582,21.254629541241325,0.7272727272727273
0.85,40,12,0,0.821816,17.064943556521357,0.6666666666666666
0.85,40,12,1,0.82274,19.175421340698346,0.6666666666666666
0.85,40,12,2,0.825454,21.327522840111666,0.6666666666666666
0.85,40,13,0,0.827492,17.075822066976066,0.6153846153846154
0.85,40,13,1,0.834084,19.21572094011561,0.6153846153846154
0.85,40,13,2,0.84148,21.407749989944467,0.6153846153846154
0.85,40,14,0,0.833752,17.088464140231334,0.5714285714285714
0.85,40,14,1,0.845356,19.258158237931266,0.5714285714285714
0.85,40,14,2,0.855608,21.493135695498232,0.5714285714285714
0.85,40,15,0,0.840584,17.102732468415738,0.5333333333333333
0.85,40,15,1,0.854976,19.30555000734164,0.5333333333333333
0.85,40,15,2,0.869916,21.57940448361593,0.5333333333333333
0.85,40,16,0,0.845328,17.119681536452305,0.5
0.85,40,16,1,0.866194,19.35782417546896,0.5
0.85,40,16,2,0.882476,21.676177203511664,0.5
0.85,40,17,0,0.852248,17.137908981712073,0.47058823529411764
0.85,40,17,1,0.875618,19.4099472952466,0.47058823529411764
0.85,40,17,2,0.894452,21.76231088979621,0.47058823529411764
0.85,40,18,0,0.858162,17.156040602339218,0.4444444444444444
0.85,40,18,1,0.884176,19.4633721549347,0.4444444444444444
0.85,40,18,2,0.904576,21.866036174364062,0.4444444444444444
0.85,40,19,0,0.86331,17.17490597458975,0.42105263157894735
0.85,40,19,1,0.892188,19.5146344630366,0.42105263157894735
0.85,40,19,2,0.91453,21.951337971837585,0.42105263157894735
0.85,40,20,0,0.870834,17.196607151658867,0.4
0.85,40,20,1,0.900062,19.57059411120909,0.4
0.85,40,20,2,0.922466,22.03397406850434,0.4
0.85,40,21,0,0.875668,17.221253462411646,0.38095238095238093
0.85,40,21,1,0.90853,19.632202145646946,0.38095238095238093
0.85,40,21,2,0.9315,22.126988108509845,0.38095238095238093
0.85,40,22,0,0.880214,17.247649872207646,0.36363636363636365
0.85,40,22,1,0.91505,19.68933517714459,0.36363636363636365
0.85,40,22,2,0.938296,22.21531125818259,0.36363636363636365
0.85,40,23,0,0.887584,17.2738731900738,0.34782608695652173
0.85,40,23,1,0.92226,19.7446352521982,0.34782608695652173
0.85,40,23,2,0.945098,22.290275107001527,0.34782608695652173
0.85,40,24,0,0.89326,17.305212841811933,0.3333333333333333
0.85,40,24,1,0.928234,19.804283021472866,0.3333333333333333
0.85,40,24,2,0.950764,22.3666006010389,0.3333333333333333
0.85,40,25,0,0.899632,17.32998347358442,0.32
0.85,40,25,1,0.933574,19.864226081703222,0.32
0.85,40,25,2,0.956288,22.45211834317052,0.32
0.85,40,26,0,0.903806,17.361912376022154,0.3076923076923077
0.85,40,26,1,0.939718,19.921488721575557,0.3076923076923077
0.85,40,26,2,0.96069,22.521656910057445,0.3076923076923077
0.85,40,27,0,0.910224,17.397537689792674,0.2962962962962963
0.85,40,27,1,0.944308,19.9754016046264,0.2962962962962963
0.85,40,27,2,0.965794,22.593378728160072,0.2962962962962963
0.85,40,28,0,0.915382,17.42754643164527,0.2857142857142857
0.85,40,28,1,0.950012,20.033289053190916,0.2857142857142857
0.85,40,28,2,0.969808,22.651714407546496,0.2857142857142857
0.85,40,29,0,0.920954,17.45565447100757,0.27586206896551724
0.85,40,29,1,0.954042,20.08709582693747,0.27586206896551724
0.85,40,29,2,0.973244,22.732214081503162,0.27586206896551724
0.85,40,30,0,0.9261,17.494843761680503,0.26666666666666666
0.85,40,30,1,0.958634,20.141703234458134,0.26666666666666666
0.85,40,30,2,0.97618,22.778523861456826,0.26666666666666666
0.85,40,31,0,0.93149,17.526115933363997,0.25806451612903225
0.85,40,31,1,0.962972,20.19491740154439,0.25806451612903225
0.85,40,31,2,0.979074,22.834805171479932,0.25806451612903225
0.85,40,32,0,0.936564,17.55965956410881,0.25
0.85,40,32,1,0.966406,20.241136907103385,0.25
0.85,40,32,2,0.981822,22.875052708128358,0.25
0.85,40,33,0,0.941604,17.591965412211504,0.24242424242424243
0.85,40,33,1,0.970098,20.283428541795224,0.24242424242424243
0.85,40,33,2,0.984342,22.921953486147643,0.24242424242424243
0.85,40,34,0,0.944962,17.62410674063735,0.23529411764705882
0.85,40,34,1,0.972684,20.326938735419798,0.23529411764705882
0.85,40,34,2,0.986224,22.96298734442606,0.23529411764705882
0.85,40,35,0,0.949818,17.664156347685722,0.22857142857142856
0.85,40,35,1,0.976038,20.36670191119609,0.22857142857142856
0.85,40,35,2,0.98817,23.011981354812033,0.22857142857142856
0.85,40,36,0,0.954216,17.69569045325007,0.2222222222222222
0.85,40,36,1,0.978646,20.40179767996568,0.2222222222222222
0.85,40,36,2,0.98971,23.051178356053008,0.2222222222222222
0.85,40,37,0,0.95776,17.722849710221286,0.21621621621621623
0.85,40,37,1,0.980808,20.44846344897425,0.21621621621621623
0.85,40,37,2,0.991116,23.067182309173155,0.21621621621621623
0.85,40,38,0,0.962006,17.756038503837896,0.21052631578947367
0.85,40,38,1,0.983026,20.477595944328264,0.21052631578947367
0.85,40,38,2,0.992278,23.105161131178036,0.21052631578947367
0.85,40,39,0,0.965476,17.784720059965633,0.20512820512820512
0.85,40,39,1,0.985334,20.521795342805273,0.20512820512820512
0.85,40,39,2,0.99356,23.129424261474675,0.20512820512820512
0.85,40,40,0,0.968294,17.814233073839144,0.2
0.85,40,40,1,0.986458,20.555395785106533,0.2
0.85,40,40,2,0.994444,23.154709102233536,0.2
0.85,40,41,0,0.971524,17.837079641407176,0.1951219512195122
0.85,40,41,1,0.988432,20.568312313768754,0.1951219512195122
0.85,40,41,2,0.994948,23.161005167336146,0.1951219512195122
0.85,40,42,0,0.97412,17.85871686160922,0.19047619047619047
0.85,40,42,1,0.989464,20.602361869270016,0.19047619047619047
0.85,40,42,2,0.995906,23.191893960026196,0.19047619047619047
0.85,40,43,0,0.97656,17.887319933077496,0.18604651162790697
0.85,40,43,1,0.991194,20.618786340204153,0.18604651162790697
0.85,40,43,2,0.996562,23.214358850342855,0.18604651162790697
0.85,40,44,0,0.979128,17.91241602417976,0.18181818181818182
0.85,40,44,1,0.992298,20.647352834609087,0.18181818181818182
0.85,40,44,2,0.996968,23.231144715392453,0.18181818181818182
0.85,40,45,0,0.981308,17.929881694792922,0.17777777777777778
0.85,40,45,1,0.993134,20.670897536330603,0.17777777777777778
0.85,40,45,2,0.997308,23.244235211959833,0.17777777777777778
0.85,40,46,0,0.983132,17.958230391787126,0.17391304347826086
0.85,40,46,1,0.99418,20.687764713710724,0.17391304347826086
0.85,40,46,2,0.997896,23.26277815446777,0.17391304347826086
0.85,40,47,0,0.98534,17.97207660456133,0.1702127659574468
0.85,40,47,1,0.994884,20.69888781776801,0.1702127659574468
0.85,40,47,2,0.998038,23.260638333949675,0.1702127659574468
0.85,40,48,0,0.986552,17.988140279712336,0.16666666666666666
0.85,40,48,1,0.995722,20.717625772284606,0.16666666666666666
0.85,40,48,2,0.9985,23.278181695620358,0.16666666666666666
0.85,40,49,0,0.988174,18.01148400211673,0.16326530612244897
0.85,40,49,1,0.995934,20.729650991701487,0.16326530612244897
0.85,40,49,2,0.998716,23.28727624731694,0.16326530612244897
0.85,40,50,0,0.989652,18.02318973662538,0.16
0.85,40,50,1,0.99663,20.73974177593876,0.16
0.85,40,50,2,0.998874,23.29278883407333,0.16
0.85,40,51,0,0.990622,18.03992398404545,0.1568627450980392
0.85,40,51,1,0.997152,20.751844715287604,0.1568627450980392
0.85,40,51,2,0.99908,23.289377766006268,0.1568627450980392
0.85,40,52,0,0.991768,18.043412797223667,0.15384615384615385
0.85,40,52,1,0.99746,20.76261743289494,0.15384615384615385
0.85,40,52,2,0.99921,23.304579656390086,0.15384615384615385
0.85,40,53,0,0.992754,18.062549309217673,0.1509433962264151
0.85,40,53,1,0.997936,20.764602370061034,0.1509433962264151
0.85,40,53,2,0.999326,23.302453545997693,0.1509433962264151
0.85,40,54,0,0.993784,18.078814836098108,0.14814814814814814
0.85,40,54,1,0.99821,20.768875903251445,0.14814814814814814
0.85,40,54,2,0.999478,23.311407785633328,0.14814814814814814
0.85,40,55,0,0.994606,18.079791240102967,0.14545454545454545
0.85,40,55,1,0.998464,20.786272714890078,0.14545454545454545
0.85,40,55,2,0.999548,23.317911234339473,0.14545454545454545
0.85,40,56,0,0.995226,18.083501984628466,0.14285714285714285
0.85,40,56,1,0.998618,20.7954812782034,0.14285714285714285
0.85,40,56,2,0.999594,23.320077182105162,0.14285714285714285
0.85,40,57,0,0.995918,18.105213365573654,0.14035087719298245
0.85,40,57,1,0.998898,20.794066984894283,0.14035087719298245
0.85,40,57,2,0.999674,23.31535657547437,0.14035087719298245
0.85,40,58,0,0.99625,18.107603899237528,0.13793103448275862
0.85,40,58,1,0.99913,20.79658110248224,0.13793103448275862
0.85,40,58,2,0.999756,23.325260786708885,0.13793103448275862
0.85,40,59,0,0.99674,18.108453944474366,0.13559322033898305
0.85,40,59,1,0.999228,20.79165923785471,0.13559322033898305
0.85,40,59,2,0.999812,23.327482874472707,0.13559322033898305
0.85,40,60,0,0.997124,18.122100507212586,0.13333333333333333
0.85,40,60,1,0.99923,20.810910939885254,0.13333333333333333
0.85,40,60,2,0.999794,23.312438708527807,0.13333333333333333
0.85,40,61,0,0.99748,18.127539861990673,0.13114754098360656
0.85,40,61,1,0.999478,20.80666261634728,0.13114754098360656
0.85,40,61,2,0.999868,23.32145824018001,0.13114754098360656
0.85,40,62,0,0.997902,18.14021567248086,0.12903225806451613
0.85,40,62,1,0.999474,20.81245696774965,0.12903225806451613
0.85,40,62,2,0.999898,23.336269530261323,0.12903225806451613
0.85,40,63,0,0.998188,18.13116655841924,0.12698412698412698
0.85,40,63,1,0.999576,20.820998103195755,0.12698412698412698
0.85,40,63,2,0.999918,23.33014153314419,0.12698412698412698
0.85,40,64,0,0.99847,18.140841063750617,0.125
0.85,40,64,1,0.999652,20.820694063072406,0.125
0.85,40,64,2,0.9999,23.326940386346333,0.125
0.95,2,10,0,0.9501,17.097387724369092,0.8
0.95,2,10,1,0.972386,19.23762152700044,0.8
0.95,2,10,2,0.981376,21.380354452084855,0.8
0.95,2,11,0,0.976464,17.11809474720089,0.7272727272727273
0.95,2,11,1,0.991968,19.268870645951356,0.7272727272727273
0.95,2,11,2,0.996058,21.41259576017893,0.7272727272727273
0.95,2,12,0,0.988812,17.13114653668318,0.6666666666666666
0.95,2,12,1,0.997616,19.279195833636614,0.6666666666666666
0.95,2,12,2,0.99923,21.42145817664218,0.6666666666666666
0.95,2,13,0,0.994456,17.139664221521038,0.6153846153846154
0.95,2,13,1,0.9993,19.283375285776977,0.6153846153846154
0.95,2,13,2,0.999856,21.42537794673202,0.6153846153846154
0.95,2,14,0,0.997328,17.14334875865235,0.5714285714285714
0.95,2,14,1,0.999812,19.28661626847386,0.5714285714285714
0.95,2,14,2,0.999984,21.425069531881743,0.5714285714285714
0.95,2,15,0,0.998806,17.146353515328077,0.5333333333333333
0.95,2,15,1,0.999958,19.286875433383585,0.5333333333333333
0.95,2,15,2,0.999998,21.424517464419548,0.5333333333333333
0.95,2,16,0,0.999496,17.147850208812937,0.5
0.95,2,16,1,1.0,19.28550346153846,0.5
0.95,2,16,2,1.0,21.424452692307696,0.5
0.95,2,17,0,0.999696,17.149292615724413,0.47058823529411764
0.95,2,17,1,0.999998,19.286226264760234,0.47058823529411764
0.95,2,17,2,1.0,21.425503269230767,0.47058823529411764
0.95,2,18,0,0.999874,17.148283376013072,0.4444444444444444
0.95,2,18,1,1.0,19.28683961538461,0.4444444444444444
0.95,2,18,2,1.0,21.425858076923085,0.4444444444444444
0.95,2,19,0,0.999948,17.148669038482314,0.42105263157894735
0.95,2,19,1,1.0,19.28531423076923,0.42105263157894735
0.95,2,19,2,1.0,21.42577846153846,0.42105263157894735
0.95,2,20,0,0.99997,17.14894081437828,0.4
0.95,2,20,1,1.0,19.28714538461539,0.4
0.95,2,20,2,1.0,21.42416365384616,0.4
0.95,2,21,0,1.0,17.149441153846162,0.38095238095238093
0.95,2,21,1,1.0,19.28664115384615,0.38095238095238093
0.95,2,21,2,1.0,21.423834807692312,0.38095238095238093
0.95,2,22,0,0.99999,17.14948803334187,0.36363636363636365
0.95,2,22,1,1.0,19.286400000000004,0.36363636363636365
0.95,2,22,2,1.0,21.42420692307692,0.36363636363636365
0.95,2,23,0,0.999994,17.148568468333885,0.34782608695652173
0.95,2,23,1,1.0,19.286103461538467,0.34782608695652173
0.95,2,23,2,1.0,21.424743461538466,0.34782608695652173
0.95,2,24,0,1.0,17.149146923076923,0.3333333333333333
0.95,2,24,1,1.0,19.285976538461536,0.3333333333333333
0.95,2,24,2,1.0,21.42433673076924,0.3333333333333333
0.95,2,25,0,1.0,17.148770192307694,0.32
0.95,2,25,1,1.0,19.28673576923078,0.32
0.95,2,25,2,1.0,21.425222884615394,0.32
0.95,2,26,0,1.0,17.149133076923082,0.3076923076923077
0.95,2,26,1,1.0,19.286980384615386,0.3076923076923077
0.95,2,26,2,1.0,21.424585961538455,0.3076923076923077
0.95,2,27,0,1.0,17.149271538461544,0.2962962962962963
0.95,2,27,1,1.0,19.286829230769236,0.2962962962962963
0.95,2,27,2,1.0,21.425601923076933,0.2962962962962963
0.95,2,28,0,1.0,17.149679423076922,0.2857142857142857
0.95,2,28,1,1.0,19.287407307692316,0.2857142857142857
0.95,2,28,2,1.0,21.425020384615383,0.2857142857142857
0.95,2,29,0,1.0,17.14993961538461,0.27586206896551724
0.95,2,29,1,1.0,19.286993076923082,0.27586206896551724
0.95,2,29,2,1.0,21.42519865384616,0.27586206896551724
0.95,2,30,0,1.0,17.14936557692308,0.26666666666666666
0.95,2,30,1,1.0,19.286307692307698,0.26666666666666666
0.95,2,30,2,1.0,21.424499423076927,0.26666666666666666
0.95,2,31,0,1.0,17.14977403846154,0.25806451612903225
0.95,2,31,1,1.0,19.287086538461544,0.25806451612903225
0.95,2,31,2,1.0,21.42389192307692,0.25806451612903225
0.95,2,32,0,1.0,17.14945211538462,0.25
0.95,2,32,1,1.0,19.287315000000003,0.25
0.95,2,32,2,1.0,21.425591538461543,0.25
0.95,2,33,0,1.0,17.149459615384618,0.24242424242424243
0.95,2,33,1,1.0,19.286415000000005,0.24242424242424243
0.95,2,33,2,1.0,21.424920000000004,0.24242424242424243
0.95,2,34,0,1.0,17.149868653846163,0.23529411764705882
0.95,2,34,1,1.0,19.286743846153847,0.23529411764705882
0.95,2,34,2,1.0,21.42678403846155,0.23529411764705882
0.95,2,35,0,1.0,17.149097884615383,0.22857142857142856
0.95,2,35,1,1.0,19.28709346153846,0.22857142857142856
0.95,2,35,2,1.0,21.427483269230773,0.22857142857142856
0.95,2,36,0,1.0,17.149442307692308,0.2222222222222222
0.95,2,36,1,1.0,19.286653846153847,0.2222222222222222
0.95,2,36,2,1.0,21.42631500000001,0.2222222222222222
0.95,2,37,0,1.0,17.1494526923077,0.21621621621621623
0.95,2,37,1,1.0,19.287343846153846,0.21621621621621623
0.95,2,37,2,1.0,21.425020384615394,0.21621621621621623
0.95,2,38,0,1.0,17.149093846153853,0.21052631578947367
0.95,2,38,1,1.0,19.28811346153847,0.21052631578947367
0.95,2,38,2,1.0,21.425084423076925,0.21052631578947367
0.95,2,39,0,1.0,17.149736538461543,0.20512820512820512
0.95,2,39,1,1.0,19.287668076923083,0.20512820512820512
0.95,2,39,2,1.0,21.42571442307692,0.20512820512820512
0.95,2,40,0,1.0,17.14934480769231,0.2
0.95,2,40,1,1.0,19.28636423076923,0.2
0.95,2,40,2,1.0,21.424077115384627,0.2
0.95,2,41,0,1.0,17.149420961538464,0.1951219512195122
0.95,2,41,1,1.0,19.28640807692308,0.1951219512195122
0.95,2,41,2,1.0,21.425738653846157,0.1951219512195122
0.95,2,42,0,1.0,17.14906673076923,0.19047619047619047
0.95,2,42,1,1.0,19.28733692307693,0.19047619047619047
0.95,2,42,2,1.0,21.4269675,0.19047619047619047
0.95,2,43,0,1.0,17.14970653846154,0.18604651162790697
0.95,2,43,1,1.0,19.28803038461539,0.18604651162790697
0.95,2,43,2,1.0,21.425056730769224,0.18604651162790697
0.95,2,44,0,1.0,17.149043653846164,0.18181818181818182
0.95,2,44,1,1.0,19.286871923076923,0.18181818181818182
0.95,2,44,2,1.0,21.422798076923076,0.18181818181818182
0.95,2,45,0,1.0,17.149347115384618,0.17777777777777778
0.95,2,45,1,1.0,19.28695730769231,0.17777777777777778
0.95,2,45,2,1.0,21.425212500000008,0.17777777777777778
0.95,2,46,0,1.0,17.149228269230775,0.17391304347826086
0.95,2,46,1,1.0,19.287270000000007,0.17391304347826086
0.95,2,46,2,1.0,21.426008653846154,0.17391304347826086
0.95,2,47,0,1.0,17.14926576923077,0.1702127659574468
0.95,2,47,1,1.0,19.28774423076923,0.1702127659574468
0.95,2,47,2,1.0,21.424579038461538,0.1702127659574468
0.95,2,48,0,1.0,17.14928076923077,0.16666666666666666
0.95,2,48,1,1.0,19.28715923076923,0.16666666666666666
0.95,2,48,2,1.0,21.4245651923077,0.16666666666666666
0.95,2,49,0,1.0,17.149156730769235,0.16326530612244897
0.95,2,49,1,1.0,19.285370769230767,0.16326530612244897
0.95,2,49,2,1.0,21.42578711538461,0.16326530612244897
0.95,2,50,0,1.0,17.149601538461543,0.16
0.95,2,50,1,1.0,19.28624538461539,0.16
0.95,2,50,2,1.0,21.42639634615386,0.16
0.95,2,51,0,1.0,17.14880653846154,0.1568627450980392
0.95,2,51,1,1.0,19.28822884615385,0.1568627450980392
0.95,2,51,2,1.0,21.42571442307693,0.1568627450980392
0.95,2,52,0,1.0,17.149170576923087,0.15384615384615385
0.95,2,52,1,1.0,19.287664615384614,0.15384615384615385
0.95,2,52,2,1.0,21.425685,0.15384615384615385
0.95,2,53,0,1.0,17.14985250000001,0.1509433962264151
0.95,2,53,1,1.0,19.287656538461547,0.1509433962264151
0.95,2,53,2,1.0,21.424459615384617,0.1509433962264151
0.95,2,54,0,1.0,17.149047115384615,0.14814814814814814
0.95,2,54,1,1.0,19.287076153846154,0.14814814814814814
0.95,2,54,2,1.0,21.426091730769226,0.14814814814814814
0.95,2,55,0,1.0,17.149915384615383,0.14545454545454545
0.95,2,55,1,1.0,19.286711538461542,0.14545454545454545
0.95,2,55,2,1.0,21.425080961538463,0.14545454545454545
0.95,2,56,0,1.0,17.149399038461535,0.14285714285714285
0.95,2,56,1,1.0,19.286686153846155,0.14285714285714285
0.95,2,56,2,1.0,21.425856346153846,0.14285714285714285
0.95,2,57,0,1.0,17.149735384615386,0.14035087719298245
0.95,2,57,1,1.0,19.28707384615385,0.14035087719298245
0.95,2,57,2,1.0,21.42641538461538,0.14035087719298245
0.95,2,58,0,1.0,17.148781730769237,0.13793103448275862
0.95,2,58,1,1.0,19.28840192307693,0.13793103448275862
0.95,2,58,2,1.0,21.424322884615393,0.13793103448275862
0.95,2,59,0,1.0,17.14886942307692,0.13559322033898305
0.95,2,59,1,1.0,19.28663769230769,0.13559322033898305
0.95,2,59,2,1.0,21.425574230769236,0.13559322033898305
0.95,2,60,0,1.0,17.150098269230774,0.13333333333333333
0.95,2,60,1,1.0,19.286614615384625,0.13333333333333333
0.95,2,60,2,1.0,21.42562269230769,0.13333333333333333
0.95,2,61,0,1.0,17.14910134615385,0.13114754098360656
0.95,2,61,1,1.0,19.286509615384617,0.13114754098360656
0.95,2,61,2,1.0,21.42405634615384,0.13114754098360656
0.95,2,62,0,1.0,17.148874615384617,0.12903225806451613
0.95,2,62,1,1.0,19.287108461538462,0.12903225806451613
0.95,2,62,2,1.0,21.426361730769234,0.12903225806451613
0.95,2,63,0,1.0,17.14912384615385,0.12698412698412698
0.95,2,63,1,1.0,19.286499230769234,0.12698412698412698
0.95,2,63,2,1.0,21.42522115384615,0.12698412698412698
0.95,2,64,0,1.0,17.14973826923077,0.125
0.95,2,64,1,1.0,19.28703576923078,0.125
0.95,2,64,2,1.0,21.425231538461542,0.125
0.95,3,10,0,0.937756,17.078067010706736,0.8
0.95,3,10,1,0.95499,19.205606663621936,0.8
0.95,3,10,2,0.96775,21.345632215885395,0.8
0.95,3,11,0,0.960674,17.097626450083688,0.7272727272727273
0.95,3,11,1,0.980554,19.245777622414703,0.7272727272727273
0.95,3,11,2,0.98945,21.395309942975317,0.7272727272727273
0.95,3,12,0,0.975692,17.114135009187958,0.6666666666666666
0.95,3,12,1,0.991332,19.268328253920366,0.6666666666666666
0.95,3,12,2,0.996632,21.4185285657479,0.6666666666666666
0.95,3,13,0,0.984742,17.12596372372741,0.6153846153846154
0.95,3,13,1,0.996292,19.281145255839423,0.6153846153846154
0.95,3,13,2,0.998926,21.42735759744427,0.6153846153846154
0.95,3,14,0,0.9905,17.13622063448919,0.5714285714285714
0.95,3,14,1,0.99833,19.287564848681914,0.5714285714285714
0.95,3,14,2,0.999662,21.429980256403592,0.5714285714285714
0.95,3,15,0,0.994098,17.142820000566427,0.5333333333333333
0.95,3,15,1,0.99924,19.291974208090462,0.5333333333333333
0.95,3,15,2,0.999898,21.430404747438086,0.5333333333333333
0.95,3,16,0,0.99626,17.14834500261749,0.5
0.95,3,16,1,0.999712,19.29496156431513,0.5
0.95,3,16,2,0.999974,21.432574554630733,0.5
0.95,3,17,0,0.997824,17.151380442304,0.47058823529411764
0.95,3,17,1,0.999894,19.295976527358057,0.47058823529411764
0.95,3,17,2,0.99999,21.43300817623561,0.47058823529411764
0.95,3,18,0,0.998656,17.155046767470868,0.4444444444444444
0.95,3,18,1,0.99995,19.295300918892092,0.4444444444444444
0.95,3,18,2,0.999996,21.43243996052908,0.4444444444444444
0.95,3,19,0,0.99913,17.154977137802195,0.42105263157894735
0.95,3,19,1,0.999982,19.29522808333628,0.42105263157894735
0.95,3,19,2,0.999998,21.43278536557073,0.42105263157894735
0.95,3,20,0,0.999458,17.155433629642655,0.4
0.95,3,20,1,0.999998,19.295032436218722,0.4
0.95,3,20,2,1.0,21.43224461538462,0.4
0.95,3,21,0,0.99965,17.156738897075524,0.38095238095238093
0.95,3,21,1,0.999996,19.294592178368724,0.38095238095238093
0.95,3,21,2,1.0,21.433971923076932,0.38095238095238093
0.95,3,22,0,0.999778,17.15658914740611,0.36363636363636365
0.95,3,22,1,0.999994,19.296763088270836,0.36363636363636365
0.95,3,22,2,1.0,21.434011730769235,0.36363636363636365
0.95,3,23,0,0.999884,17.1581520764101,0.34782608695652173
0.95,3,23,1,1.0,19.29482884615386,0.34782608695652173
0.95,3,23,2,1.0,21.43278461538462,0.34782608695652173
0.95,3,24,0,0.99992,17.159187350372655,0.3333333333333333
0.95,3,24,1,1.0,19.295439230769237,0.3333333333333333
0.95,3,24,2,1.0,21.435571153846162,0.3333333333333333
0.95,3,25,0,0.999964,17.159079073000473,0.32
0.95,3,25,1,1.0,19.296019615384626,0.32
0.95,3,25,2,1.0,21.4319001923077,0.32
0.95,3,26,0,0.999978,17.1578707423871,0.3076923076923077
0.95,3,26,1,1.0,19.294766538461545,0.3076923076923077
0.95,3,26,2,1.0,21.432743076923074,0.3076923076923077
0.95,3,27,0,0.999982,17.157951535435334,0.2962962962962963
0.95,3,27,1,1.0,19.29521884615385,0.2962962962962963
0.95,3,27,2,1.0,21.433296923076924,0.2962962962962963
0.95,3,28,0,0.99998,17.158367782740275,0.2857142857142857
0.95,3,28,1,1.0,19.295112692307693,0.2857142857142857
0.95,3,28,2,1.0,21.43165961538462,0.2857142857142857
0.95,3,29,0,0.999992,17.15861765355661,0.27586206896551724
0.95,3,29,1,1.0,19.29422192307693,0.27586206896551724
0.95,3,29,2,1.0,21.432897115384613,0.27586206896551724
0.95,3,30,0,0.999996,17.158645942276078,0.26666666666666666
0.95,3,30,1,1.0,19.29532615384615,0.26666666666666666
0.95,3,30,2,1.0,21.4322601923077,0.26666666666666666
0.95,3,31,0,1.0,17.15884903846154,0.25806451612903225
0.95,3,31,1,1.0,19.295925000000008,0.25806451612903225
0.95,3,31,2,1.0,21.431200961538465,0.25806451612903225
0.95,3,32,0,1.0,17.157889615384615,0.25
0.95,3,32,1,1.0,19.294772307692313,0.25
0.95,3,32,2,1.0,21.433115192307692,0.25
0.95,3,33,0,1.0,17.159248846153847,0.24242424242424243
0.95,3,33,1,1.0,19.29428423076923,0.24242424242424243
0.95,3,33,2,1.0,21.43417096153846,0.24242424242424243
0.95,3,34,0,1.0,17.158340769230776,0.23529411764705882
0.95,3,34,1,1.0,19.29686653846154,0.23529411764705882
0.95,3,34,2,1.0,21.43312557692308,0.23529411764705882
0.95,3,35,0,1.0,17.15876711538462,0.22857142857142856
0.95,3,35,1,1.0,19.29620192307693,0.22857142857142856
0.95,3,35,2,1.0,21.432087115384615,0.22857142857142856
0.95,3,36,0,1.0,17.158772884615388,0.2222222222222222
0.95,3,36,1,1.0,19.29586269230769,0.2222222222222222
0.95,3,36,2,1.0,21.432362307692305,0.2222222222222222
0.95,3,37,0,1.0,17.15880230769231,0.21621621621621623
0.95,3,37,1,1.0,19.295479615384615,0.21621621621621623
0.95,3,37,2,1.0,21.431680384615383,0.21621621621621623
0.95,3,38,0,1.0,17.158595769230775,0.21052631578947367
0.95,3,38,1,1.0,19.294405384615384,0.21052631578947367
0.95,3,38,2,1.0,21.43169076923077,0.21052631578947367
0.95,3,39,0,1.0,17.158560576923083,0.20512820512820512
0.95,3,39,1,1.0,19.296040384615388,0.20512820512820512
0.95,3,39,2,1.0,21.434636538461536,0.20512820512820512
0.95,3,40,0,1.0,17.15880461538462,0.2
0.95,3,40,1,1.0,19.296761538461542,0.2
0.95,3,40,2,1.0,21.43308403846155,0.2
0.95,3,41,0,1.0,17.158626346153856,0.1951219512195122
0.95,3,41,1,1.0,19.29655615384615,0.1951219512195122
0.95,3,41,2,1.0,21.433494230769234,0.1951219512195122
0.95,3,42,0,1.0,17.157656538461552,0.19047619047619047
0.95,3,42,1,1.0,19.295203846153843,0.19047619047619047
0.95,3,42,2,1.0,21.43341461538462,0.19047619047619047
0.95,3,43,0,1.0,17.157784038461543,0.18604651162790697
0.95,3,43,1,1.0,19.296325384615383,0.18604651162790697
0.95,3,43,2,1.0,21.433206923076913,0.18604651162790697
0.95,3,44,0,1.0,17.158022884615388,0.18181818181818182
0.95,3,44,1,1.0,19.294973076923082,0.18181818181818182
0.95,3,44,2,1.0,21.434318076923084,0.18181818181818182
0.95,3,45,0,1.0,17.15777076923077,0.17777777777777778
0.95,3,45,1,1.0,19.294578461538464,0.17777777777777778
0.95,3,45,2,1.0,21.433430192307686,0.17777777777777778
0.95,3,46,0,1.0,17.15860557692308,0.17391304347826086
0.95,3,46,1,1.0,19.29501,0.17391304347826086
0.95,3,46,2,1.0,21.433452692307693,0.17391304347826086
0.95,3,47,0,1.0,17.15902096153846,0.1702127659574468
0.95,3,47,1,1.0,19.29602884615385,0.1702127659574468
0.95,3,47,2,1.0,21.43321211538461,0.1702127659574468
0.95,3,48,0,1.0,17.158638461538466,0.16666666666666666
0.95,3,48,1,1.0,19.295769230769242,0.16666666666666666
0.95,3,48,2,1.0,21.4326375,0.16666666666666666
0.95,3,49,0,1.0,17.157971538461542,0.16326530612244897
0.95,3,49,1,1.0,19.295714999999987,0.16326530612244897
0.95,3,49,2,1.0,21.43207153846155,0.16326530612244897
0.95,3,50,0,1.0,17.158396153846155,0.16
0.95,3,50,1,1.0,19.294833461538463,0.16
0.95,3,50,2,1.0,21.43464692307693,0.16
0.95,3,51,0,1.0,17.158817884615384,0.1568627450980392
0.95,3,51,1,1.0,19.295094230769234,0.1568627450980392
0.95,3,51,2,1.0,21.432668653846157,0.1568627450980392
0.95,3,52,0,1.0,17.158401346153852,0.15384615384615385
0.95,3,52,1,1.0,19.294665000000002,0.15384615384615385
0.95,3,52,2,1.0,21.432791538461547,0.15384615384615385
0.95,3,53,0,1.0,17.15902615384616,0.1509433962264151
0.95,3,53,1,1.0,19.295082692307698,0.1509433962264151
0.95,3,53,2,1.0,21.43396846153846,0.1509433962264151
0.95,3,54,0,1.0,17.159144423076928,0.14814814814814814
0.95,3,54,1,1.0,19.293406153846163,0.14814814814814814
0.95,3,54,2,1.0,21.431130000000007,0.14814814814814814
0.95,3,55,0,1.0,17.15871692307693,0.14545454545454545
0.95,3,55,1,1.0,19.296206538461536,0.14545454545454545
0.95,3,55,2,1.0,21.433250192307703,0.14545454545454545
0.95,3,56,0,1.0,17.159154230769236,0.14285714285714285
0.95,3,56,1,1.0,19.294356923076933,0.14285714285714285
0.95,3,56,2,1.0,21.43201442307693,0.14285714285714285
0.95,3,57,0,1.0,17.15867653846154,0.14035087719298245
0.95,3,57,1,1.0,19.29556846153846,0.14035087719298245
0.95,3,57,2,1.0,21.433719230769235,0.14035087719298245
0.95,3,58,0,1.0,17.158738846153845,0.13793103448275862
0.95,3,58,1,1.0,19.295233846153856,0.13793103448275862
0.95,3,58,2,1.0,21.433161923076923,0.13793103448275862
0.95,3,59,0,1.0,17.158560000000012,0.13559322033898305
0.95,3,59,1,1.0,19.295255769230774,0.13559322033898305
0.95,3,59,2,1.0,21.431931346153842,0.13559322033898305
0.95,3,60,0,1.0,17.158937307692305,0.13333333333333333
0.95,3,60,1,1.0,19.295659615384622,0.13333333333333333
0.95,3,60,2,1.0,21.433225961538465,0.13333333333333333
0.95,3,61,0,1.0,17.15856923076923,0.13114754098360656
0.95,3,61,1,1.0,19.295094230769237,0.13114754098360656
0.95,3,61,2,1.0,21.431934807692322,0.13114754098360656
0.95,3,62,0,1.0,17.15780365384616,0.12903225806451613
0.95,3,62,1,1.0,19.294686923076917,0.12903225806451613
0.95,3,62,2,1.0,21.43074403846155,0.12903225806451613
0.95,3,63,0,1.0,17.158674807692304,0.12698412698412698
0.95,3,63,1,1.0,19.29606576923078,0.12698412698412698
0.95,3,63,2,1.0,21.43398576923076,0.12698412698412698
0.95,3,64,0,1.0,17.15789711538461,0.125
0.95,3,64,1,1.0,19.29548076923077,0.125
0.95,3,64,2,1.0,21.43133596153847,0.125
0.95,5,10,0,0.933478,17.061945714348347,0.8
0.95,5,10,1,0.93899,19.16169214548857,0.8
0.95,5,10,2,0.948742,21.285675987457402,0.8
0.95,5,11,0,0.950062,17.076065521553815,0.7272727272727273
0.95,5,11,1,0.963112,19.202061011196395,0.7272727272727273
0.95,5,11,2,0.97511,21.348968321522705,0.7272727272727273
0.95,5,12,0,0.96141,17.089678381031707,0.6666666666666666
0.95,5,12,1,0.977944,19.234515709252506,0.6666666666666666
0.95,5,12,2,0.987424,21.390029082666697,0.6666666666666666
0.95,5,13,0,0.970678,17.103778334477397,0.6153846153846154
0.95,5,13,1,0.98682,19.258123997362162,0.6153846153846154
0.95,5,13,2,0.994098,21.41551185094428,0.6153846153846154
0.95,5,14,0,0.977772,17.11485358077815,0.5714285714285714
0.95,5,14,1,0.991934,19.27737941931931,0.5714285714285714
0.95,5,14,2,0.99704,21.429700760404636,0.5714285714285714
0.95,5,15,0,0.983024,17.125528745209447,0.5333333333333333
0.95,5,15,1,0.99524,19.289276185411797,0.5333333333333333
0.95,5,15,2,0.99859,21.440295624522886,0.5333333333333333
0.95,5,16,0,0.987538,17.13556670146442,0.5
0.95,5,16,1,0.997114,19.29521560762824,0.5
0.95,5,16,2,0.999338,21.44094275025452,0.5
0.95,5,17,0,0.990524,17.142071344988192,0.47058823529411764
0.95,5,17,1,0.99837,19.30019508722295,0.47058823529411764
0.95,5,17,2,0.99967,21.445155939921722,0.47058823529411764
0.95,5,18,0,0.992802,17.148049157838127,0.4444444444444444
0.95,5,18,1,0.998934,19.30692810844053,0.4444444444444444
0.95,5,18,2,0.999832,21.44745605723301,0.4444444444444444
0.95,5,19,0,0.994744,17.15355852669322,0.42105263157894735
0.95,5,19,1,0.999382,19.30842183546355,0.42105263157894735
0.95,5,19,2,0.999942,21.447896093358036,0.42105263157894735
0.95,5,20,0,0.995842,17.158813268647965,0.4
0.95,5,20,1,0.999634,19.31124868624994,0.4
0.95,5,20,2,0.999966,21.449065422070515,0.4
0.95,5,21,0,0.996978,17.161879160361075,0.38095238095238093
0.95,5,21,1,0.999784,19.313154718342236,0.38095238095238093
0.95,5,21,2,0.999984,21.450394552466683,0.38095238095238093
0.95,5,22,0,0.997772,17.16534477276912,0.36363636363636365
0.95,5,22,1,0.999868,19.312066500470372,0.36363636363636365
0.95,5,22,2,0.999996,21.45057676384552,0.36363636363636365
0.95,5,23,0,0.99838,17.16745743489068,0.34782608695652173
0.95,5,23,1,0.999932,19.312089375923723,0.34782608695652173
0.95,5,23,2,0.999998,21.449212129193487,0.34782608695652173
0.95,5,24,0,0.998782,17.1700334854006,0.3333333333333333
0.95,5,24,1,0.999944,19.313842344402058,0.3333333333333333
0.95,5,24,2,0.999996,21.44987060717475,0.3333333333333333
0.95,5,25,0,0.999018,17.17195093273903,0.32
0.95,5,25,1,0.999978,19.31108215149964,0.32
0.95,5,25,2,1.0,21.45087115384615,0.32
0.95,5,26,0,0.999272,17.172125730608805,0.3076923076923077
0.95,5,26,1,0.999988,19.313339837001127,0.3076923076923077
0.95,5,26,2,1.0,21.450582115384616,0.3076923076923077
0.95,5,27,0,0.999552,17.173148378165735,0.2962962962962963
0.95,5,27,1,0.999994,19.313047416746052,0.2962962962962963
0.95,5,27,2,1.0,21.45016326923077,0.2962962962962963
0.95,5,28,0,0.999626,17.172721443973895,0.2857142857142857
0.95,5,28,1,0.999998,19.313316318940327,0.2857142857142857
0.95,5,28,2,1.0,21.451220769230773,0.2857142857142857
0.95,5,29,0,0.999706,17.173295487334816,0.27586206896551724
0.95,5,29,1,0.999994,19.31319741764604,0.27586206896551724
0.95,5,29,2,1.0,21.45178326923076,0.27586206896551724
0.95,5,30,0,0.99978,17.17438336434016,0.26666666666666666
0.95,5,30,1,0.999998,19.313626704176485,0.26666666666666666
0.95,5,30,2,1.0,21.447584423076925,0.26666666666666666
0.95,5,31,0,0.999828,17.174571526302525,0.25806451612903225
0.95,5,31,1,1.0,19.313877692307695,0.25806451612903225
0.95,5,31,2,1.0,21.45064961538462,0.25806451612903225
0.95,5,32,0,0.999892,17.17710608899608,0.25
0.95,5,32,1,1.0,19.31369653846154,0.25
0.95,5,32,2,1.0,21.450623653846158,0.25
0.95,5,33,0,0.99993,17.176173485990176,0.24242424242424243
0.95,5,33,1,0.999998,19.31308439539956,0.24242424242424243
0.95,5,33,2,1.0,21.452575961538464,0.24242424242424243
0.95,5,34,0,0.999944,17.176079552762648,0.23529411764705882
0.95,5,34,1,1.0,19.31303884615385,0.23529411764705882
0.95,5,34,2,1.0,21.449005384615376,0.23529411764705882
0.95,5,35,0,0.999958,17.17611774309906,0.22857142857142856
0.95,5,35,1,1.0,19.312531153846155,0.22857142857142856
0.95,5,35,2,1.0,21.44852423076923,0.22857142857142856
0.95,5,36,0,0.999956,17.176426147365873,0.2222222222222222
0.95,5,36,1,1.0,19.311981923076928,0.2222222222222222
0.95,5,36,2,1.0,21.448884230769234,0.2222222222222222
0.95,5,37,0,0.999974,17.177418535958854,0.21621621621621623
0.95,5,37,1,1.0,19.31273192307692,0.21621621621621623
0.95,5,37,2,1.0,21.45160846153846,0.21621621621621623
0.95,5,38,0,0.999982,17.175599353096047,0.21052631578947367
0.95,5,38,1,1.0,19.312846153846152,0.21052631578947367
0.95,5,38,2,1.0,21.450320769230775,0.21052631578947367
0.95,5,39,0,0.999988,17.176505348833423,0.20512820512820512
0.95,5,39,1,1.0,19.313071153846153,0.20512820512820512
0.95,5,39,2,1.0,21.450706730769223,0.20512820512820512
0.95,5,40,0,0.999994,17.178120953341104,0.2
0.95,5,40,1,1.0,19.31286115384616,0.2
0.95,5,40,2,1.0,21.446623846153845,0.2
0.95,5,41,0,0.999994,17.175323436556003,0.1951219512195122
0.95,5,41,1,1.0,19.312845000000003,0.1951219512195122
0.95,5,41,2,1.0,21.449995384615395,0.1951219512195122
0.95,5,42,0,0.999992,17.175991254083876,0.19047619047619047
0.95,5,42,1,1.0,19.312383461538463,0.19047619047619047
0.95,5,42,2,1.0,21.449105769230773,0.19047619047619047
0.95,5,43,0,0.999996,17.17635005155406,0.18604651162790697
0.95,5,43,1,1.0,19.311941538461543,0.18604651162790697
0.95,5,43,2,1.0,21.449143846153856,0.18604651162790697
0.95,5,44,0,0.999998,17.17678819973025,0.18181818181818182
0.95,5,44,1,1.0,19.312077692307696,0.18181818181818182
0.95,5,44,2,1.0,21.448679999999992,0.18181818181818182
0.95,5,45,0,1.0,17.17503634615385,0.17777777777777778
0.95,5,45,1,1.0,19.31302615384616,0.17777777777777778
0.95,5,45,2,1.0,21.449242500000004,0.17777777777777778
0.95,5,46,0,0.999998,17.17718223897987,0.17391304347826086
0.95,5,46,1,1.0,19.312571538461548,0.17391304347826086
0.95,5,46,2,1.0,21.447830192307695,0.17391304347826086
0.95,5,47,0,1.0,17.17619653846154,0.1702127659574468
0.95,5,47,1,1.0,19.313361923076926,0.1702127659574468
0.95,5,47,2,1.0,21.450865961538458,0.1702127659574468
0.95,5,48,0,1.0,17.17640480769231,0.16666666666666666
0.95,5,48,1,1.0,19.311342692307694,0.16666666666666666
0.95,5,48,2,1.0,21.449169807692314,0.16666666666666666
0.95,5,49,0,0.999998,17.175861659415634,0.16326530612244897
0.95,5,49,1,1.0,19.31171653846154,0.16326530612244897
0.95,5,49,2,1.0,21.45220211538462,0.16326530612244897
0.95,5,50,0,0.999996,17.17499658460173,0.16
0.95,5,50,1,1.0,19.311183461538466,0.16
0.95,5,50,2,1.0,21.450104423076922,0.16
0.95,5,51,0,0.999998,17.176761661215632,0.1568627450980392
0.95,5,51,1,1.0,19.311815769230765,0.1568627450980392
0.95,5,51,2,1.0,21.450850384615396,0.1568627450980392
0.95,5,52,0,1.0,17.17646423076923,0.15384615384615385
0.95,5,52,1,1.0,19.31377153846155,0.15384615384615385
0.95,5,52,2,1.0,21.450447115384616,0.15384615384615385
0.95,5,53,0,1.0,17.176105961538465,0.1509433962264151
0.95,5,53,1,1.0,19.312923461538464,0.1509433962264151
0.95,5,53,2,1.0,21.449735769230767,0.1509433962264151
0.95,5,54,0,1.0,17.176917115384622,0.14814814814814814
0.95,5,54,1,1.0,19.31276423076924,0.14814814814814814
0.95,5,54,2,1.0,21.45100788461538,0.14814814814814814
0.95,5,55,0,1.0,17.17679653846154,0.14545454545454545
0.95,5,55,1,1.0,19.314056538461546,0.14545454545454545
0.95,5,55,2,1.0,21.44977211538461,0.14545454545454545
0.95,5,56,0,1.0,17.176302692307694,0.14285714285714285
0.95,5,56,1,1.0,19.31107615384616,0.14285714285714285
0.95,5,56,2,1.0,21.448633269230783,0.14285714285714285
0.95,5,57,0,1.0,17.177529807692313,0.14035087719298245
0.95,5,57,1,1.0,19.313126538461546,0.14035087719298245
0.95,5,57,2,1.0,21.451845576923077,0.14035087719298245
0.95,5,58,0,1.0,17.177204423076923,0.13793103448275862
0.95,5,58,1,1.0,19.312422692307702,0.13793103448275862
0.95,5,58,2,1.0,21.45009403846154,0.13793103448275862
0.95,5,59,0,1.0,17.17772538461539,0.13559322033898305
0.95,5,59,1,1.0,19.31277115384616,0.13559322033898305
0.95,5,59,2,1.0,21.45066173076923,0.13559322033898305
0.95,5,60,0,1.0,17.175764423076924,0.13333333333333333
0.95,5,60,1,1.0,19.311203076923075,0.13333333333333333
0.95,5,60,2,1.0,21.447551538461543,0.13333333333333333
0.95,5,61,0,1.0,17.176620000000003,0.13114754098360656
0.95,5,61,1,1.0,19.31216423076923,0.13114754098360656
0.95,5,61,2,1.0,21.450327692307695,0.13114754098360656
0.95,5,62,0,1.0,17.1773001923077,0.12903225806451613
0.95,5,62,1,1.0,19.31241346153847,0.12903225806451613
0.95,5,62,2,1.0,21.45058903846154,0.12903225806451613
0.95,5,63,0,1.0,17.17701519230769,0.12698412698412698
0.95,5,63,1,1.0,19.31302038461539,0.12698412698412698
0.95,5,63,2,1.0,21.4477626923077,0.12698412698412698
0.95,5,64,0,1.0,17.176740576923084,0.125
0.95,5,64,1,1.0,19.312998461538463,0.125
0.95,5,64,2,1.0,21.451334999999993,0.125
0.95,10,10,0,0.93692,17.050786907346176,0.8
0.95,10,10,1,0.933738,19.120762256320635,0.8
0.95,10,10,2,0.934174,21.20999756922241,0.8
0.95,10,11,0,0.944398,17.05813956045585,0.7272727272727273
0.95,10,11,1,0.94839,19.14786881735606,0.7272727272727273
0.95,10,11,2,0.955046,21.262378984886592,0.7272727272727273
0.95,10,12,0,0.952562,17.06661956831237,0.6666666666666666
0.95,10,12,1,0.96041,19.17520602178718,0.6666666666666666
0.95,10,12,2,0.968894,21.310315798616383,0.6666666666666666
0.95,10,13,0,0.958398,17.07581437581657,0.6153846153846154
0.95,10,13,1,0.96963,19.201440835084597,0.6153846153846154
0.95,10,13,2,0.979082,21.348864980744146,0.6153846153846154
0.95,10,14,0,0.964078,17.08467272916156,0.5714285714285714
0.95,10,14,1,0.97665,19.224335148801444,0.5714285714285714
0.95,10,14,2,0.98554,21.383827647787005,0.5714285714285714
0.95,10,15,0,0.968522,17.09602680881082,0.5333333333333333
0.95,10,15,1,0.982302,19.247792038888882,0.5333333333333333
0.95,10,15,2,0.990202,21.408951056295745,0.5333333333333333
0.95,10,16,0,0.972744,17.104409516552387,0.5
0.95,10,16,1,0.986546,19.26570073772536,0.5
0.95,10,16,2,0.99317,21.432330122428507,0.5
0.95,10,17,0,0.976886,17.11399420828413,0.47058823529411764
0.95,10,17,1,0.989712,19.280856062556204,0.47058823529411764
0.95,10,17,2,0.995356,21.445072068532422,0.47058823529411764
0.95,10,18,0,0.97946,17.124529568097966,0.4444444444444444
0.95,10,18,1,0.992044,19.29683135952717,0.4444444444444444
0.95,10,18,2,0.996732,21.457848865476997,0.4444444444444444
0.95,10,19,0,0.982306,17.13137211356198,0.42105263157894735
0.95,10,19,1,0.993834,19.308260503495333,0.42105263157894735
0.95,10,19,2,0.997824,21.46532913311674,0.42105263157894735
0.95,10,20,0,0.984618,17.140736305856688,0.4
0.95,10,20,1,0.995236,19.314696367340165,0.4
0.95,10,20,2,0.99854,21.47502584542663,0.4
0.95,10,21,0,0.987024,17.1470164157804,0.38095238095238093
0.95,10,21,1,0.996386,19.324433888689114,0.38095238095238093
0.95,10,21,2,0.998992,21.479043568224462,0.38095238095238093
0.95,10,22,0,0.98871,17.154441918490534,0.36363636363636365
0.95,10,22,1,0.997298,19.330701169945808,0.36363636363636365
0.95,10,22,2,0.99928,21.487445383753226,0.36363636363636365
0.95,10,23,0,0.990438,17.161452811786305,0.34782608695652173
0.95,10,23,1,0.998072,19.336750871064027,0.34782608695652173
0.95,10,23,2,0.999494,21.486828681466672,0.34782608695652173
0.95,10,24,0,0.991718,17.16658054313517,0.3333333333333333
0.95,10,24,1,0.998446,19.33948432787629,0.3333333333333333
0.95,10,24,2,0.999686,21.49009981441865,0.3333333333333333
0.95,10,25,0,0.992948,17.173567226853002,0.32
0.95,10,25,1,0.998884,19.345529996091035,0.32
0.95,10,25,2,0.999772,21.496014360504965,0.32
0.95,10,26,0,0.993952,17.17884592941185,0.3076923076923077
0.95,10,26,1,0.99899,19.346878809135685,0.3076923076923077
0.95,10,26,2,0.999874,21.490092944018638,0.3076923076923077
0.95,10,27,0,0.994714,17.183157091462395,0.2962962962962963
0.95,10,27,1,0.999248,19.35222633574294,0.2962962962962963
0.95,10,27,2,0.999914,21.49542245248477,0.2962962962962963
0.95,10,28,0,0.995608,17.1874764349639,0.2857142857142857
0.95,10,28,1,0.999468,19.352465511652202,0.2857142857142857
0.95,10,28,2,0.999932,21.4929567133642,0.2857142857142857
0.95,10,29,0,0.996176,17.18992639391495,0.27586206896551724
0.95,10,29,1,0.999638,19.35315661192429,0.27586206896551724
0.95,10,29,2,0.999966,21.49311499667912,0.27586206896551724
0.95,10,30,0,0.996992,17.195377734687476,0.26666666666666666
0.95,10,30,1,0.99971,19.353088934252476,0.26666666666666666
0.95,10,30,2,0.999984,21.495078536641213,0.26666666666666666
0.95,10,31,0,0.997432,17.19578357992556,0.25806451612903225
0.95,10,31,1,0.999806,19.356298198773644,0.25806451612903225
0.95,10,31,2,0.999976,21.492290238042646,0.25806451612903225
0.95,10,32,0,0.997704,17.202739220018394,0.25
0.95,10,32,1,0.99982,19.354418410698553,0.25
0.95,10,32,2,0.999988,21.49521178869531,0.25
0.95,10,33,0,0.998056,17.204213837854635,0.24242424242424243
0.95,10,33,1,0.999878,19.354027345182264,0.24242424242424243
0.95,10,33,2,0.999994,21.494035694983403,0.24242424242424243
0.95,10,34,0,0.99838,17.20500845985882,0.23529411764705882
0.95,10,34,1,0.999918,19.358088132457638,0.23529411764705882
0.95,10,34,2,0.999988,21.490727311804665,0.23529411764705882
0.95,10,35,0,0.998616,17.20776535494355,0.22857142857142856
0.95,10,35,1,0.99993,19.359500165011546,0.22857142857142856
0.95,10,35,2,0.999986,21.495387473886172,0.22857142857142856
0.95,10,36,0,0.998864,17.20992143228554,0.2222222222222222
0.95,10,36,1,0.999958,19.357610327326068,0.2222222222222222
0.95,10,36,2,0.999998,21.491475867567118,0.2222222222222222
0.95,10,37,0,0.999074,17.210663805453084,0.21621621621621623
0.95,10,37,1,0.999974,19.36067222363166,0.21621621621621623
0.95,10,37,2,1.0,21.493207500000008,0.21621621621621623
0.95,10,38,0,0.999252,17.21106272106921,0.21052631578947367
0.95,10,38,1,0.999984,19.357473950352443,0.21052631578947367
0.95,10,38,2,1.0,21.494844807692303,0.21052631578947367
0.95,10,39,0,0.999318,17.214505869926366,0.20512820512820512
0.95,10,39,1,0.999976,19.35444181429586,0.20512820512820512
0.95,10,39,2,1.0,21.49889653846154,0.20512820512820512
0.95,10,40,0,0.999366,17.213501244404345,0.2
0.95,10,40,1,0.999988,19.35738036548746,0.2
0.95,10,40,2,1.0,21.494614615384616,0.2
0.95,10,41,0,0.99955,17.21597161030156,0.1951219512195122
0.95,10,41,1,0.99999,19.354795086412402,0.1951219512195122
0.95,10,41,2,0.999998,21.49464145082136,0.1951219512195122
0.95,10,42,0,0.999668,17.213458714447047,0.19047619047619047
0.95,10,42,1,0.999994,19.35648767738761,0.19047619047619047
0.95,10,42,2,1.0,21.493410000000004,0.19047619047619047
0.95,10,43,0,0.999694,17.216570001189595,0.18604651162790697
0.95,10,43,1,0.999994,19.35795422464843,0.18604651162790697
0.95,10,43,2,1.0,21.49419923076923,0.18604651162790697
0.95,10,44,0,0.99975,17.21699174793699,0.18181818181818182
0.95,10,44,1,0.999994,19.358617690167684,0.18181818181818182
0.95,10,44,2,1.0,21.495836538461546,0.18181818181818182
0.95,10,45,0,0.999828,17.218439071520304,0.17777777777777778
0.95,10,45,1,0.999998,19.356801405910517,0.17777777777777778
0.95,10,45,2,1.0,21.496295192307695,0.17777777777777778
0.95,10,46,0,0.999846,17.21847472203027,0.17391304347826086
0.95,10,46,1,0.999998,19.35645178982666,0.17391304347826086
0.95,10,46,2,1.0,21.49408673076923,0.17391304347826086
0.95,10,47,0,0.99986,17.216886325624056,0.1702127659574468
0.95,10,47,1,1.0,19.358025000000005,0.1702127659574468
0.95,10,47,2,1.0,21.495194423076928,0.1702127659574468
0.95,10,48,0,0.999884,17.219359753423706,0.16666666666666666
0.95,10,48,1,0.999998,19.356344481919738,0.16666666666666666
0.95,10,48,2,1.0,21.49483961538462,0.16666666666666666
0.95,10,49,0,0.999926,17.21917768068684,0.16326530612244897
0.95,10,49,1,1.0,19.354187307692307,0.16326530612244897
0.95,10,49,2,1.0,21.49472884615386,0.16326530612244897
0.95,10,50,0,0.99992,17.218413242290158,0.16
0.95,10,50,1,1.0,19.358911153846154,0.16
0.95,10,50,2,1.0,21.493709423076922,0.16
0.95,10,51,0,0.999928,17.220708544861385,0.1568627450980392
0.95,10,51,1,1.0,19.356003461538467,0.1568627450980392
0.95,10,51,2,1.0,21.495436730769228,0.1568627450980392
0.95,10,52,0,0.999928,17.220375059311966,0.15384615384615385
0.95,10,52,1,1.0,19.360744615384622,0.15384615384615385
0.95,10,52,2,1.0,21.49604076923076,0.15384615384615385
0.95,10,53,0,0.999968,17.22183186785054,0.1509433962264151
0.95,10,53,1,1.0,19.359965769230772,0.1509433962264151
0.95,10,53,2,1.0,21.492388846153833,0.1509433962264151
0.95,10,54,0,0.999958,17.219053584865954,0.14814814814814814
0.95,10,54,1,1.0,19.35663923076924,0.14814814814814814
0.95,10,54,2,1.0,21.492456346153855,0.14814814814814814
0.95,10,55,0,0.99998,17.21870302790671,0.14545454545454545
0.95,10,55,1,1.0,19.356197307692305,0.14545454545454545
0.95,10,55,2,1.0,21.49522903846155,0.14545454545454545
0.95,10,56,0,0.99999,17.218881611893043,0.14285714285714285
0.95,10,56,1,1.0,19.358535000000007,0.14285714285714285
0.95,10,56,2,1.0,21.494273653846157,0.14285714285714285
0.95,10,57,0,0.99998,17.220814031665245,0.14035087719298245
0.95,10,57,1,1.0,19.35502384615385,0.14035087719298245
0.95,10,57,2,1.0,21.494718461538465,0.14035087719298245
0.95,10,58,0,0.999978,17.219166129347155,0.13793103448275862
0.95,10,58,1,1.0,19.360115769230777,0.13793103448275862
0.95,10,58,2,1.0,21.49636788461539,0.13793103448275862
0.95,10,59,0,0.999994,17.220098128281077,0.13559322033898305
0.95,10,59,1,1.0,19.357114615384614,0.13559322033898305
0.95,10,59,2,1.0,21.496795384615385,0.13559322033898305
0.95,10,60,0,0.999992,17.222177200494524,0.13333333333333333
0.95,10,60,1,1.0,19.35902769230769,0.13333333333333333
0.95,10,60,2,1.0,21.492615576923082,0.13333333333333333
0.95,10,61,0,0.999998,17.216786356649635,0.13114754098360656
0.95,10,61,1,1.0,19.358306538461544,0.13114754098360656
0.95,10,61,2,1.0,21.49449692307692,0.13114754098360656
0.95,10,62,0,0.999994,17.22022043670724,0.12903225806451613
0.95,10,62,1,1.0,19.358148461538455,0.12903225806451613
0.95,10,62,2,1.0,21.49319711538462,0.12903225806451613
0.95,10,63,0,0.999996,17.222389274172482,0.12698412698412698
0.95,10,63,1,1.0,19.356843461538467,0.12698412698412698
0.95,10,63,2,1.0,21.493212692307694,0.12698412698412698
0.95,10,64,0,0.999996,17.219568109041674,0.125
0.95,10,64,1,1.0,19.358676923076928,0.125
0.95,10,64,2,1.0,21.494285769230768,0.125
0.95,20,10,0,0.94177,17.046175736195597,0.8
0.95,20,10,1,0.936492,19.101226869899744,0.8
0.95,20,10,2,0.93366,21.165087274399024,0.8
0.95,20,11,0,0.945444,17.049989211418133,0.7272727272727273
0.95,20,11,1,0.944846,19.116019965158348,0.7272727272727273
0.95,20,11,2,0.945898,21.19685310840964,0.7272727272727273
0.95,20,12,0,0.949224,17.054130329292462,0.6666666666666666
0.95,20,12,1,0.951708,19.131438909348738,0.6666666666666666
0.95,20,12,2,0.955332,21.230593134114642,0.6666666666666666
0.95,20,13,0,0.95275,17.059602971156366,0.6153846153846154
0.95,20,13,1,0.957838,19.149840980014766,0.6153846153846154
0.95,20,13,2,0.963268,21.265869455293384,0.6153846153846154
0.95,20,14,0,0.956504,17.06531626551564,0.5714285714285714
0.95,20,14,1,0.96388,19.168894707608025,0.5714285714285714
0.95,20,14,2,0.970268,21.29730195876096,0.5714285714285714
0.95,20,15,0,0.95965,17.071712042451374,0.5333333333333333
0.95,20,15,1,0.968936,19.187455661118523,0.5333333333333333
0.95,20,15,2,0.975478,21.330487562152964,0.5333333333333333
0.95,20,16,0,0.962628,17.078927925189415,0.5
0.95,20,16,1,0.97239,19.207769199917415,0.5
0.95,20,16,2,0.980154,21.358442142765327,0.5
0.95,20,17,0,0.964936,17.08632569334212,0.47058823529411764
0.95,20,17,1,0.97643,19.226383552643508,0.47058823529411764
0.95,20,17,2,0.983526,21.389183485665935,0.47058823529411764
0.95,20,18,0,0.967386,17.093122600492464,0.4444444444444444
0.95,20,18,1,0.978974,19.242423111417597,0.4444444444444444
0.95,20,18,2,0.986644,21.413261286979672,0.4444444444444444
0.95,20,19,0,0.970354,17.100747609793792,0.42105263157894735
0.95,20,19,1,0.981776,19.259347737788843,0.42105263157894735
0.95,20,19,2,0.989264,21.436687352337774,0.42105263157894735
0.95,20,20,0,0.972092,17.109044205692474,0.4
0.95,20,20,1,0.984424,19.278871549407427,0.4
0.95,20,20,2,0.991266,21.456277008003287,0.4
0.95,20,21,0,0.97436,17.11681731124494,0.38095238095238093
0.95,20,21,1,0.986412,19.292007490082952,0.38095238095238093
0.95,20,21,2,0.992892,21.474537551376724,0.38095238095238093
0.95,20,22,0,0.976556,17.1252101577065,0.36363636363636365
0.95,20,22,1,0.98827,19.305029924086462,0.36363636363636365
0.95,20,22,2,0.994086,21.487537102114217,0.36363636363636365
0.95,20,23,0,0.978202,17.132821630517405,0.34782608695652173
0.95,20,23,1,0.989986,19.31855757400765,0.34782608695652173
0.95,20,23,2,0.99528,21.503207833280786,0.34782608695652173
0.95,20,24,0,0.980214,17.142068545157567,0.3333333333333333
0.95,20,24,1,0.99139,19.335301173876314,0.3333333333333333
0.95,20,24,2,0.996202,21.516209718356478,0.3333333333333333
0.95,20,25,0,0.981688,17.14867480220882,0.32
0.95,20,25,1,0.99251,19.346218561642086,0.32
0.95,20,25,2,0.996974,21.523897660474447,0.32
0.95,20,26,0,0.98357,17.157263062892557,0.3076923076923077
0.95,20,26,1,0.993656,19.356218155671893,0.3076923076923077
0.95,20,26,2,0.997494,21.531313433001575,0.3076923076923077
0.95,20,27,0,0.984778,17.16738813605315,0.2962962962962963
0.95,20,27,1,0.994364,19.36599675772654,0.2962962962962963
0.95,20,27,2,0.99807,21.539271948707167,0.2962962962962963
0.95,20,28,0,0.986252,17.173414720968495,0.2857142857142857
0.95,20,28,1,0.995272,19.371188517773582,0.2857142857142857
0.95,20,28,2,0.998394,21.549735413535686,0.2857142857142857
0.95,20,29,0,0.98768,17.180556377649566,0.27586206896551724
0.95,20,29,1,0.99614,19.38324625361588,0.27586206896551724
0.95,20,29,2,0.998724,21.558048839550043,0.27586206896551724
0.95,20,30,0,0.988624,17.189409024757957,0.26666666666666666
0.95,20,30,1,0.99664,19.389869191251847,0.26666666666666666
0.95,20,30,2,0.998932,21.56274401060332,0.26666666666666666
0.95,20,31,0,0.989658,17.195303249280993,0.25806451612903225
0.95,20,31,1,0.997114,19.398037351180122,0.25806451612903225
0.95,20,31,2,0.999178,21.568495264645996,0.25806451612903225
0.95,20,32,0,0.990724,17.20410256306732,0.25
0.95,20,32,1,0.997564,19.40358675271423,0.25
0.95,20,32,2,0.999338,21.57059569588915,0.25
0.95,20,33,0,0.991854,17.20966144055631,0.24242424242424243
0.95,20,33,1,0.997874,19.407888093162992,0.24242424242424243
0.95,20,33,2,0.999436,21.570841531546872,0.24242424242424243
0.95,20,34,0,0.992698,17.21502991768974,0.23529411764705882
0.95,20,34,1,0.998206,19.409744157942427,0.23529411764705882
0.95,20,34,2,0.999616,21.573571366789473,0.23529411764705882
0.95,20,35,0,0.993376,17.22158384833445,0.22857142857142856
0.95,20,35,1,0.998434,19.418908086987297,0.22857142857142856
0.95,20,35,2,0.999636,21.577122534140887,0.22857142857142856
0.95,20,36,0,0.99402,17.22996190294887,0.2222222222222222
0.95,20,36,1,0.998746,19.41898217287556,0.2222222222222222
0.95,20,36,2,0.999734,21.57923219114747,0.2222222222222222
0.95,20,37,0,0.99484,17.231323243320155,0.21621621621621623
0.95,20,37,1,0.99906,19.427530340058116,0.21621621621621623
0.95,20,37,2,0.99981,21.579796699834514,0.21621621621621623
0.95,20,38,0,0.995566,17.236380534366305,0.21052631578947367
0.95,20,38,1,0.9991,19.427159058537303,0.21052631578947367
0.95,20,38,2,0.99981,21.577406053303974,0.21052631578947367
0.95,20,39,0,0.99597,17.239240871481304,0.20512820512820512
0.95,20,39,1,0.999394,19.42909864916601,0.20512820512820512
0.95,20,39,2,0.999862,21.57738075546733,0.20512820512820512
0.95,20,40,0,0.996462,17.246534392526915,0.2
0.95,20,40,1,0.999384,19.434369648626635,0.2
0.95,20,40,2,0.999912,21.583937463419854,0.2
0.95,20,41,0,0.996896,17.25178338177086,0.1951219512195122
0.95,20,41,1,0.999528,19.4296673414467,0.1951219512195122
0.95,20,41,2,0.999916,21.58092875955426,0.1951219512195122
0.95,20,42,0,0.997198,17.255938640069473,0.19047619047619047
0.95,20,42,1,0.999576,19.43352366018577,0.19047619047619047
0.95,20,42,2,0.999924,21.58395711150971,0.19047619047619047
0.95,20,43,0,0.997674,17.26000080032309,0.18604651162790697
0.95,20,43,1,0.999702,19.43484735374218,0.18604651162790697
0.95,20,43,2,0.999946,21.58174733743314,0.18604651162790697
0.95,20,44,0,0.997826,17.25739006600349,0.18181818181818182
0.95,20,44,1,0.999752,19.4401538504626,0.18181818181818182
0.95,20,44,2,0.99996,21.57973049691219,0.18181818181818182
0.95,20,45,0,0.998104,17.26278485547059,0.17777777777777778
0.95,20,45,1,0.999738,19.43452376830423,0.17777777777777778
0.95,20,45,2,0.999984,21.583300717426877,0.17777777777777778
0.95,20,46,0,0.998386,17.26664548119126,0.17391304347826086
0.95,20,46,1,0.999806,19.439226209884726,0.17391304347826086
0.95,20,46,2,0.999978,21.581258056908016,0.17391304347826086
0.95,20,47,0,0.998704,17.269460836628884,0.1702127659574468
0.95,20,47,1,0.999848,19.441110048727413,0.1702127659574468
0.95,20,47,2,0.999984,21.584600545916423,0.1702127659574468
0.95,20,48,0,0.998818,17.272454887831273,0.16666666666666666
0.95,20,48,1,0.999856,19.441688449290552,0.16666666666666666
0.95,20,48,2,0.99999,21.58441219027575,0.16666666666666666
0.95,20,49,0,0.99899,17.270487038062285,0.16326530612244897
0.95,20,49,1,0.999886,19.4405500688617,0.16326530612244897
0.95,20,49,2,0.99999,21.583669682850676,0.16326530612244897
0.95,20,50,0,0.999132,17.275553449625043,0.16
0.95,20,50,1,0.999914,19.439942219646273,0.16
0.95,20,50,2,0.999992,21.585944610633813,0.16
0.95,20,51,0,0.999154,17.273992258989573,0.1568627450980392
0.95,20,51,1,0.999906,19.440218919039932,0.1568627450980392
0.95,20,51,2,0.99999,21.583783914762222,0.1568627450980392
0.95,20,52,0,0.999386,17.277294605041345,0.15384615384615385
0.95,20,52,1,0.999948,19.44321258551599,0.15384615384615385
0.95,20,52,2,0.999988,21.58793020900866,0.15384615384615385
0.95,20,53,0,0.999396,17.2809698211566,0.1509433962264151
0.95,20,53,1,0.999942,19.446388275135348,0.1509433962264151
0.95,20,53,2,0.999996,21.57887920013219,0.1509433962264151
0.95,20,54,0,0.999504,17.27719487327253,0.14814814814814814
0.95,20,54,1,0.999962,19.443366155606224,0.14814814814814814
0.95,20,54,2,0.999998,21.583681051977496,0.14814814814814814
0.95,20,55,0,0.999566,17.283281328712047,0.14545454545454545
0.95,20,55,1,0.999952,19.440764695166916,0.14545454545454545
0.95,20,55,2,0.999998,21.584980862269422,0.14545454545454545
0.95,20,56,0,0.999676,17.283068175627363,0.14285714285714285
0.95,20,56,1,0.999968,19.442003297951693,0.14285714285714285
0.95,20,56,2,0.999998,21.590330680661374,0.14285714285714285
0.95,20,57,0,0.99968,17.281949262225453,0.14035087719298245
0.95,20,57,1,0.999974,19.443940542454115,0.14035087719298245
0.95,20,57,2,0.999998,21.585687017527885,0.14035087719298245
0.95,20,58,0,0.99976,17.282843459353327,0.13793103448275862
0.95,20,58,1,0.999984,19.441046056736912,0.13793103448275862
0.95,20,58,2,1.0,21.58238884615385,0.13793103448275862
0.95,20,59,0,0.999802,17.282313051830418,0.13559322033898305
0.95,20,59,1,0.999992,19.440260522084177,0.13559322033898305
0.95,20,59,2,1.0,21.583716346153857,0.13559322033898305
0.95,20,60,0,0.999808,17.286709625171106,0.13333333333333333
0.95,20,60,1,0.999998,19.44459888919778,0.13333333333333333
0.95,20,60,2,1.0,21.58227115384616,0.13333333333333333
0.95,20,61,0,0.999846,17.283473962682557,0.13114754098360656
0.95,20,61,1,0.999992,19.44468209591831,0.13114754098360656
0.95,20,61,2,1.0,21.584263269230775,0.13114754098360656
0.95,20,62,0,0.999834,17.284824473170243,0.12903225806451613
0.95,20,62,1,0.999998,19.441732729619314,0.12903225806451613
0.95,20,62,2,1.0,21.586264038461543,0.12903225806451613
0.95,20,63,0,0.999908,17.287155418298486,0.12698412698412698
0.95,20,63,1,0.999992,19.4469436524723,0.12698412698412698
0.95,20,63,2,1.0,21.581798653846157,0.12698412698412698
0.95,20,64,0,0.999914,17.286293544321733,0.125
0.95,20,64,1,0.999996,19.447550097892712,0.125
0.95,20,64,2,1.0,21.586720961538465,0.125
0.95,40,10,0,0.945228,17.044041022581123,0.8
0.95,40,10,1,0.9411,19.092544322110793,0.8
0.95,40,10,2,0.939108,21.14471105314012,0.8
0.95,40,11,0,0.947516,17.0459824993416,0.7272727272727273
0.95,40,11,1,0.945748,19.09961703898355,0.7272727272727273
0.95,40,11,2,0.944936,21.160757895854246,0.7272727272727273
0.95,40,12,0,0.949242,17.048471914351747,0.6666666666666666
0.95,40,12,1,0.949718,19.107937627477117,0.6666666666666666
0.95,40,12,2,0.951116,21.181060540378972,0.6666666666666666
0.95,40,13,0,0.950584,17.050971176261523,0.6153846153846154
0.95,40,13,1,0.952936,19.11815492008181,0.6153846153846154
0.95,40,13,2,0.955516,21.20108019766687,0.6153846153846154
0.95,40,14,0,0.952958,17.05452694097262,0.5714285714285714
0.95,40,14,1,0.95636,19.129845294819784,0.5714285714285714
0.95,40,14,2,0.959982,21.225888370022336,0.5714285714285714
0.95,40,15,0,0.953884,17.058084066341888,0.5333333333333333
0.95,40,15,1,0.958958,19.143975103104708,0.5333333333333333
0.95,40,15,2,0.963796,21.250904276902524,0.5333333333333333
0.95,40,16,0,0.955946,17.062382345703792,0.5
0.95,40,16,1,0.961586,19.156226116180818,0.5
0.95,40,16,2,0.967308,21.272575738345687,0.5
0.95,40,17,0,0.957728,17.066669362683992,0.47058823529411764
0.95,40,17,1,0.96545,19.170631869554654,0.47058823529411764
0.95,40,17,2,0.970558,21.300338607750945,0.47058823529411764
0.95,40,18,0,0.960036,17.071547316975618,0.4444444444444444
0.95,40,18,1,0.96777,19.1874336798079,0.4444444444444444
0.95,40,18,2,0.973578,21.32576671585873,0.4444444444444444
0.95,40,19,0,0.961248,17.077048034670312,0.42105263157894735
0.95,40,19,1,0.969728,19.201759906663753,0.42105263157894735
0.95,40,19,2,0.976812,21.349982824818824,0.42105263157894735
0.95,40,20,0,0.963056,17.082322595187375,0.4
0.95,40,20,1,0.972834,19.21628854064912,0.4
0.95,40,20,2,0.978886,21.378703405236635,0.4
0.95,40,21,0,0.964884,17.089472572709415,0.38095238095238093
0.95,40,21,1,0.97401,19.232586460571806,0.38095238095238093
0.95,40,21,2,0.981146,21.40184539304038,0.38095238095238093
0.95,40,22,0,0.966774,17.09618774159453,0.36363636363636365
0.95,40,22,1,0.97659,19.249054205095128,0.36363636363636365
0.95,40,22,2,0.98332,21.424696632131656,0.36363636363636365
0.95,40,23,0,0.967868,17.104350450204436,0.34782608695652173
0.95,40,23,1,0.978044,19.26506413271324,0.34782608695652173
0.95,40,23,2,0.98515,21.450285196709604,0.34782608695652173
0.95,40,24,0,0.96972,17.11083810076818,0.3333333333333333
0.95,40,24,1,0.979918,19.280962598597345,0.3333333333333333
0.95,40,24,2,0.986436,21.470164971519853,0.3333333333333333
0.95,40,25,0,0.971,17.117898280915792,0.32
0.95,40,25,1,0.981808,19.296740926316172,0.32
0.95,40,25,2,0.988156,21.496595484612055,0.32
0.95,40,26,0,0.972632,17.12636018714011,0.3076923076923077
0.95,40,26,1,0.983212,19.3136408643695,0.3076923076923077
0.95,40,26,2,0.989684,21.517739500689117,0.3076923076923077
0.95,40,27,0,0.974372,17.136431110342002,0.2962962962962963
0.95,40,27,1,0.984354,19.33114118888749,0.2962962962962963
0.95,40,27,2,0.99069,21.53590446285689,0.2962962962962963
0.95,40,28,0,0.976124,17.14566312192997,0.2857142857142857
0.95,40,28,1,0.98617,19.344424935316972,0.2857142857142857
0.95,40,28,2,0.991684,21.555803058232264,0.2857142857142857
0.95,40,29,0,0.97796,17.156683299930467,0.27586206896551724
0.95,40,29,1,0.9872,19.361335089141008,0.27586206896551724
0.95,40,29,2,0.992772,21.57598758441399,0.27586206896551724
0.95,40,30,0,0.979008,17.1625711159428,0.26666666666666666
0.95,40,30,1,0.988318,19.378870892847164,0.26666666666666666
0.95,40,30,2,0.9938,21.582820022601673,0.26666666666666666
0.95,40,31,0,0.98076,17.172931039350964,0.25806451612903225
0.95,40,31,1,0.989502,19.394892582329298,0.25806451612903225
0.95,40,31,2,0.994556,21.601198076172846,0.25806451612903225
0.95,40,32,0,0.981544,17.181057638232765,0.25
0.95,40,32,1,0.990652,19.40455143916097,0.25
0.95,40,32,2,0.995262,21.619736426573727,0.25
0.95,40,33,0,0.983208,17.193276225141815,0.24242424242424243
0.95,40,33,1,0.99172,19.419638452540887,0.24242424242424243
0.95,40,33,2,0.99576,21.62770975860726,0.24242424242424243
0.95,40,34,0,0.984536,17.20281744590658,0.23529411764705882
0.95,40,34,1,0.992492,19.43388111789469,0.23529411764705882
0.95,40,34,2,0.996444,21.642719973765182,0.23529411764705882
0.95,40,35,0,0.985622,17.21183308220986,0.22857142857142856
0.95,40,35,1,0.993254,19.448499578154227,0.22857142857142856
0.95,40,35,2,0.996726,21.65514722123309,0.22857142857142856
0.95,40,36,0,0.986956,17.221496625054137,0.2222222222222222
0.95,40,36,1,0.994236,19.45803225174522,0.2222222222222222
0.95,40,36,2,0.997366,21.661637522464943,0.2222222222222222
0.95,40,37,0,0.988214,17.229499379689017,0.21621621621621623
0.95,40,37,1,0.994652,19.465002680489103,0.21621621621621623
0.95,40,37,2,0.997434,21.67092663621005,0.21621621621621623
0.95,40,38,0,0.989076,17.23657814892968,0.21052631578947367
0.95,40,38,1,0.995316,19.475859927902302,0.21052631578947367
0.95,40,38,2,0.998072,21.67719189520473,0.21052631578947367
0.95,40,39,0,0.990154,17.250590467590047,0.20512820512820512
0.95,40,39,1,0.99593,19.485833109988423,0.20512820512820512
0.95,40,39,2,0.998302,21.689348128506825,0.20512820512820512
0.95,40,40,0,0.991058,17.257943026543355,0.2
0.95,40,40,1,0.996254,19.497541637126535,0.2
0.95,40,40,2,0.998548,21.695312747956187,0.2
0.95,40,41,0,0.991818,17.264174320443722,0.1951219512195122
0.95,40,41,1,0.996656,19.504456749524266,0.1951219512195122
0.95,40,41,2,0.998774,21.70605104165399,0.1951219512195122
0.95,40,42,0,0.992886,17.273154877645727,0.19047619047619047
0.95,40,42,1,0.997084,19.50943991139702,0.19047619047619047
0.95,40,42,2,0.998884,21.709879956801018,0.19047619047619047
0.95,40,43,0,0.993426,17.279044941445065,0.18604651162790697
0.95,40,43,1,0.997546,19.515706158297085,0.18604651162790697
0.95,40,43,2,0.999078,21.71412234387799,0.18604651162790697
0.95,40,44,0,0.994078,17.284244023878646,0.18181818181818182
0.95,40,44,1,0.997778,19.522818163497753,0.18181818181818182
0.95,40,44,2,0.999158,21.710672886570503,0.18181818181818182
0.95,40,45,0,0.994626,17.293198842889378,0.17777777777777778
0.95,40,45,1,0.998068,19.535860204992975,0.17777777777777778
0.95,40,45,2,0.999308,21.71521827720167,0.17777777777777778
0.95,40,46,0,0.995218,17.296823023080993,0.17391304347826086
0.95,40,46,1,0.998378,19.537008258163972,0.17391304347826086
0.95,40,46,2,0.999464,21.726032268680633,0.17391304347826086
0.95,40,47,0,0.995774,17.30619173550502,0.1702127659574468
0.95,40,47,1,0.998512,19.538396210484283,0.1702127659574468
0.95,40,47,2,0.99958,21.72631832292641,0.1702127659574468
0.95,40,48,0,0.99611,17.310244157464847,0.16666666666666666
0.95,40,48,1,0.99873,19.542024524992904,0.16666666666666666
0.95,40,48,2,0.99956,21.72383483348058,0.16666666666666666
0.95,40,49,0,0.996614,17.312371999281872,0.16326530612244897
0.95,40,49,1,0.998942,19.542808214167515,0.16326530612244897
0.95,40,49,2,0.999634,21.731765556963083,0.16326530612244897
0.95,40,50,0,0.996998,17.3201450755167,0.16
0.95,40,50,1,0.99908,19.55431419983308,0.16
0.95,40,50,2,0.999708,21.732728456709367,0.16
0.95,40,51,0,0.997294,17.325199682648943,0.1568627450980392
0.95,40,51,1,0.999268,19.55393309440973,0.1568627450980392
0.95,40,51,2,0.999752,21.731012560345736,0.1568627450980392
0.95,40,52,0,0.997678,17.331465971678547,0.15384615384615385
0.95,40,52,1,0.999356,19.555797395060882,0.15384615384615385
0.95,40,52,2,0.99979,21.734199951220535,0.15384615384615385
0.95,40,53,0,0.997984,17.333964117815363,0.1509433962264151
0.95,40,53,1,0.999432,19.56033103725994,0.1509433962264151
0.95,40,53,2,0.999834,21.732201968603725,0.1509433962264151
0.95,40,54,0,0.998322,17.334042484828,0.14814814814814814
0.95,40,54,1,0.999508,19.563514479893342,0.14814814814814814
0.95,40,54,2,0.999842,21.73573482302512,0.14814814814814814
0.95,40,55,0,0.998468,17.34047483822139,0.14545454545454545
0.95,40,55,1,0.999642,19.57051047351875,0.14545454545454545
0.95,40,55,2,0.99988,21.737460802988668,0.14545454545454545
0.95,40,56,0,0.998584,17.34004292385711,0.14285714285714285
0.95,40,56,1,0.999602,19.566828751689336,0.14285714285714285
0.95,40,56,2,0.99992,21.741425083237434,0.14285714285714285
0.95,40,57,0,0.998726,17.33839488431339,0.14035087719298245
0.95,40,57,1,0.999668,19.566704992211267,0.14035087719298245
0.95,40,57,2,0.999918,21.737857311991895,0.14035087719298245
0.95,40,58,0,0.998894,17.34439116586022,0.13793103448275862
0.95,40,58,1,0.999706,19.568554693541444,0.13793103448275862
0.95,40,58,2,0.999936,21.740405039768696,0.13793103448275862
0.95,40,59,0,0.999148,17.346668399938288,0.13559322033898305
0.95,40,59,1,0.99979,19.567441470401103,0.13559322033898305
0.95,40,59,2,0.999946,21.732997043378806,0.13559322033898305
0.95,40,60,0,0.99927,17.348867942829038,0.13333333333333333
0.95,40,60,1,0.999818,19.568905002248872,0.13333333333333333
0.95,40,60,2,0.999962,21.73700869863825,0.13333333333333333
0.95,40,61,0,0.99931,17.35041351609534,0.13114754098360656
0.95,40,61,1,0.999842,19.56636148511465,0.13114754098360656
0.95,40,61,2,0.999948,21.742712736446926,0.13114754098360656
0.95,40,62,0,0.99943,17.35008397094036,0.12903225806451613
0.95,40,62,1,0.999868,19.577414603343033,0.12903225806451613
0.95,40,62,2,0.999974,21.74459882110781,0.12903225806451613
0.95,40,63,0,0.9995,17.34914418747836,0.12698412698412698
0.95,40,63,1,0.999868,19.569020418387538,0.12698412698412698
0.95,40,63,2,0.99997,21.74254708410484,0.12698412698412698
0.95,40,64,0,0.999542,17.35119088388636,0.125
0.95,40,64,1,0.999908,19.577218796436966,0.125
0.95,40,64,2,0.99998,21.73712801179101,0.125
