Window_ID,PDR,Max_Burst,speed_kmh,Pred_PDR_mean,Pred_B_mean,Pred_PDR_cons,Pred_B_cons,LUT_PDR,LUT_B
1,0.88,1,0.0,0.45,40.0,0.0,100.0,0.45,40
2,0.92,1,0.0,0.493,36.1,0.0,100.0,0.45,40
3,0.91,1,0.0,0.5357,32.59,0.0,100.0,0.45,40
4,0.9,2,0.0,0.5731,29.431,0.0,100.0,0.45,40
5,0.91,4,0.0,0.6058,26.6879,0.0,100.0,0.45,40
6,0.92,2,0.0,0.6362,24.4191,0.6362,24.4191,0.65,20
7,0.93,2,0.0,0.6646,22.1772,0.6646,22.1772,0.65,20
8,0.92,3,0.0,0.6912,20.1595,0.6912,20.1595,0.65,20
9,0.88,2,0.0,0.714,18.4435,0.714,18.4435,0.75,20
10,0.88,2,0.0,0.7306,16.7992,0.7306,16.7992,0.75,20
11,0.9,1,0.0,0.7456,15.3193,0.7456,15.3193,0.75,20
12,0.97,2,0.0,0.761,13.8873,0.761,13.8873,0.75,10
13,0.88,2,0.0,0.7819,12.6986,0.7819,12.6986,0.75,10
14,0.91,2,0.0,0.7917,11.6287,0.7917,11.6287,0.75,10
15,0.83,2,0.0,0.8035,10.6659,0.8035,10.6659,0.85,10
16,0.91,1,0.0,0.8062,9.7993,0.8062,9.7993,0.85,10
17,0.94,2,0.0,0.8166,8.9194,0.8166,8.9194,0.85,10
18,0.96,1,0.0,0.8289,8.2274,0.8289,8.2274,0.85,10
19,0.94,1,0.0,0.842,7.5047,0.842,7.5047,0.85,10
20,0.95,1,0.0,0.8518,6.8542,0.8518,6.8542,0.85,5
21,0.91,1,0.0,0.8616,6.2688,0.8616,6.2688,0.85,5
22,0.89,1,0.0,0.8665,5.7419,0.8665,5.7419,0.85,5
23,0.81,2,0.0,0.8688,5.2677,0.8688,5.2677,0.85,5
24,0.95,1,0.0,0.8276,4.9409,0.8276,4.9409,0.85,5
25,0.87,2,0.0,0.8399,4.5469,0.8399,4.5469,0.85,5
26,0.91,1,0.0,0.8429,4.2922,0.8429,4.2922,0.85,5
27,0.91,1,0.0,0.8496,3.9629,0.8496,3.9629,0.85,3
28,0.95,1,0.0,0.8556,3.6667,0.8556,3.6667,0.85,3
29,0.83,2,0.0,0.8651,3.4,0.8651,3.4,0.85,3
30,0.93,1,0.0,0.8405,3.26,0.8405,3.26,0.85,3
31,0.93,2,0.0,0.8495,3.034,0.8495,3.034,0.85,3
32,0.9,3,0.0,0.8575,2.9306,0.8575,2.9306,0.85,3
33,0.87,4,0.0,0.8618,2.9792,0.8618,2.9792,0.85,3
34,0.91,2,0.0,0.8626,3.6938,0.8626,3.6938,0.85,3
35,0.95,2,0.0,0.8673,3.5244,0.8673,3.5244,0.85,3
36,0.83,3,0.0,0.8756,3.3719,0.8756,3.3719,0.85,3
37,0.79,2,0.0,0.8437,3.3347,0.8437,3.3347,0.85,3
38,0.77,2,0.0,0.8061,3.2013,0.8061,3.2013,0.85,3
39,0.77,4,0.0,0.7808,3.0811,0.7808,3.0811,0.75,3
40,0.8,5,0.0,0.7732,3.7243,0.7732,3.7243,0.75,3
41,0.86,5,0.0,0.7759,4.6173,0.7759,4.6173,0.75,5
42,0.92,2,0.0,0.7843,4.8852,0.7843,4.8852,0.75,5
43,0.98,1,0.0,0.7979,4.5967,0.7979,4.5967,0.75,5
44,0.9,1,0.0,0.8161,4.237,0.8161,4.237,0.85,5
45,0.85,2,0.0,0.8245,3.9133,0.8245,3.9133,0.85,3
46,0.87,2,0.0,0.827,3.722,0.827,3.722,0.85,3
47,0.81,3,0.0033,0.8313,3.5498,0.8313,3.5498,0.85,3
48,0.81,3,0.0067,0.8164,3.4948,0.8164,3.4948,0.85,3
49,0.8,3,0.01,0.8119,3.4453,0.8119,3.4453,0.85,3
50,0.8,3,0.0133,0.8036,3.4008,0.8036,3.4008,0.85,3
51,0.84,2,0.0167,0.8011,3.3607,0.8011,3.3607,0.85,3
52,0.84,2,0.02,0.805,3.2246,0.805,3.2246,0.85,3
53,0.87,3,0.0233,0.8085,3.1022,0.8085,3.1022,0.85,3
54,0.76,3,0.0267,0.8146,3.092,0.8146,3.092,0.85,3
55,0.93,1,0.03,0.7764,3.0828,0.7764,3.0828,0.75,3
56,0.97,1,0.0333,0.7917,2.8745,0.7917,2.8745,0.75,3
57,0.95,2,0.0367,0.8096,2.687,0.8096,2.687,0.85,3
58,0.97,2,0.04,0.8236,2.6183,0.8236,2.6183,0.85,3
59,0.84,2,0.0433,0.8383,2.5565,0.8383,2.5565,0.85,3
60,0.8,2,0.0467,0.8384,2.5008,0.8384,2.5008,0.85,3
61,0.73,3,0.05,0.8115,2.4508,0.8115,2.4508,0.85,2
62,0.88,2,0.0533,0.7545,2.8352,0.7545,2.8352,0.75,3
63,0.88,3,0.0567,0.767,2.7517,0.767,2.7517,0.75,3
64,0.91,2,0.06,0.7783,2.9255,0.7783,2.9255,0.75,3
65,0.92,1,0.0633,0.7915,2.833,0.7915,2.833,0.75,3
66,0.94,1,0.0667,0.8043,2.6497,0.8043,2.6497,0.85,3
67,0.94,1,0.07,0.8179,2.4847,0.8179,2.4847,0.85,2
68,0.93,1,0.0733,0.8301,2.3362,0.8301,2.3362,0.85,2
69,0.97,1,0.0767,0.8401,2.2026,0.8401,2.2026,0.85,2
70,0.87,2,0.08,0.8531,2.0823,0.8531,2.0823,0.85,2
71,0.81,3,0.0833,0.8548,2.0741,0.8548,2.0741,0.85,2
72,0.92,1,0.0867,0.8234,2.7222,0.8234,2.7222,0.85,3
73,0.78,4,0.09,0.8331,2.55,0.8331,2.55,0.85,3
74,0.94,1,0.0933,0.7959,3.565,0.7959,3.565,0.75,3
75,0.98,1,0.0967,0.8103,3.3085,0.8103,3.3085,0.85,3
76,0.94,1,0.1,0.8273,3.0777,0.8273,3.0777,0.85,3
77,0.81,2,0.1,0.8386,2.8699,0.8386,2.8699,0.85,3
78,0.9,3,0.1,0.8186,2.7829,0.8186,2.7829,0.85,3
79,0.86,3,0.1,0.8267,2.9349,0.8267,2.9349,0.85,3
80,0.9,1,0.1,0.83,2.9805,0.83,2.9805,0.85,3
81,0.83,2,0.1,0.837,2.7824,0.837,2.7824,0.85,3
82,0.85,2,0.0967,0.8321,2.7042,0.8321,2.7042,0.85,3
83,0.88,2,0.0933,0.8339,2.6338,0.8339,2.6338,0.85,3
84,0.85,2,0.09,0.8385,2.5704,0.8385,2.5704,0.85,3
85,0.99,1,0.0867,0.8397,2.5133,0.8397,2.5133,0.85,3
86,1.0,0,0.0833,0.8547,2.362,0.8547,2.362,0.85,2
87,0.97,1,0.08,0.8692,2.1258,0.8692,2.1258,0.85,2
88,0.92,1,0.08,0.8793,2.0132,0.8793,2.0132,0.85,2
89,0.94,2,0.08,0.8834,1.9119,0.8834,1.9119,0.85,2
90,0.9,2,0.08,0.889,1.9736,0.889,1.9736,0.85,2
91,0.93,1,0.08,0.8901,1.9921,0.8901,1.9921,0.85,2
92,0.91,1,0.08,0.8941,1.8929,0.8941,1.8929,0.85,2
93,0.91,1,0.0867,0.8957,1.8036,0.8957,1.8036,0.85,2
94,0.88,1,0.0933,0.8971,1.7232,0.8971,1.7232,0.85,2
95,0.92,1,0.1,0.8851,1.6509,0.8851,1.6509,0.85,2
96,0.88,1,0.11,0.8886,1.5858,0.8886,1.5858,0.85,2
97,0.86,1,0.12,0.8826,1.5272,0.8826,1.5272,0.85,2
98,0.95,1,0.1333,0.8668,1.4745,0.8668,1.4745,0.85,2
99,0.96,2,0.1533,0.8751,1.4271,0.8751,1.4271,0.85,2
100,0.94,1,0.1733,0.8836,1.8281,0.8836,1.8281,0.85,2
101,0.9,2,0.1933,0.8892,1.7453,0.8892,1.7453,0.85,2
102,0.77,3,0.2167,0.8903,1.9236,0.8903,1.9236,0.85,2
103,0.91,1,0.24,0.8061,2.6771,0.8061,2.6771,0.85,3
104,0.94,2,0.2633,0.8165,2.5094,0.8165,2.5094,0.85,3
105,0.91,3,0.2967,0.8288,2.4584,0.8288,2.4584,0.85,2
106,0.89,2,0.33,0.837,2.8375,0.837,2.8375,0.85,3
107,0.82,5,0.3667,0.8423,2.7538,0.8423,2.7538,0.85,3
108,0.87,3,0.4033,0.8267,4.3261,0.8267,4.3261,0.85,5
109,0.8,3,0.45,0.831,4.1935,0.831,4.1935,0.85,5
110,0.87,2,0.4967,0.8093,4.0742,0.8093,4.0742,0.85,5
111,0.88,2,0.55,0.8154,3.8668,0.8154,3.8668,0.85,3
112,0.84,2,0.6167,0.8218,3.6801,0.8218,3.6801,0.85,3
113,0.79,2,0.6833,0.8237,3.5121,0.8237,3.5121,0.85,3
114,0.82,2,0.75,0.8001,3.3609,0.8001,3.3609,0.85,3
115,0.93,2,0.8167,0.8021,3.2248,0.8021,3.2248,0.85,3
116,0.95,1,0.8933,0.8149,3.1023,0.8149,3.1023,0.85,3
117,0.87,2,0.97,0.8284,2.8921,0.8284,2.8921,0.85,3
118,0.86,2,1.0533,0.8326,2.8029,0.8326,2.8029,0.85,3
119,0.78,4,1.1333,0.8353,2.7226,0.8353,2.7226,0.85,3
120,0.86,2,1.2167,0.7966,3.6168,0.7966,3.6168,0.75,3
121,0.73,4,1.31,0.8029,3.4551,0.8029,3.4551,0.85,3
122,0.85,3,1.41,0.7519,3.8365,0.7519,3.8365,0.75,3
123,0.84,3,1.5033,0.7617,3.7529,0.7617,3.7529,0.75,3
124,0.88,2,1.6133,0.7695,3.6776,0.7695,3.6776,0.75,3
125,0.94,2,1.7267,0.7806,3.5098,0.7806,3.5098,0.75,3
126,0.8,2,1.8467,0.7965,3.3588,0.7965,3.3588,0.75,3
127,0.89,1,1.9667,0.7969,3.223,0.7969,3.223,0.75,3
128,0.97,1,2.08,0.8062,3.0007,0.8062,3.0007,0.85,3
129,0.9,2,2.1833,0.8226,2.8006,0.8226,2.8006,0.85,3
130,0.9,2,2.2967,0.8303,2.7205,0.8303,2.7205,0.85,3
131,0.94,2,2.41,0.8373,2.6485,0.8373,2.6485,0.85,3
132,0.86,2,2.5333,0.8475,2.5836,0.8475,2.5836,0.85,3
133,0.84,2,2.6567,0.8488,2.5253,0.8488,2.5253,0.85,3
134,0.88,3,2.7933,0.8426,2.4727,0.8426,2.4727,0.85,2
135,0.84,2,2.9233,0.8464,2.8418,0.8464,2.8418,0.85,3
136,0.86,2,3.0667,0.8419,2.7576,0.8419,2.7576,0.85,3
137,0.83,2,3.2067,0.8437,2.6819,0.8437,2.6819,0.85,3
138,0.83,2,3.3633,0.8341,2.6137,0.8341,2.6137,0.85,3
139,0.86,2,3.5033,0.8312,2.5523,0.8312,2.5523,0.85,3
140,0.95,1,3.64,0.8341,2.4971,0.8341,2.4971,0.85,2
141,0.97,1,3.7933,0.8457,2.3474,0.8457,2.3474,0.85,2
142,0.92,2,3.9333,0.8581,2.2126,0.8581,2.2126,0.85,2
143,0.93,2,4.08,0.8643,2.1914,0.8643,2.1914,0.85,2
144,0.72,2,4.24,0.8709,2.1722,0.8709,2.1722,0.85,2
145,0.8,3,4.3933,0.7653,2.155,0.7653,2.155,0.75,2
146,0.86,2,4.5367,0.7687,2.7465,0.7687,2.7465,0.75,3
147,0.74,4,4.6867,0.7779,2.6719,0.7779,2.6719,0.75,3
148,0.84,3,4.8267,0.7514,3.6016,0.7514,3.6016,0.75,3
149,0.8,3,4.9933,0.7602,3.5414,0.7602,3.5414,0.75,3
150,0.85,2,5.1467,0.7642,3.4873,0.7642,3.4873,0.75,3
151,0.87,3,5.3133,0.7728,3.3385,0.7728,3.3385,0.75,3
152,0.92,1,5.4733,0.7825,3.3047,0.7825,3.3047,0.75,3
153,0.93,2,5.6467,0.7963,3.0742,0.7963,3.0742,0.75,3
154,0.91,1,5.8033,0.8096,2.9668,0.8096,2.9668,0.85,3
155,0.83,3,5.9667,0.8197,2.7701,0.8197,2.7701,0.85,3
156,0.82,2,6.1167,0.8207,2.931,0.8207,2.931,0.85,3
157,0.85,2,6.26,0.8202,2.8379,0.8202,2.8379,0.85,3
158,0.85,3,6.4133,0.8232,2.7541,0.8232,2.7541,0.85,3
159,0.77,4,6.5667,0.8259,2.9262,0.8259,2.9262,0.85,3
160,0.8,3,6.7167,0.7868,3.6779,0.7868,3.6779,0.75,3
161,0.81,3,6.8733,0.7881,3.6101,0.7881,3.6101,0.75,3
162,0.85,2,7.0167,0.7903,3.5491,0.7903,3.5491,0.75,3
163,0.81,2,7.1867,0.7962,3.3942,0.7962,3.3942,0.75,3
164,0.9,1,7.33,0.7976,3.2548,0.7976,3.2548,0.75,3
165,0.94,2,7.5033,0.8079,3.0293,0.8079,3.0293,0.85,3
166,0.99,1,7.6633,0.8211,2.9263,0.8211,2.9263,0.85,3
167,0.97,1,7.8367,0.838,2.7337,0.838,2.7337,0.85,3
168,0.85,2,7.9733,0.8512,2.5603,0.8512,2.5603,0.85,3
169,0.79,2,8.1167,0.8504,2.5043,0.8504,2.5043,0.85,3
170,0.84,2,8.2933,0.8081,2.4539,0.8081,2.4539,0.85,2
171,0.79,3,8.4333,0.8113,2.4085,0.8113,2.4085,0.85,2
172,0.86,2,8.5967,0.7964,2.8225,0.7964,2.8225,0.75,3
173,0.68,6,8.7533,0.8027,2.7403,0.8027,2.7403,0.85,3
174,0.81,2,8.9367,0.7168,5.0221,0.7168,5.0221,0.75,5
175,0.85,1,9.1267,0.7261,4.7199,0.7261,4.7199,0.75,5
176,0.8,3,9.33,0.7385,4.3479,0.7385,4.3479,0.75,5
177,0.93,1,9.5267,0.7447,4.2131,0.7447,4.2131,0.75,5
178,0.91,1,9.7267,0.7632,3.8918,0.7632,3.8918,0.75,3
179,0.91,1,9.9033,0.7779,3.6026,0.7779,3.6026,0.75,3
180,0.84,5,10.09,0.7911,3.3424,0.7911,3.3424,0.75,3
181,0.87,3,10.2767,0.796,4.5027,0.796,4.5027,0.75,5
182,0.89,4,10.4633,0.8034,4.3524,0.8034,4.3524,0.85,5
183,0.91,2,10.6367,0.8121,4.3172,0.8121,4.3172,0.85,5
184,0.87,1,10.83,0.8218,4.0855,0.8218,4.0855,0.85,5
185,0.83,2,11.0133,0.8267,3.7769,0.8267,3.7769,0.85,3
186,0.87,1,11.18,0.827,3.5992,0.827,3.5992,0.85,3
187,0.85,2,11.3867,0.8313,3.3393,0.8313,3.3393,0.85,3
188,0.98,1,11.5667,0.8332,3.2054,0.8332,3.2054,0.85,3
189,0.91,1,11.76,0.8478,2.9848,0.8478,2.9848,0.85,3
190,0.93,2,11.9767,0.8541,2.7864,0.8541,2.7864,0.85,3
191,0.94,1,12.1967,0.8617,2.7077,0.8617,2.7077,0.85,3
192,0.95,2,12.4067,0.8695,2.5369,0.8695,2.5369,0.85,3
193,0.95,1,12.5767,0.8775,2.4833,0.8775,2.4833,0.85,2
194,0.77,2,12.8133,0.8848,2.3349,0.8848,2.3349,0.85,2
195,0.98,1,13.0,0.8044,2.3014,0.8044,2.3014,0.85,2
196,0.92,1,13.1767,0.822,2.1713,0.822,2.1713,0.85,2
197,0.96,1,13.38,0.8318,2.0542,0.8318,2.0542,0.85,2
198,0.9,1,13.5833,0.8446,1.9487,0.8446,1.9487,0.85,2
199,0.95,1,13.7733,0.8502,1.8539,0.8502,1.8539,0.85,2
200,0.96,2,13.9333,0.8601,1.7685,0.8601,1.7685,0.85,2
201,0.95,1,14.16,0.8701,1.9305,0.8701,1.9305,0.85,2
202,0.94,1,14.35,0.8781,1.8375,0.8781,1.8375,0.85,2
203,0.96,1,14.5533,0.8843,1.7537,0.8843,1.7537,0.85,2
204,0.98,1,14.7333,0.8919,1.6784,0.8919,1.6784,0.85,2
205,0.94,1,14.9133,0.9007,1.6105,0.9007,1.6105,0.95,2
206,0.87,2,15.08,0.9046,1.5495,0.9046,1.5495,0.95,2
207,0.93,1,15.2833,0.8804,1.8648,0.8804,1.8648,0.85,2
208,0.96,1,15.4833,0.8853,1.7784,0.8853,1.7784,0.85,2
209,0.95,1,15.69,0.8928,1.7005,0.8928,1.7005,0.85,2
210,0.92,1,15.8733,0.8985,1.6305,0.8985,1.6305,0.85,2
211,0.94,2,16.02,0.9007,1.5674,0.9007,1.5674,0.95,2
212,0.87,2,16.1433,0.9046,1.8702,0.9046,1.8702,0.95,2
213,0.94,2,16.3167,0.8804,1.9611,0.8804,1.9611,0.85,2
214,0.89,1,16.4867,0.8863,1.9883,0.8863,1.9883,0.85,2
215,0.92,2,16.6,0.8867,1.8895,0.8867,1.8895,0.85,2
216,0.92,1,16.7333,0.89,1.9668,0.89,1.9668,0.85,2
217,0.97,1,16.89,0.893,1.8702,0.893,1.8702,0.85,2
218,0.87,3,17.0367,0.9007,1.7831,0.9007,1.7831,0.95,2
219,0.96,1,17.16,0.8792,2.6349,0.8792,2.6349,0.85,3
220,0.94,2,17.2633,0.8873,2.4714,0.8873,2.4714,0.85,2
221,0.78,2,17.39,0.8926,2.4243,0.8926,2.4243,0.85,2
222,0.84,2,17.5433,0.8138,2.3819,0.8138,2.3819,0.85,2
223,1.0,0,17.6933,0.8164,2.3437,0.8164,2.3437,0.85,2
224,1.0,0,17.8167,0.8348,2.1093,0.8348,2.1093,0.85,2
225,0.87,2,17.9433,0.8513,1.8984,0.8513,1.8984,0.85,2
226,0.95,2,18.09,0.8532,1.9695,0.8532,1.9695,0.85,2
227,0.97,2,18.1867,0.8628,1.9909,0.8628,1.9909,0.85,2
228,0.97,1,18.2533,0.8736,1.9973,0.8736,1.9973,0.85,2
229,0.97,1,18.4033,0.8832,1.8975,0.8832,1.8975,0.85,2
230,0.98,1,18.6267,0.8919,1.8078,0.8919,1.8078,0.85,2
231,1.0,0,18.7967,0.9007,1.727,0.9007,1.727,0.95,2
232,0.98,1,18.9967,0.9106,1.5543,0.9106,1.5543,0.95,2
233,0.91,1,19.1833,0.9176,1.4989,0.9176,1.4989,0.95,2
234,0.96,1,19.3767,0.9123,1.449,0.9123,1.449,0.95,2
235,0.95,1,19.5467,0.917,1.4041,0.917,1.4041,0.95,2
236,0.96,1,19.7033,0.9203,1.3637,0.9203,1.3637,0.95,2
237,0.84,3,19.8233,0.9243,1.3273,0.9243,1.3273,0.95,2
238,0.89,1,19.8767,0.8653,2.4982,0.8653,2.4982,0.85,2
239,0.99,1,19.9233,0.8678,2.3484,0.8678,2.3484,0.85,2
240,0.98,1,20.07,0.88,2.2135,0.88,2.2135,0.85,2
241,0.92,2,20.1733,0.89,2.0922,0.89,2.0922,0.85,2
242,0.95,1,20.2867,0.893,2.083,0.893,2.083,0.85,2
243,0.99,1,20.4367,0.8987,1.9747,0.8987,1.9747,0.85,2
244,0.97,1,20.5133,0.9078,1.8772,0.9078,1.8772,0.95,2
245,1.0,0,20.6567,0.914,1.7895,0.914,1.7895,0.95,2
246,0.94,2,20.8667,0.9226,1.6105,0.9226,1.6105,0.95,2
247,0.98,1,20.9633,0.9244,1.8832,0.9244,1.8832,0.95,2
248,0.92,2,21.0833,0.9299,1.7948,0.9299,1.7948,0.95,2
249,1.0,0,21.2267,0.923,1.9385,0.923,1.9385,0.95,2
250,0.98,1,21.35,0.9307,1.7446,0.9307,1.7446,0.95,2
251,0.98,1,21.3967,0.9356,1.6701,0.9356,1.6701,0.95,2
252,0.95,1,21.4933,0.9401,1.6031,0.9401,1.6031,0.95,2
253,0.93,1,21.6233,0.941,1.5428,0.941,1.5428,0.95,2
254,0.98,1,21.79,0.9333,1.4885,0.9333,1.4885,0.95,2
255,0.96,1,21.9067,0.938,1.4397,0.938,1.4397,0.95,2
256,0.9,2,21.9967,0.9402,1.3957,0.9402,1.3957,0.95,2
257,0.94,1,22.11,0.9121,1.8187,0.9121,1.8187,0.95,2
258,0.91,2,22.26,0.9148,1.7368,0.9148,1.7368,0.95,2
259,0.96,1,22.42,0.9115,1.9211,0.9115,1.9211,0.95,2
260,0.89,2,22.5067,0.9163,1.8289,0.9163,1.8289,0.95,2
261,0.84,3,22.5933,0.8979,1.9487,0.8979,1.9487,0.85,2
262,0.9,3,22.6,0.8574,2.6846,0.8574,2.6846,0.85,3
263,0.88,2,22.6467,0.8616,2.9054,0.8616,2.9054,0.85,3
264,0.85,3,22.6067,0.8635,2.8148,0.8635,2.8148,0.85,3
265,0.94,1,22.5767,0.854,2.9445,0.854,2.9445,0.85,3
266,0.88,3,22.57,0.8626,2.75,0.8626,2.75,0.85,3
267,0.9,2,22.55,0.8644,2.925,0.8644,2.925,0.85,3
268,0.85,2,22.6133,0.8679,2.8325,0.8679,2.8325,0.85,3
269,0.91,1,22.7067,0.8554,2.7493,0.8554,2.7493,0.85,3
270,0.87,2,22.7233,0.8608,2.5743,0.8608,2.5743,0.85,3
271,0.92,1,22.7433,0.8618,2.5169,0.8618,2.5169,0.85,3
272,0.87,2,22.7933,0.8676,2.3652,0.8676,2.3652,0.85,2
273,0.89,1,22.8167,0.8678,2.3287,0.8678,2.3287,0.85,2
274,0.88,2,22.8333,0.87,2.1958,0.87,2.1958,0.85,2
275,0.9,2,22.9033,0.871,2.1762,0.871,2.1762,0.85,2
276,0.96,2,22.9233,0.8739,2.1586,0.8739,2.1586,0.85,2
277,0.95,1,22.9833,0.8825,2.1427,0.8825,2.1427,0.85,2
278,0.92,1,22.9933,0.8893,2.0285,0.8893,2.0285,0.85,2
279,0.9,2,23.0533,0.8924,1.9256,0.8924,1.9256,0.85,2
280,0.94,1,23.0667,0.8931,1.9777,0.8931,1.9777,0.85,2
281,0.97,2,23.1533,0.8978,1.8799,0.8978,1.8799,0.85,2
282,0.98,1,23.1733,0.905,1.964,0.905,1.964,0.95,2
283,0.99,1,23.1767,0.9125,1.8676,0.9125,1.8676,0.95,2
284,0.98,1,23.1967,0.9203,1.7808,0.9203,1.7808,0.95,2
285,0.92,1,23.28,0.9262,1.7027,0.9262,1.7027,0.95,2
286,0.88,2,23.3233,0.9219,1.6325,0.9219,1.6325,0.95,2
287,0.98,1,23.3833,0.8926,1.8897,0.8926,1.8897,0.85,2
288,0.96,1,23.3933,0.9013,1.8008,0.9013,1.8008,0.95,2
289,0.95,1,23.3533,0.9072,1.7207,0.9072,1.7207,0.95,2
290,0.93,1,23.3133,0.9115,1.6486,0.9115,1.6486,0.95,2
291,0.96,1,23.2733,0.9133,1.5838,0.9133,1.5838,0.95,2
292,0.99,1,23.2733,0.918,1.5254,0.918,1.5254,0.95,2
293,1.0,0,23.2333,0.9252,1.4728,0.9252,1.4728,0.95,2
294,0.92,1,23.1767,0.9327,1.3256,0.9327,1.3256,0.95,2
295,0.98,1,23.2267,0.9238,1.293,0.9238,1.293,0.95,2
296,0.98,1,23.2533,0.9294,1.2637,0.9294,1.2637,0.95,2
297,0.94,1,23.2533,0.9345,1.2373,0.9345,1.2373,0.95,2
298,0.97,1,23.3033,0.935,1.2136,0.935,1.2136,0.95,2
299,0.97,1,23.3433,0.9385,1.1922,0.9385,1.1922,0.95,2
300,0.94,2,23.3633,0.9417,1.173,0.9417,1.173,0.95,2
301,0.88,2,23.36,0.9405,1.7519,0.9405,1.7519,0.95,2
302,0.93,1,23.4233,0.8982,1.9256,0.8982,1.9256,0.85,2
303,0.91,1,23.4267,0.9013,1.833,0.9013,1.833,0.95,2
304,1.0,0,23.4467,0.9022,1.7497,0.9022,1.7497,0.95,2
305,0.96,1,23.4867,0.912,1.5747,0.912,1.5747,0.95,2
306,0.95,2,23.51,0.9168,1.5173,0.9168,1.5173,0.95,2
307,0.98,1,23.4933,0.9201,1.8552,0.9201,1.8552,0.95,2
308,0.94,1,23.5933,0.9261,1.7697,0.9261,1.7697,0.95,2
309,0.95,3,23.5767,0.9275,1.6927,0.9275,1.6927,0.95,2
310,0.89,2,23.6,0.9297,2.6078,0.9297,2.6078,0.95,3
311,0.88,2,23.65,0.9019,2.547,0.9019,2.547,0.95,3
312,0.84,2,23.7,0.8866,2.4923,0.8866,2.4923,0.85,2
313,0.95,1,23.67,0.854,2.4431,0.854,2.4431,0.85,2
314,0.97,1,23.56,0.8636,2.2988,0.8636,2.2988,0.85,2
315,0.93,1,23.4733,0.8742,2.1689,0.8742,2.1689,0.85,2
316,0.94,1,23.46,0.8798,2.052,0.8798,2.052,0.85,2
317,0.93,1,23.47,0.8858,1.9468,0.8858,1.9468,0.85,2
318,0.94,2,23.48,0.8902,1.8521,0.8902,1.8521,0.85,2
319,0.96,1,23.4433,0.8952,1.9556,0.8952,1.9556,0.85,2
320,0.98,1,23.3733,0.9017,1.8601,0.9017,1.8601,0.95,2
321,0.98,1,23.3633,0.9095,1.7741,0.9095,1.7741,0.95,2
322,0.99,1,23.38,0.9166,1.6967,0.9166,1.6967,0.95,2
323,0.98,1,23.3533,0.9239,1.627,0.9239,1.627,0.95,2
324,0.95,1,23.4067,0.9295,1.5643,0.9295,1.5643,0.95,2
325,0.9,1,23.45,0.9316,1.5079,0.9316,1.5079,0.95,2
326,0.97,1,23.4733,0.9095,1.4571,0.9095,1.4571,0.95,2
327,0.95,2,23.52,0.9155,1.4114,0.9155,1.4114,0.95,2
328,0.97,1,23.52,0.919,1.8234,0.919,1.8234,0.95,2
329,0.89,1,23.48,0.9241,1.7411,0.9241,1.7411,0.95,2
330,0.92,1,23.46,0.9002,1.667,0.9002,1.667,0.95,2
331,0.98,1,23.5167,0.9022,1.6003,0.9022,1.6003,0.95,2
332,0.98,2,23.5067,0.91,1.5402,0.91,1.5402,0.95,2
333,0.88,2,23.48,0.917,1.8621,0.917,1.8621,0.95,2
334,0.88,2,23.5167,0.8911,1.9586,0.8911,1.9586,0.85,2
335,0.93,1,23.5333,0.8833,1.9876,0.8833,1.9876,0.85,2
336,0.97,1,23.4667,0.888,1.8888,0.888,1.8888,0.85,2
337,0.94,1,23.5133,0.8962,1.7999,0.8962,1.7999,0.85,2
338,0.85,2,23.5,0.9006,1.72,0.9006,1.72,0.95,2
339,0.92,2,23.5433,0.8652,1.916,0.8652,1.916,0.85,2
340,0.88,2,23.5433,0.8707,1.9748,0.8707,1.9748,0.85,2
341,0.88,2,23.54,0.8716,1.9924,0.8716,1.9924,0.85,2
342,0.94,1,23.47,0.8724,1.9977,0.8724,1.9977,0.85,2
343,0.96,1,23.4667,0.8792,1.898,0.8792,1.898,0.85,2
344,0.91,1,23.4767,0.8873,1.8082,0.8873,1.8082,0.85,2
345,0.86,2,23.5233,0.8895,1.7273,0.8895,1.7273,0.85,2
346,0.97,1,23.5133,0.8689,1.9182,0.8689,1.9182,0.85,2
347,0.95,1,23.4467,0.879,1.8264,0.879,1.8264,0.85,2
348,0.94,2,23.4467,0.8861,1.7437,0.8861,1.7437,0.85,2
349,0.95,1,23.47,0.8915,1.9231,0.8915,1.9231,0.85,2
350,0.99,1,23.53,0.8973,1.8308,0.8973,1.8308,0.85,2
351,0.82,3,23.53,0.9066,1.7477,0.9066,1.7477,0.95,2
352,0.98,1,23.5367,0.846,2.6243,0.846,2.6243,0.85,3
353,0.94,2,23.5933,0.8594,2.4619,0.8594,2.4619,0.85,2
354,0.91,2,23.6433,0.8674,2.4157,0.8674,2.4157,0.85,2
355,0.96,1,23.6733,0.8717,2.3741,0.8717,2.3741,0.85,2
356,0.96,1,23.6567,0.8805,2.2367,0.8805,2.2367,0.85,2
357,0.96,1,23.6567,0.8885,2.113,0.8885,2.113,0.85,2
358,0.95,2,23.7167,0.8956,2.0017,0.8956,2.0017,0.85,2
359,0.93,2,23.7133,0.9011,2.0016,0.9011,2.0016,0.95,2
360,0.97,1,23.79,0.904,2.0014,0.904,2.0014,0.95,2
361,0.98,1,23.8667,0.9106,1.9013,0.9106,1.9013,0.95,2
362,0.98,1,23.87,0.9175,1.8111,0.9175,1.8111,0.95,2
363,0.98,1,23.92,0.9238,1.73,0.9238,1.73,0.95,2
364,0.86,2,23.9533,0.9294,1.657,0.9294,1.657,0.95,2
365,0.94,1,23.9233,0.8808,1.8971,0.8808,1.8971,0.85,2
366,0.91,1,23.8967,0.8867,1.8074,0.8867,1.8074,0.85,2
367,0.97,1,23.89,0.8891,1.7267,0.8891,1.7267,0.85,2
368,0.92,3,23.8133,0.8972,1.654,0.8972,1.654,0.85,2
369,0.94,1,23.7267,0.8994,2.5962,0.8994,2.5962,0.85,3
370,0.96,1,23.7133,0.9035,2.4366,0.9035,2.4366,0.95,2
371,0.92,3,23.6467,0.9091,2.2929,0.9091,2.2929,0.95,2
372,0.97,1,23.6633,0.9102,2.7879,0.9102,2.7879,0.95,3
373,0.98,1,23.6767,0.9162,2.6091,0.9162,2.6091,0.95,3
374,0.99,1,23.62,0.9226,2.4482,0.9226,2.4482,0.95,2
375,0.95,1,23.56,0.9293,2.3034,0.9293,2.3034,0.95,2
376,0.97,1,23.54,0.9314,2.173,0.9314,2.173,0.95,2
377,0.94,1,23.6033,0.9353,2.0557,0.9353,2.0557,0.95,2
378,0.92,2,23.6633,0.9357,1.9502,0.9357,1.9502,0.95,2
379,0.98,1,23.64,0.9247,1.985,0.9247,1.985,0.95,2
380,0.94,1,23.6133,0.9302,1.8865,0.9302,1.8865,0.95,2
381,0.95,1,23.6633,0.9312,1.7979,0.9312,1.7979,0.95,2
382,0.92,1,23.7067,0.9331,1.7181,0.9331,1.7181,0.95,2
383,0.98,1,23.6633,0.9239,1.6463,0.9239,1.6463,0.95,2
384,0.9,1,23.6267,0.9295,1.5817,0.9295,1.5817,0.95,2
385,0.9,1,23.6067,0.9089,1.5235,0.9089,1.5235,0.95,2
386,0.9,1,23.5867,0.9027,1.4711,0.9027,1.4711,0.95,2
387,0.94,2,23.65,0.9008,1.424,0.9008,1.424,0.95,2
388,0.88,3,23.5533,0.9047,1.8272,0.9047,1.8272,0.95,2
389,0.82,2,23.54,0.8874,2.6482,0.8874,2.6482,0.85,3
390,0.96,1,23.4633,0.8402,2.5833,0.8402,2.5833,0.85,3
391,0.92,1,23.4267,0.8522,2.425,0.8522,2.425,0.85,2
392,0.97,1,23.3833,0.859,2.2825,0.859,2.2825,0.85,2
393,0.9,3,23.2933,0.8701,2.1543,0.8701,2.1543,0.85,2
394,0.96,1,23.2167,0.8731,2.7463,0.8731,2.7463,0.85,3
395,0.89,2,23.1267,0.8818,2.5717,0.8818,2.5717,0.85,3
396,0.85,3,23.1167,0.8826,2.5145,0.8826,2.5145,0.85,3
397,0.89,2,23.12,0.8598,2.8543,0.8598,2.8543,0.85,3
398,0.89,2,23.14,0.8628,2.7689,0.8628,2.7689,0.85,3
399,0.94,2,23.17,0.8655,2.692,0.8655,2.692,0.85,3
400,0.87,2,23.2767,0.873,2.6228,0.873,2.6228,0.85,3
401,0.88,3,23.3233,0.8709,2.5605,0.8709,2.5605,0.85,3
402,0.91,1,23.3367,0.8718,2.8682,0.8718,2.8682,0.85,3
403,0.96,1,23.38,0.8756,2.6813,0.8756,2.6813,0.85,3
404,0.93,1,23.56,0.8841,2.5132,0.8841,2.5132,0.85,3
405,0.91,2,23.6333,0.8887,2.3619,0.8887,2.3619,0.85,2
406,0.85,3,23.6867,0.8908,2.3257,0.8908,2.3257,0.85,2
407,0.95,2,23.66,0.8622,2.7977,0.8622,2.7977,0.85,3
408,0.91,1,23.73,0.871,2.7179,0.871,2.7179,0.85,3
409,0.89,2,23.8,0.8749,2.5461,0.8749,2.5461,0.85,3
410,0.94,2,23.87,0.8764,2.4915,0.8764,2.4915,0.85,2
411,0.93,2,23.8767,0.8828,2.4424,0.8828,2.4424,0.85,2
412,0.97,1,23.8833,0.8875,2.3981,0.8875,2.3981,0.85,2
413,0.96,1,23.9867,0.8958,2.2583,0.8958,2.2583,0.85,2
414,0.97,1,24.1667,0.9022,2.1325,0.9022,2.1325,0.95,2
415,0.98,1,24.21,0.909,2.0192,0.909,2.0192,0.95,2
416,0.98,1,24.3167,0.9161,1.9173,0.9161,1.9173,0.95,2
417,0.97,1,24.4233,0.9225,1.8256,0.9225,1.8256,0.95,2
418,0.84,4,24.5933,0.9272,1.743,0.9272,1.743,0.95,2
419,0.95,2,24.7,0.8662,3.3229,0.8662,3.3229,0.85,3
420,0.91,1,24.86,0.8745,3.1906,0.8745,3.1906,0.85,3
421,0.84,2,24.8967,0.8781,2.9716,0.8781,2.9716,0.85,3
422,0.89,2,24.9967,0.8514,2.8744,0.8514,2.8744,0.85,3
423,0.84,4,25.2067,0.8553,2.787,0.8553,2.787,0.85,3
424,0.89,2,25.4033,0.8446,3.6361,0.8446,3.6361,0.85,3
425,0.9,2,25.5833,0.8491,3.4725,0.8491,3.4725,0.85,3
426,0.86,3,25.7367,0.8542,3.3252,0.8542,3.3252,0.85,3
427,0.9,3,25.82,0.8548,3.2927,0.8548,3.2927,0.85,3
428,0.96,1,26.0267,0.8593,3.2634,0.8593,3.2634,0.85,3
429,0.77,7,26.1533,0.8694,3.0371,0.8694,3.0371,0.85,3
430,0.86,4,26.19,0.7998,5.8111,0.7998,5.8111,0.75,5
431,0.98,1,26.2867,0.8058,5.63,0.8058,5.63,0.85,5
432,0.91,2,26.4167,0.8232,5.167,0.8232,5.167,0.85,5
433,0.92,2,26.5167,0.8319,4.8503,0.8319,4.8503,0.85,5
434,0.93,2,26.5533,0.8407,4.5653,0.8407,4.5653,0.85,5
435,0.94,1,26.6233,0.8497,4.3088,0.8497,4.3088,0.85,5
436,0.93,2,26.73,0.8587,3.9779,0.8587,3.9779,0.85,3
437,0.9,2,26.9033,0.8658,3.7801,0.8658,3.7801,0.85,3
438,0.85,2,26.91,0.8692,3.6021,0.8692,3.6021,0.85,3
439,0.97,1,26.97,0.8558,3.4419,0.8558,3.4419,0.85,3
440,0.89,1,27.1133,0.8672,3.1977,0.8672,3.1977,0.85,3
441,0.9,2,27.2433,0.8695,2.9779,0.8695,2.9779,0.85,3
442,0.94,1,27.33,0.8725,2.8801,0.8725,2.8801,0.85,3
443,0.99,1,27.4,0.8793,2.6921,0.8793,2.6921,0.85,3
444,0.89,3,27.3933,0.8903,2.5229,0.8903,2.5229,0.85,3
445,0.93,3,27.4433,0.8901,2.8569,0.8901,2.8569,0.85,3
446,0.91,2,27.4367,0.8941,2.9571,0.8941,2.9571,0.85,3
447,0.95,1,27.4067,0.8957,2.8614,0.8957,2.8614,0.85,3
448,0.96,1,27.3167,0.9011,2.6752,0.9011,2.6752,0.95,3
449,0.98,1,27.2733,0.907,2.5077,0.907,2.5077,0.95,3
450,0.99,1,27.2367,0.9143,2.3569,0.9143,2.3569,0.95,2
451,0.96,1,27.2833,0.9219,2.2212,0.9219,2.2212,0.95,2
452,0.98,1,27.26,0.9257,2.0991,0.9257,2.0991,0.95,2
453,0.98,1,27.1633,0.9311,1.9892,0.9311,1.9892,0.95,2
454,0.96,1,27.03,0.936,1.8903,0.936,1.8903,0.95,2
455,0.97,1,26.9433,0.9384,1.8013,0.9384,1.8013,0.95,2
456,0.97,1,26.8933,0.9416,1.7211,0.9416,1.7211,0.95,2
457,0.83,4,26.7167,0.9444,1.649,0.9444,1.649,0.95,2
458,0.94,1,26.5233,0.8643,3.2947,0.8643,3.2947,0.85,3
459,0.93,1,26.4333,0.8719,3.0652,0.8719,3.0652,0.85,3
460,0.89,2,26.3833,0.8777,2.8587,0.8777,2.8587,0.85,3
461,0.82,2,26.3333,0.8789,2.7728,0.8789,2.7728,0.85,3
462,0.84,4,26.1767,0.8377,2.6956,0.8377,2.6956,0.85,3
463,0.88,4,26.0367,0.8379,3.6087,0.8379,3.6087,0.85,3
464,0.94,2,25.9333,0.8421,3.8826,0.8421,3.8826,0.85,3
465,0.89,2,25.77,0.8519,3.6943,0.8519,3.6943,0.85,3
466,0.93,1,25.62,0.8557,3.5249,0.8557,3.5249,0.85,3
467,0.96,1,25.4167,0.8631,3.2724,0.8631,3.2724,0.85,3
468,0.93,1,25.2,0.8728,3.0452,0.8728,3.0452,0.85,3
469,0.89,2,25.03,0.8785,2.8407,0.8785,2.8407,0.85,3
470,0.9,1,24.7533,0.8797,2.7566,0.8797,2.7566,0.85,3
471,0.92,1,24.4333,0.8817,2.5809,0.8817,2.5809,0.85,3
472,0.86,2,24.14,0.8856,2.4228,0.8856,2.4228,0.85,2
473,0.83,2,23.8667,0.8677,2.3806,0.8677,2.3806,0.85,2
474,0.89,2,23.51,0.8413,2.3425,0.8413,2.3425,0.85,2
475,0.94,2,23.1667,0.8462,2.3082,0.8462,2.3082,0.85,2
476,0.91,1,22.8967,0.8556,2.2774,0.8556,2.2774,0.85,2
477,0.97,1,22.53,0.861,2.1497,0.861,2.1497,0.85,2
478,0.95,1,22.24,0.8719,2.0347,0.8719,2.0347,0.85,2
479,0.95,2,21.9667,0.8797,1.9312,0.8797,1.9312,0.85,2
480,0.9,2,21.6267,0.8867,1.9794,0.8867,1.9794,0.85,2
481,0.96,1,21.2133,0.8881,1.9938,0.8881,1.9938,0.85,2
482,0.82,2,20.8733,0.8953,1.8944,0.8953,1.8944,0.85,2
483,0.86,2,20.5133,0.8426,1.9683,0.8426,1.9683,0.85,2
484,0.83,3,20.19,0.8443,1.9905,0.8443,1.9905,0.85,2
485,0.85,2,19.7967,0.8343,2.6971,0.8343,2.6971,0.85,3
486,0.84,2,19.4,0.8359,2.6274,0.8359,2.6274,0.85,3
487,0.85,2,19.1067,0.8363,2.5647,0.8363,2.5647,0.85,3
488,0.87,1,18.72,0.8377,2.5082,0.8377,2.5082,0.85,3
489,0.86,3,18.3033,0.8409,2.3574,0.8409,2.3574,0.85,2
490,0.93,1,17.8467,0.8428,2.8072,0.8428,2.8072,0.85,3
491,0.89,1,17.3933,0.8515,2.6265,0.8515,2.6265,0.85,3
492,0.89,1,17.03,0.8554,2.4638,0.8554,2.4638,0.85,2
493,0.92,2,16.6267,0.8588,2.3175,0.8588,2.3175,0.85,2
494,0.83,6,16.17,0.8649,2.2857,0.8649,2.2857,0.85,2
495,0.87,2,15.7667,0.8405,4.8857,0.8405,4.8857,0.85,5
496,0.63,28,15.34,0.8434,4.5971,0.8434,4.5971,0.85,5
497,0.83,5,14.9,0.694,20.9791,0.694,20.9791,0.65,20
498,0.95,1,14.5333,0.7076,19.3812,0.7076,19.3812,0.75,20
499,0.89,2,14.1467,0.7319,17.5431,0.7319,17.5431,0.75,20
500,0.82,2,13.7667,0.7477,15.9888,0.7477,15.9888,0.75,20
501,0.97,1,13.44,0.7549,14.5899,0.7549,14.5899,0.75,10
502,0.93,1,13.1367,0.7764,13.2309,0.7764,13.2309,0.75,10
503,0.88,2,12.8167,0.7918,12.0078,0.7918,12.0078,0.75,10
504,0.93,4,12.58,0.8006,11.007,0.8006,11.007,0.85,10
505,0.96,1,12.33,0.8135,10.3063,0.8135,10.3063,0.85,10
506,0.92,1,12.09,0.8282,9.3757,0.8282,9.3757,0.85,10
507,0.86,2,11.8867,0.8374,8.5381,0.8374,8.5381,0.85,10
508,0.89,2,11.7033,0.8396,7.8843,0.8396,7.8843,0.85,10
509,0.89,2,11.52,0.8447,7.2959,0.8447,7.2959,0.85,5
510,0.84,2,11.3433,0.8492,6.7663,0.8492,6.7663,0.85,5
511,0.79,3,11.24,0.8428,6.2897,0.8428,6.2897,0.85,5
512,0.89,2,11.1267,0.8058,5.9607,0.8058,5.9607,0.85,5
513,0.93,1,11.0133,0.8142,5.5646,0.8142,5.5646,0.85,5
514,0.83,4,10.9633,0.8258,5.1082,0.8258,5.1082,0.85,5
515,0.9,1,10.9667,0.8262,4.9974,0.8262,4.9974,0.85,5
516,0.89,2,10.9633,0.8336,4.5976,0.8336,4.5976,0.85,5
517,0.93,2,11.0333,0.8393,4.3379,0.8393,4.3379,0.85,5
518,0.97,1,11.1233,0.8483,4.1041,0.8483,4.1041,0.85,5
519,0.92,1,11.22,0.8605,3.7937,0.8605,3.7937,0.85,3
520,0.96,1,11.3633,0.8664,3.5143,0.8664,3.5143,0.85,3
521,0.92,1,11.5033,0.8758,3.2629,0.8758,3.2629,0.85,3
522,0.91,3,11.63,0.8802,3.0366,0.8802,3.0366,0.85,3
523,0.98,1,11.7933,0.8832,3.0329,0.8832,3.0329,0.85,3
524,0.97,1,12.01,0.8929,2.8296,0.8929,2.8296,0.85,3
525,0.98,1,12.26,0.9006,2.6467,0.9006,2.6467,0.95,3
526,0.9,1,12.4733,0.9085,2.482,0.9085,2.482,0.95,2
527,0.92,2,12.7,0.9026,2.3338,0.9026,2.3338,0.95,2
528,0.98,1,12.9967,0.9043,2.3004,0.9043,2.3004,0.95,2
529,0.99,1,13.28,0.9119,2.1704,0.9119,2.1704,0.95,2
530,0.98,1,13.5667,0.9197,2.0533,0.9197,2.0533,0.95,2
531,0.95,1,13.91,0.9257,1.948,0.9257,1.948,0.95,2
532,0.97,1,14.23,0.9281,1.8532,0.9281,1.8532,0.95,2
533,0.95,1,14.5233,0.9323,1.7679,0.9323,1.7679,0.95,2
534,0.89,1,14.8267,0.9341,1.6911,0.9341,1.6911,0.95,2
535,0.94,2,15.18,0.9032,1.622,0.9032,1.622,0.95,2
536,0.98,1,15.51,0.9069,1.8866,0.9069,1.8866,0.95,2
537,0.96,1,15.8833,0.9142,1.7979,0.9142,1.7979,0.95,2
538,0.84,3,16.2533,0.9188,1.7181,0.9188,1.7181,0.95,2
539,0.95,1,16.6633,0.8636,2.6154,0.8636,2.6154,0.85,3
540,0.9,2,17.0367,0.8723,2.4539,0.8723,2.4539,0.85,2
541,0.91,1,17.3933,0.875,2.4085,0.875,2.4085,0.85,2
542,0.92,2,17.7367,0.8785,2.2677,0.8785,2.2677,0.85,2
543,0.83,2,18.1333,0.8827,2.2409,0.8827,2.2409,0.85,2
544,0.86,2,18.4433,0.8458,2.2168,0.8458,2.2168,0.85,2
545,0.92,1,18.7367,0.8472,2.1951,0.8472,2.1951,0.85,2
546,0.92,2,19.03,0.8545,2.0756,0.8545,2.0756,0.85,2
547,0.53,12,19.3333,0.8611,2.068,0.8611,2.068,0.85,2
548,0.04,85,19.58,0.6293,9.0204,0.6293,9.0204,0.65,10
549,0.84,12,19.8133,0.2168,62.2061,0.2168,62.2061,0.45,40
550,0.97,1,20.01,0.2791,57.1855,0.2791,57.1855,0.45,40
551,0.89,1,20.2367,0.3482,51.567,0.3482,51.567,0.45,40
552,0.93,1,20.4767,0.4024,46.5103,0.4024,46.5103,0.45,40
553,0.93,2,20.6933,0.4551,41.9592,0.4551,41.9592,0.45,40
554,0.97,1,20.8733,0.5026,37.9633,0.5026,37.9633,0.55,40
555,0.92,3,21.0433,0.5494,34.267,0.5494,34.267,0.55,40
556,0.88,1,21.3267,0.5864,31.1403,0.5864,31.1403,0.55,40
557,0.99,1,21.6,0.6158,28.1263,0.6158,28.1263,0.65,20
558,0.93,1,21.74,0.6532,25.4136,0.6532,25.4136,0.65,20
559,0.89,2,21.8933,0.6809,22.9723,0.6809,22.9723,0.65,20
560,0.89,3,22.1467,0.7018,20.875,0.7018,20.875,0.75,20
561,0.47,21,22.3333,0.7206,19.0875,0.7206,19.0875,0.75,20
562,0.8,3,22.4833,0.5452,20.4263,0.5452,20.4263,0.55,20
563,0.96,1,22.72,0.5707,18.6836,0.5707,18.6836,0.55,20
564,0.33,45,22.98,0.6096,16.9153,0.6096,16.9153,0.65,20
565,0.74,7,23.0833,0.4139,36.5746,0.4139,36.5746,0.45,40
566,0.9,2,23.2533,0.4465,33.6171,0.4465,33.6171,0.45,40
567,0.95,1,23.38,0.4918,30.4554,0.4918,30.4554,0.45,40
568,0.96,2,23.4333,0.5377,27.5099,0.5377,27.5099,0.55,20
569,0.85,2,23.4967,0.5799,24.9589,0.5799,24.9589,0.55,20
570,0.82,3,23.58,0.6069,22.663,0.6069,22.663,0.65,20
571,0.89,3,23.6033,0.6282,20.6967,0.6282,20.6967,0.65,20
572,0.91,2,23.6467,0.6544,18.927,0.6544,18.927,0.65,20
573,0.9,3,23.64,0.68,17.2343,0.68,17.2343,0.65,20
574,0.86,2,23.63,0.702,15.8109,0.702,15.8109,0.75,20
575,0.93,1,23.65,0.7178,14.4298,0.7178,14.4298,0.75,10
576,0.88,5,23.7333,0.739,13.0868,0.739,13.0868,0.75,10
577,0.9,2,23.7133,0.7531,12.2781,0.7531,12.2781,0.75,10
578,0.94,1,23.7567,0.7678,11.2503,0.7678,11.2503,0.75,10
579,0.85,3,23.8733,0.785,10.2253,0.785,10.2253,0.75,10
580,0.24,24,23.98,0.7915,9.5028,0.7915,9.5028,0.75,10
581,0.19,51,23.9767,0.4055,19.6508,0.4055,19.6508,0.45,20
582,0.12,36,23.9767,0.2546,41.5952,0.2546,41.5952,0.45,40
583,0.01,94,24.0167,0.1604,41.0357,0.1604,41.0357,0.45,40
584,0.4,43,24.0833,0.0551,78.1107,0.0551,78.1107,0.45,40
585,0.71,6,24.08,0.0896,74.5996,0.0896,74.5996,0.45,40
586,0.81,2,24.0067,0.1516,67.7397,0.1516,67.7397,0.45,40
587,0.71,7,23.92,0.2175,61.1657,0.2175,61.1657,0.45,40
588,0.58,21,23.8267,0.2667,55.7491,0.2667,55.7491,0.45,40
589,0.42,24,23.76,0.2981,52.2742,0.2981,52.2742,0.45,40
590,0.06,58,23.6567,0.3103,49.4468,0.3103,49.4468,0.45,40
591,0.36,58,23.5033,0.1351,55.434,0.1351,55.434,0.45,40
592,0.84,3,23.4033,0.1576,57.2302,0.1576,57.2302,0.45,40
593,0.93,1,23.2033,0.2258,51.8072,0.2258,51.8072,0.45,40
594,0.26,37,22.9667,0.2962,46.7265,0.2962,46.7265,0.45,40
595,0.03,93,22.8233,0.2709,45.7538,0.2709,45.7538,0.45,40
596,0.58,11,22.5867,0.1023,78.8261,0.1023,78.8261,0.45,40
597,0.92,1,22.34,0.15,72.0435,0.15,72.0435,0.45,40
598,0.99,1,22.1767,0.227,64.9392,0.227,64.9392,0.45,40
599,0.95,1,21.95,0.3033,58.5453,0.3033,58.5453,0.45,40
600,0.95,1,21.7267,0.368,52.7907,0.368,52.7907,0.45,40
601,0.96,1,21.58,0.4262,47.6117,0.4262,47.6117,0.45,40
602,0.86,2,21.4433,0.4796,42.9505,0.4796,42.9505,0.45,40
603,0.47,8,21.33,0.5176,38.8554,0.5176,38.8554,0.55,40
604,0.1,77,21.1767,0.4843,35.7699,0.4843,35.7699,0.45,40
605,0.0,100,21.01,0.2153,64.631,0.2153,64.631,0.45,40
606,0.01,61,20.8067,0.0646,89.3893,0.0646,89.3893,0.45,40
607,0.0,100,20.59,0.0264,86.5504,0.0264,86.5504,0.45,40
608,0.16,40,20.3967,0.0079,95.9651,0.0079,95.9651,0.45,40
609,0.23,20,20.1,0.0231,90.3686,0.0231,90.3686,0.45,40
610,0.13,50,19.8233,0.0438,83.3317,0.0438,83.3317,0.45,40
611,0.89,1,19.6167,0.0524,79.9986,0.0524,79.9986,0.45,40
612,0.1,66,19.4033,0.1362,72.0987,0.1362,72.0987,0.45,40
613,0.18,46,19.13,0.1109,71.4888,0.1109,71.4888,0.45,40
614,0.27,64,18.8467,0.1178,68.94,0.1178,68.94,0.45,40
615,0.2,34,18.65,0.133,68.446,0.133,68.446,0.45,40
616,0.81,4,18.44,0.1397,65.0014,0.1397,65.0014,0.45,40
617,0.92,2,18.2967,0.2067,58.9012,0.2067,58.9012,0.45,40
618,0.54,41,18.1733,0.2781,53.2111,0.2781,53.2111,0.45,40
619,0.0,100,18.02,0.3042,51.99,0.3042,51.99,0.45,40
620,0.39,53,17.9,0.0913,85.597,0.0913,85.597,0.45,40
621,0.9,2,17.83,0.1211,82.3373,0.1211,82.3373,0.45,40
622,0.95,1,17.6833,0.199,74.3036,0.199,74.3036,0.45,40
623,0.91,3,17.5633,0.2741,66.9732,0.2741,66.9732,0.45,40
624,0.94,2,17.5267,0.3377,60.5759,0.3377,60.5759,0.45,40
625,0.92,1,17.5033,0.3979,54.7183,0.3979,54.7183,0.45,40
626,0.38,42,17.4833,0.4501,49.3465,0.4501,49.3465,0.45,40
627,0.88,3,17.4733,0.401,48.6118,0.401,48.6118,0.45,40
628,0.99,1,17.4967,0.4489,44.0506,0.4489,44.0506,0.45,40
629,1.0,0,17.53,0.503,39.7456,0.503,39.7456,0.55,40
630,0.92,1,17.5633,0.5527,35.771,0.5527,35.771,0.55,40
631,0.97,1,17.6567,0.5895,32.2939,0.5895,32.2939,0.55,40
632,0.58,18,17.74,0.6275,29.1645,0.6275,29.1645,0.65,20
633,0.89,3,17.7967,0.5943,28.0481,0.5943,28.0481,0.55,20
634,0.98,1,17.9833,0.6238,25.5433,0.6238,25.5433,0.65,20
635,0.92,2,18.15,0.6594,23.0889,0.6594,23.0889,0.65,20
636,0.89,2,18.3733,0.6855,20.98,0.6855,20.98,0.65,20
637,0.94,1,18.6133,0.706,19.082,0.706,19.082,0.75,20
638,0.69,11,18.8267,0.7294,17.2738,0.7294,17.2738,0.75,20
639,0.94,1,19.06,0.7018,16.6465,0.7018,16.6465,0.75,20
640,0.94,2,19.3333,0.7256,15.0818,0.7256,15.0818,0.75,20
641,0.94,2,19.63,0.7471,13.7736,0.7471,13.7736,0.75,10
642,0.95,1,19.9167,0.7664,12.5963,0.7664,12.5963,0.75,10
643,0.97,1,20.23,0.7847,11.4366,0.7847,11.4366,0.75,10
644,0.9,2,20.58,0.8032,10.393,0.8032,10.393,0.85,10
645,0.94,2,20.8733,0.8129,9.5537,0.8129,9.5537,0.85,10
646,0.87,2,21.1667,0.8256,8.7983,0.8256,8.7983,0.85,10
647,0.91,2,21.4233,0.8301,8.1185,0.8301,8.1185,0.85,10
648,0.96,1,21.79,0.8381,7.5066,0.8381,7.5066,0.85,10
649,0.94,2,22.1567,0.8503,6.856,0.8503,6.856,0.85,5
650,0.9,1,22.4867,0.8592,6.3704,0.8592,6.3704,0.85,5
651,0.95,1,22.79,0.8633,5.8333,0.8633,5.8333,0.85,5
652,0.95,2,23.17,0.872,5.35,0.872,5.35,0.85,5
653,0.95,1,23.64,0.8798,5.015,0.8798,5.015,0.85,5
654,0.87,4,24.03,0.8868,4.6135,0.8868,4.6135,0.85,5
655,0.99,1,24.3333,0.875,4.5522,0.875,4.5522,0.85,5
656,0.96,2,24.8167,0.8865,4.1969,0.8865,4.1969,0.85,5
657,0.97,1,25.2833,0.8939,3.9772,0.8939,3.9772,0.85,3
658,0.96,2,25.6133,0.9015,3.6795,0.9015,3.6795,0.95,3
659,1.0,0,26.06,0.9073,3.5116,0.9073,3.5116,0.95,3
660,0.97,2,26.52,0.9166,3.1604,0.9166,3.1604,0.95,3
661,0.93,1,26.9033,0.9219,3.0444,0.9219,3.0444,0.95,3
662,0.88,3,27.31,0.9228,2.8399,0.9228,2.8399,0.95,3
663,0.9,2,27.7133,0.8928,2.952,0.8928,2.952,0.85,3
664,0.88,1,28.1367,0.8935,2.8568,0.8935,2.8568,0.85,3
665,0.97,1,28.48,0.8841,2.6711,0.8841,2.6711,0.85,3
666,0.97,2,28.74,0.8927,2.504,0.8927,2.504,0.85,3
667,0.94,1,29.02,0.9004,2.4536,0.9004,2.4536,0.95,2
668,0.92,2,29.3267,0.9044,2.3082,0.9044,2.3082,0.95,2
669,0.96,1,29.6567,0.9059,2.2774,0.9059,2.2774,0.95,2
670,0.85,2,29.8267,0.9113,2.1497,0.9113,2.1497,0.95,2
671,0.98,1,29.9833,0.8684,2.1347,0.8684,2.1347,0.85,2
672,0.98,1,30.26,0.8796,2.0212,0.8796,2.0212,0.85,2
673,0.9,1,30.5567,0.8896,1.9191,0.8896,1.9191,0.85,2
674,0.82,3,30.7133,0.8906,1.8272,0.8906,1.8272,0.85,2
675,0.89,2,30.91,0.8412,2.6482,0.8412,2.6482,0.85,3
676,0.91,2,31.2367,0.8461,2.5833,0.8461,2.5833,0.85,3
677,0.88,1,31.5433,0.8525,2.525,0.8525,2.525,0.85,3
678,0.9,1,31.7133,0.8552,2.3725,0.8552,2.3725,0.85,2
679,0.93,2,32.0167,0.8597,2.2353,0.8597,2.2353,0.85,2
680,0.98,1,32.31,0.8667,2.2117,0.8667,2.2117,0.85,2
681,0.99,1,32.5933,0.8781,2.0906,0.8781,2.0906,0.85,2
682,1.0,0,32.8067,0.8892,1.9815,0.8892,1.9815,0.85,2
683,0.98,1,33.06,0.9003,1.7834,0.9003,1.7834,0.95,2
684,0.98,1,33.3133,0.9083,1.705,0.9083,1.705,0.95,2
685,0.98,1,33.6367,0.9155,1.6345,0.9155,1.6345,0.95,2
686,0.96,2,33.8167,0.9219,1.5711,0.9219,1.5711,0.95,2
687,0.99,1,34.1067,0.9257,1.8713,0.9257,1.8713,0.95,2
688,0.96,2,34.4433,0.9322,1.7842,0.9322,1.7842,0.95,2
689,0.92,1,34.69,0.9349,1.9353,0.9349,1.9353,0.95,2
690,0.93,2,35.0067,0.9245,1.8417,0.9245,1.8417,0.95,2
691,0.89,2,35.2267,0.925,1.9525,0.925,1.9525,0.95,2
692,0.9,1,35.41,0.9005,1.9858,0.9005,1.9858,0.95,2
693,0.9,2,35.4833,0.9002,1.8872,0.9002,1.8872,0.95,2
694,0.87,1,35.5967,0.9,1.9662,0.9,1.9662,0.95,2
695,0.91,2,35.83,0.879,1.8695,0.879,1.8695,0.85,2
696,0.9,1,36.0433,0.8821,1.9609,0.8821,1.9609,0.85,2
697,0.9,1,36.2833,0.8839,1.8648,0.8839,1.8648,0.85,2
698,0.88,2,36.54,0.8855,1.7783,0.8855,1.7783,0.85,2
699,0.94,1,36.6867,0.8817,1.9335,0.8817,1.9335,0.85,2
700,0.88,1,36.9633,0.8875,1.8401,0.8875,1.8401,0.85,2
701,0.97,1,37.3567,0.8822,1.7561,0.8822,1.7561,0.85,2
702,0.95,1,37.5767,0.891,1.6805,0.891,1.6805,0.85,2
703,0.95,1,37.7567,0.8969,1.6125,0.8969,1.6125,0.85,2
704,0.92,2,38.0067,0.9022,1.5512,0.9022,1.5512,0.95,2
705,0.97,1,38.4,0.904,1.8654,0.904,1.8654,0.95,2
706,0.92,2,38.6633,0.9106,1.7788,0.9106,1.7788,0.95,2
707,0.97,1,38.9667,0.9115,1.9336,0.9115,1.9336,0.95,2
708,0.98,1,39.38,0.9174,1.8403,0.9174,1.8403,0.95,2
709,0.97,1,39.6367,0.9237,1.7563,0.9237,1.7563,0.95,2
710,0.91,1,39.75,0.9283,1.6806,0.9283,1.6806,0.95,2
711,0.94,2,40.03,0.9155,1.6126,0.9155,1.6126,0.95,2
712,0.92,2,40.4033,0.9179,1.8838,0.9179,1.8838,0.95,2
713,0.97,1,40.6667,0.9181,1.9651,0.9181,1.9651,0.95,2
714,0.92,2,40.97,0.9233,1.8686,0.9233,1.8686,0.95,2
715,0.96,1,41.25,0.921,1.9606,0.921,1.9606,0.95,2
716,0.95,3,41.53,0.9249,1.8645,0.9249,1.8645,0.95,2
717,0.96,2,41.7,0.9274,2.6594,0.9274,2.6594,0.95,3
718,0.96,1,41.9,0.9307,2.5934,0.9307,2.5934,0.95,3
719,0.98,1,41.9833,0.9336,2.4341,0.9336,2.4341,0.95,2
720,0.92,2,42.13,0.9382,2.2907,0.9382,2.2907,0.95,2
721,0.97,1,42.39,0.9255,2.2616,0.9255,2.2616,0.95,2
722,0.98,1,42.5567,0.9299,2.1354,0.9299,2.1354,0.95,2
723,0.95,1,42.7967,0.9349,2.0219,0.9349,2.0219,0.95,2
724,0.97,1,42.84,0.9364,1.9197,0.9364,1.9197,0.95,2
725,0.91,1,43.0033,0.9398,1.8277,0.9398,1.8277,0.95,2
726,0.95,1,43.2233,0.9189,1.745,0.9189,1.745,0.95,2
727,0.87,3,43.38,0.922,1.6705,0.922,1.6705,0.95,2
728,0.96,1,43.56,0.8856,2.6011,0.8856,2.6011,0.85,3
729,0.98,1,43.85,0.8931,2.441,0.8931,2.441,0.85,2
730,0.98,1,44.2967,0.9017,2.2969,0.9017,2.2969,0.95,2
731,0.99,1,44.6267,0.9096,2.1672,0.9096,2.1672,0.95,2
732,0.96,1,44.88,0.9176,2.0505,0.9176,2.0505,0.95,2
733,0.96,1,45.1733,0.9219,1.9455,0.9219,1.9455,0.95,2
734,0.92,2,45.6533,0.9257,1.8509,0.9257,1.8509,0.95,2
735,0.93,1,45.99,0.9217,1.9553,0.9217,1.9553,0.95,2
736,0.95,1,46.18,0.9225,1.8597,0.9225,1.8597,0.95,2
737,0.93,1,46.33,0.9253,1.7738,0.9253,1.7738,0.95,2
738,0.91,1,46.6433,0.9257,1.6964,0.9257,1.6964,0.95,2
739,0.92,2,46.8367,0.9147,1.6268,0.9147,1.6268,0.95,2
740,0.97,1,47.3267,0.9153,1.888,0.9153,1.888,0.95,2
741,0.99,1,47.7233,0.9207,1.7992,0.9207,1.7992,0.95,2
742,0.92,1,48.04,0.9277,1.7193,0.9277,1.7193,0.95,2
743,0.88,1,48.3833,0.9223,1.6474,0.9223,1.6474,0.95,2
744,0.96,1,48.65,0.8927,1.5826,0.8927,1.5826,0.85,2
745,0.99,1,48.8367,0.8994,1.5244,0.8994,1.5244,0.85,2
746,0.97,1,49.1067,0.9085,1.4719,0.9085,1.4719,0.95,2
747,0.89,2,49.26,0.9146,1.4247,0.9146,1.4247,0.95,2
748,0.9,2,49.38,0.8974,1.8274,0.8974,1.8274,0.85,2
749,0.86,3,49.7767,0.8977,1.9482,0.8977,1.9482,0.85,2
750,0.95,1,50.02,0.8713,2.6845,0.8713,2.6845,0.85,3
751,0.91,2,50.1367,0.8792,2.516,0.8792,2.516,0.85,3
752,0.99,1,50.36,0.8822,2.4644,0.8822,2.4644,0.85,2
753,0.95,1,50.8767,0.893,2.318,0.893,2.318,0.85,2
754,0.88,3,51.4133,0.8987,2.1862,0.8987,2.1862,0.85,2
755,0.95,1,51.69,0.8856,2.7559,0.8856,2.7559,0.85,3
756,0.86,2,52.1067,0.8921,2.5803,0.8921,2.5803,0.85,3
757,0.93,4,52.6,0.8696,2.5222,0.8696,2.5222,0.85,3
758,0.87,3,53.0033,0.8757,3.5567,0.8757,3.5567,0.85,3
759,0.92,2,53.4467,0.8717,3.501,0.8717,3.501,0.85,3
760,0.95,1,53.7033,0.8765,3.3509,0.8765,3.3509,0.85,3
761,0.88,2,53.96,0.8839,3.1158,0.8839,3.1158,0.85,3
762,0.93,1,54.1733,0.8812,3.0042,0.8812,3.0042,0.85,3
763,0.94,1,54.6067,0.886,2.8038,0.886,2.8038,0.85,3
764,1.0,0,55.0667,0.8914,2.6234,0.8914,2.6234,0.85,3
765,0.96,1,55.3367,0.9023,2.3611,0.9023,2.3611,0.95,2
766,0.87,3,55.7567,0.9081,2.225,0.9081,2.225,0.95,2
767,0.98,1,56.25,0.8814,2.7675,0.8814,2.7675,0.85,3
768,0.9,3,56.5567,0.8913,2.5907,0.8913,2.5907,0.85,3
769,0.94,1,56.82,0.8922,2.8772,0.8922,2.8772,0.85,3
770,0.99,1,56.8933,0.8969,2.6895,0.8969,2.6895,0.85,3
771,0.96,1,57.1367,0.9062,2.5206,0.9062,2.5206,0.95,3
772,0.94,1,57.4167,0.9116,2.3685,0.9116,2.3685,0.95,2
773,0.99,1,57.63,0.9145,2.2316,0.9145,2.2316,0.95,2
774,1.0,0,57.7333,0.922,2.1085,0.922,2.1085,0.95,2
775,0.96,2,58.0533,0.9298,1.8976,0.9298,1.8976,0.95,2
776,0.95,1,58.1933,0.9328,1.9693,0.9328,1.9693,0.95,2
777,1.0,0,58.4333,0.9345,1.8724,0.9345,1.8724,0.95,2
778,0.97,1,58.7467,0.9411,1.6851,0.9411,1.6851,0.95,2
779,0.83,2,58.98,0.944,1.6166,0.944,1.6166,0.95,2
780,0.94,1,59.1467,0.8642,1.885,0.8642,1.885,0.85,2
781,0.92,2,59.3933,0.8718,1.7965,0.8718,1.7965,0.85,2
782,0.96,1,59.85,0.8766,1.9389,0.8766,1.9389,0.85,2
783,0.95,2,59.9167,0.8849,1.8451,0.8849,1.8451,0.85,2
784,0.94,1,60.2,0.8914,1.9535,0.8914,1.9535,0.85,2
785,0.91,2,60.6533,0.8963,1.8582,0.8963,1.8582,0.85,2
786,0.96,1,60.95,0.8977,1.9574,0.8977,1.9574,0.85,2
787,0.94,2,61.1467,0.9039,1.8617,0.9039,1.8617,0.95,2
788,0.95,1,61.36,0.9075,1.9585,0.9075,1.9585,0.95,2
789,0.96,1,61.6267,0.9118,1.8627,0.9118,1.8627,0.95,2
790,0.95,1,61.6833,0.9166,1.7764,0.9166,1.7764,0.95,2
791,0.81,4,61.7433,0.9199,1.6988,0.9199,1.6988,0.95,2
792,0.89,3,61.99,0.843,3.3096,0.843,3.3096,0.85,3
793,0.87,1,62.0367,0.8477,3.2787,0.8477,3.2787,0.85,3
794,0.93,1,61.83,0.8499,3.0508,0.8499,3.0508,0.85,3
795,0.85,2,61.8533,0.8579,2.8457,0.8579,2.8457,0.85,3
796,0.93,1,62.0133,0.8524,2.7611,0.8524,2.7611,0.85,3
797,0.94,2,61.92,0.8601,2.585,0.8601,2.585,0.85,3
798,0.97,1,61.9,0.8681,2.5265,0.8681,2.5265,0.85,3
799,0.93,1,61.9033,0.8783,2.3739,0.8783,2.3739,0.85,2
800,0.93,1,61.8533,0.8835,2.2365,0.8835,2.2365,0.85,2
801,0.96,1,61.56,0.8881,2.1128,0.8881,2.1128,0.85,2
802,0.96,1,61.4267,0.8953,2.0016,0.8953,2.0016,0.85,2
803,0.91,2,61.3233,0.9018,1.9014,0.9018,1.9014,0.95,2
804,1.0,0,61.1633,0.9026,1.9704,0.9026,1.9704,0.95,2
805,0.99,1,61.0633,0.9123,1.7734,0.9123,1.7734,0.95,2
806,0.96,2,61.06,0.9201,1.696,0.9201,1.696,0.95,2
807,0.98,1,60.95,0.9241,1.9088,0.9241,1.9088,0.95,2
808,0.93,2,60.8,0.9297,1.8179,0.9297,1.8179,0.95,2
809,0.96,1,60.5633,0.9297,1.9454,0.9297,1.9454,0.95,2
810,0.97,2,60.4,0.9328,1.8508,0.9328,1.8508,0.95,2
811,0.98,1,60.4367,0.9365,1.9553,0.9365,1.9553,0.95,2
812,0.97,1,60.2633,0.9408,1.8597,0.9408,1.8597,0.95,2
813,0.99,1,60.0833,0.9437,1.7738,0.9437,1.7738,0.95,2
814,0.97,3,59.74,0.9484,1.6964,0.9484,1.6964,0.95,2
815,0.96,1,59.4467,0.9505,2.6089,0.9505,2.6089,0.95,3
816,0.99,1,58.96,0.9515,2.448,0.9515,2.448,0.95,2
817,0.95,1,58.4967,0.9553,2.3032,0.9553,2.3032,0.95,2
818,0.96,2,57.8833,0.9516,2.1729,0.9516,2.1729,0.95,2
819,0.96,1,57.3067,0.9524,2.1556,0.9524,2.1556,0.95,2
820,1.0,0,56.94,0.9532,2.04,0.9532,2.04,0.95,2
821,0.98,1,56.59,0.9579,1.836,0.9579,1.836,0.95,2
822,0.96,1,56.24,0.9601,1.7524,0.9601,1.7524,0.95,2
823,0.97,1,55.73,0.96,1.6772,0.96,1.6772,0.95,2
824,0.97,1,55.26,0.961,1.6095,0.961,1.6095,0.95,2
825,0.91,3,54.9033,0.9619,1.5485,0.9619,1.5485,0.95,2
826,0.88,1,54.4067,0.9256,2.5646,0.9256,2.5646,0.95,3
827,0.94,2,53.8967,0.8937,2.4081,0.8937,2.4081,0.85,2
828,0.89,2,53.3533,0.8983,2.3673,0.8983,2.3673,0.85,2
829,0.97,1,53.0933,0.8925,2.3306,0.8925,2.3306,0.85,2
830,0.97,1,52.7333,0.9002,2.1975,0.9002,2.1975,0.95,2
831,0.94,2,52.3833,0.9072,2.0778,0.9072,2.0778,0.95,2
832,0.96,1,51.9233,0.9105,2.07,0.9105,2.07,0.95,2
833,0.99,1,51.4833,0.9154,1.963,0.9154,1.963,0.95,2
834,0.97,1,51.2467,0.9229,1.8667,0.9229,1.8667,0.95,2
835,0.9,2,50.8533,0.9276,1.78,0.9276,1.78,0.95,2
836,0.93,1,50.4433,0.9083,1.934,0.9083,1.934,0.95,2
837,0.97,1,50.1733,0.9105,1.8406,0.9105,1.8406,0.95,2
838,0.99,1,49.9433,0.9164,1.7565,0.9164,1.7565,0.95,2
839,0.92,5,49.8167,0.9238,1.6809,0.9238,1.6809,0.95,2
840,0.88,4,49.56,0.9211,4.0043,0.9211,4.0043,0.95,5
841,0.99,1,49.2367,0.8923,4.0038,0.8923,4.0038,0.85,5
842,0.98,1,48.9133,0.9021,3.7035,0.9021,3.7035,0.95,3
843,0.93,3,48.7333,0.9099,3.4331,0.9099,3.4331,0.95,3
844,0.91,3,48.3967,0.9119,3.3898,0.9119,3.3898,0.95,3
845,1.0,0,47.96,0.9106,3.3508,0.9106,3.3508,0.95,3
846,0.96,1,47.54,0.9195,3.0157,0.9195,3.0157,0.95,3
847,0.94,2,47.1833,0.9236,2.8142,0.9236,2.8142,0.95,3
848,0.91,2,46.9733,0.9252,2.7327,0.9252,2.7327,0.95,3
849,0.95,1,46.56,0.9146,2.6595,0.9146,2.6595,0.95,3
850,0.89,2,46.28,0.9181,2.4935,0.9181,2.4935,0.95,2
851,0.97,1,46.0167,0.8984,2.4442,0.8984,2.4442,0.85,2
852,0.94,1,46.0633,0.9056,2.2998,0.9056,2.2998,0.95,2
853,0.96,1,46.0867,0.909,2.1698,0.909,2.1698,0.95,2
854,0.9,2,46.11,0.9141,2.0528,0.9141,2.0528,0.95,2
855,0.89,3,45.9433,0.9042,2.0475,0.9042,2.0475,0.95,2
856,0.91,1,45.7767,0.8943,2.7143,0.8943,2.7143,0.85,3
857,0.94,2,45.8967,0.8958,2.5428,0.8958,2.5428,0.85,3
858,0.87,3,45.9767,0.9003,2.4885,0.9003,2.4885,0.95,2
859,0.89,2,45.8233,0.8791,2.8466,0.8791,2.8466,0.85,3
860,0.96,1,45.78,0.8802,2.7619,0.8802,2.7619,0.85,3
861,0.95,1,45.8967,0.8882,2.5857,0.8882,2.5857,0.85,3
862,0.89,2,45.9533,0.8943,2.4271,0.8943,2.4271,0.85,2
863,0.97,1,45.8567,0.8913,2.3844,0.8913,2.3844,0.85,2
864,0.93,1,46.0133,0.8992,2.246,0.8992,2.246,0.85,2
865,0.9,3,46.2033,0.9023,2.1214,0.9023,2.1214,0.95,2
866,0.97,1,46.3767,0.9007,2.7364,0.9007,2.7364,0.95,3
867,0.9,2,46.43,0.9076,2.5628,0.9076,2.5628,0.95,3
868,0.92,1,46.4767,0.9023,2.5065,0.9023,2.5065,0.95,3
869,0.86,2,46.4433,0.9041,2.3558,0.9041,2.3558,0.95,2
870,0.88,3,46.41,0.8732,2.3203,0.8732,2.3203,0.85,2
871,0.94,1,46.3333,0.8739,2.7961,0.8739,2.7961,0.85,3
872,0.97,1,46.1433,0.8805,2.6165,0.8805,2.6165,0.85,3
873,0.91,2,45.99,0.8895,2.4548,0.8895,2.4548,0.85,2
874,1.0,0,45.9967,0.8915,2.4093,0.8915,2.4093,0.85,2
875,0.95,2,46.0867,0.9024,2.1684,0.9024,2.1684,0.95,2
876,0.96,1,46.2167,0.9071,2.1516,0.9071,2.1516,0.95,2
877,0.99,1,46.32,0.9124,2.0364,0.9124,2.0364,0.95,2
878,0.96,1,46.5633,0.9202,1.9328,0.9202,1.9328,0.95,2
879,0.97,1,46.85,0.9242,1.8395,0.9242,1.8395,0.95,2
880,0.99,1,47.0333,0.9287,1.7555,0.9287,1.7555,0.95,2
881,0.9,1,47.23,0.9349,1.68,0.9349,1.68,0.95,2
882,0.89,2,47.14,0.9105,1.612,0.9105,1.612,0.95,2
883,0.89,2,47.19,0.8961,1.8836,0.8961,1.8836,0.85,2
884,0.94,2,47.2367,0.8918,1.9651,0.8918,1.9651,0.85,2
885,0.89,2,47.29,0.8967,1.9895,0.8967,1.9895,0.85,2
886,0.87,3,47.3767,0.892,1.9969,0.892,1.9969,0.85,2
887,0.94,2,47.0667,0.8766,2.6991,0.8766,2.6991,0.85,3
888,0.94,1,46.83,0.8829,2.6292,0.8829,2.6292,0.85,3
889,0.94,1,46.7067,0.8886,2.4662,0.8886,2.4662,0.85,2
890,0.95,2,46.5033,0.8938,2.3196,0.8938,2.3196,0.85,2
891,0.81,3,46.1667,0.8994,2.2877,0.8994,2.2877,0.85,2
892,0.87,3,45.8,0.8368,2.7863,0.8368,2.7863,0.85,3
893,0.82,2,45.6433,0.8401,2.9359,0.8401,2.9359,0.85,3
894,0.95,2,45.2367,0.826,2.8423,0.826,2.8423,0.85,3
895,0.84,2,44.6933,0.8384,2.7581,0.8384,2.7581,0.85,3
896,0.87,2,44.28,0.8386,2.6823,0.8386,2.6823,0.85,3
897,0.85,2,43.9867,0.8417,2.614,0.8417,2.614,0.85,3
898,0.93,2,43.38,0.8426,2.5526,0.8426,2.5526,0.85,3
899,0.87,2,42.7333,0.8513,2.4974,0.8513,2.4974,0.85,2
900,0.9,3,42.31,0.8532,2.4476,0.8532,2.4476,0.85,2
901,0.96,1,41.8033,0.8579,2.8343,0.8579,2.8343,0.85,3
902,0.91,1,41.41,0.8681,2.6509,0.8681,2.6509,0.85,3
903,0.81,2,40.9233,0.8723,2.4858,0.8723,2.4858,0.85,2
904,0.85,3,40.5133,0.8287,2.4372,0.8287,2.4372,0.85,2
905,0.82,2,39.9733,0.8308,2.8312,0.8308,2.8312,0.85,3
906,0.86,2,39.52,0.8232,2.748,0.8232,2.748,0.85,3
907,0.98,1,39.16,0.8269,2.6732,0.8269,2.6732,0.85,3
908,0.87,2,38.7,0.8422,2.5059,0.8422,2.5059,0.85,3
909,0.91,2,38.27,0.845,2.4553,0.845,2.4553,0.85,2
910,0.91,2,37.7267,0.8515,2.4098,0.8515,2.4098,0.85,2
911,0.97,2,37.1533,0.8574,2.3688,0.8574,2.3688,0.85,2
912,0.92,1,36.5367,0.8686,2.3319,0.8686,2.3319,0.85,2
913,0.94,1,35.9533,0.8738,2.1987,0.8738,2.1987,0.85,2
914,0.94,1,35.35,0.8804,2.0789,0.8804,2.0789,0.85,2
915,0.95,1,34.7133,0.8863,1.971,0.8863,1.971,0.85,2
916,0.89,2,34.1133,0.8927,1.8739,0.8927,1.8739,0.85,2
917,0.83,3,33.8367,0.8908,1.9622,0.8908,1.9622,0.85,2
918,0.8,2,33.4667,0.8482,2.6886,0.8482,2.6886,0.85,3
919,0.85,3,33.0033,0.8145,2.6198,0.8145,2.6198,0.85,3
920,0.86,2,32.7333,0.818,2.8859,0.818,2.8859,0.85,3
921,0.87,2,32.3867,0.8222,2.7973,0.8222,2.7973,0.85,3
922,0.95,1,32.1,0.827,2.7176,0.827,2.7176,0.85,3
923,0.92,2,31.6867,0.8393,2.5458,0.8393,2.5458,0.85,3
924,0.95,1,31.34,0.8474,2.4913,0.8474,2.4913,0.85,2
925,0.95,1,31.0967,0.8576,2.3421,0.8576,2.3421,0.85,2
926,0.77,4,30.6667,0.8669,2.2079,0.8669,2.2079,0.85,2
927,0.96,1,30.3133,0.7991,3.4624,0.7991,3.4624,0.75,3
928,0.91,1,30.24,0.8152,3.2161,0.8152,3.2161,0.85,3
929,0.85,2,30.1667,0.8246,2.9945,0.8246,2.9945,0.85,3
930,0.79,3,30.0867,0.8272,2.8951,0.8272,2.8951,0.85,3
931,0.89,3,29.9533,0.8012,2.9685,0.8012,2.9685,0.85,3
932,0.8,2,29.8333,0.81,2.9906,0.81,2.9906,0.85,3
933,0.87,1,29.8433,0.803,2.8915,0.803,2.8915,0.85,3
934,0.82,2,29.6933,0.8097,2.7024,0.8097,2.7024,0.85,3
935,0.79,3,29.6533,0.8107,2.6321,0.8107,2.6321,0.85,3
936,0.84,2,29.6633,0.7962,2.8896,0.7962,2.8896,0.75,3
937,0.98,1,29.56,0.8006,2.8007,0.8006,2.8007,0.85,3
938,1.0,0,29.3633,0.8185,2.6206,0.8185,2.6206,0.85,3
939,0.9,3,29.1867,0.8367,2.3585,0.8367,2.3585,0.85,2
940,0.82,2,29.11,0.843,2.8076,0.843,2.8076,0.85,3
941,0.83,2,28.92,0.8269,2.7268,0.8269,2.7268,0.85,3
942,0.92,2,28.7267,0.8272,2.6541,0.8272,2.6541,0.85,3
943,0.82,3,28.53,0.8365,2.5887,0.8365,2.5887,0.85,3
944,0.92,1,28.37,0.8249,2.8766,0.8249,2.8766,0.85,3
945,0.93,2,28.2533,0.8345,2.689,0.8345,2.689,0.85,3
946,0.91,2,28.0833,0.844,2.6201,0.844,2.6201,0.85,3
947,0.96,3,27.8733,0.8506,2.5581,0.8506,2.5581,0.85,3
948,0.94,1,27.7,0.8615,2.8674,0.8615,2.8674,0.85,3
949,0.86,2,27.6033,0.8694,2.6807,0.8694,2.6807,0.85,3
950,0.94,1,27.4033,0.8628,2.6126,0.8628,2.6126,0.85,3
951,0.85,4,27.28,0.8705,2.4513,0.8705,2.4513,0.85,2
952,0.89,4,27.21,0.8562,3.5354,0.8562,3.5354,0.85,3
953,0.94,1,27.1133,0.8595,3.8606,0.8595,3.8606,0.85,3
954,0.91,2,26.93,0.8676,3.5746,0.8676,3.5746,0.85,3
955,0.87,3,26.7467,0.8718,3.4171,0.8718,3.4171,0.85,3
956,0.82,14,26.6533,0.8705,3.3754,0.8705,3.3754,0.85,3
957,0.91,2,26.4433,0.8352,10.8126,0.8352,10.8126,0.85,10
958,0.53,40,26.24,0.8426,9.9314,0.8426,9.9314,0.85,10
959,0.36,33,26.0167,0.6238,30.9794,0.6238,30.9794,0.65,40
960,0.88,2,25.7433,0.4391,32.3938,0.4391,32.3938,0.45,40
961,0.97,1,25.4633,0.4832,29.3544,0.4832,29.3544,0.45,20
962,0.67,21,25.2,0.5319,26.519,0.5319,26.519,0.55,20
963,0.0,100,24.8767,0.5457,25.9671,0.5457,25.9671,0.55,20
964,0.87,6,24.55,0.1637,77.7901,0.1637,77.7901,0.45,40
965,0.59,22,24.17,0.2343,70.6111,0.2343,70.6111,0.45,40
966,0.86,2,23.7667,0.2699,65.75,0.2699,65.75,0.45,40
967,0.86,2,23.3133,0.3289,59.375,0.3289,59.375,0.45,40
968,0.84,4,22.93,0.382,53.6375,0.382,53.6375,0.45,40
969,0.32,53,22.4567,0.4278,48.6738,0.4278,48.6738,0.45,40
970,0.0,100,21.9733,0.3523,51.7021,0.3523,51.7021,0.45,40
971,0.2,78,21.5933,0.1057,85.5106,0.1057,85.5106,0.45,40
972,0.9,2,21.24,0.1151,84.7596,0.1151,84.7596,0.45,40
973,0.89,1,20.85,0.1936,76.4836,0.1936,76.4836,0.45,40
974,0.38,54,20.4367,0.2633,68.9353,0.2633,68.9353,0.45,40
975,0.68,9,20.05,0.2749,67.4417,0.2749,67.4417,0.45,40
976,0.86,2,19.65,0.3154,61.5976,0.3154,61.5976,0.45,40
977,0.84,4,19.22,0.3699,55.6378,0.3699,55.6378,0.45,40
978,0.9,2,18.7633,0.4169,50.474,0.4169,50.474,0.45,40
979,0.9,3,18.3367,0.4652,45.6266,0.4652,45.6266,0.45,40
980,0.37,40,17.94,0.5087,41.364,0.5087,41.364,0.55,40
981,0.91,3,17.5,0.4116,41.2276,0.4116,41.2276,0.45,40
982,0.84,2,17.0133,0.4614,37.4048,0.4614,37.4048,0.45,40
983,0.87,2,16.6267,0.4993,33.8643,0.4993,33.8643,0.45,40
984,0.88,2,16.22,0.5364,30.6779,0.5364,30.6779,0.55,40
985,0.92,1,15.78,0.5707,27.8101,0.5707,27.8101,0.55,20
986,0.96,1,15.34,0.6057,25.1291,0.6057,25.1291,0.65,20
987,0.83,2,14.91,0.6411,22.7162,0.6411,22.7162,0.65,20
988,0.97,1,14.48,0.66,20.6446,0.66,20.6446,0.65,20
989,0.1,84,14.0733,0.691,18.6801,0.691,18.6801,0.65,20
990,0.14,42,13.6067,0.2773,64.404,0.2773,64.404,0.45,40
991,0.74,9,13.24,0.1812,62.1636,0.1812,62.1636,0.45,40
992,0.83,3,12.8433,0.2371,56.8473,0.2371,56.8473,0.45,40
993,0.71,3,12.4367,0.2964,51.4625,0.2964,51.4625,0.45,40
994,0.82,3,12.0933,0.3377,46.6163,0.3377,46.6163,0.45,40
995,0.88,1,11.7433,0.386,42.2547,0.386,42.2547,0.45,40
996,0.93,1,11.38,0.4354,38.1292,0.4354,38.1292,0.45,40
997,0.92,1,11.09,0.4848,34.4163,0.4848,34.4163,0.45,40
998,0.9,1,10.81,0.5283,31.0746,0.5283,31.0746,0.55,40
999,0.96,1,10.6067,0.5655,28.0672,0.5655,28.0672,0.55,20
1000,0.93,2,10.3967,0.605,25.3605,0.605,25.3605,0.65,20
1001,0.76,3,10.1767,0.6375,23.0244,0.6375,23.0244,0.65,20
1002,0.78,3,9.96,0.6497,21.022,0.6497,21.022,0.65,20
1003,0.84,2,9.7767,0.6627,19.2198,0.6627,19.2198,0.65,20
1004,0.71,19,9.6,0.6805,17.4978,0.6805,17.4978,0.65,20
1005,0.79,3,9.41,0.6834,18.5493,0.6834,18.5493,0.65,20
1006,0.54,29,9.23,0.6941,16.9944,0.6941,16.9944,0.65,20
1007,0.54,36,9.1,0.5862,25.3983,0.5862,25.3983,0.55,20
1008,0.48,46,8.97,0.5539,32.8195,0.5539,32.8195,0.55,40
1009,0.12,86,8.85,0.5022,42.0458,0.5022,42.0458,0.55,40
1010,0.23,48,8.7467,0.2346,72.8138,0.2346,72.8138,0.45,40
1011,0.0,100,8.6867,0.2314,70.3324,0.2314,70.3324,0.45,40
1012,0.0,100,8.62,0.0694,91.0997,0.0694,91.0997,0.45,40
1013,0.0,100,8.53,0.0208,97.3299,0.0208,97.3299,0.45,40
1014,0.0,100,8.4933,0.0062,99.199,0.0062,99.199,0.45,40
1015,0.0,100,8.49,0.0019,99.7597,0.0019,99.7597,0.45,40
1016,0.8,18,8.4867,0.0006,99.9279,0.0006,99.9279,0.45,40
1017,0.98,1,8.5333,0.0805,91.7351,0.0805,91.7351,0.45,40
1018,0.91,1,8.5733,0.1705,82.6616,0.1705,82.6616,0.45,40
1019,0.88,1,8.6133,0.2444,74.4954,0.2444,74.4954,0.45,40
1020,0.87,1,8.6733,0.308,67.1459,0.308,67.1459,0.45,40
1021,0.96,1,8.8,0.3642,60.5313,0.3642,60.5313,0.45,40
1022,0.94,1,8.9133,0.4238,54.5782,0.4238,54.5782,0.45,40
1023,0.88,1,9.0567,0.4754,49.2204,0.4754,49.2204,0.45,40
1024,0.89,1,9.2133,0.5158,44.3983,0.5158,44.3983,0.55,40
1025,0.96,2,9.3533,0.5533,40.0585,0.5533,40.0585,0.55,40
1026,0.51,44,9.51,0.5939,36.2526,0.5939,36.2526,0.55,40
1027,0.0,100,9.71,0.5352,41.6758,0.5352,41.6758,0.55,40
1028,0.1,67,9.91,0.1606,82.5027,0.1606,82.5027,0.45,40
1029,0.0,100,10.1,0.1182,80.9525,0.1182,80.9525,0.45,40
1030,0.0,100,10.28,0.0354,94.2857,0.0354,94.2857,0.45,40
1031,0.0,100,10.4533,0.0106,98.2857,0.0106,98.2857,0.45,40
1032,0.0,100,10.66,0.0032,99.4857,0.0032,99.4857,0.45,40
1033,0.08,56,10.84,0.001,99.8457,0.001,99.8457,0.45,40
1034,0.0,100,11.0133,0.0089,95.4611,0.0089,95.4611,0.45,40
1035,0.07,52,11.1867,0.0027,98.6383,0.0027,98.6383,0.45,40
1036,0.6,8,11.34,0.0094,93.9745,0.0094,93.9745,0.45,40
1037,0.79,3,11.5167,0.0685,85.3771,0.0685,85.3771,0.45,40
1038,0.82,2,11.71,0.1406,77.1394,0.1406,77.1394,0.45,40
1039,0.74,10,11.87,0.2085,69.6254,0.2085,69.6254,0.45,40
1040,0.86,2,11.9933,0.2617,63.6629,0.2617,63.6629,0.45,40
1041,0.83,2,12.1667,0.3215,57.4966,0.3215,57.4966,0.45,40
1042,0.8,2,12.35,0.3724,51.9469,0.3724,51.9469,0.45,40
1043,0.86,2,12.5233,0.4151,46.9522,0.4151,46.9522,0.45,40
1044,0.86,2,12.6533,0.4596,42.457,0.4596,42.457,0.45,40
1045,0.94,1,12.8333,0.4997,38.4113,0.4997,38.4113,0.45,40
1046,0.88,2,13.0133,0.5437,34.6702,0.5437,34.6702,0.55,40
1047,0.98,1,13.16,0.5773,31.4032,0.5773,31.4032,0.55,40
1048,0.98,1,13.3133,0.6176,28.3628,0.6176,28.3628,0.65,20
1049,0.94,1,13.5767,0.6538,25.6266,0.6538,25.6266,0.65,20
1050,0.94,2,13.82,0.6824,23.1639,0.6824,23.1639,0.65,20
1051,0.87,2,13.98,0.7082,21.0475,0.7082,21.0475,0.75,20
1052,0.84,2,14.1633,0.7244,19.1428,0.7244,19.1428,0.75,20
1053,0.85,3,14.36,0.7359,17.4285,0.7359,17.4285,0.75,20
1054,0.8,3,14.5433,0.7474,15.9856,0.7474,15.9856,0.75,20
1055,0.8,2,14.74,0.7526,14.6871,0.7526,14.6871,0.75,10
1056,0.84,2,14.9467,0.7574,13.4184,0.7574,13.4184,0.75,10
1057,0.87,2,15.0967,0.7656,12.2765,0.7656,12.2765,0.75,10
1058,0.86,1,15.2067,0.7761,11.2489,0.7761,11.2489,0.75,10
1059,0.92,1,15.32,0.7845,10.224,0.7845,10.224,0.75,10
1060,0.95,2,15.5167,0.798,9.3016,0.798,9.3016,0.75,10
1061,0.92,1,15.6867,0.8132,8.5714,0.8132,8.5714,0.85,10
1062,0.89,3,15.82,0.8239,7.8143,0.8239,7.8143,0.85,10
1063,0.77,3,16.06,0.8305,7.3329,0.8305,7.3329,0.85,5
1064,0.76,4,16.29,0.7881,6.8996,0.7881,6.8996,0.75,5
1065,0.82,2,16.5267,0.7684,6.6096,0.7684,6.6096,0.75,5
1066,0.81,3,16.8067,0.7736,6.1487,0.7736,6.1487,0.75,5
1067,0.76,5,17.0633,0.7772,5.8338,0.7772,5.8338,0.75,5
1068,0.86,3,17.3133,0.7652,5.7504,0.7652,5.7504,0.75,5
1069,0.84,2,17.5733,0.7747,5.4754,0.7747,5.4754,0.75,5
1070,0.91,1,17.92,0.7812,5.1278,0.7812,5.1278,0.75,5
1071,0.9,1,18.2333,0.7941,4.715,0.7941,4.715,0.75,5
1072,0.91,1,18.4767,0.8047,4.3435,0.8047,4.3435,0.85,5
1073,0.94,1,18.74,0.8152,4.0092,0.8152,4.0092,0.85,5
1074,0.94,1,19.1,0.8277,3.7083,0.8277,3.7083,0.85,3
1075,0.92,2,19.37,0.8389,3.4374,0.8389,3.4374,0.85,3
1076,0.82,2,19.6967,0.847,3.2937,0.847,3.2937,0.85,3
1077,0.79,3,20.05,0.8281,3.1643,0.8281,3.1643,0.85,3
1078,0.93,3,20.3833,0.8014,3.1479,0.8014,3.1479,0.85,3
1079,0.92,2,20.5733,0.8143,3.1331,0.8143,3.1331,0.85,3
1080,0.94,2,20.7833,0.8249,3.0198,0.8249,3.0198,0.85,3
1081,0.89,2,21.01,0.8364,2.9178,0.8364,2.9178,0.85,3
1082,0.98,1,21.2267,0.8417,2.826,0.8417,2.826,0.85,3
1083,0.89,2,21.2567,0.8556,2.6434,0.8556,2.6434,0.85,3
1084,0.96,1,21.3633,0.859,2.5791,0.859,2.5791,0.85,3
1085,0.93,1,21.4833,0.8691,2.4212,0.8691,2.4212,0.85,2
1086,0.94,2,21.65,0.8752,2.2791,0.8752,2.2791,0.85,2
1087,0.93,2,21.7833,0.8817,2.2512,0.8817,2.2512,0.85,2
1088,0.94,2,21.9433,0.8865,2.226,0.8865,2.226,0.85,2
1089,0.91,2,22.12,0.8919,2.2034,0.8919,2.2034,0.85,2
1090,0.98,1,22.2233,0.8937,2.1831,0.8937,2.1831,0.85,2
1091,0.95,1,22.4267,0.9023,2.0648,0.9023,2.0648,0.95,2
1092,0.91,1,22.6267,0.9071,1.9583,0.9071,1.9583,0.95,2
1093,0.83,2,22.7433,0.9074,1.8625,0.9074,1.8625,0.95,2
1094,0.94,1,22.82,0.8532,1.9587,0.8532,1.9587,0.85,2
1095,0.97,1,22.88,0.8619,1.8629,0.8619,1.8629,0.85,2
1096,0.92,1,22.8433,0.8727,1.7766,0.8727,1.7766,0.85,2
1097,0.97,1,22.8633,0.8774,1.6989,0.8774,1.6989,0.85,2
1098,0.92,1,22.88,0.8867,1.629,0.8867,1.629,0.85,2
1099,0.91,1,22.8967,0.89,1.5661,0.89,1.5661,0.85,2
1100,0.86,3,22.85,0.892,1.5095,0.892,1.5095,0.85,2
1101,0.88,1,22.7667,0.8696,2.5529,0.8696,2.5529,0.85,3
1102,0.92,2,22.7567,0.8706,2.3976,0.8706,2.3976,0.85,2
1103,0.91,1,22.79,0.8756,2.3578,0.8756,2.3578,0.85,2
1104,0.87,1,22.6933,0.879,2.222,0.879,2.222,0.85,2
1105,0.78,3,22.6167,0.8727,2.0998,0.8727,2.0998,0.85,2
1106,0.85,2,22.5467,0.8078,2.7299,0.8078,2.7299,0.85,3
1107,0.89,2,22.4467,0.812,2.657,0.812,2.657,0.85,3
1108,0.92,1,22.2933,0.8198,2.5913,0.8198,2.5913,0.85,3
1109,0.91,1,22.2167,0.8298,2.4321,0.8298,2.4321,0.85,2
1110,0.92,3,22.08,0.8379,2.2889,0.8379,2.2889,0.85,2
1111,0.88,2,21.93,0.8461,2.7867,0.8461,2.7867,0.85,3
1112,0.84,2,21.84,0.8495,2.708,0.8495,2.708,0.85,3
1113,0.81,2,21.89,0.8428,2.6372,0.8428,2.6372,0.85,3
1114,0.76,4,21.8467,0.8199,2.5735,0.8199,2.5735,0.85,3
1115,0.82,2,21.8567,0.778,3.572,0.778,3.572,0.75,3
1116,0.77,2,21.7933,0.7822,3.4148,0.7822,3.4148,0.75,3
1117,0.79,3,21.77,0.7736,3.2734,0.7736,3.2734,0.75,3
1118,0.86,3,21.7433,0.7753,3.246,0.7753,3.246,0.75,3
1119,0.58,16,21.7,0.7838,3.2214,0.7838,3.2214,0.75,3
1120,0.84,5,21.6333,0.6411,12.1664,0.6411,12.1664,0.65,10
1121,0.91,2,21.5,0.661,11.4498,0.661,11.4498,0.65,10
1122,0.93,1,21.42,0.6859,10.5048,0.6859,10.5048,0.65,10
1123,0.88,3,21.2833,0.7103,9.5543,0.7103,9.5543,0.75,10
1124,0.41,15,21.2733,0.7273,8.8989,0.7273,8.8989,0.75,10
1125,0.38,26,21.28,0.5052,13.1697,0.5052,13.1697,0.55,10
1126,0.34,23,21.28,0.4176,22.1509,0.4176,22.1509,0.45,20
1127,0.35,23,21.24,0.3633,22.7453,0.3633,22.7453,0.45,20
1128,0.05,78,21.2433,0.354,22.9236,0.354,22.9236,0.45,20
1129,0.48,34,21.2467,0.1412,61.4771,0.1412,61.4771,0.45,40
1130,0.7,8,21.3,0.1751,58.7294,0.1751,58.7294,0.45,40
1131,0.46,25,21.36,0.2276,53.6564,0.2276,53.6564,0.45,40
1132,0.69,4,21.4,0.2508,50.7908,0.2508,50.7908,0.45,40
1133,0.35,9,21.3867,0.2947,46.1117,0.2947,46.1117,0.45,40
1134,0.16,19,21.3667,0.3003,42.4005,0.3003,42.4005,0.45,40
1135,0.33,42,21.38,0.2021,40.0605,0.2021,40.0605,0.45,40
1136,0.92,1,21.41,0.2149,41.4181,0.2149,41.4181,0.45,40
1137,0.73,8,21.4567,0.2854,37.3763,0.2854,37.3763,0.45,40
1138,0.23,28,21.5967,0.3298,34.4387,0.3298,34.4387,0.45,40
1139,0.29,28,21.6633,0.26,33.7948,0.26,33.7948,0.45,40
1140,0.34,30,21.8167,0.263,33.2153,0.263,33.2153,0.45,40
1141,0.51,7,21.9867,0.2707,32.8938,0.2707,32.8938,0.45,40
1142,0.31,17,22.0933,0.2946,30.3044,0.2946,30.3044,0.45,40
1143,0.4,11,22.2467,0.2961,28.974,0.2961,28.974,0.45,20
1144,0.72,4,22.4367,0.3065,27.1766,0.3065,27.1766,0.45,20
1145,0.89,2,22.56,0.3479,24.8589,0.3479,24.8589,0.45,20
1146,0.91,1,22.8067,0.4021,22.573,0.4021,22.573,0.45,20
1147,0.92,2,22.9933,0.4529,20.4157,0.4529,20.4157,0.45,20
1148,0.83,4,23.1967,0.4996,18.5742,0.4996,18.5742,0.45,20
1149,0.58,13,23.41,0.5326,17.1167,0.5326,17.1167,0.55,20
1150,0.26,19,23.6467,0.5374,16.7051,0.5374,16.7051,0.55,20
1151,0.61,28,23.8833,0.3432,18.3115,0.3432,18.3115,0.45,20
1152,0.83,4,24.0167,0.3699,25.0935,0.3699,25.0935,0.45,20
1153,0.88,2,24.3033,0.4159,22.9841,0.4159,22.9841,0.45,20
1154,0.89,1,24.4967,0.4623,20.8857,0.4623,20.8857,0.45,20
1155,0.86,3,24.67,0.5051,18.8971,0.5051,18.8971,0.55,20
1156,0.9,2,24.91,0.5406,17.3074,0.5406,17.3074,0.55,20
1157,0.87,2,25.1767,0.5765,15.7767,0.5765,15.7767,0.55,20
1158,0.59,12,25.34,0.6059,14.399,0.6059,14.399,0.65,10
1159,0.95,1,25.4867,0.5948,14.1591,0.5948,14.1591,0.55,10
1160,0.99,1,25.6033,0.6303,12.8432,0.6303,12.8432,0.65,10
1161,0.94,2,25.8167,0.6663,11.6589,0.6663,11.6589,0.65,10
1162,0.92,2,25.9967,0.6936,10.693,0.6936,10.693,0.65,10
1163,0.9,2,26.27,0.7163,9.8237,0.7163,9.8237,0.75,10
1164,0.87,2,26.56,0.7346,9.0413,0.7346,9.0413,0.75,10
1165,0.74,5,26.8367,0.7482,8.3372,0.7482,8.3372,0.75,10
1166,0.65,11,27.09,0.7425,8.0035,0.7425,8.0035,0.75,10
1167,0.86,2,27.3433,0.6777,10.101,0.6777,10.101,0.65,10
1168,0.94,1,27.57,0.696,9.2909,0.696,9.2909,0.65,10
1169,0.88,2,27.8233,0.7204,8.4618,0.7204,8.4618,0.75,10
1170,0.94,1,27.9567,0.7363,7.8157,0.7363,7.8157,0.75,10
1171,0.88,4,28.0867,0.7567,7.1341,0.7567,7.1341,0.75,5
1172,0.9,3,28.4033,0.769,6.8207,0.769,6.8207,0.75,5
1173,0.89,2,28.6733,0.7821,6.4386,0.7821,6.4386,0.75,5
1174,0.94,1,28.9433,0.7929,5.9948,0.7929,5.9948,0.75,5
1175,0.95,2,29.1433,0.8076,5.4953,0.8076,5.4953,0.85,5
1176,0.87,3,29.33,0.8219,5.1458,0.8219,5.1458,0.85,5
1177,0.93,1,29.58,0.8267,4.9312,0.8267,4.9312,0.85,5
1178,0.88,2,29.7233,0.837,4.5381,0.837,4.5381,0.85,5
1179,0.94,2,29.8567,0.8413,4.2843,0.8413,4.2843,0.85,5
1180,0.9,2,30.11,0.8512,4.0558,0.8512,4.0558,0.85,5
1181,0.93,1,30.2833,0.8561,3.8502,0.8561,3.8502,0.85,3
1182,0.8,2,30.48,0.8635,3.5652,0.8635,3.5652,0.85,3
1183,0.88,2,30.58,0.819,3.4087,0.819,3.4087,0.85,3
1184,0.93,1,30.76,0.8251,3.2678,0.8251,3.2678,0.85,3
1185,0.9,1,30.96,0.8356,3.041,0.8356,3.041,0.85,3
1186,0.98,1,31.2933,0.8421,2.8369,0.8421,2.8369,0.85,3
1187,0.92,1,31.5067,0.8559,2.6532,0.8559,2.6532,0.85,3
1188,0.92,1,31.76,0.8623,2.4879,0.8623,2.4879,0.85,2
1189,0.91,2,32.0567,0.868,2.3391,0.868,2.3391,0.85,2
1190,0.85,2,32.4367,0.8722,2.3052,0.8722,2.3052,0.85,2
1191,0.84,2,32.6567,0.8567,2.2747,0.8567,2.2747,0.85,2
1192,0.88,2,32.8967,0.845,2.2472,0.845,2.2472,0.85,2
1193,0.85,2,33.0667,0.8485,2.2225,0.8485,2.2225,0.85,2
1194,0.86,3,33.2633,0.8487,2.2003,0.8487,2.2003,0.85,2
1195,0.83,3,33.4867,0.8498,2.7601,0.8498,2.7601,0.85,3
1196,0.89,1,33.6533,0.8359,2.928,0.8359,2.928,0.85,3
1197,0.92,1,33.8333,0.8413,2.7352,0.8413,2.7352,0.85,3
1198,0.91,2,34.0133,0.8492,2.5617,0.8492,2.5617,0.85,3
1199,0.96,1,34.23,0.8553,2.5055,0.8553,2.5055,0.85,3
1200,0.91,1,34.6333,0.8658,2.355,0.8658,2.355,0.85,2
1201,0.98,1,34.9233,0.8702,2.2195,0.8702,2.2195,0.85,2
1202,0.93,2,35.0667,0.8812,2.0975,0.8812,2.0975,0.85,2
1203,0.89,4,35.2667,0.886,2.0878,0.886,2.0878,0.85,2
1204,0.82,3,35.4933,0.8864,3.4263,0.8864,3.4263,0.85,3
1205,0.88,2,35.7633,0.8399,3.3837,0.8399,3.3837,0.85,3
1206,0.87,2,35.7167,0.8439,3.2453,0.8439,3.2453,0.85,3
1207,0.86,2,35.7467,0.8465,3.1208,0.8465,3.1208,0.85,3
1208,0.92,1,35.9067,0.8479,3.0087,0.8479,3.0087,0.85,3
1209,0.92,1,36.0433,0.8551,2.8078,0.8551,2.8078,0.85,3
1210,0.88,2,35.9967,0.8616,2.6271,0.8616,2.6271,0.85,3
1211,0.92,1,36.1167,0.8634,2.5644,0.8634,2.5644,0.85,3
1212,0.78,3,36.2867,0.8691,2.4079,0.8691,2.4079,0.85,2
1213,0.95,1,36.4333,0.8067,2.8224,0.8067,2.8224,0.85,3
1214,0.9,2,36.5533,0.8211,2.6401,0.8211,2.6401,0.85,3
1215,0.83,2,36.6633,0.8289,2.5761,0.8289,2.5761,0.85,3
1216,0.92,2,36.64,0.8291,2.5185,0.8291,2.5185,0.85,3
1217,0.87,3,36.8367,0.8381,2.4667,0.8381,2.4667,0.85,2
1218,0.65,14,36.9267,0.8413,2.84,0.8413,2.84,0.85,3
1219,0.88,3,36.99,0.7074,10.652,0.7074,10.652,0.75,10
1220,0.8,6,37.0033,0.7247,9.8868,0.7247,9.8868,0.75,10
1221,0.87,2,37.06,0.7322,9.4981,0.7322,9.4981,0.75,10
1222,0.77,5,37.16,0.746,8.7483,0.746,8.7483,0.75,10
1223,0.82,8,37.3567,0.7484,8.3735,0.7484,8.3735,0.75,10
1224,0.54,32,37.4767,0.7555,8.3361,0.7555,8.3361,0.75,10
1225,0.83,5,37.5433,0.6047,24.9008,0.6047,24.9008,0.65,20
1226,0.78,8,37.6367,0.6272,22.9108,0.6272,22.9108,0.65,20
1227,0.92,2,37.8367,0.6425,21.4197,0.6425,21.4197,0.65,20
1228,0.9,3,38.1367,0.6702,19.4777,0.6702,19.4777,0.65,20
1229,0.85,3,38.2733,0.6932,17.8299,0.6932,17.8299,0.65,20
1230,0.68,8,38.3167,0.7089,16.3469,0.7089,16.3469,0.75,20
1231,0.38,19,38.3767,0.6887,15.5123,0.6887,15.5123,0.65,20
1232,0.88,1,38.37,0.4726,17.9537,0.4726,17.9537,0.45,20
1233,0.89,5,38.2133,0.5133,16.2583,0.5133,16.2583,0.55,20
1234,0.79,4,38.13,0.551,15.1325,0.551,15.1325,0.55,20
1235,0.9,2,38.0733,0.5749,14.0192,0.5749,14.0192,0.55,10
1236,0.92,1,38.24,0.6074,12.8173,0.6074,12.8173,0.65,10
1237,0.88,4,38.33,0.6387,11.6356,0.6387,11.6356,0.65,10
1238,0.89,2,38.44,0.6628,10.872,0.6628,10.872,0.65,10
1239,0.84,4,38.5967,0.6855,9.9848,0.6855,9.9848,0.65,10
1240,0.67,12,38.9533,0.701,9.3863,0.701,9.3863,0.75,10
1241,0.78,9,39.1433,0.6793,11.2159,0.6793,11.2159,0.65,10
1242,0.86,2,39.2867,0.6894,10.9943,0.6894,10.9943,0.65,10
1243,0.87,4,39.6467,0.7064,10.0949,0.7064,10.0949,0.75,10
1244,0.87,2,39.9567,0.7228,9.4854,0.7228,9.4854,0.75,10
1245,0.84,2,40.1933,0.7375,8.7369,0.7375,8.7369,0.75,10
1246,0.94,2,40.58,0.7478,8.0632,0.7478,8.0632,0.75,10
1247,0.93,1,40.86,0.767,7.4569,0.767,7.4569,0.75,5
1248,0.91,2,41.2333,0.7833,6.8112,0.7833,6.8112,0.75,5
1249,0.91,2,41.65,0.796,6.33,0.796,6.33,0.75,5
1250,0.87,3,42.0167,0.8074,5.897,0.8074,5.897,0.85,5
1251,0.9,2,42.4533,0.8136,5.6073,0.8136,5.6073,0.85,5
1252,0.99,1,42.8667,0.8223,5.2466,0.8223,5.2466,0.85,5
1253,0.91,1,43.2033,0.839,4.8219,0.839,4.8219,0.85,5
1254,0.91,1,43.5967,0.8461,4.4398,0.8461,4.4398,0.85,5
1255,0.9,2,43.9,0.8525,4.0958,0.8525,4.0958,0.85,5
1256,0.83,5,44.2467,0.8573,3.8862,0.8573,3.8862,0.85,3
1257,0.94,2,44.36,0.8382,4.6659,0.8382,4.6659,0.85,5
1258,0.84,2,44.34,0.8484,4.3993,0.8484,4.3993,0.85,5
1259,0.87,3,44.4467,0.8425,4.1593,0.8425,4.1593,0.85,5
1260,0.91,1,44.43,0.8453,4.0434,0.8453,4.0434,0.85,5
1261,0.91,1,44.5933,0.8517,3.7391,0.8517,3.7391,0.85,3
1262,0.93,1,44.82,0.8576,3.4652,0.8576,3.4652,0.85,3
1263,0.84,3,45.2,0.8648,3.2186,0.8648,3.2186,0.85,3
1264,0.91,1,45.5133,0.8474,3.1968,0.8474,3.1968,0.85,3
1265,0.89,3,45.7933,0.8537,2.9771,0.8537,2.9771,0.85,3
1266,0.88,3,46.1067,0.8573,2.9931,0.8573,2.9931,0.85,3
1267,0.84,2,46.56,0.8596,2.9979,0.8596,2.9979,0.85,3
1268,0.9,1,46.8733,0.8459,2.8981,0.8459,2.8981,0.85,3
1269,0.94,1,47.1267,0.8513,2.7083,0.8513,2.7083,0.85,3
1270,0.93,2,47.2433,0.8602,2.5375,0.8602,2.5375,0.85,3
1271,0.87,2,47.3033,0.8671,2.4837,0.8671,2.4837,0.85,2
1272,0.88,2,47.3867,0.8674,2.4354,0.8674,2.4354,0.85,2
1273,0.88,2,47.2733,0.8687,2.3918,0.8687,2.3918,0.85,2
1274,0.88,1,47.1833,0.8698,2.3527,0.8698,2.3527,0.85,2
1275,0.93,2,47.1767,0.8708,2.2174,0.8708,2.2174,0.85,2
1276,0.91,1,47.02,0.8768,2.1956,0.8768,2.1956,0.85,2
1277,0.93,2,46.66,0.8801,2.0761,0.8801,2.0761,0.85,2
1278,0.95,2,46.3367,0.8851,2.0685,0.8851,2.0685,0.85,2
1279,0.84,2,45.97,0.8916,2.0616,0.8916,2.0616,0.85,2
1280,0.87,3,45.4167,0.8555,2.0555,0.8555,2.0555,0.85,2
1281,0.91,2,44.8267,0.8569,2.7166,0.8569,2.7166,0.85,3
1282,0.88,3,44.2367,0.8622,2.645,0.8622,2.645,0.85,3
1283,0.94,2,43.6033,0.864,2.8935,0.864,2.8935,0.85,3
1284,0.9,1,42.8567,0.8716,2.8041,0.8716,2.8041,0.85,3
1285,0.85,2,42.5,0.8744,2.6237,0.8744,2.6237,0.85,3
1286,0.92,2,41.9133,0.8573,2.5614,0.8573,2.5614,0.85,3
1287,0.9,1,41.4167,0.8636,2.5052,0.8636,2.5052,0.85,3
1288,0.95,1,40.9733,0.8672,2.3547,0.8672,2.3547,0.85,2
1289,0.86,2,40.51,0.8755,2.2192,0.8755,2.2192,0.85,2
1290,0.91,2,40.09,0.8647,2.1973,0.8647,2.1973,0.85,2
1291,0.89,1,39.5667,0.8692,2.1776,0.8692,2.1776,0.85,2
1292,0.83,3,39.05,0.8713,2.0598,0.8713,2.0598,0.85,2
1293,0.84,2,38.4733,0.8424,2.7179,0.8424,2.7179,0.85,3
1294,0.92,1,38.4467,0.8407,2.6462,0.8407,2.6462,0.85,3
1295,0.95,2,38.3767,0.8486,2.4815,0.8486,2.4815,0.85,2
1296,0.97,1,38.2433,0.8588,2.4334,0.8588,2.4334,0.85,2
1297,0.89,2,37.7933,0.8699,2.29,0.8699,2.29,0.85,2
1298,0.94,1,37.7533,0.8719,2.261,0.8719,2.261,0.85,2
1299,0.88,2,37.7833,0.8787,2.1349,0.8787,2.1349,0.85,2
1300,0.88,1,38.1433,0.8788,2.1214,0.8788,2.1214,0.85,2
1301,0.92,2,38.47,0.879,2.0093,0.879,2.0093,0.85,2
1302,0.94,2,39.0533,0.8831,2.0084,0.8831,2.0084,0.85,2
1303,0.96,1,39.64,0.8888,2.0075,0.8888,2.0075,0.85,2
1304,0.89,4,40.2667,0.8959,1.9068,0.8959,1.9068,0.85,2
1305,0.92,2,40.8567,0.8918,3.372,0.8918,3.372,0.85,3
1306,0.82,3,41.4833,0.8946,3.2348,0.8946,3.2348,0.85,3
1307,0.88,2,42.5,0.8424,3.2113,0.8424,3.2113,0.85,3
1308,0.86,2,43.41,0.8461,3.0902,0.8461,3.0902,0.85,3
1309,0.91,2,44.2667,0.8475,2.9812,0.8475,2.9812,0.85,3
1310,0.88,3,45.3533,0.8538,2.8831,0.8538,2.8831,0.85,3
1311,0.89,2,46.6367,0.8564,2.9649,0.8564,2.9649,0.85,3
1312,0.91,2,47.92,0.8598,2.8684,0.8598,2.8684,0.85,3
1313,0.93,2,49.4333,0.8648,2.7816,0.8648,2.7816,0.85,3
1314,0.86,2,51.15,0.8713,2.7034,0.8713,2.7034,0.85,3
1315,0.87,1,52.5467,0.8634,2.6331,0.8634,2.6331,0.85,3
1316,1.0,0,54.1667,0.8641,2.4698,0.8641,2.4698,0.85,2
1317,0.89,3,55.9633,0.8776,2.2228,0.8776,2.2228,0.85,2
1318,0.83,2,57.5233,0.8789,2.7668,0.8789,2.7668,0.85,3
1319,0.88,2,59.0233,0.8447,2.6902,0.8447,2.6902,0.85,3
1320,0.85,3,60.6033,0.8482,2.6211,0.8482,2.6211,0.85,3
1321,0.93,2,62.41,0.8484,2.8863,0.8484,2.8863,0.85,3
1322,0.85,2,64.1767,0.8565,2.7977,0.8565,2.7977,0.85,3
1323,0.81,3,66.15,0.852,2.7179,0.852,2.7179,0.85,3
1324,0.86,2,67.54,0.8226,2.9154,0.8226,2.9154,0.85,3
1325,0.9,1,69.1967,0.8263,2.8238,0.8263,2.8238,0.85,3
1326,0.86,2,70.8433,0.8337,2.6415,0.8337,2.6415,0.85,3
1327,0.91,2,72.6667,0.8363,2.5773,0.8363,2.5773,0.85,3
1328,0.92,1,73.6567,0.8437,2.5196,0.8437,2.5196,0.85,3
1329,1.0,0,74.6967,0.8513,2.3676,0.8513,2.3676,0.85,2
1330,0.87,2,75.47,0.8662,2.1309,0.8662,2.1309,0.85,2
1331,0.92,2,76.35,0.8666,2.1178,0.8666,2.1178,0.85,2
1332,0.85,2,76.8367,0.8719,2.106,0.8719,2.106,0.85,2
1333,0.85,2,77.3233,0.8566,2.0954,0.8566,2.0954,0.85,2
1334,0.94,1,77.53,0.852,2.0859,0.852,2.0859,0.85,2
1335,0.83,2,77.7733,0.8608,1.9773,0.8608,1.9773,0.85,2
1336,0.85,2,77.98,0.8392,1.9932,0.8392,1.9932,0.85,2
1337,0.91,2,77.8267,0.8403,1.998,0.8403,1.998,0.85,2
1338,0.87,2,77.84,0.8473,1.9994,0.8473,1.9994,0.85,2
1339,0.9,2,77.8467,0.8496,1.9998,0.8496,1.9998,0.85,2
1340,0.94,1,77.9833,0.8546,1.9999,0.8546,1.9999,0.85,2
1341,0.89,1,77.9233,0.8631,1.9,0.8631,1.9,0.85,2
1342,0.94,1,77.6,0.8658,1.81,0.8658,1.81,0.85,2
1343,0.9,1,77.0467,0.8732,1.729,0.8732,1.729,0.85,2
1344,0.93,2,76.6167,0.8759,1.6561,0.8759,1.6561,0.85,2
1345,0.88,2,76.2333,0.8813,1.8968,0.8813,1.8968,0.85,2
1346,0.92,2,75.54,0.8804,1.969,0.8804,1.969,0.85,2
1347,0.87,3,74.5,0.8844,1.9907,0.8844,1.9907,0.85,2
1348,0.97,2,73.81,0.8743,2.6972,0.8743,2.6972,0.85,3
1349,0.89,2,73.2367,0.8839,2.6275,0.8839,2.6275,0.85,3
1350,0.85,1,72.7867,0.8845,2.5647,0.8845,2.5647,0.85,3
1351,0.92,1,71.9567,0.8603,2.4083,0.8603,2.4083,0.85,2
1352,0.89,1,71.0833,0.8663,2.2674,0.8663,2.2674,0.85,2
1353,0.87,1,70.04,0.8687,2.1407,0.8687,2.1407,0.85,2
1354,0.88,1,69.07,0.8688,2.0266,0.8688,2.0266,0.85,2
1355,0.95,1,67.7,0.8699,1.924,0.8699,1.924,0.85,2
1356,0.92,2,66.37,0.8779,1.8316,0.8779,1.8316,0.85,2
1357,0.9,2,64.99,0.8821,1.9495,0.8821,1.9495,0.85,2
1358,0.87,2,64.1333,0.8839,1.9848,0.8839,1.9848,0.85,2
1359,0.86,2,63.2367,0.8742,1.9955,0.8742,1.9955,0.85,2
1360,0.86,2,62.1867,0.8643,1.9986,0.8643,1.9986,0.85,2
1361,0.9,2,61.2,0.8613,1.9996,0.8613,1.9996,0.85,2
1362,0.89,1,60.45,0.8651,1.9999,0.8651,1.9999,0.85,2
1363,0.95,1,59.5533,0.8676,1.8999,0.8676,1.8999,0.85,2
1364,0.9,2,58.8967,0.8759,1.8099,0.8759,1.8099,0.85,2
1365,0.92,2,58.3867,0.8783,1.943,0.8783,1.943,0.85,2
1366,0.93,2,57.7167,0.8825,1.9829,0.8825,1.9829,0.85,2
1367,0.96,1,57.1467,0.8872,1.9949,0.8872,1.9949,0.85,2
1368,0.87,2,56.43,0.8945,1.8954,0.8945,1.8954,0.85,2
1369,0.86,2,55.7867,0.8773,1.9686,0.8773,1.9686,0.85,2
1370,0.82,2,55.0633,0.8652,1.9906,0.8652,1.9906,0.85,2
1371,0.85,4,54.22,0.8336,1.9972,0.8336,1.9972,0.85,2
1372,0.86,2,53.68,0.8352,3.3992,0.8352,3.3992,0.85,3
1373,0.81,3,53.2367,0.8377,3.2592,0.8377,3.2592,0.85,3
1374,0.76,3,52.6233,0.8183,3.2333,0.8183,3.2333,0.85,3
1375,0.88,2,51.9667,0.7775,3.21,0.7775,3.21,0.75,3
1376,0.88,2,51.5567,0.7877,3.089,0.7877,3.089,0.75,3
1377,0.89,2,51.34,0.797,2.9801,0.797,2.9801,0.75,3
1378,0.83,3,50.8467,0.8063,2.8821,0.8063,2.8821,0.85,3
1379,0.93,1,50.3833,0.8086,2.9646,0.8086,2.9646,0.85,3
1380,0.92,1,49.8267,0.8208,2.7682,0.8208,2.7682,0.85,3
1381,0.83,1,49.4133,0.8307,2.5913,0.8307,2.5913,0.85,3
1382,0.93,2,49.0033,0.8302,2.4322,0.8302,2.4322,0.85,2
1383,0.87,2,48.5333,0.8402,2.389,0.8402,2.389,0.85,2
1384,0.93,1,47.8533,0.8432,2.3501,0.8432,2.3501,0.85,2
1385,0.88,3,47.36,0.8519,2.2151,0.8519,2.2151,0.85,2
1386,0.79,3,46.8633,0.8547,2.7645,0.8547,2.7645,0.85,3
1387,0.81,3,46.4167,0.8094,2.9294,0.8094,2.9294,0.85,3
1388,0.9,1,46.0033,0.8095,2.9788,0.8095,2.9788,0.85,3
1389,0.88,1,45.5467,0.8185,2.7809,0.8185,2.7809,0.85,3
1390,0.91,1,45.31,0.8247,2.6028,0.8247,2.6028,0.85,3
1391,0.9,1,44.9167,0.8332,2.4426,0.8332,2.4426,0.85,2
1392,0.88,1,44.4233,0.8399,2.2983,0.8399,2.2983,0.85,2
1393,0.9,1,43.96,0.8439,2.1685,0.8439,2.1685,0.85,2
1394,0.89,1,43.4667,0.8495,2.0516,0.8495,2.0516,0.85,2
1395,0.89,1,42.8267,0.8536,1.9465,0.8536,1.9465,0.85,2
1396,0.9,1,42.4267,0.8572,1.8518,0.8572,1.8518,0.85,2
1397,0.97,1,41.9667,0.8615,1.7666,0.8615,1.7666,0.85,2
1398,0.91,2,41.5933,0.8723,1.69,0.8723,1.69,0.85,2
1399,0.89,1,41.08,0.8761,1.907,0.8761,1.907,0.85,2
1400,0.91,1,40.45,0.8775,1.8163,0.8775,1.8163,0.85,2
1401,0.93,1,39.96,0.8807,1.7347,0.8807,1.7347,0.85,2
1402,0.89,1,39.6067,0.8857,1.6612,0.8857,1.6612,0.85,2
1403,0.89,1,39.0433,0.8861,1.5951,0.8861,1.5951,0.85,2
1404,0.87,1,38.4467,0.8865,1.5356,0.8865,1.5356,0.85,2
1405,0.87,2,37.8933,0.8749,1.482,0.8749,1.482,0.85,2
1406,0.91,1,37.34,0.8715,1.8446,0.8715,1.8446,0.85,2
1407,0.89,1,36.73,0.8753,1.7601,0.8753,1.7601,0.85,2
1408,0.87,1,36.2633,0.8768,1.6841,0.8768,1.6841,0.85,2
1409,0.91,1,35.6167,0.872,1.6157,0.872,1.6157,0.85,2
1410,0.95,1,35.11,0.8758,1.5541,0.8758,1.5541,0.85,2
1411,0.92,1,34.6567,0.8833,1.4987,0.8833,1.4987,0.85,2
1412,0.91,1,34.22,0.8869,1.4489,0.8869,1.4489,0.85,2
1413,0.95,1,33.81,0.8892,1.404,0.8892,1.404,0.85,2
1414,0.9,3,33.5167,0.8953,1.3636,0.8953,1.3636,0.85,2
1415,0.82,2,33.34,0.8958,2.5091,0.8958,2.5091,0.85,3
1416,0.91,3,33.0633,0.8427,2.4582,0.8427,2.4582,0.85,2
1417,0.85,2,32.8267,0.8495,2.8374,0.8495,2.8374,0.85,3
1418,0.96,1,32.5533,0.8495,2.7537,0.8495,2.7537,0.85,3
1419,0.92,1,32.28,0.8606,2.5783,0.8606,2.5783,0.85,3
1420,0.8,2,31.8967,0.8665,2.4205,0.8665,2.4205,0.85,2
1421,0.88,3,31.74,0.82,2.3785,0.82,2.3785,0.85,2
1422,0.91,1,31.46,0.826,2.8135,0.826,2.8135,0.85,3
1423,0.9,2,31.2733,0.8344,2.6322,0.8344,2.6322,0.85,3
1424,0.88,1,31.01,0.8409,2.569,0.8409,2.569,0.85,3
1425,0.9,1,30.8067,0.8448,2.4121,0.8448,2.4121,0.85,2
1426,0.91,1,30.5233,0.8503,2.2709,0.8503,2.2709,0.85,2
1427,0.87,2,30.3367,0.8563,2.1438,0.8563,2.1438,0.85,2
1428,0.89,3,30.2367,0.8577,2.1294,0.8577,2.1294,0.85,2
1429,0.95,1,30.2633,0.8609,2.7388,0.8609,2.7388,0.85,3
1430,0.83,3,30.25,0.8698,2.5649,0.8698,2.5649,0.85,3
1431,0.92,2,30.2733,0.8419,2.8695,0.8419,2.8695,0.85,3
1432,0.95,1,30.1433,0.8498,2.7825,0.8498,2.7825,0.85,3
1433,0.89,3,30.1033,0.8598,2.6043,0.8598,2.6043,0.85,3
1434,0.86,2,30.12,0.8628,2.8813,0.8628,2.8813,0.85,3
1435,0.95,1,30.19,0.8608,2.7932,0.8608,2.7932,0.85,3
1436,0.75,6,30.0767,0.8698,2.6138,0.8698,2.6138,0.85,3
1437,0.95,2,30.0,0.7859,4.9842,0.7859,4.9842,0.75,5
1438,0.87,2,29.9433,0.8023,4.6857,0.8023,4.6857,0.85,5
1439,0.88,2,30.0533,0.8091,4.4172,0.8091,4.4172,0.85,5
1440,0.89,1,30.06,0.8162,4.1754,0.8162,4.1754,0.85,5
1441,0.91,2,30.0433,0.8236,3.8579,0.8236,3.8579,0.85,3
1442,0.91,2,29.97,0.8322,3.6721,0.8322,3.6721,0.85,3
1443,0.93,1,29.8933,0.84,3.5049,0.84,3.5049,0.85,3
1444,0.97,1,29.6667,0.849,3.2544,0.849,3.2544,0.85,3
1445,0.96,1,29.3633,0.8611,3.029,0.8611,3.029,0.85,3
1446,0.93,2,29.18,0.871,2.8261,0.871,2.8261,0.85,3
1447,0.85,1,28.94,0.8769,2.7435,0.8769,2.7435,0.85,3
1448,0.87,4,28.69,0.8581,2.5691,0.8581,2.5691,0.85,3
1449,0.86,2,28.44,0.8593,3.5707,0.8593,3.5707,0.85,3
1450,0.95,2,28.1267,0.8593,3.4137,0.8593,3.4137,0.85,3
1451,0.9,2,27.7233,0.8684,3.2723,0.8684,3.2723,0.85,3
1452,0.94,1,27.4233,0.8716,3.1451,0.8716,3.1451,0.85,3
1453,0.92,1,27.1467,0.8784,2.9306,0.8784,2.9306,0.85,3
1454,0.95,2,27.0033,0.8826,2.7375,0.8826,2.7375,0.85,3
1455,0.88,2,26.8233,0.8893,2.6638,0.8893,2.6638,0.85,3
1456,0.89,2,26.5533,0.8828,2.5974,0.8828,2.5974,0.85,3
1457,0.93,1,26.3033,0.8835,2.5376,0.8835,2.5376,0.85,3
1458,0.87,1,26.0,0.8882,2.3839,0.8882,2.3839,0.85,2
1459,0.93,1,25.6133,0.8754,2.2455,0.8754,2.2455,0.85,2
1460,0.9,1,25.2867,0.8809,2.1209,0.8809,2.1209,0.85,2
1461,0.89,1,24.9167,0.8828,2.0088,0.8828,2.0088,0.85,2
1462,0.92,1,24.4833,0.8835,1.908,0.8835,1.908,0.85,2
1463,0.92,1,24.0733,0.8872,1.8172,0.8872,1.8172,0.85,2
1464,0.93,2,23.64,0.8905,1.7354,0.8905,1.7354,0.85,2
1465,0.88,2,23.15,0.8944,1.9206,0.8944,1.9206,0.85,2
1466,0.88,1,22.83,0.8843,1.9762,0.8843,1.9762,0.85,2
1467,0.91,1,22.54,0.8813,1.8786,0.8813,1.8786,0.85,2
1468,0.88,2,22.2767,0.8842,1.7907,0.8842,1.7907,0.85,2
1469,0.88,3,21.9233,0.8813,1.9372,0.8813,1.9372,0.85,2
1470,0.87,2,21.5033,0.8804,2.6812,0.8804,2.6812,0.85,3
1471,0.9,1,21.1233,0.8731,2.613,0.8731,2.613,0.85,3
1472,0.86,2,20.7633,0.8758,2.4517,0.8758,2.4517,0.85,2
1473,0.88,2,20.43,0.8647,2.4066,0.8647,2.4066,0.85,2
1474,0.92,1,20.2133,0.8663,2.3659,0.8663,2.3659,0.85,2
1475,0.89,2,19.9667,0.8716,2.2293,0.8716,2.2293,0.85,2
1476,0.92,2,19.7333,0.8735,2.2064,0.8735,2.2064,0.85,2
1477,0.89,2,19.5167,0.8781,2.1857,0.8781,2.1857,0.85,2
1478,0.88,1,19.31,0.8793,2.1672,0.8793,2.1672,0.85,2
1479,0.85,3,19.1,0.8794,2.0505,0.8794,2.0505,0.85,2
1480,0.92,1,18.9367,0.8588,2.7151,0.8588,2.7151,0.85,3
1481,0.92,1,18.82,0.8649,2.5436,0.8649,2.5436,0.85,3
1482,0.9,1,18.6567,0.8704,2.3893,0.8704,2.3893,0.85,2
1483,0.89,2,18.5167,0.8734,2.2503,0.8734,2.2503,0.85,2
1484,0.88,1,18.3633,0.8751,2.2253,0.8751,2.2253,0.85,2
1485,0.94,1,18.1433,0.8756,2.1028,0.8756,2.1028,0.85,2
1486,0.9,2,18.0267,0.882,1.9925,0.882,1.9925,0.85,2
1487,0.9,2,17.8767,0.8838,1.9977,0.8838,1.9977,0.85,2
1488,0.91,1,17.68,0.8854,1.9993,0.8854,1.9993,0.85,2
1489,0.94,1,17.55,0.8879,1.8994,0.8879,1.8994,0.85,2
1490,0.94,1,17.4367,0.8931,1.8095,0.8931,1.8095,0.85,2
1491,0.87,1,17.31,0.8978,1.7285,0.8978,1.7285,0.85,2
1492,0.89,2,17.1867,0.8783,1.6557,0.8783,1.6557,0.85,2
1493,0.94,1,17.0633,0.8795,1.8967,0.8795,1.8967,0.85,2
1494,0.93,2,16.9533,0.8856,1.807,0.8856,1.807,0.85,2
1495,0.87,2,16.8467,0.89,1.9421,0.89,1.9421,0.85,2
1496,0.88,1,16.7133,0.876,1.9826,0.876,1.9826,0.85,2
1497,0.9,1,16.57,0.8764,1.8844,0.8764,1.8844,0.85,2
1498,0.89,1,16.39,0.8788,1.7959,0.8788,1.7959,0.85,2
1499,0.9,1,16.19,0.8799,1.7163,0.8799,1.7163,0.85,2
1500,0.87,1,16.0,0.8819,1.6447,0.8819,1.6447,0.85,2
1501,0.89,1,15.76,0.8736,1.5802,0.8736,1.5802,0.85,2
1502,0.87,1,15.5567,0.8752,1.5222,0.8752,1.5222,0.85,2
1503,0.89,2,15.3167,0.8716,1.47,0.8716,1.47,0.85,2
1504,0.88,1,15.1133,0.8734,1.841,0.8734,1.841,0.85,2
1505,0.89,1,14.9233,0.8741,1.7569,0.8741,1.7569,0.85,2
1506,0.86,1,14.6867,0.8757,1.6812,0.8757,1.6812,0.85,2
1507,0.87,1,14.45,0.8647,1.6131,0.8647,1.6131,0.85,2
1508,0.74,15,14.1967,0.8652,1.5518,0.8652,1.5518,0.85,2
1509,0.88,1,13.9433,0.7776,10.9655,0.7776,10.9655,0.75,10
1510,0.67,19,13.6933,0.7878,9.969,0.7878,9.969,0.75,10
1511,0.88,1,13.4033,0.7053,16.2907,0.7053,16.2907,0.75,20
1512,0.87,2,13.18,0.7228,14.7616,0.7228,14.7616,0.75,10
1513,0.87,2,12.9333,0.7375,13.4855,0.7375,13.4855,0.75,10
1514,0.86,1,12.66,0.7508,12.3369,0.7508,12.3369,0.75,10
1515,0.87,1,12.42,0.7617,11.2032,0.7617,11.2032,0.75,10
1516,0.89,1,12.1733,0.7725,10.1829,0.7725,10.1829,0.75,10
1517,0.88,2,11.93,0.7843,9.2646,0.7843,9.2646,0.75,10
1518,0.87,1,11.7067,0.7938,8.5382,0.7938,8.5382,0.75,10
1519,0.89,1,11.49,0.8015,7.7843,0.8015,7.7843,0.85,10
1520,0.9,1,11.2633,0.8103,7.1059,0.8103,7.1059,0.85,5
1521,0.88,1,11.0433,0.8193,6.4953,0.8193,6.4953,0.85,5
1522,0.88,2,10.8533,0.8254,5.9458,0.8254,5.9458,0.85,5
1523,0.91,1,10.6633,0.8308,5.5512,0.8308,5.5512,0.85,5
1524,0.89,1,10.46,0.8387,5.0961,0.8387,5.0961,0.85,5
1525,0.92,1,10.26,0.8439,4.6865,0.8439,4.6865,0.85,5
1526,0.9,2,10.09,0.8515,4.3178,0.8515,4.3178,0.85,5
1527,0.93,1,9.9367,0.8563,4.086,0.8563,4.086,0.85,5
1528,0.98,1,9.77,0.8637,3.7774,0.8637,3.7774,0.85,3
1529,0.88,2,9.68,0.8753,3.4997,0.8753,3.4997,0.85,3
1530,0.9,1,9.5767,0.8758,3.3497,0.8758,3.3497,0.85,3
1531,0.98,1,9.5,0.8782,3.1148,0.8782,3.1148,0.85,3
1532,0.96,1,9.4467,0.8884,2.9033,0.8884,2.9033,0.85,3
1533,0.96,1,9.4133,0.8956,2.713,0.8956,2.713,0.85,3
1534,0.95,1,9.3967,0.902,2.5417,0.902,2.5417,0.95,3
1535,0.96,1,9.38,0.9068,2.3875,0.9068,2.3875,0.95,2
1536,0.98,1,9.4133,0.9121,2.2487,0.9121,2.2487,0.95,2
1537,0.94,1,9.4367,0.9189,2.1239,0.9189,2.1239,0.95,2
1538,0.91,1,9.4733,0.921,2.0115,0.921,2.0115,0.95,2
1539,0.88,1,9.54,0.9133,1.9103,0.9133,1.9103,0.95,2
1540,0.87,2,9.5933,0.89,1.8193,0.89,1.8193,0.85,2
1541,0.9,1,9.6867,0.876,1.9458,0.876,1.9458,0.85,2
1542,0.94,3,9.7733,0.8784,1.8512,0.8784,1.8512,0.85,2
1543,0.89,2,9.8467,0.8846,2.6554,0.8846,2.6554,0.85,3
1544,0.91,1,9.97,0.8851,2.5898,0.8851,2.5898,0.85,3
1545,0.99,1,10.1,0.8876,2.4308,0.8876,2.4308,0.85,2
1546,0.93,1,10.2233,0.8978,2.2878,0.8978,2.2878,0.85,2
1547,0.97,1,10.3567,0.901,2.159,0.901,2.159,0.95,2
1548,0.93,2,10.5167,0.9079,2.0431,0.9079,2.0431,0.95,2
1549,0.96,1,10.6867,0.9102,2.0388,0.9102,2.0388,0.95,2
1550,0.9,1,10.8433,0.9151,1.9349,0.9151,1.9349,0.95,2
1551,0.97,1,11.04,0.9045,1.8414,0.9045,1.8414,0.95,2
1552,0.85,2,11.22,0.9111,1.7573,0.9111,1.7573,0.95,2
1553,0.91,1,11.4,0.8683,1.9272,0.8683,1.9272,0.85,2
1554,0.93,1,11.6333,0.8725,1.8345,0.8725,1.8345,0.85,2
1555,0.85,2,11.8633,0.8782,1.751,0.8782,1.751,0.85,2
1556,0.92,1,12.0767,0.8585,1.9253,0.8585,1.9253,0.85,2
1557,0.96,2,12.2733,0.8646,1.8328,0.8646,1.8328,0.85,2
1558,0.83,2,12.5533,0.8742,1.9498,0.8742,1.9498,0.85,2
1559,0.92,1,12.8133,0.8432,1.9849,0.8432,1.9849,0.85,2
1560,0.92,2,13.05,0.8509,1.8865,0.8509,1.8865,0.85,2
1561,0.97,1,13.27,0.8578,1.9659,0.8578,1.9659,0.85,2
1562,0.97,1,13.54,0.869,1.8693,0.869,1.8693,0.85,2
1563,0.91,1,13.7833,0.8791,1.7824,0.8791,1.7824,0.85,2
1564,0.92,2,14.0167,0.8822,1.7042,0.8822,1.7042,0.85,2
1565,0.93,2,14.34,0.886,1.9113,0.886,1.9113,0.85,2
1566,0.92,1,14.5967,0.8904,1.9734,0.8904,1.9734,0.85,2
1567,0.9,1,14.8633,0.8934,1.876,0.8934,1.876,0.85,2
1568,0.97,1,15.1867,0.894,1.7884,0.894,1.7884,0.85,2
1569,0.99,1,15.5,0.9016,1.7096,0.9016,1.7096,0.95,2
1570,0.91,2,15.8033,0.9105,1.6386,0.9105,1.6386,0.95,2
1571,0.87,2,16.1233,0.9101,1.8916,0.9101,1.8916,0.95,2
1572,0.89,2,16.4333,0.882,1.9675,0.882,1.9675,0.85,2
1573,0.94,1,16.73,0.8828,1.9902,0.8828,1.9902,0.85,2
1574,0.78,3,17.06,0.8886,1.8912,0.8886,1.8912,0.85,2
1575,0.63,6,17.37,0.8126,2.6674,0.8126,2.6674,0.85,3
1576,0.22,21,17.6667,0.6848,5.0002,0.6848,5.0002,0.65,5
1577,0.18,44,17.98,0.3594,16.2001,0.3594,16.2001,0.45,20
1578,0.13,31,18.3267,0.2338,35.66,0.2338,35.66,0.45,40
1579,0.83,5,18.6367,0.1611,35.194,0.1611,35.194,0.45,40
1580,0.93,1,18.94,0.228,32.1746,0.228,32.1746,0.45,40
1581,0.94,1,19.2167,0.2982,29.0572,0.2982,29.0572,0.45,20
1582,0.9,3,19.57,0.3624,26.2514,0.3624,26.2514,0.45,20
1583,0.9,3,19.8833,0.4162,23.9263,0.4162,23.9263,0.45,20
1584,0.97,1,20.1333,0.4646,21.8337,0.4646,21.8337,0.45,20
1585,0.92,1,20.41,0.5151,19.7503,0.5151,19.7503,0.55,20
1586,0.91,2,20.7033,0.5556,17.8753,0.5556,17.8753,0.55,20
1587,0.87,1,21.03,0.591,16.2877,0.591,16.2877,0.55,20
1588,0.82,3,21.3167,0.6189,14.759,0.6189,14.759,0.65,10
1589,0.93,2,21.5267,0.639,13.5831,0.639,13.5831,0.65,10
1590,0.91,1,21.7833,0.6681,12.4248,0.6681,12.4248,0.65,10
1591,0.73,5,22.1,0.6923,11.2823,0.6923,11.2823,0.65,10
1592,0.46,32,22.3067,0.6961,10.6541,0.6961,10.6541,0.65,10
1593,0.2,20,22.5433,0.5308,25.5962,0.5308,25.5962,0.55,20
1594,0.42,20,22.8633,0.2992,25.0366,0.2992,25.0366,0.45,20
1595,0.21,55,23.0767,0.3113,24.5329,0.3113,24.5329,0.45,20
1596,0.9,1,23.3233,0.2404,45.8599,0.2404,45.8599,0.45,40
1597,0.82,8,23.5467,0.3064,41.3739,0.3064,41.3739,0.45,40
1598,0.88,2,23.7333,0.3577,38.0365,0.3577,38.0365,0.45,40
1599,0.91,1,23.8133,0.4099,34.4329,0.4099,34.4329,0.45,40
1600,0.93,2,23.9733,0.46,31.0896,0.46,31.0896,0.45,40
1601,0.87,2,24.03,0.507,28.1806,0.507,28.1806,0.55,20
1602,0.91,1,24.1033,0.5433,25.5625,0.5433,25.5625,0.55,20
1603,0.91,1,24.2867,0.5799,23.1063,0.5799,23.1063,0.55,20
1604,0.91,3,24.34,0.6129,20.8957,0.6129,20.8957,0.65,20
1605,0.71,4,24.42,0.6426,19.1061,0.6426,19.1061,0.65,20
1606,0.65,9,24.51,0.6494,17.5955,0.6494,17.5955,0.65,20
1607,0.2,25,24.6567,0.6494,16.7359,0.6494,16.7359,0.65,20
1608,0.79,6,24.6733,0.3348,22.5208,0.3348,22.5208,0.45,20
1609,0.77,3,24.71,0.3804,20.8687,0.3804,20.8687,0.45,20
1610,0.14,32,24.86,0.4193,19.0818,0.4193,19.0818,0.45,20
1611,0.07,36,24.9867,0.2238,28.1246,0.2238,28.1246,0.45,20
1612,0.28,22,24.98,0.1161,33.6374,0.1161,33.6374,0.45,40
1613,0.21,25,25.0267,0.1325,32.4736,0.1325,32.4736,0.45,40
1614,0.58,13,25.1833,0.1403,31.7263,0.1403,31.7263,0.45,40
1615,0.85,2,25.2533,0.1842,29.8536,0.1842,29.8536,0.45,20
1616,0.42,41,25.3167,0.2508,27.0683,0.2508,27.0683,0.45,20
1617,0.0,100,25.3467,0.2677,36.8205,0.2677,36.8205,0.45,40
1618,0.41,34,25.3533,0.0803,81.0461,0.0803,81.0461,0.45,40
1619,0.84,4,25.5367,0.1133,76.3415,0.1133,76.3415,0.45,40
1620,0.91,1,25.69,0.186,69.1074,0.186,69.1074,0.45,40
1621,0.91,2,25.7667,0.2584,62.2966,0.2584,62.2966,0.45,40
1622,0.57,17,25.8833,0.3235,56.267,0.3235,56.267,0.45,40
1623,0.33,40,26.0033,0.3482,52.3403,0.3482,52.3403,0.45,40
1624,0.32,14,26.1133,0.3355,51.1063,0.3355,51.1063,0.45,40
1625,0.06,56,26.1767,0.3246,47.3956,0.3246,47.3956,0.45,40
1626,0.02,63,26.2233,0.1394,53.4187,0.1394,53.4187,0.45,40
1627,0.19,56,26.3333,0.0558,60.1256,0.0558,60.1256,0.45,40
1628,0.46,18,26.4067,0.0692,59.713,0.0692,59.713,0.45,40
1629,0.1,38,26.59,0.1083,55.5417,0.1083,55.5417,0.45,40
1630,0.24,52,26.8067,0.1025,53.7876,0.1025,53.7876,0.45,40
1631,0.81,4,27.0367,0.1162,53.6088,0.1162,53.6088,0.45,40
1632,0.11,87,27.2467,0.1856,48.6479,0.1856,48.6479,0.45,40
1633,0.22,78,27.4867,0.1327,75.4944,0.1327,75.4944,0.45,40
1634,0.95,1,27.78,0.1414,77.2483,0.1414,77.2483,0.45,40
1635,0.9,3,28.04,0.2223,69.6235,0.2223,69.6235,0.45,40
1636,0.77,5,28.2867,0.29,62.9611,0.29,62.9611,0.45,40
1637,0.89,1,28.4533,0.338,57.165,0.338,57.165,0.45,40
1638,0.97,1,28.7667,0.3932,51.5485,0.3932,51.5485,0.45,40
1639,0.78,11,29.0033,0.4509,46.4937,0.4509,46.4937,0.45,40
1640,0.96,1,29.14,0.4838,42.9443,0.4838,42.9443,0.45,40
1641,0.98,1,29.31,0.5314,38.7499,0.5314,38.7499,0.55,40
1642,0.82,2,29.5833,0.5763,34.9749,0.5763,34.9749,0.55,40
1643,0.88,3,29.82,0.6007,31.6774,0.6007,31.6774,0.65,40
1644,0.89,2,30.0767,0.6286,28.8097,0.6286,28.8097,0.65,20
1645,0.81,4,30.2967,0.6547,26.1287,0.6547,26.1287,0.65,20
1646,0.41,18,30.5567,0.6703,23.9158,0.6703,23.9158,0.65,20
1647,0.8,5,30.93,0.4881,23.3242,0.4881,23.3242,0.45,20
1648,0.86,2,31.2067,0.5193,21.4918,0.5193,21.4918,0.55,20
1649,0.89,2,31.3533,0.5533,19.5426,0.5533,19.5426,0.55,20
1650,0.92,1,31.6167,0.587,17.7884,0.587,17.7884,0.55,20
1651,0.87,2,31.8933,0.6203,16.1095,0.6203,16.1095,0.65,20
1652,0.92,1,32.1067,0.6453,14.6986,0.6453,14.6986,0.65,10
1653,0.91,2,32.4033,0.6728,13.3287,0.6728,13.3287,0.65,10
1654,0.89,1,32.55,0.6965,12.1958,0.6965,12.1958,0.65,10
1655,0.87,2,32.7367,0.7158,11.0763,0.7158,11.0763,0.75,10
1656,0.97,1,32.9633,0.7312,10.1686,0.7312,10.1686,0.75,10
1657,0.89,1,33.2667,0.7551,9.2518,0.7551,9.2518,0.75,10
1658,0.91,1,33.53,0.7686,8.4266,0.7686,8.4266,0.75,10
1659,0.88,3,33.7533,0.7827,7.6839,0.7827,7.6839,0.75,10
1660,0.92,2,33.9,0.7925,7.2155,0.7925,7.2155,0.75,5
1661,0.86,2,34.21,0.8052,6.694,0.8052,6.694,0.85,5
1662,0.91,1,34.4333,0.8107,6.2246,0.8107,6.2246,0.85,5
1663,0.87,2,34.5433,0.8206,5.7021,0.8206,5.7021,0.85,5
1664,0.9,2,34.6933,0.8256,5.3319,0.8256,5.3319,0.85,5
1665,0.96,2,34.8733,0.833,4.9987,0.833,4.9987,0.85,5
1666,0.89,1,35.1,0.8457,4.6989,0.8457,4.6989,0.85,5
1667,0.87,1,35.3533,0.8501,4.329,0.8501,4.329,0.85,5
1668,0.89,2,35.53,0.8521,3.9961,0.8521,3.9961,0.85,3
1669,0.95,1,35.77,0.8559,3.7965,0.8559,3.7965,0.85,3
1670,0.91,2,36.1433,0.8653,3.5168,0.8653,3.5168,0.85,3
1671,0.9,2,36.4867,0.8698,3.3651,0.8698,3.3651,0.85,3
1672,0.9,1,36.8333,0.8728,3.2286,0.8728,3.2286,0.85,3
1673,0.92,1,37.2033,0.8755,3.0058,0.8755,3.0058,0.85,3
1674,0.79,4,37.4533,0.88,2.8052,0.88,2.8052,0.85,3
1675,0.85,1,37.7033,0.817,3.6416,0.817,3.6416,0.85,3
1676,0.87,1,38.0167,0.8203,3.3774,0.8203,3.3774,0.85,3
1677,0.94,1,38.24,0.8253,3.1397,0.8253,3.1397,0.85,3
1678,0.95,2,38.4,0.8367,2.9257,0.8367,2.9257,0.85,3
1679,0.86,2,38.62,0.8481,2.8331,0.8481,2.8331,0.85,3
1680,0.65,10,38.8133,0.8493,2.7498,0.8493,2.7498,0.85,3
1681,0.17,57,38.9033,0.7098,7.8249,0.7098,7.8249,0.75,10
1682,0.85,3,39.0433,0.3319,42.2475,0.3319,42.2475,0.45,40
1683,0.95,1,39.2233,0.3837,38.3227,0.3837,38.3227,0.45,40
1684,0.98,1,39.36,0.4404,34.5905,0.4404,34.5905,0.45,40
1685,0.87,1,39.5167,0.4943,31.2314,0.4943,31.2314,0.45,40
1686,0.88,4,39.8,0.5319,28.2083,0.5319,28.2083,0.55,20
1687,0.89,1,39.87,0.5667,25.7874,0.5667,25.7874,0.55,20
1688,0.96,1,39.9667,0.599,23.3087,0.599,23.3087,0.55,20
1689,0.94,2,40.11,0.6351,21.0778,0.6351,21.0778,0.65,20
1690,0.88,2,40.3667,0.6656,19.17,0.6656,19.17,0.65,20
1691,0.95,1,40.37,0.6871,17.453,0.6871,17.453,0.65,20
1692,0.87,3,40.48,0.7134,15.8077,0.7134,15.8077,0.75,20
1693,0.97,1,40.75,0.729,14.527,0.729,14.527,0.75,10
1694,0.93,2,40.9867,0.7531,13.1743,0.7531,13.1743,0.75,10
1695,0.94,1,41.1867,0.7708,12.0568,0.7708,12.0568,0.75,10
1696,0.91,2,41.39,0.7877,10.9512,0.7877,10.9512,0.75,10
1697,0.95,1,41.64,0.8,10.056,0.8,10.056,0.75,10
1698,0.88,1,41.78,0.815,9.1504,0.815,9.1504,0.85,10
1699,0.96,1,41.9167,0.8215,8.3354,0.8215,8.3354,0.85,10
1700,0.92,2,41.8167,0.8353,7.6019,0.8353,7.6019,0.85,10
1701,0.81,4,41.7933,0.8438,7.0417,0.8438,7.0417,0.85,5
1702,0.97,1,41.7433,0.8201,6.7375,0.8201,6.7375,0.85,5
1703,0.93,2,41.77,0.8351,6.1638,0.8351,6.1638,0.85,5
1704,0.98,1,41.7967,0.8446,5.7474,0.8446,5.7474,0.85,5
1705,0.82,4,41.8433,0.8581,5.2726,0.8581,5.2726,0.85,5
1706,0.9,3,41.6967,0.8314,5.1454,0.8314,5.1454,0.85,5
1707,0.94,1,41.5967,0.8383,4.9308,0.8383,4.9308,0.85,5
1708,0.87,2,41.6733,0.8485,4.5378,0.8485,4.5378,0.85,5
1709,0.94,1,41.8,0.8506,4.284,0.8506,4.284,0.85,5
1710,0.9,2,41.76,0.8596,3.9556,0.8596,3.9556,0.85,3
1711,0.94,1,41.8,0.8636,3.76,0.8636,3.76,0.85,3
1712,0.93,2,41.9,0.8712,3.484,0.8712,3.484,0.85,3
1713,0.88,4,42.0067,0.8771,3.3356,0.8771,3.3356,0.85,3
1714,0.95,1,42.16,0.8774,3.8007,0.8774,3.8007,0.85,3
1715,0.96,1,42.29,0.8847,3.5206,0.8847,3.5206,0.85,3
1716,0.88,3,42.45,0.8922,3.2686,0.8922,3.2686,0.85,3
1717,0.88,2,42.7067,0.8837,3.2417,0.8837,3.2417,0.85,3
1718,0.89,1,43.0833,0.8811,3.1175,0.8811,3.1175,0.85,3
1719,0.96,1,43.4333,0.882,2.9058,0.882,2.9058,0.85,3
1720,0.9,2,43.6933,0.8898,2.7152,0.8898,2.7152,0.85,3
1721,0.87,3,43.8933,0.8908,2.6437,0.8908,2.6437,0.85,3
1722,0.9,1,44.1267,0.8762,2.8931,0.8762,2.8931,0.85,3
1723,0.9,2,44.31,0.8786,2.7038,0.8786,2.7038,0.85,3
1724,0.93,2,44.3667,0.8808,2.6334,0.8808,2.6334,0.85,3
1725,0.94,1,44.4267,0.8857,2.5701,0.8857,2.5701,0.85,3
1726,0.86,3,44.6267,0.8911,2.4131,0.8911,2.4131,0.85,2
1727,0.88,2,44.76,0.8693,2.8239,0.8693,2.8239,0.85,3
1728,0.95,1,44.9467,0.8704,2.7415,0.8704,2.7415,0.85,3
1729,0.93,2,45.0967,0.8784,2.5674,0.8784,2.5674,0.85,3
1730,0.9,2,45.3167,0.8835,2.5106,0.8835,2.5106,0.85,3
1731,0.89,2,45.3867,0.8852,2.4596,0.8852,2.4596,0.85,2
1732,0.85,2,45.6167,0.8857,2.4136,0.8857,2.4136,0.85,2
1733,0.89,1,45.81,0.8607,2.3723,0.8607,2.3723,0.85,2
1734,0.89,2,45.9633,0.8636,2.235,0.8636,2.235,0.85,2
1735,0.85,3,46.3867,0.8663,2.2115,0.8663,2.2115,0.85,2
1736,0.95,1,46.8067,0.8549,2.7635,0.8549,2.7635,0.85,3
1737,0.88,1,47.1133,0.8644,2.5871,0.8644,2.5871,0.85,3
1738,0.85,1,47.5467,0.866,2.4284,0.866,2.4284,0.85,2
1739,0.88,1,47.8833,0.8548,2.2856,0.8548,2.2856,0.85,2
1740,0.91,2,48.2633,0.8573,2.157,0.8573,2.157,0.85,2
1741,0.92,2,48.6067,0.8626,2.1413,0.8626,2.1413,0.85,2
1742,0.89,4,49.0833,0.8683,2.1272,0.8683,2.1272,0.85,2
1743,0.85,4,49.3367,0.8705,3.4382,0.8705,3.4382,0.85,3
1744,0.96,1,49.8233,0.8561,3.8314,0.8561,3.8314,0.85,3
1745,0.92,2,50.38,0.8665,3.5483,0.8665,3.5483,0.85,3
1746,0.83,2,50.7133,0.8719,3.3935,0.8719,3.3935,0.85,3
1747,0.92,1,51.0033,0.8426,3.2541,0.8426,3.2541,0.85,3
1748,0.89,2,51.2067,0.8503,3.0287,0.8503,3.0287,0.85,3
1749,0.95,1,51.54,0.8543,2.9258,0.8543,2.9258,0.85,3
1750,0.92,2,51.83,0.8638,2.7333,0.8638,2.7333,0.85,3
1751,0.96,1,52.1833,0.8695,2.6599,0.8695,2.6599,0.85,3
1752,0.89,2,52.4533,0.8785,2.4939,0.8785,2.4939,0.85,2
1753,0.91,2,52.4233,0.8797,2.4445,0.8797,2.4445,0.85,2
1754,0.91,2,52.57,0.8827,2.4001,0.8827,2.4001,0.85,2
1755,0.93,2,52.7,0.8854,2.3601,0.8854,2.3601,0.85,2
1756,0.97,1,52.6567,0.8899,2.3241,0.8899,2.3241,0.85,2
1757,0.93,1,52.6467,0.8979,2.1917,0.8979,2.1917,0.85,2
1758,0.89,1,52.6867,0.9011,2.0725,0.9011,2.0725,0.95,2
1759,0.9,1,52.7967,0.8933,1.9652,0.8933,1.9652,0.85,2
1760,0.9,2,52.7967,0.894,1.8687,0.894,1.8687,0.85,2
1761,0.95,1,53.2933,0.8946,1.9606,0.8946,1.9606,0.85,2
1762,0.93,2,53.5567,0.9001,1.8646,0.9001,1.8646,0.95,2
1763,0.97,1,53.7433,0.9031,1.9594,0.9031,1.9594,0.95,2
1764,0.88,2,54.0133,0.9098,1.8634,0.9098,1.8634,0.95,2
1765,0.89,1,54.0467,0.8889,1.959,0.8889,1.959,0.85,2
1766,0.92,2,54.0367,0.889,1.8631,0.889,1.8631,0.85,2
1767,0.91,1,54.0367,0.8921,1.9589,0.8921,1.9589,0.85,2
1768,0.87,2,54.0267,0.8939,1.863,0.8939,1.863,0.85,2
1769,0.83,3,53.84,0.8772,1.9589,0.8772,1.9589,0.85,2
1770,0.88,2,53.95,0.8442,2.6877,0.8442,2.6877,0.85,3
1771,0.93,1,54.1233,0.8477,2.6189,0.8477,2.6189,0.85,3
1772,0.89,2,53.9833,0.856,2.457,0.856,2.457,0.85,2
1773,0.9,1,53.88,0.8594,2.4113,0.8594,2.4113,0.85,2
1774,0.95,1,53.66,0.8634,2.2702,0.8634,2.2702,0.85,2
1775,0.88,2,53.4533,0.8721,2.1432,0.8721,2.1432,0.85,2
1776,0.88,1,53.2333,0.8729,2.1288,0.8729,2.1288,0.85,2
1777,0.93,1,53.0567,0.8736,2.016,0.8736,2.016,0.85,2
1778,0.93,1,52.7367,0.8792,1.9144,0.8792,1.9144,0.85,2
1779,0.86,1,52.2867,0.8843,1.8229,0.8843,1.8229,0.85,2
1780,0.9,1,51.9167,0.8673,1.7406,0.8673,1.7406,0.85,2
1781,0.9,5,51.5833,0.8706,1.6666,0.8706,1.6666,0.85,2
1782,0.97,1,51.2667,0.8735,4.0,0.8735,4.0,0.85,3
1783,0.95,1,51.0467,0.8832,3.7,0.8832,3.7,0.85,3
1784,0.98,1,50.8167,0.8898,3.43,0.8898,3.43,0.85,3
1785,0.91,2,50.6367,0.8989,3.187,0.8989,3.187,0.85,3
1786,0.87,2,50.5467,0.9,3.0683,0.9,3.0683,0.85,3
1787,0.9,1,50.4233,0.879,2.9615,0.879,2.9615,0.85,3
1788,0.93,1,50.3,0.8811,2.7653,0.8811,2.7653,0.85,3
1789,0.89,1,50.3433,0.886,2.5888,0.886,2.5888,0.85,3
1790,0.97,1,50.4933,0.8864,2.4299,0.8864,2.4299,0.85,2
1791,0.9,1,50.0633,0.8947,2.2869,0.8947,2.2869,0.85,2
1792,0.92,1,49.8133,0.8953,2.1582,0.8953,2.1582,0.85,2
1793,0.88,2,49.6367,0.8977,2.0424,0.8977,2.0424,0.85,2
1794,0.92,2,49.38,0.8853,2.0382,0.8853,2.0382,0.85,2
1795,0.93,2,48.7333,0.8888,2.0343,0.8888,2.0343,0.85,2
1796,0.97,1,48.35,0.8929,2.0309,0.8929,2.0309,0.85,2
1797,0.98,1,48.0233,0.9006,1.9278,0.9006,1.9278,0.95,2
1798,0.89,2,47.6033,0.9086,1.835,0.9086,1.835,0.95,2
1799,0.84,2,47.4033,0.8956,1.9505,0.8956,1.9505,0.85,2
1800,0.95,1,46.9667,0.8567,1.9852,0.8567,1.9852,0.85,2
1801,0.9,2,46.6067,0.866,1.8866,0.866,1.8866,0.85,2
1802,0.92,1,46.4,0.8694,1.966,0.8694,1.966,0.85,2
1803,0.92,1,46.08,0.8745,1.8694,0.8745,1.8694,0.85,2
1804,0.86,1,45.7267,0.879,1.7825,0.879,1.7825,0.85,2
1805,0.95,2,45.1733,0.8657,1.7042,0.8657,1.7042,0.85,2
1806,0.96,1,44.68,0.8741,1.9113,0.8741,1.9113,0.85,2
1807,0.87,3,44.2667,0.8827,1.8201,0.8827,1.8201,0.85,2
1808,0.88,1,43.9967,0.8738,2.646,0.8738,2.646,0.85,3
1809,0.91,2,43.7133,0.8744,2.4814,0.8744,2.4814,0.85,2
1810,0.86,3,43.35,0.878,2.4333,0.878,2.4333,0.85,2
1811,0.92,3,42.9467,0.8654,2.83,0.8654,2.83,0.85,3
1812,0.85,2,42.5533,0.8709,2.949,0.8709,2.949,0.85,3
1813,0.86,3,42.3467,0.8563,2.8541,0.8563,2.8541,0.85,3
1814,0.89,1,42.1233,0.8566,2.9562,0.8566,2.9562,0.85,3
1815,0.92,1,41.7967,0.86,2.7606,0.86,2.7606,0.85,3
1816,0.89,1,41.4,0.866,2.5845,0.866,2.5845,0.85,3
1817,0.95,1,41.0967,0.8684,2.4261,0.8684,2.4261,0.85,2
1818,0.89,1,40.7467,0.8765,2.2835,0.8765,2.2835,0.85,2
1819,0.92,2,40.3133,0.8779,2.1551,0.8779,2.1551,0.85,2
1820,0.87,3,39.85,0.8821,2.1396,0.8821,2.1396,0.85,2
1821,0.9,1,39.52,0.8736,2.7419,0.8736,2.7419,0.85,3
1822,0.93,1,39.16,0.8763,2.5677,0.8763,2.5677,0.85,3
1823,0.95,1,38.6333,0.8816,2.4109,0.8816,2.4109,0.85,2
1824,0.95,1,38.1433,0.8885,2.2698,0.8885,2.2698,0.85,2
1825,0.93,1,38.0867,0.8946,2.1429,0.8946,2.1429,0.85,2
1826,0.94,1,37.82,0.8982,2.0286,0.8982,2.0286,0.85,2
1827,0.87,2,37.61,0.9023,1.9257,0.9023,1.9257,0.95,2
1828,0.89,2,37.34,0.8797,1.9777,0.8797,1.9777,0.85,2
1829,0.87,3,37.1433,0.8807,1.9933,0.8807,1.9933,0.85,2
1830,0.89,2,36.8,0.8732,2.698,0.8732,2.698,0.85,3
1831,0.94,1,36.38,0.8749,2.6282,0.8749,2.6282,0.85,3
1832,0.88,1,35.9567,0.8814,2.4654,0.8814,2.4654,0.85,2
1833,0.97,1,35.6867,0.8804,2.3188,0.8804,2.3188,0.85,2
1834,0.93,1,35.47,0.8894,2.187,0.8894,2.187,0.85,2
1835,0.88,2,35.3967,0.8934,2.0683,0.8934,2.0683,0.85,2
1836,0.93,2,35.2433,0.884,2.0614,0.884,2.0614,0.85,2
1837,0.84,3,35.01,0.8886,2.0553,0.8886,2.0553,0.85,2
1838,0.93,2,34.88,0.8546,2.7166,0.8546,2.7166,0.85,3
1839,0.94,1,34.6833,0.8621,2.6449,0.8621,2.6449,0.85,3
1840,0.92,1,34.4533,0.8699,2.4804,0.8699,2.4804,0.85,2
1841,0.88,2,34.36,0.8749,2.3324,0.8749,2.3324,0.85,2
1842,0.96,2,34.31,0.8754,2.2992,0.8754,2.2992,0.85,2
1843,0.92,1,34.1667,0.8839,2.2692,0.8839,2.2692,0.85,2
1844,0.91,1,34.02,0.8875,2.1423,0.8875,2.1423,0.85,2
1845,0.87,2,34.0,0.8898,2.0281,0.8898,2.0281,0.85,2
1846,0.94,2,33.9367,0.8759,2.0253,0.8759,2.0253,0.85,2
1847,0.98,1,33.6867,0.8823,2.0227,0.8823,2.0227,0.85,2
1848,0.9,1,33.5233,0.8921,1.9205,0.8921,1.9205,0.85,2
1849,0.91,2,33.2933,0.8929,1.8284,0.8929,1.8284,0.85,2
1850,0.94,1,33.1133,0.8946,1.9485,0.8946,1.9485,0.85,2
1851,0.93,1,32.9533,0.8991,1.8537,0.8991,1.8537,0.85,2
1852,0.94,2,32.7,0.9022,1.7683,0.9022,1.7683,0.95,2
1853,0.92,1,32.4633,0.906,1.9305,0.906,1.9305,0.95,2
1854,0.91,1,32.3133,0.9074,1.8374,0.9074,1.8374,0.95,2
1855,0.9,1,32.1633,0.9077,1.7537,0.9077,1.7537,0.95,2
1856,0.92,1,32.1133,0.9023,1.6783,0.9023,1.6783,0.95,2
1857,0.95,1,31.9333,0.9041,1.6105,0.9041,1.6105,0.95,2
1858,0.85,2,31.82,0.9087,1.5494,0.9087,1.5494,0.95,2
1859,0.93,2,31.6067,0.8676,1.8648,0.8676,1.8648,0.85,2
1860,0.97,1,31.44,0.8738,1.9595,0.8738,1.9595,0.85,2
1861,0.83,2,31.3433,0.8835,1.8635,0.8835,1.8635,0.85,2
1862,0.92,2,31.25,0.846,1.9591,0.846,1.9591,0.85,2
1863,0.96,1,31.0567,0.8534,1.9877,0.8534,1.9877,0.85,2
1864,0.94,1,30.8333,0.8641,1.8889,0.8641,1.8889,0.85,2
1865,0.93,3,30.6733,0.8717,1.8,0.8717,1.8,0.85,2
1866,0.83,3,30.5267,0.8775,2.64,0.8775,2.64,0.85,3
1867,0.94,1,30.3667,0.8443,2.892,0.8443,2.892,0.85,3
1868,0.94,2,30.12,0.8538,2.7028,0.8538,2.7028,0.85,3
1869,0.95,1,29.9233,0.8624,2.6325,0.8624,2.6325,0.85,3
1870,0.86,2,29.7833,0.8712,2.4693,0.8712,2.4693,0.85,2
1871,0.92,1,29.7033,0.8634,2.4223,0.8634,2.4223,0.85,2
1872,0.89,1,29.5233,0.869,2.2801,0.869,2.2801,0.85,2
1873,0.97,1,29.3233,0.8711,2.1521,0.8711,2.1521,0.85,2
1874,0.89,1,29.12,0.881,2.0369,0.881,2.0369,0.85,2
1875,0.96,1,28.9333,0.8819,1.9332,0.8819,1.9332,0.85,2
1876,0.96,1,28.6733,0.8897,1.8399,0.8897,1.8399,0.85,2
1877,0.87,2,28.58,0.8967,1.7559,0.8967,1.7559,0.85,2
1878,0.97,1,28.37,0.878,1.9268,0.878,1.9268,0.85,2
1879,0.89,3,28.1233,0.8872,1.8341,0.8872,1.8341,0.85,2
1880,0.89,2,27.9067,0.8875,2.6502,0.8875,2.6502,0.85,3
1881,0.99,1,27.7567,0.8877,2.5852,0.8877,2.5852,0.85,3
1882,0.99,1,27.5767,0.898,2.4267,0.898,2.4267,0.85,2
1883,0.87,2,27.4933,0.9072,2.284,0.9072,2.284,0.95,2
1884,0.86,1,27.34,0.8812,2.2556,0.8812,2.2556,0.85,2
1885,0.86,1,27.2467,0.8663,2.1301,0.8663,2.1301,0.85,2
1886,0.89,1,27.06,0.8619,2.017,0.8619,2.017,0.85,2
1887,0.95,1,26.9233,0.8647,1.9153,0.8647,1.9153,0.85,2
1888,0.93,1,26.7933,0.8732,1.8238,0.8732,1.8238,0.85,2
1889,0.92,1,26.58,0.8789,1.7414,0.8789,1.7414,0.85,2
1890,0.96,1,26.45,0.883,1.6673,0.883,1.6673,0.85,2
1891,0.91,4,26.25,0.8907,1.6006,0.8907,1.6006,0.85,2
1892,0.94,1,26.03,0.8927,3.2802,0.8927,3.2802,0.85,3
1893,0.9,1,25.91,0.8974,3.0522,0.8974,3.0522,0.85,3
1894,1.0,0,25.84,0.8976,2.8469,0.8976,2.8469,0.85,3
1895,0.97,1,25.7067,0.9079,2.5622,0.9079,2.5622,0.95,3
1896,0.96,1,25.5433,0.9141,2.406,0.9141,2.406,0.95,2
1897,0.93,1,25.48,0.9187,2.2654,0.9187,2.2654,0.95,2
1898,0.95,1,25.3867,0.9198,2.1389,0.9198,2.1389,0.95,2
1899,0.96,2,25.2533,0.9228,2.025,0.9228,2.025,0.95,2
1900,0.9,1,25.1333,0.9266,2.0225,0.9266,2.0225,0.95,2
1901,0.98,1,24.9633,0.908,1.9202,0.908,1.9202,0.95,2
1902,0.86,2,24.8633,0.9152,1.8282,0.9152,1.8282,0.95,2
1903,0.89,1,24.7067,0.8766,1.9485,0.8766,1.9485,0.85,2
1904,0.94,2,24.5967,0.8779,1.8536,0.8779,1.8536,0.85,2
1905,0.97,1,24.37,0.8841,1.9561,0.8841,1.9561,0.85,2
1906,0.9,2,24.23,0.8927,1.8605,0.8927,1.8605,0.85,2
1907,0.91,1,24.09,0.8934,1.9581,0.8934,1.9581,0.85,2
1908,0.86,3,24.0267,0.8951,1.8623,0.8951,1.8623,0.85,2
1909,0.94,2,23.9233,0.8705,2.6587,0.8705,2.6587,0.85,3
1910,0.91,2,23.8067,0.8775,2.5928,0.8775,2.5928,0.85,3
1911,0.93,1,23.6467,0.8807,2.5335,0.8807,2.5335,0.85,3
1912,0.92,3,23.5133,0.8857,2.3802,0.8857,2.3802,0.85,2
1913,0.98,1,23.41,0.8891,2.8141,0.8891,2.8141,0.85,3
1914,0.89,1,23.3567,0.8982,2.6327,0.8982,2.6327,0.85,3
1915,0.9,1,23.17,0.8925,2.4694,0.8925,2.4694,0.85,2
1916,0.9,1,23.0733,0.8932,2.3224,0.8932,2.3224,0.85,2
1917,0.89,3,23.0533,0.8939,2.1902,0.8939,2.1902,0.85,2
1918,0.9,1,22.9033,0.8912,2.7571,0.8912,2.7571,0.85,3
1919,0.89,1,22.8233,0.892,2.5814,0.892,2.5814,0.85,3
1920,0.92,1,22.7567,0.8906,2.4232,0.8906,2.4232,0.85,2
1921,0.91,1,22.7567,0.8936,2.2809,0.8936,2.2809,0.85,2
1922,0.87,1,22.7167,0.8952,2.1528,0.8952,2.1528,0.85,2
1923,0.93,2,22.74,0.8776,2.0375,0.8776,2.0375,0.85,2
1924,0.95,1,22.71,0.8828,2.0338,0.8828,2.0338,0.85,2
1925,0.94,2,22.6867,0.8895,1.9304,0.8895,1.9304,0.85,2
1926,0.9,2,22.6867,0.8946,1.9791,0.8946,1.9791,0.85,2
1927,0.89,1,22.6,0.8951,1.9937,0.8951,1.9937,0.85,2
1928,0.89,1,22.5433,0.8915,1.8944,0.8915,1.8944,0.85,2
1929,0.9,1,22.52,0.8905,1.8049,0.8905,1.8049,0.85,2
1930,0.89,1,22.4733,0.8914,1.7244,0.8914,1.7244,0.85,2
1931,0.85,2,22.4033,0.8904,1.652,0.8904,1.652,0.85,2
1932,0.9,1,22.3633,0.8621,1.8956,0.8621,1.8956,0.85,2
1933,0.94,1,22.44,0.8659,1.806,0.8659,1.806,0.85,2
1934,0.94,1,22.42,0.8733,1.7254,0.8733,1.7254,0.85,2
1935,0.91,1,22.5133,0.88,1.6529,0.88,1.6529,0.85,2
1936,0.93,2,22.6333,0.883,1.5876,0.883,1.5876,0.85,2
1937,0.9,2,22.72,0.8877,1.8763,0.8877,1.8763,0.85,2
1938,0.95,1,22.7367,0.8889,1.9629,0.8889,1.9629,0.85,2
1939,0.93,2,22.8133,0.895,1.8666,0.895,1.8666,0.85,2
1940,0.84,1,23.0,0.8985,1.96,0.8985,1.96,0.85,2
1941,0.89,1,23.1667,0.8576,1.864,0.8576,1.864,0.85,2
1942,0.9,1,23.3133,0.8608,1.7776,0.8608,1.7776,0.85,2
1943,0.95,1,23.4467,0.8647,1.6998,0.8647,1.6998,0.85,2
1944,0.93,2,23.5133,0.8733,1.6298,0.8733,1.6298,0.85,2
1945,0.93,2,23.6533,0.8789,1.889,0.8789,1.889,0.85,2
1946,0.95,1,23.78,0.884,1.9667,0.884,1.9667,0.85,2
1947,0.93,1,23.83,0.8906,1.87,0.8906,1.87,0.85,2
1948,0.94,2,23.9933,0.8946,1.783,0.8946,1.783,0.85,2
1949,0.88,1,24.09,0.8991,1.9349,0.8991,1.9349,0.85,2
1950,0.94,1,24.2267,0.8857,1.8414,0.8857,1.8414,0.85,2
1951,0.93,2,24.24,0.8912,1.7573,0.8912,1.7573,0.85,2
1952,0.94,2,24.3567,0.895,1.9272,0.895,1.9272,0.85,2
1953,0.8,3,24.43,0.8995,1.9782,0.8995,1.9782,0.85,2
1954,0.86,2,24.5233,0.8299,2.6934,0.8299,2.6934,0.85,3
1955,0.88,1,24.5533,0.8329,2.6241,0.8329,2.6241,0.85,3
1956,0.93,1,24.63,0.8376,2.4617,0.8376,2.4617,0.85,2
1957,0.93,1,24.77,0.8468,2.3155,0.8468,2.3155,0.85,2
1958,0.97,1,24.8167,0.8551,2.184,0.8551,2.184,0.85,2
1959,0.95,1,24.9,0.8666,2.0656,0.8666,2.0656,0.85,2
1960,0.87,1,25.0433,0.875,1.959,0.875,1.959,0.85,2
1961,0.89,1,25.22,0.8715,1.8631,0.8715,1.8631,0.85,2
1962,0.91,1,25.3533,0.8733,1.7768,0.8733,1.7768,0.85,2
1963,0.94,1,25.4167,0.877,1.6991,0.877,1.6991,0.85,2
1964,0.84,2,25.4933,0.8833,1.6292,0.8833,1.6292,0.85,2
1965,0.98,1,25.47,0.853,1.8888,0.853,1.8888,0.85,2
1966,0.84,3,25.4167,0.8657,1.7999,0.8657,1.7999,0.85,2
1967,0.94,1,25.28,0.8477,2.64,0.8477,2.64,0.85,3
1968,0.92,1,25.2633,0.8569,2.476,0.8569,2.476,0.85,2
1969,0.89,1,25.2067,0.8632,2.3284,0.8632,2.3284,0.85,2
1970,0.87,1,25.0267,0.8659,2.1955,0.8659,2.1955,0.85,2
1971,0.88,1,24.7867,0.8663,2.076,0.8663,2.076,0.85,2
1972,0.88,1,24.6033,0.8677,1.9684,0.8677,1.9684,0.85,2
1973,0.89,2,24.4033,0.8689,1.8715,0.8689,1.8715,0.85,2
1974,0.86,3,24.28,0.871,1.9615,0.871,1.9615,0.85,2
1975,0.97,1,24.14,0.8633,2.6884,0.8633,2.6884,0.85,3
1976,0.9,1,24.04,0.874,2.5196,0.874,2.5196,0.85,3
1977,0.85,2,24.05,0.8766,2.3676,0.8766,2.3676,0.85,2
1978,0.89,1,24.0067,0.858,2.3309,0.858,2.3309,0.85,2
1979,0.88,2,24.0433,0.8612,2.1978,0.8612,2.1978,0.85,2
1980,0.89,2,23.97,0.8631,2.178,0.8631,2.178,0.85,2
1981,0.99,1,24.04,0.8658,2.1602,0.8658,2.1602,0.85,2
1982,0.99,1,24.0267,0.8782,2.0442,0.8782,2.0442,0.85,2
1983,0.85,2,24.0767,0.8894,1.9398,0.8894,1.9398,0.85,2
1984,0.96,1,24.05,0.8618,1.9819,0.8618,1.9819,0.85,2
1985,0.97,1,24.0633,0.8716,1.8837,0.8716,1.8837,0.85,2
1986,0.92,2,24.0533,0.8815,1.7954,0.8815,1.7954,0.85,2
1987,0.89,2,24.04,0.8853,1.9386,0.8853,1.9386,0.85,2
1988,0.87,3,24.0633,0.8858,1.9816,0.8858,1.9816,0.85,2
1989,0.89,1,24.1633,0.8747,2.6945,0.8747,2.6945,0.85,3
1990,0.91,2,24.21,0.8763,2.525,0.8763,2.525,0.85,3
1991,0.9,1,24.2833,0.8796,2.4725,0.8796,2.4725,0.85,2
1992,0.9,1,24.3167,0.8817,2.3253,0.8817,2.3253,0.85,2
1993,0.9,2,24.38,0.8835,2.1927,0.8835,2.1927,0.85,2
1994,0.97,1,24.41,0.8852,2.1735,0.8852,2.1735,0.85,2
1995,0.86,3,24.5033,0.8936,2.0561,0.8936,2.0561,0.85,2
1996,0.91,1,24.6333,0.8701,2.7168,0.8701,2.7168,0.85,3
1997,0.92,2,24.8233,0.8741,2.5452,0.8741,2.5452,0.85,3
1998,0.95,1,24.9633,0.8787,2.4906,0.8787,2.4906,0.85,2
1999,0.91,2,25.1433,0.8858,2.3416,0.8858,2.3416,0.85,2
2000,0.89,2,25.3733,0.8882,2.3074,0.8882,2.3074,0.85,2
2001,0.96,1,25.6633,0.8884,2.2767,0.8884,2.2767,0.85,2
2002,0.9,2,25.8767,0.8956,2.149,0.8956,2.149,0.85,2
2003,0.87,1,26.1033,0.896,2.1341,0.896,2.1341,0.85,2
2004,0.9,1,26.32,0.8778,2.0207,0.8778,2.0207,0.85,2
2005,0.94,1,26.5733,0.88,1.9186,0.88,1.9186,0.85,2
2006,0.68,10,26.85,0.886,1.8268,0.886,1.8268,0.85,2
2007,0.18,70,27.0467,0.7418,7.548,0.7418,7.548,0.75,10
2008,0.64,20,27.22,0.3485,51.2644,0.3485,51.2644,0.45,40
2009,0.93,2,27.2467,0.3777,48.138,0.3777,48.138,0.45,40
2010,0.9,1,27.36,0.4329,43.5242,0.4329,43.5242,0.45,40
2011,0.93,1,27.2333,0.4796,39.2718,0.4796,39.2718,0.45,40
2012,0.91,1,27.1933,0.5247,35.4446,0.5247,35.4446,0.55,40
2013,0.9,1,27.0867,0.5632,32.0001,0.5632,32.0001,0.55,40
2014,0.9,3,27.0433,0.5969,28.9001,0.5969,28.9001,0.55,20
2015,0.96,1,26.9267,0.6272,26.3101,0.6272,26.3101,0.65,20
2016,0.92,1,26.8533,0.6605,23.7791,0.6605,23.7791,0.65,20
2017,0.88,2,26.6433,0.6864,21.5012,0.6864,21.5012,0.65,20
2018,0.92,1,26.51,0.7058,19.5511,0.7058,19.5511,0.75,20
2019,0.89,2,26.3,0.7272,17.696,0.7272,17.696,0.75,20
2020,0.93,1,26.07,0.7435,16.1264,0.7435,16.1264,0.75,20
2021,0.92,2,25.7667,0.7621,14.6137,0.7621,14.6137,0.75,10
2022,0.89,1,25.5267,0.7779,13.3524,0.7779,13.3524,0.75,10
2023,0.92,2,25.1967,0.7891,12.1171,0.7891,12.1171,0.75,10
2024,0.87,1,24.92,0.8022,11.1054,0.8022,11.1054,0.85,10
2025,0.97,1,24.6267,0.809,10.0949,0.809,10.0949,0.85,10
2026,0.89,1,24.31,0.8251,9.1854,0.8251,9.1854,0.85,10
2027,0.85,2,23.9767,0.8316,8.3668,0.8316,8.3668,0.85,10
2028,0.95,2,23.6433,0.8334,7.7302,0.8334,7.7302,0.85,10
2029,0.94,1,23.27,0.8451,7.1571,0.8451,7.1571,0.85,5
2030,0.91,1,22.86,0.8546,6.5414,0.8546,6.5414,0.85,5
2031,0.9,1,22.45,0.8601,5.9873,0.8601,5.9873,0.85,5
2032,0.88,1,22.0733,0.8641,5.4886,0.8641,5.4886,0.85,5
2033,0.93,1,21.7,0.8657,5.0397,0.8657,5.0397,0.85,5
2034,0.91,2,21.26,0.8721,4.6357,0.8721,4.6357,0.85,5
2035,0.67,7,20.7733,0.8759,4.3722,0.8759,4.3722,0.85,5
2036,0.55,40,20.2533,0.7318,6.2116,0.7318,6.2116,0.75,5
2037,0.75,8,19.69,0.6045,29.8635,0.6045,29.8635,0.65,20
2038,0.02,96,19.0967,0.6191,27.6771,0.6191,27.6771,0.65,20
2039,0.35,34,18.6533,0.1997,75.5031,0.1997,75.5031,0.45,40
2040,0.66,8,18.1367,0.2148,71.3528,0.2148,71.3528,0.45,40
2041,0.9,2,17.77,0.2593,65.0175,0.2593,65.0175,0.45,40
2042,0.96,2,17.3667,0.3233,58.7158,0.3233,58.7158,0.45,40
2043,0.88,1,16.96,0.387,53.0442,0.387,53.0442,0.45,40
2044,0.9,1,16.4733,0.4363,47.8398,0.4363,47.8398,0.45,40
2045,0.94,1,16.0767,0.4827,43.1558,0.4827,43.1558,0.45,40
2046,0.89,1,15.6433,0.5284,38.9402,0.5284,38.9402,0.55,40
2047,0.97,1,15.2867,0.5646,35.1462,0.5646,35.1462,0.55,40
2048,0.99,1,14.9,0.6051,31.7316,0.6051,31.7316,0.65,40
2049,0.89,2,14.4833,0.6436,28.6584,0.6436,28.6584,0.65,20
2050,0.92,2,14.07,0.6682,25.9926,0.6682,25.9926,0.65,20
2051,0.97,1,13.6967,0.6934,23.5933,0.6934,23.5933,0.65,20
2052,0.91,3,13.2733,0.7211,21.334,0.7211,21.334,0.75,20
2053,0.88,1,12.95,0.74,19.5006,0.74,19.5006,0.75,20
2054,0.95,1,12.63,0.754,17.6505,0.754,17.6505,0.75,20
2055,0.87,2,12.34,0.7736,15.9855,0.7736,15.9855,0.75,20
2056,0.85,2,12.0033,0.7832,14.5869,0.7832,14.5869,0.75,10
2057,0.99,1,11.6667,0.7899,13.3282,0.7899,13.3282,0.75,10
2058,0.92,1,11.3367,0.8099,12.0954,0.8099,12.0954,0.85,10
2059,0.87,2,11.0467,0.8209,10.9859,0.8209,10.9859,0.85,10
2060,0.9,2,10.72,0.8258,10.0873,0.8258,10.0873,0.85,10
2061,0.93,2,10.3967,0.8332,9.2786,0.8332,9.2786,0.85,10
2062,0.86,1,10.1033,0.8429,8.5507,0.8429,8.5507,0.85,10
2063,0.94,2,9.81,0.8446,7.7956,0.8446,7.7956,0.85,10
2064,0.92,1,9.5167,0.8542,7.2161,0.8542,7.2161,0.85,5
2065,0.93,2,9.2567,0.8607,6.5945,0.8607,6.5945,0.85,5
2066,0.89,1,8.9767,0.8677,6.135,0.8677,6.135,0.85,5
2067,0.89,1,8.7133,0.8699,5.6215,0.8699,5.6215,0.85,5
2068,0.95,1,8.5033,0.8719,5.1594,0.8719,5.1594,0.85,5
2069,0.93,2,8.2833,0.8797,4.7434,0.8797,4.7434,0.85,5
2070,0.9,1,8.1167,0.8848,4.4691,0.8848,4.4691,0.85,5
2071,0.95,1,7.9567,0.8863,4.1222,0.8863,4.1222,0.85,5
2072,0.89,1,7.7833,0.8926,3.81,0.8926,3.81,0.85,3
2073,0.9,1,7.6,0.8908,3.529,0.8908,3.529,0.85,3
2074,0.89,2,7.4733,0.8917,3.2761,0.8917,3.2761,0.85,3
2075,0.88,1,7.33,0.8905,3.1485,0.8905,3.1485,0.85,3
2076,0.85,4,7.23,0.8832,2.9336,0.8832,2.9336,0.85,3
2077,0.88,2,7.1133,0.8599,3.6801,0.8599,3.6801,0.85,3
2078,0.97,1,6.9967,0.862,3.5121,0.862,3.5121,0.85,3
2079,0.83,4,6.92,0.8728,3.2609,0.8728,3.2609,0.85,3
2080,0.99,1,6.82,0.8428,3.7783,0.8428,3.7783,0.85,3
2081,0.85,3,6.71,0.8575,3.5004,0.8575,3.5004,0.85,3
2082,0.91,2,6.6567,0.8523,3.4504,0.8523,3.4504,0.85,3
2083,0.92,1,6.5667,0.858,3.3054,0.858,3.3054,0.85,3
2084,0.87,2,6.48,0.8642,3.0748,0.8642,3.0748,0.85,3
2085,0.89,1,6.1967,0.8648,2.9673,0.8648,2.9673,0.85,3
2086,0.92,1,6.1655,0.8673,2.7706,0.8673,2.7706,0.85,3
2087,0.94,1,6.1321,0.8726,2.5935,0.8726,2.5935,0.85,3
2088,0.94,1,6.0889,0.8793,2.4342,0.8793,2.4342,0.85,2
2089,0.85,2,6.0423,0.8854,2.2908,0.8854,2.2908,0.85,2
2090,0.87,3,6.036,0.8606,2.2617,0.8606,2.2617,0.85,2
2091,0.94,1,6.025,0.8616,2.7785,0.8616,2.7785,0.85,3
2092,0.81,2,6.0087,0.8694,2.6007,0.8694,2.6007,0.85,3
2093,0.93,1,5.9909,0.8278,2.5406,0.8278,2.5406,0.85,3
2094,0.93,1,5.9714,0.838,2.3865,0.838,2.3865,0.85,2
2095,0.89,1,5.94,0.8472,2.2479,0.8472,2.2479,0.85,2
2096,0.89,1,5.9158,0.8515,2.1231,0.8515,2.1231,0.85,2
2097,0.88,2,5.8833,0.8554,2.0108,0.8554,2.0108,0.85,2
2098,0.86,2,5.8471,0.8578,2.0097,0.8578,2.0097,0.85,2
2099,0.92,1,5.8188,0.858,2.0087,0.858,2.0087,0.85,2
