Window_ID,PDR,Max_Burst,speed_kmh,Pred_PDR_mean,Pred_B_mean,Pred_PDR_cons,Pred_B_cons,LUT_PDR,LUT_B
1,0.88,1,0.0,0.45,40.0,0.0,100.0,0.45,40
2,0.92,1,0.0,0.493,36.1,0.0,100.0,0.45,40
3,0.91,1,0.0,0.5357,32.59,0.0,100.0,0.45,40
4,0.9,2,0.0,0.5731,29.431,0.0,100.0,0.45,40
5,0.91,4,0.0,0.6058,26.6879,0.0,100.0,0.45,40
6,0.92,2,0.0,0.6362,24.4191,0.3076,50.0836,0.45,40
7,0.93,2,0.0,0.6646,22.1772,0.3597,46.1675,0.45,40
8,0.92,3,0.0,0.6912,20.1595,0.4068,42.0407,0.45,40
9,0.88,2,0.0,0.714,18.4435,0.4618,37.5496,0.45,40
10,0.88,2,0.0,0.7306,16.7992,0.5311,34.4861,0.55,40
11,0.9,1,0.0,0.7456,15.3193,0.5761,31.3983,0.55,40
12,0.97,2,0.0,0.761,13.8873,0.5981,29.1103,0.55,20
13,0.88,2,0.0,0.7819,12.6986,0.5799,25.9567,0.55,20
14,0.91,2,0.0,0.7917,11.6287,0.6522,23.4101,0.65,20
15,0.83,2,0.0,0.8035,10.6659,0.6756,21.2183,0.65,20
16,0.91,1,0.0,0.8062,9.7993,0.7325,19.2795,0.75,20
17,0.94,2,0.0,0.8166,8.9194,0.7179,18.1488,0.75,20
18,0.96,1,0.0,0.8289,8.2274,0.709,16.0732,0.75,20
19,0.94,1,0.0,0.842,7.5047,0.7108,15.1037,0.75,20
20,0.95,1,0.0,0.8518,6.8542,0.7405,13.8641,0.75,10
21,0.91,1,0.0,0.8616,6.2688,0.7569,12.6337,0.75,10
22,0.89,1,0.0,0.8665,5.7419,0.7954,11.4888,0.75,10
23,0.81,2,0.0,0.8688,5.2677,0.8249,10.4461,0.85,10
24,0.95,1,0.0,0.8276,4.9409,0.7712,8.9502,0.75,10
25,0.87,2,0.0,0.8399,4.5469,0.7294,8.6089,0.75,10
26,0.91,1,0.0,0.8429,4.2922,0.777,7.4271,0.75,5
27,0.91,1,0.0,0.8496,3.9629,0.7811,7.2943,0.75,5
28,0.95,1,0.0,0.8556,3.6667,0.7912,6.818,0.75,5
29,0.83,2,0.0,0.8651,3.4,0.776,6.2855,0.75,5
30,0.93,1,0.0,0.8405,3.26,0.783,5.2529,0.75,5
31,0.93,2,0.0,0.8495,3.034,0.7657,5.2772,0.75,5
32,0.9,3,0.0,0.8575,2.9306,0.774,4.4516,0.75,5
33,0.87,4,0.0,0.8618,2.9792,0.803,3.8145,0.85,3
34,0.91,2,0.0,0.8626,3.6938,0.8296,4.6902,0.85,5
35,0.95,2,0.0,0.8673,3.5244,0.8224,5.0912,0.85,5
36,0.83,3,0.0,0.8756,3.3719,0.7998,4.9479,0.75,5
37,0.79,2,0.0,0.8437,3.3347,0.7864,4.2562,0.75,5
38,0.77,2,0.0,0.8061,3.2013,0.75,4.464,0.75,5
39,0.77,4,0.0,0.7808,3.0811,0.7369,4.3315,0.75,5
40,0.8,5,0.0,0.7732,3.7243,0.7474,4.775,0.75,5
41,0.86,5,0.0,0.7759,4.6173,0.7488,5.8642,0.75,5
42,0.92,2,0.0,0.7843,4.8852,0.7099,5.6445,0.75,5
43,0.98,1,0.0,0.7979,4.5967,0.6734,7.1329,0.65,5
44,0.9,1,0.0,0.8161,4.237,0.6441,7.6512,0.65,10
45,0.85,2,0.0,0.8245,3.9133,0.7055,7.2861,0.75,5
46,0.87,2,0.0,0.827,3.722,0.7582,6.205,0.75,5
47,0.81,3,0.0033,0.8313,3.5498,0.7783,5.5695,0.75,5
48,0.81,3,0.0067,0.8164,3.4948,0.782,4.6994,0.75,5
49,0.8,3,0.01,0.8119,3.4453,0.7923,4.2323,0.75,5
50,0.8,3,0.0133,0.8036,3.4008,0.7887,3.9795,0.75,3
51,0.84,2,0.0167,0.8011,3.3607,0.7923,3.8311,0.75,3
52,0.84,2,0.02,0.805,3.2246,0.7709,4.4324,0.75,5
53,0.87,3,0.0233,0.8085,3.1022,0.7728,4.3533,0.75,5
54,0.76,3,0.0267,0.8146,3.092,0.7578,3.7829,0.75,3
55,0.93,1,0.03,0.7764,3.0828,0.7197,3.4695,0.75,3
56,0.97,1,0.0333,0.7917,2.8745,0.655,4.6929,0.65,5
57,0.95,2,0.0367,0.8096,2.687,0.6378,4.5934,0.65,5
58,0.97,2,0.04,0.8236,2.6183,0.6697,3.8205,0.65,3
59,0.84,2,0.0433,0.8383,2.5565,0.6859,3.4056,0.65,3
60,0.8,2,0.0467,0.8384,2.5008,0.755,3.1711,0.75,3
61,0.73,3,0.05,0.8115,2.4508,0.755,3.0194,0.75,3
62,0.88,2,0.0533,0.7545,2.8352,0.6773,3.4043,0.65,3
63,0.88,3,0.0567,0.767,2.7517,0.6502,3.5402,0.65,3
64,0.91,2,0.06,0.7783,2.9255,0.6613,3.4081,0.65,3
65,0.92,1,0.0633,0.7915,2.833,0.6605,3.6779,0.65,3
66,0.94,1,0.0667,0.8043,2.6497,0.6718,4.3051,0.65,5
67,0.94,1,0.07,0.8179,2.4847,0.6797,4.1784,0.65,5
68,0.93,1,0.0733,0.8301,2.3362,0.6999,3.9231,0.65,3
69,0.97,1,0.0767,0.8401,2.2026,0.7279,3.6511,0.75,3
70,0.87,2,0.08,0.8531,2.0823,0.7248,3.3926,0.75,3
71,0.81,3,0.0833,0.8548,2.0741,0.783,2.7953,0.75,3
72,0.92,1,0.0867,0.8234,2.7222,0.7682,3.617,0.75,3
73,0.78,4,0.09,0.8331,2.55,0.7441,4.1218,0.75,5
74,0.94,1,0.0933,0.7959,3.565,0.7289,5.0888,0.75,5
75,0.98,1,0.0967,0.8103,3.3085,0.6801,5.6842,0.65,5
76,0.94,1,0.1,0.8273,3.0777,0.6638,5.4652,0.65,5
77,0.81,2,0.1,0.8386,2.8699,0.706,5.0961,0.75,5
78,0.9,3,0.1,0.8186,2.7829,0.7419,4.2167,0.75,5
79,0.86,3,0.1,0.8267,2.9349,0.7445,3.7424,0.75,3
80,0.9,1,0.1,0.83,2.9805,0.7766,3.4264,0.75,3
81,0.83,2,0.1,0.837,2.7824,0.7697,4.517,0.75,5
82,0.85,2,0.0967,0.8321,2.7042,0.7947,3.8716,0.75,3
83,0.88,2,0.0933,0.8339,2.6338,0.8082,3.5179,0.85,3
84,0.85,2,0.09,0.8385,2.5704,0.7961,3.3029,0.75,3
85,0.99,1,0.0867,0.8397,2.5133,0.8144,3.1502,0.85,3
86,1.0,0,0.0833,0.8547,2.362,0.7236,3.7199,0.75,3
87,0.97,1,0.08,0.8692,2.1258,0.7242,4.3049,0.75,5
88,0.92,1,0.08,0.8793,2.0132,0.7612,3.5551,0.75,3
89,0.94,2,0.08,0.8834,1.9119,0.8097,3.1306,0.85,3
90,0.9,2,0.08,0.889,1.9736,0.8255,2.6454,0.85,3
91,0.93,1,0.08,0.8901,1.9921,0.854,2.3608,0.85,2
92,0.91,1,0.08,0.8941,1.8929,0.8543,2.7765,0.85,3
93,0.91,1,0.0867,0.8957,1.8036,0.8699,2.7167,0.85,3
94,0.88,1,0.0933,0.8971,1.7232,0.8783,2.5809,0.85,3
95,0.92,1,0.1,0.8851,1.6509,0.8671,2.4345,0.85,2
96,0.88,1,0.11,0.8886,1.5858,0.8568,2.2949,0.85,2
97,0.86,1,0.12,0.8826,1.5272,0.8636,2.1667,0.85,2
98,0.95,1,0.1333,0.8668,1.4745,0.8446,2.0504,0.85,2
99,0.96,2,0.1533,0.8751,1.4271,0.8019,1.9455,0.85,2
100,0.94,1,0.1733,0.8836,1.8281,0.7998,2.4004,0.75,2
101,0.9,2,0.1933,0.8892,1.7453,0.8221,2.5288,0.85,3
102,0.77,3,0.2167,0.8903,1.9236,0.8524,2.4062,0.85,2
103,0.91,1,0.24,0.8061,2.6771,0.6997,3.6472,0.65,3
104,0.94,2,0.2633,0.8165,2.5094,0.7092,4.0577,0.75,5
105,0.91,3,0.2967,0.8288,2.4584,0.7067,3.4146,0.75,3
106,0.89,2,0.33,0.837,2.8375,0.7398,3.541,0.75,3
107,0.82,5,0.3667,0.8423,2.7538,0.7719,3.5759,0.75,3
108,0.87,3,0.4033,0.8267,4.3261,0.7836,6.3253,0.75,5
109,0.8,3,0.45,0.831,4.1935,0.7866,5.7814,0.75,5
110,0.87,2,0.4967,0.8093,4.0742,0.7731,5.426,0.75,5
111,0.88,2,0.55,0.8154,3.8668,0.7591,5.8118,0.75,5
112,0.84,2,0.6167,0.8218,3.6801,0.7579,5.6179,0.75,5
113,0.79,2,0.6833,0.8237,3.5121,0.7852,5.3146,0.75,5
114,0.82,2,0.75,0.8001,3.3609,0.7641,5.0022,0.75,5
115,0.93,2,0.8167,0.8021,3.2248,0.7759,4.7083,0.75,5
116,0.95,1,0.8933,0.8149,3.1023,0.703,4.4395,0.75,5
117,0.87,2,0.97,0.8284,2.8921,0.6962,4.8567,0.65,5
118,0.86,2,1.0533,0.8326,2.8029,0.7516,4.1281,0.75,5
119,0.78,4,1.1333,0.8353,2.7226,0.785,3.7283,0.75,3
120,0.86,2,1.2167,0.7966,3.6168,0.7413,4.8539,0.75,5
121,0.73,4,1.31,0.8029,3.4551,0.7402,5.0122,0.75,5
122,0.85,3,1.41,0.7519,3.8365,0.6799,4.8116,0.65,5
123,0.84,3,1.5033,0.7617,3.7529,0.6679,4.6536,0.65,5
124,0.88,2,1.6133,0.7695,3.6776,0.6844,4.4959,0.65,5
125,0.94,2,1.7267,0.7806,3.5098,0.674,5.032,0.65,5
126,0.8,2,1.8467,0.7965,3.3588,0.6465,4.911,0.65,5
127,0.89,1,1.9667,0.7969,3.223,0.7146,4.676,0.75,5
128,0.97,1,2.08,0.8062,3.0007,0.7137,5.0861,0.75,5
129,0.9,2,2.1833,0.8226,2.8006,0.6717,4.8777,0.65,5
130,0.9,2,2.2967,0.8303,2.7205,0.7238,4.0533,0.75,5
131,0.94,2,2.41,0.8373,2.6485,0.7533,3.6094,0.75,3
132,0.86,2,2.5333,0.8475,2.5836,0.7473,3.3538,0.75,3
133,0.84,2,2.6567,0.8488,2.5253,0.7928,3.1841,0.75,3
134,0.88,3,2.7933,0.8426,2.4727,0.8111,3.0539,0.85,3
135,0.84,2,2.9233,0.8464,2.8418,0.8096,3.3989,0.85,3
136,0.86,2,3.0667,0.8419,2.7576,0.821,3.5488,0.85,3
137,0.83,2,3.2067,0.8437,2.6819,0.8243,3.4689,0.85,3
138,0.83,2,3.3633,0.8341,2.6137,0.8182,3.3454,0.85,3
139,0.86,2,3.5033,0.8312,2.5523,0.8218,3.2185,0.85,3
140,0.95,1,3.64,0.8341,2.4971,0.8086,3.0992,0.85,3
141,0.97,1,3.7933,0.8457,2.3474,0.7442,3.6868,0.75,3
142,0.92,2,3.9333,0.8581,2.2126,0.7369,3.5922,0.75,3
143,0.93,2,4.08,0.8643,2.1914,0.7789,2.9692,0.75,3
144,0.72,2,4.24,0.8709,2.1722,0.7972,2.6294,0.75,3
145,0.8,3,4.3933,0.7653,2.155,0.4996,21.7301,0.45,20
146,0.86,2,4.5367,0.7687,2.7465,0.6201,13.4932,0.65,10
147,0.74,4,4.6867,0.7779,2.6719,0.6643,8.5936,0.65,10
148,0.84,3,4.8267,0.7514,3.6016,0.681,7.0434,0.65,5
149,0.8,3,4.9933,0.7602,3.5414,0.6743,5.4974,0.65,5
150,0.85,2,5.1467,0.7642,3.4873,0.7058,4.657,0.75,5
151,0.87,3,5.3133,0.7728,3.3385,0.6918,4.7786,0.65,5
152,0.92,1,5.4733,0.7825,3.3047,0.6872,4.1463,0.65,5
153,0.93,2,5.6467,0.7963,3.0742,0.6661,5.1252,0.65,5
154,0.91,1,5.8033,0.8096,2.9668,0.6735,4.4261,0.65,5
155,0.83,3,5.9667,0.8197,2.7701,0.7051,4.6536,0.75,5
156,0.82,2,6.1167,0.8207,2.931,0.7573,3.9818,0.75,3
157,0.85,2,6.26,0.8202,2.8379,0.7855,3.8294,0.75,3
158,0.85,3,6.4133,0.8232,2.7541,0.7911,3.6613,0.75,3
159,0.77,4,6.5667,0.8259,2.9262,0.7967,3.4669,0.75,3
160,0.8,3,6.7167,0.7868,3.6779,0.7358,4.6549,0.75,5
161,0.81,3,6.8733,0.7881,3.6101,0.7579,4.405,0.75,5
162,0.85,2,7.0167,0.7903,3.5491,0.7651,4.2342,0.75,5
163,0.81,2,7.1867,0.7962,3.3942,0.7427,4.7889,0.75,5
164,0.9,1,7.33,0.7976,3.2548,0.7659,4.6848,0.75,5
165,0.94,2,7.5033,0.8079,3.0293,0.7174,5.1355,0.75,5
166,0.99,1,7.6633,0.8211,2.9263,0.6962,4.3849,0.65,5
167,0.97,1,7.8367,0.838,2.7337,0.6763,4.5853,0.65,5
168,0.85,2,7.9733,0.8512,2.5603,0.7064,4.3738,0.75,5
169,0.79,2,8.1167,0.8504,2.5043,0.7711,3.6101,0.75,3
170,0.84,2,8.2933,0.8081,2.4539,0.7401,3.2009,0.75,3
171,0.79,3,8.4333,0.8113,2.4085,0.7649,2.9762,0.75,3
172,0.86,2,8.5967,0.7964,2.8225,0.765,3.4224,0.75,3
173,0.68,6,8.7533,0.8027,2.7403,0.745,3.5256,0.75,3
174,0.81,2,8.9367,0.7168,5.0221,0.6058,7.8813,0.65,10
175,0.85,1,9.1267,0.7261,4.7199,0.625,7.7727,0.65,10
176,0.8,3,9.33,0.7385,4.3479,0.6177,7.9812,0.65,10
177,0.93,1,9.5267,0.7447,4.2131,0.6597,6.521,0.65,5
178,0.91,1,9.7267,0.7632,3.8918,0.5959,6.9514,0.55,5
179,0.91,1,9.9033,0.7779,3.6026,0.621,6.6186,0.65,5
180,0.84,5,10.09,0.7911,3.3424,0.6479,6.1392,0.65,5
181,0.87,3,10.2767,0.796,4.5027,0.7068,6.6034,0.75,5
182,0.89,4,10.4633,0.8034,4.3524,0.7227,6.0908,0.75,5
183,0.91,2,10.6367,0.8121,4.3172,0.7249,5.3172,0.75,5
184,0.87,1,10.83,0.8218,4.0855,0.7244,6.1681,0.75,5
185,0.83,2,11.0133,0.8267,3.7769,0.7589,6.6855,0.75,5
186,0.87,1,11.18,0.827,3.5992,0.7898,5.8156,0.75,5
187,0.85,2,11.3867,0.8313,3.3393,0.7888,5.8993,0.75,5
188,0.98,1,11.5667,0.8332,3.2054,0.8048,5.0261,0.85,5
189,0.91,1,11.76,0.8478,2.9848,0.7196,5.1416,0.75,5
190,0.93,2,11.9767,0.8541,2.7864,0.7655,4.8739,0.75,5
191,0.94,1,12.1967,0.8617,2.7077,0.7799,4.039,0.75,5
192,0.95,2,12.4067,0.8695,2.5369,0.7881,4.1876,0.75,5
193,0.95,1,12.5767,0.8775,2.4833,0.7947,3.5002,0.75,3
194,0.77,2,12.8133,0.8848,2.3349,0.8073,3.7365,0.85,3
195,0.98,1,13.0,0.8044,2.3014,0.6962,3.1222,0.65,3
196,0.92,1,13.1767,0.822,2.1713,0.6586,3.3861,0.65,3
197,0.96,1,13.38,0.8318,2.0542,0.7084,3.2684,0.75,3
198,0.9,1,13.5833,0.8446,1.9487,0.7145,3.0792,0.75,3
199,0.95,1,13.7733,0.8502,1.8539,0.7642,2.8835,0.75,3
200,0.96,2,13.9333,0.8601,1.7685,0.7616,2.6992,0.75,3
201,0.95,1,14.16,0.8701,1.9305,0.7681,2.4784,0.75,2
202,0.94,1,14.35,0.8781,1.8375,0.7891,2.6984,0.75,3
203,0.96,1,14.5533,0.8843,1.7537,0.8118,2.6196,0.85,3
204,0.98,1,14.7333,0.8919,1.6784,0.8152,2.4859,0.85,2
205,0.94,1,14.9133,0.9007,1.6105,0.8135,2.3465,0.85,2
206,0.87,2,15.08,0.9046,1.5495,0.8459,2.2149,0.85,2
207,0.93,1,15.2833,0.8804,1.8648,0.8364,2.3991,0.85,2
208,0.96,1,15.4833,0.8853,1.7784,0.836,2.5834,0.85,3
209,0.95,1,15.69,0.8928,1.7005,0.8227,2.5067,0.85,3
210,0.92,1,15.8733,0.8985,1.6305,0.8358,2.3815,0.85,2
211,0.94,2,16.02,0.9007,1.5674,0.8616,2.2516,0.85,2
212,0.87,2,16.1433,0.9046,1.8702,0.8643,2.4004,0.85,2
213,0.94,2,16.3167,0.8804,1.9611,0.8431,2.2725,0.85,2
214,0.89,1,16.4867,0.8863,1.9883,0.8308,2.1622,0.85,2
215,0.92,2,16.6,0.8867,1.8895,0.8561,2.7518,0.85,3
216,0.92,1,16.7333,0.89,1.9668,0.8567,2.4488,0.85,2
217,0.97,1,16.89,0.893,1.8702,0.8613,2.7491,0.85,3
218,0.87,3,17.0367,0.9007,1.7831,0.8318,2.6782,0.85,3
219,0.96,1,17.16,0.8792,2.6349,0.833,3.7985,0.85,3
220,0.94,2,17.2633,0.8873,2.4714,0.8128,4.0258,0.85,5
221,0.78,2,17.39,0.8926,2.4243,0.8313,3.3687,0.85,3
222,0.84,2,17.5433,0.8138,2.3819,0.7106,3.0167,0.75,3
223,1.0,0,17.6933,0.8164,2.3437,0.7555,2.8238,0.75,3
224,1.0,0,17.8167,0.8348,2.1093,0.6721,4.1586,0.65,5
225,0.87,2,17.9433,0.8513,1.8984,0.6825,4.0444,0.65,5
226,0.95,2,18.09,0.8532,1.9695,0.7593,3.1482,0.75,3
227,0.97,2,18.1867,0.8628,1.9909,0.7644,2.637,0.75,3
228,0.97,1,18.2533,0.8736,1.9973,0.7661,2.3513,0.75,2
229,0.97,1,18.4033,0.8832,1.8975,0.7809,2.7838,0.75,3
230,0.98,1,18.6267,0.8919,1.8078,0.7981,2.725,0.75,3
231,1.0,0,18.7967,0.9007,1.727,0.8086,2.589,0.85,3
232,0.98,1,18.9967,0.9106,1.5543,0.8108,3.1245,0.85,3
233,0.91,1,19.1833,0.9176,1.4989,0.8363,2.4841,0.85,2
234,0.96,1,19.3767,0.9123,1.449,0.8673,2.1406,0.85,2
235,0.95,1,19.5467,0.917,1.4041,0.8689,1.9473,0.85,2
236,0.96,1,19.7033,0.9203,1.3637,0.8814,1.8234,0.85,2
237,0.84,3,19.8233,0.9243,1.3273,0.8838,1.7308,0.85,2
238,0.89,1,19.8767,0.8653,2.4982,0.7889,3.9654,0.75,3
239,0.99,1,19.9233,0.8678,2.3484,0.8208,3.876,0.85,3
240,0.98,1,20.07,0.88,2.2135,0.7709,3.6513,0.75,3
241,0.92,2,20.1733,0.89,2.0922,0.7847,3.4065,0.75,3
242,0.95,1,20.2867,0.893,2.083,0.8297,2.8073,0.85,3
243,0.99,1,20.4367,0.8987,1.9747,0.8383,2.9941,0.85,3
244,0.97,1,20.5133,0.9078,1.8772,0.822,2.8902,0.85,3
245,1.0,0,20.6567,0.914,1.7895,0.8425,2.731,0.85,3
246,0.94,2,20.8667,0.9226,1.6105,0.8384,3.2457,0.85,3
247,0.98,1,20.9633,0.9244,1.8832,0.8759,2.8403,0.85,3
248,0.92,2,21.0833,0.9299,1.7948,0.8749,2.7229,0.85,3
249,1.0,0,21.2267,0.923,1.9385,0.8916,2.477,0.85,2
250,0.98,1,21.35,0.9307,1.7446,0.8617,3.4512,0.85,3
251,0.98,1,21.3967,0.9356,1.6701,0.8786,2.8062,0.85,3
252,0.95,1,21.4933,0.9401,1.6031,0.8905,2.4545,0.85,2
253,0.93,1,21.6233,0.941,1.5428,0.9126,2.2435,0.95,2
254,0.98,1,21.79,0.9333,1.4885,0.915,2.0959,0.95,2
255,0.96,1,21.9067,0.938,1.4397,0.8963,1.9783,0.85,2
256,0.9,2,21.9967,0.9402,1.3957,0.9104,1.8778,0.95,2
257,0.94,1,22.11,0.9121,1.8187,0.8736,2.4055,0.85,2
258,0.91,2,22.26,0.9148,1.7368,0.8827,2.5161,0.85,3
259,0.96,1,22.42,0.9115,1.9211,0.8934,2.4051,0.85,2
260,0.89,2,22.5067,0.9163,1.8289,0.8731,2.6705,0.85,3
261,0.84,3,22.5933,0.8979,1.9487,0.865,2.4329,0.85,2
262,0.9,3,22.6,0.8574,2.6846,0.804,3.634,0.85,3
263,0.88,2,22.6467,0.8616,2.9054,0.8145,3.4929,0.85,3
264,0.85,3,22.6067,0.8635,2.8148,0.8331,3.6633,0.85,3
265,0.94,1,22.5767,0.854,2.9445,0.8337,3.4361,0.85,3
266,0.88,3,22.57,0.8626,2.75,0.7873,4.4575,0.75,5
267,0.9,2,22.55,0.8644,2.925,0.8204,3.885,0.85,3
268,0.85,2,22.6133,0.8679,2.8325,0.8288,3.7916,0.85,3
269,0.91,1,22.7067,0.8554,2.7493,0.8289,3.6421,0.85,3
270,0.87,2,22.7233,0.8608,2.5743,0.8113,4.1681,0.85,5
271,0.92,1,22.7433,0.8618,2.5169,0.8335,3.5219,0.85,3
272,0.87,2,22.7933,0.8676,2.3652,0.8148,3.7911,0.85,3
273,0.89,1,22.8167,0.8678,2.3287,0.8388,3.1714,0.85,3
274,0.88,2,22.8333,0.87,2.1958,0.8451,3.437,0.85,3
275,0.9,2,22.9033,0.871,2.1762,0.8549,2.8769,0.85,3
276,0.96,2,22.9233,0.8739,2.1586,0.8473,2.5717,0.85,3
277,0.95,1,22.9833,0.8825,2.1427,0.8065,2.4075,0.85,2
278,0.92,1,22.9933,0.8893,2.0285,0.8175,3.03,0.85,3
279,0.9,2,23.0533,0.8924,1.9256,0.8449,2.9727,0.85,3
280,0.94,1,23.0667,0.8931,1.9777,0.8663,2.5548,0.85,3
281,0.97,2,23.1533,0.8978,1.8799,0.8546,2.7847,0.85,3
282,0.98,1,23.1733,0.905,1.964,0.8381,2.4704,0.85,2
283,0.99,1,23.1767,0.9125,1.8676,0.8379,2.7483,0.85,3
284,0.98,1,23.1967,0.9203,1.7808,0.8416,2.6745,0.85,3
285,0.92,1,23.28,0.9262,1.7027,0.8589,2.5382,0.85,3
286,0.88,2,23.3233,0.9219,1.6325,0.8846,2.3945,0.85,2
287,0.98,1,23.3833,0.8926,1.8897,0.8509,2.4149,0.85,2
288,0.96,1,23.3933,0.9013,1.8008,0.8221,2.6242,0.85,3
289,0.95,1,23.3533,0.9072,1.7207,0.8403,2.5487,0.85,3
290,0.93,1,23.3133,0.9115,1.6486,0.8593,2.4208,0.85,2
291,0.96,1,23.2733,0.9133,1.5838,0.8805,2.2875,0.85,2
292,0.99,1,23.2733,0.918,1.5254,0.8737,2.1616,0.85,2
293,1.0,0,23.2333,0.9252,1.4728,0.8582,2.0464,0.85,2
294,0.92,1,23.1767,0.9327,1.3256,0.8581,2.6408,0.85,3
295,0.98,1,23.2267,0.9238,1.293,0.8815,2.0667,0.85,2
296,0.98,1,23.2533,0.9294,1.2637,0.8755,1.7578,0.85,2
297,0.94,1,23.2533,0.9345,1.2373,0.8816,1.5916,0.85,2
298,0.97,1,23.3033,0.935,1.2136,0.9057,1.4965,0.95,2
299,0.97,1,23.3433,0.9385,1.1922,0.9042,1.4337,0.95,2
300,0.94,2,23.3633,0.9417,1.173,0.9085,1.3858,0.95,2
301,0.88,2,23.36,0.9405,1.7519,0.9223,2.4784,0.95,2
302,0.93,1,23.4233,0.8982,1.9256,0.8447,2.3779,0.85,2
303,0.91,1,23.4267,0.9013,1.833,0.8611,2.673,0.85,3
304,1.0,0,23.4467,0.9022,1.7497,0.8789,2.6061,0.85,3
305,0.96,1,23.4867,0.912,1.5747,0.8262,3.1628,0.85,3
306,0.95,2,23.51,0.9168,1.5173,0.854,2.5198,0.85,3
307,0.98,1,23.4933,0.9201,1.8552,0.8753,2.5456,0.85,3
308,0.94,1,23.5933,0.9261,1.7697,0.8686,2.6021,0.85,3
309,0.95,3,23.5767,0.9275,1.6927,0.8938,2.501,0.85,3
310,0.89,2,23.6,0.9297,2.6078,0.9029,3.8248,0.95,3
311,0.88,2,23.65,0.9019,2.547,0.8645,3.3968,0.85,3
312,0.84,2,23.7,0.8866,2.4923,0.8586,3.1569,0.85,3
313,0.95,1,23.67,0.854,2.4431,0.8108,3.0041,0.85,3
314,0.97,1,23.56,0.8636,2.2988,0.777,3.5873,0.75,3
315,0.93,1,23.4733,0.8742,2.1689,0.7705,3.498,0.75,3
316,0.94,1,23.46,0.8798,2.052,0.8052,3.3,0.85,3
317,0.93,1,23.47,0.8858,1.9468,0.8195,3.0867,0.85,3
318,0.94,2,23.48,0.8902,1.8521,0.8374,2.8836,0.85,3
319,0.96,1,23.4433,0.8952,1.9556,0.8433,2.535,0.85,3
320,0.98,1,23.3733,0.9017,1.8601,0.8387,2.7474,0.85,3
321,0.98,1,23.3633,0.9095,1.7741,0.8334,2.6643,0.85,3
322,0.99,1,23.38,0.9166,1.6967,0.8426,2.5263,0.85,3
323,0.98,1,23.3533,0.9239,1.627,0.8484,2.3829,0.85,2
324,0.95,1,23.4067,0.9295,1.5643,0.8657,2.2477,0.85,2
325,0.9,1,23.45,0.9316,1.5079,0.8924,2.1239,0.85,2
326,0.97,1,23.4733,0.9095,1.4571,0.8747,2.0119,0.85,2
327,0.95,2,23.52,0.9155,1.4114,0.8597,1.9108,0.85,2
328,0.97,1,23.52,0.919,1.8234,0.8762,2.4025,0.85,2
329,0.89,1,23.48,0.9241,1.7411,0.874,2.5224,0.85,3
330,0.92,1,23.46,0.9002,1.667,0.8599,2.439,0.85,2
331,0.98,1,23.5167,0.9022,1.6003,0.8742,2.3167,0.85,2
332,0.98,2,23.5067,0.91,1.5402,0.8408,2.1921,0.85,2
333,0.88,2,23.48,0.917,1.8621,0.8454,2.3973,0.85,2
334,0.88,2,23.5167,0.8911,1.9586,0.8404,2.2752,0.85,2
335,0.93,1,23.5333,0.8833,1.9876,0.854,2.1647,0.85,2
336,0.97,1,23.4667,0.888,1.8888,0.8444,2.7507,0.85,3
337,0.94,1,23.5133,0.8962,1.7999,0.8212,2.7038,0.85,3
338,0.85,2,23.5,0.9006,1.72,0.8446,2.5721,0.85,3
339,0.92,2,23.5433,0.8652,1.916,0.8117,2.4421,0.85,2
340,0.88,2,23.5433,0.8707,1.9748,0.8148,2.2721,0.85,2
341,0.88,2,23.54,0.8716,1.9924,0.8399,2.1567,0.85,2
342,0.94,1,23.47,0.8724,1.9977,0.8536,2.0879,0.85,2
343,0.96,1,23.4667,0.8792,1.898,0.8197,2.7645,0.85,3
344,0.91,1,23.4767,0.8873,1.8082,0.81,2.7201,0.85,3
345,0.86,2,23.5233,0.8895,1.7273,0.8428,2.5879,0.85,3
346,0.97,1,23.5133,0.8689,1.9182,0.8327,2.4455,0.85,2
347,0.95,1,23.4467,0.879,1.8264,0.7891,2.6734,0.75,3
348,0.94,2,23.4467,0.8861,1.7437,0.8072,2.5974,0.85,3
349,0.95,1,23.47,0.8915,1.9231,0.8278,2.4408,0.85,2
350,0.99,1,23.53,0.8973,1.8308,0.8357,2.68,0.85,3
351,0.82,3,23.53,0.9066,1.7477,0.8194,2.6053,0.85,3
352,0.98,1,23.5367,0.846,2.6243,0.757,3.8074,0.75,3
353,0.94,2,23.5933,0.8594,2.4619,0.7334,4.0123,0.75,5
354,0.91,2,23.6433,0.8674,2.4157,0.7692,3.3546,0.75,3
355,0.96,1,23.6733,0.8717,2.3741,0.8064,3.0021,0.85,3
356,0.96,1,23.6567,0.8805,2.2367,0.796,3.4769,0.75,3
357,0.96,1,23.6567,0.8885,2.113,0.8055,3.3825,0.85,3
358,0.95,2,23.7167,0.8956,2.0017,0.8187,3.1913,0.85,3
359,0.93,2,23.7133,0.9011,2.0016,0.8378,2.6531,0.85,3
360,0.97,1,23.79,0.904,2.0014,0.8612,2.3583,0.85,2
361,0.98,1,23.8667,0.9106,1.9013,0.8487,2.7914,0.85,3
362,0.98,1,23.87,0.9175,1.8111,0.8484,2.7323,0.85,3
363,0.98,1,23.92,0.9238,1.73,0.8577,2.5956,0.85,3
364,0.86,2,23.9533,0.9294,1.657,0.8686,2.4479,0.85,2
365,0.94,1,23.9233,0.8808,1.8971,0.8121,2.4226,0.85,2
366,0.91,1,23.8967,0.8867,1.8074,0.8231,2.6368,0.85,3
367,0.97,1,23.89,0.8891,1.7267,0.8488,2.5613,0.85,3
368,0.92,3,23.8133,0.8972,1.654,0.8236,2.4325,0.85,2
369,0.94,1,23.7267,0.8994,2.5962,0.8545,3.8388,0.85,3
370,0.96,1,23.7133,0.9035,2.4366,0.8606,3.979,0.85,3
371,0.92,3,23.6467,0.9091,2.2929,0.8548,3.7981,0.85,3
372,0.97,1,23.6633,0.9102,2.7879,0.879,3.8153,0.85,3
373,0.98,1,23.6767,0.9162,2.6091,0.8616,4.2584,0.85,5
374,0.99,1,23.62,0.9226,2.4482,0.8597,4.1104,0.85,5
375,0.95,1,23.56,0.9293,2.3034,0.8615,3.8544,0.85,3
376,0.97,1,23.54,0.9314,2.173,0.8901,3.5869,0.85,3
377,0.94,1,23.6033,0.9353,2.0557,0.8949,3.3342,0.85,3
378,0.92,2,23.6633,0.9357,1.9502,0.9132,3.1027,0.95,3
379,0.98,1,23.64,0.9247,1.985,0.9063,2.6178,0.95,3
380,0.94,1,23.6133,0.9302,1.8865,0.8813,2.8083,0.85,3
381,0.95,1,23.6633,0.9312,1.7979,0.9031,2.7176,0.95,3
382,0.92,1,23.7067,0.9331,1.7181,0.9107,2.5739,0.95,3
383,0.98,1,23.6633,0.9239,1.6463,0.9072,2.4257,0.95,2
384,0.9,1,23.6267,0.9295,1.5817,0.8801,2.2862,0.85,2
385,0.9,1,23.6067,0.9089,1.5235,0.8716,2.1586,0.85,2
386,0.9,1,23.5867,0.9027,1.4711,0.8808,2.043,0.85,2
387,0.94,2,23.65,0.9008,1.424,0.8886,1.9388,0.85,2
388,0.88,3,23.5533,0.9047,1.8272,0.8701,2.4008,0.85,2
389,0.82,2,23.54,0.8874,2.6482,0.8588,3.7126,0.85,3
390,0.96,1,23.4633,0.8402,2.5833,0.7797,3.3931,0.75,3
391,0.92,1,23.4267,0.8522,2.425,0.7432,3.8679,0.75,3
392,0.97,1,23.3833,0.859,2.2825,0.7752,3.7493,0.75,3
393,0.9,3,23.2933,0.8701,2.1543,0.7634,3.5262,0.75,3
394,0.96,1,23.2167,0.8731,2.7463,0.8092,3.7963,0.85,3
395,0.89,2,23.1267,0.8818,2.5717,0.7987,4.1915,0.75,5
396,0.85,3,23.1167,0.8826,2.5145,0.8365,3.5308,0.85,3
397,0.89,2,23.12,0.8598,2.8543,0.8219,3.5523,0.85,3
398,0.89,2,23.14,0.8628,2.7689,0.8294,3.6026,0.85,3
399,0.94,2,23.17,0.8655,2.692,0.8357,3.5001,0.85,3
400,0.87,2,23.2767,0.873,2.6228,0.8063,3.3685,0.85,3
401,0.88,3,23.3233,0.8709,2.5605,0.8343,3.2376,0.85,3
402,0.91,1,23.3367,0.8718,2.8682,0.8503,3.3999,0.85,3
403,0.96,1,23.38,0.8756,2.6813,0.8405,4.3273,0.85,5
404,0.93,1,23.56,0.8841,2.5132,0.8084,4.2274,0.85,5
405,0.91,2,23.6333,0.8887,2.3619,0.8312,3.9754,0.85,3
406,0.85,3,23.6867,0.8908,2.3257,0.8543,3.2635,0.85,3
407,0.95,2,23.66,0.8622,2.7977,0.8216,3.576,0.85,3
408,0.91,1,23.73,0.871,2.7179,0.7917,3.5305,0.75,3
409,0.89,2,23.8,0.8749,2.5461,0.8199,4.1009,0.85,5
410,0.94,2,23.87,0.8764,2.4915,0.8436,3.4659,0.85,3
411,0.93,2,23.8767,0.8828,2.4424,0.8248,3.1254,0.85,3
412,0.97,1,23.8833,0.8875,2.3981,0.8357,2.934,0.85,3
413,0.96,1,23.9867,0.8958,2.2583,0.8188,3.5057,0.85,3
414,0.97,1,24.1667,0.9022,2.1325,0.8323,3.4199,0.85,3
415,0.98,1,24.21,0.909,2.0192,0.8388,3.2282,0.85,3
416,0.98,1,24.3167,0.9161,1.9173,0.8435,3.0217,0.85,3
417,0.97,1,24.4233,0.9225,1.8256,0.8542,2.8249,0.85,3
418,0.84,4,24.5933,0.9272,1.743,0.8716,2.6442,0.85,3
419,0.95,2,24.7,0.8662,3.3229,0.7846,5.3413,0.75,5
420,0.91,1,24.86,0.8745,3.1906,0.7892,4.7838,0.75,5
421,0.84,2,24.8967,0.8781,2.9716,0.8222,5.062,0.85,5
422,0.89,2,24.9967,0.8514,2.8744,0.8064,4.2959,0.85,5
423,0.84,4,25.2067,0.8553,2.787,0.8137,3.8738,0.85,3
424,0.89,2,25.4033,0.8446,3.6361,0.8182,4.8447,0.85,5
425,0.9,2,25.5833,0.8491,3.4725,0.8072,5.038,0.85,5
426,0.86,3,25.7367,0.8542,3.3252,0.8045,4.8633,0.85,5
427,0.9,3,25.82,0.8548,3.2927,0.8271,4.1811,0.85,5
428,0.96,1,26.0267,0.8593,3.2634,0.8173,3.8122,0.85,3
429,0.77,7,26.1533,0.8694,3.0371,0.7791,5.0227,0.75,5
430,0.86,4,26.19,0.7998,5.8111,0.7005,9.4155,0.75,10
431,0.98,1,26.2867,0.8058,5.63,0.7304,8.1527,0.75,10
432,0.91,2,26.4167,0.8232,5.167,0.6667,9.413,0.65,10
433,0.92,2,26.5167,0.8319,4.8503,0.7178,8.449,0.75,10
434,0.93,2,26.5533,0.8407,4.5653,0.7421,7.7266,0.75,10
435,0.94,1,26.6233,0.8497,4.3088,0.7553,7.1277,0.75,5
436,0.93,2,26.73,0.8587,3.9779,0.7648,7.2361,0.75,5
437,0.9,2,26.9033,0.8658,3.7801,0.7854,6.2552,0.75,5
438,0.85,2,26.91,0.8692,3.6021,0.8162,5.6565,0.85,5
439,0.97,1,26.97,0.8558,3.4419,0.8222,5.2296,0.85,5
440,0.89,1,27.1133,0.8672,3.1977,0.7665,5.5306,0.75,5
441,0.9,2,27.2433,0.8695,2.9779,0.8109,5.2724,0.85,5
442,0.94,1,27.33,0.8725,2.8801,0.8309,4.3962,0.85,5
443,0.99,1,27.4,0.8793,2.6921,0.8165,4.5217,0.85,5
444,0.89,3,27.3933,0.8903,2.5229,0.7884,4.2998,0.75,5
445,0.93,3,27.4433,0.8901,2.8569,0.8342,3.9144,0.85,3
446,0.91,2,27.4367,0.8941,2.9571,0.8479,3.5494,0.85,3
447,0.95,1,27.4067,0.8957,2.8614,0.8669,3.7524,0.85,3
448,0.96,1,27.3167,0.9011,2.6752,0.8514,4.3615,0.85,5
449,0.98,1,27.2733,0.907,2.5077,0.8491,4.2291,0.85,5
450,0.99,1,27.2367,0.9143,2.3569,0.8435,3.9688,0.85,3
451,0.96,1,27.2833,0.9219,2.2212,0.8456,3.6923,0.85,3
452,0.98,1,27.26,0.9257,2.0991,0.8724,3.4298,0.85,3
453,0.98,1,27.1633,0.9311,1.9892,0.8757,3.189,0.85,3
454,0.96,1,27.03,0.936,1.8903,0.8839,2.9709,0.85,3
455,0.97,1,26.9433,0.9384,1.8013,0.9031,2.774,0.95,3
456,0.97,1,26.8933,0.9416,1.7211,0.908,2.5967,0.95,3
457,0.83,4,26.7167,0.9444,1.649,0.9137,2.4371,0.95,2
458,0.94,1,26.5233,0.8643,3.2947,0.7637,5.3785,0.75,5
459,0.93,1,26.4333,0.8719,3.0652,0.7862,5.3592,0.75,5
460,0.89,2,26.3833,0.8777,2.8587,0.8088,5.0464,0.85,5
461,0.82,2,26.3333,0.8789,2.7728,0.8397,4.1836,0.85,5
462,0.84,4,26.1767,0.8377,2.6956,0.7823,3.7184,0.75,3
463,0.88,4,26.0367,0.8379,3.6087,0.8075,4.8709,0.85,5
464,0.94,2,25.9333,0.8421,3.8826,0.802,4.6528,0.85,5
465,0.89,2,25.77,0.8519,3.6943,0.7642,5.3804,0.75,5
466,0.93,1,25.62,0.8557,3.5249,0.7974,5.2603,0.75,5
467,0.96,1,25.4167,0.8631,3.2724,0.7913,5.6593,0.75,5
468,0.93,1,25.2,0.8728,3.0452,0.7801,5.4099,0.75,5
469,0.89,2,25.03,0.8785,2.8407,0.8076,5.0367,0.85,5
470,0.9,1,24.7533,0.8797,2.7566,0.8396,4.1631,0.85,5
471,0.92,1,24.4333,0.8817,2.5809,0.8536,4.2879,0.85,5
472,0.86,2,24.14,0.8856,2.4228,0.849,4.0822,0.85,5
473,0.83,2,23.8667,0.8677,2.3806,0.8378,3.3606,0.85,3
474,0.89,2,23.51,0.8413,2.3425,0.8048,2.9726,0.85,3
475,0.94,2,23.1667,0.8462,2.3082,0.7994,2.7636,0.75,3
476,0.91,1,22.8967,0.8556,2.2774,0.7703,2.643,0.75,3
477,0.97,1,22.53,0.861,2.1497,0.7946,3.2753,0.75,3
478,0.95,1,22.24,0.8719,2.0347,0.7706,3.2069,0.75,3
479,0.95,2,21.9667,0.8797,1.9312,0.7922,3.0345,0.75,3
480,0.9,2,21.6267,0.8867,1.9794,0.8092,2.5866,0.85,3
481,0.96,1,21.2133,0.8881,1.9938,0.8441,2.3269,0.85,2
482,0.82,2,20.8733,0.8953,1.8944,0.8284,2.7753,0.85,3
483,0.86,2,20.5133,0.8426,1.9683,0.7677,2.4594,0.75,2
484,0.83,3,20.19,0.8443,1.9905,0.8006,2.2609,0.85,2
485,0.85,2,19.7967,0.8343,2.6971,0.8073,3.585,0.85,3
486,0.84,2,19.4,0.8359,2.6274,0.8158,3.4033,0.85,3
487,0.85,2,19.1067,0.8363,2.5647,0.8247,3.255,0.85,3
488,0.87,1,18.72,0.8377,2.5082,0.8242,3.1269,0.85,3
489,0.86,3,18.3033,0.8409,2.3574,0.8119,3.7084,0.85,3
490,0.93,1,17.8467,0.8428,2.8072,0.8198,3.7335,0.85,3
491,0.89,1,17.3933,0.8515,2.6265,0.7749,4.2737,0.75,5
492,0.89,1,17.03,0.8554,2.4638,0.8017,4.1381,0.85,5
493,0.92,2,16.6267,0.8588,2.3175,0.8168,3.8834,0.85,3
494,0.83,6,16.17,0.8649,2.2857,0.8071,3.1865,0.85,3
495,0.87,2,15.7667,0.8405,4.8857,0.7967,8.1441,0.75,10
496,0.63,28,15.34,0.8434,4.5971,0.8083,7.6707,0.85,10
497,0.83,5,14.9,0.694,20.9791,0.4283,40.5542,0.45,40
498,0.95,1,14.5333,0.7076,19.3812,0.5203,36.9012,0.55,40
499,0.89,2,14.1467,0.7319,17.5431,0.498,36.148,0.45,40
500,0.82,2,13.7667,0.7477,15.9888,0.56,32.8856,0.55,40
501,0.97,1,13.44,0.7549,14.5899,0.6345,29.8475,0.65,20
502,0.93,1,13.1367,0.7764,13.2309,0.5786,27.6777,0.55,20
503,0.88,2,12.8167,0.7918,12.0078,0.6201,25.2403,0.65,20
504,0.93,4,12.58,0.8006,11.007,0.6794,22.3137,0.65,20
505,0.96,1,12.33,0.8135,10.3063,0.6832,18.9823,0.65,20
506,0.92,1,12.09,0.8282,9.3757,0.6825,18.7408,0.65,20
507,0.86,2,11.8867,0.8374,8.5381,0.7246,17.4298,0.75,20
508,0.89,2,11.7033,0.8396,7.8843,0.7748,15.3584,0.75,20
509,0.89,2,11.52,0.8447,7.2959,0.7884,13.8376,0.75,10
510,0.84,2,11.3433,0.8492,6.7663,0.7992,12.591,0.75,10
511,0.79,3,11.24,0.8428,6.2897,0.8143,11.5108,0.85,10
512,0.89,2,11.1267,0.8058,5.9607,0.7575,10.0,0.75,10
513,0.93,1,11.0133,0.8142,5.5646,0.7366,9.65,0.75,10
514,0.83,4,10.9633,0.8258,5.1082,0.7168,9.6551,0.75,10
515,0.9,1,10.9667,0.8262,4.9974,0.7664,7.6668,0.75,10
516,0.89,2,10.9633,0.8336,4.5976,0.7617,8.3596,0.75,10
517,0.93,2,11.0333,0.8393,4.3379,0.7765,7.3907,0.75,5
518,0.97,1,11.1233,0.8483,4.1041,0.7625,6.7319,0.75,5
519,0.92,1,11.22,0.8605,3.7937,0.745,6.846,0.75,5
520,0.96,1,11.3633,0.8664,3.5143,0.7848,6.4577,0.75,5
521,0.92,1,11.5033,0.8758,3.2629,0.7832,5.9744,0.75,5
522,0.91,3,11.63,0.8802,3.0366,0.8166,5.4975,0.85,5
523,0.98,1,11.7933,0.8832,3.0329,0.8398,4.3812,0.85,5
524,0.97,1,12.01,0.8929,2.8296,0.8056,4.7409,0.85,5
525,0.98,1,12.26,0.9006,2.6467,0.8184,4.5475,0.85,5
526,0.9,1,12.4733,0.9085,2.482,0.8263,4.2491,0.85,5
527,0.92,2,12.7,0.9026,2.3338,0.8569,3.9426,0.85,3
528,0.98,1,12.9967,0.9043,2.3004,0.8751,3.2279,0.85,3
529,0.99,1,13.28,0.9119,2.1704,0.8443,3.4072,0.85,3
530,0.98,1,13.5667,0.9197,2.0533,0.8425,3.2735,0.85,3
531,0.95,1,13.91,0.9257,1.948,0.8585,3.0798,0.85,3
532,0.97,1,14.23,0.9281,1.8532,0.8857,2.8828,0.85,3
533,0.95,1,14.5233,0.9323,1.7679,0.8892,2.6982,0.85,3
534,0.89,1,14.8267,0.9341,1.6911,0.906,2.5295,0.95,3
535,0.94,2,15.18,0.9032,1.622,0.862,2.377,0.85,2
536,0.98,1,15.51,0.9069,1.8866,0.8678,2.4143,0.85,2
537,0.96,1,15.8833,0.9142,1.7979,0.8473,2.6193,0.85,3
538,0.84,3,16.2533,0.9188,1.7181,0.8648,2.5435,0.85,3
539,0.95,1,16.6633,0.8636,2.6154,0.7892,3.8154,0.75,3
540,0.9,2,17.0367,0.8723,2.4539,0.787,4.0012,0.75,5
541,0.91,1,17.3933,0.875,2.4085,0.8225,3.343,0.85,3
542,0.92,2,17.7367,0.8785,2.2677,0.8368,3.5919,0.85,3
543,0.83,2,18.1333,0.8827,2.2409,0.8401,3.0025,0.85,3
544,0.86,2,18.4433,0.8458,2.2168,0.7945,2.6833,0.75,3
545,0.92,1,18.7367,0.8472,2.1951,0.8165,2.5123,0.85,3
546,0.92,2,19.03,0.8545,2.0756,0.7892,3.1264,0.75,3
547,0.53,12,19.3333,0.8611,2.068,0.7939,2.6473,0.75,3
548,0.04,85,19.58,0.6293,9.0204,0.3636,28.5955,0.45,20
549,0.84,12,19.8133,0.2168,62.2061,0.0,81.7812,0.45,40
550,0.97,1,20.01,0.2791,57.1855,0.0,100.0,0.45,40
551,0.89,1,20.2367,0.3482,51.567,0.0,100.0,0.45,40
552,0.93,1,20.4767,0.4024,46.5103,0.0,99.574,0.45,40
553,0.93,2,20.6933,0.4551,41.9592,0.0,90.9707,0.45,40
554,0.97,1,20.8733,0.5026,37.9633,0.0,81.7958,0.45,40
555,0.92,3,21.0433,0.5494,34.267,0.0558,74.3138,0.45,40
556,0.88,1,21.3267,0.5864,31.1403,0.1665,66.0148,0.45,40
557,0.99,1,21.6,0.6158,28.1263,0.2727,60.4984,0.45,40
558,0.93,1,21.74,0.6532,25.4136,0.2782,54.8702,0.45,40
559,0.89,2,21.8933,0.6809,22.9723,0.365,49.5895,0.45,40
560,0.89,3,22.1467,0.7018,20.875,0.4512,44.1832,0.45,40
561,0.47,21,22.3333,0.7206,19.0875,0.5074,39.1683,0.55,40
562,0.8,3,22.4833,0.5452,20.4263,0.2795,40.0013,0.45,40
563,0.96,1,22.72,0.5707,18.6836,0.3061,37.212,0.45,40
564,0.33,45,22.98,0.6096,16.9153,0.2422,35.3035,0.45,40
565,0.74,7,23.0833,0.4139,36.5746,0.1482,56.1496,0.45,40
566,0.9,2,23.2533,0.4465,33.6171,0.1285,61.4135,0.45,40
567,0.95,1,23.38,0.4918,30.4554,0.0617,61.8156,0.45,40
568,0.96,2,23.4333,0.5377,27.5099,0.0758,58.2903,0.45,40
569,0.85,2,23.4967,0.5799,24.9589,0.1348,52.7717,0.45,40
570,0.82,3,23.58,0.6069,22.663,0.2688,47.7313,0.45,40
571,0.89,3,23.6033,0.6282,20.6967,0.3666,42.5885,0.45,40
572,0.91,2,23.6467,0.6544,18.927,0.3859,38.4016,0.45,40
573,0.9,3,23.64,0.68,17.2343,0.414,35.3789,0.45,40
574,0.86,2,23.63,0.702,15.8109,0.4619,31.6577,0.45,40
575,0.93,1,23.65,0.7178,14.4298,0.5278,29.2204,0.55,20
576,0.88,5,23.7333,0.739,13.0868,0.5276,27.273,0.55,20
577,0.9,2,23.7133,0.7531,12.2781,0.5847,22.7447,0.55,20
578,0.94,1,23.7567,0.7678,11.2503,0.6105,21.8475,0.65,20
579,0.85,3,23.8733,0.785,10.2253,0.6126,20.8411,0.65,20
580,0.24,24,23.98,0.7915,9.5028,0.6815,18.0505,0.65,20
581,0.19,51,23.9767,0.4055,19.6508,0.1397,39.2259,0.45,40
582,0.12,36,23.9767,0.2546,41.5952,0.0,61.1703,0.45,40
583,0.01,94,24.0167,0.1604,41.0357,0.0,52.8041,0.45,40
584,0.4,43,24.0833,0.0551,78.1107,0.0,97.6858,0.45,40
585,0.71,6,24.08,0.0896,74.5996,0.0,100.0,0.45,40
586,0.81,2,24.0067,0.1516,67.7397,0.0,100.0,0.45,40
587,0.71,7,23.92,0.2175,61.1657,0.0,100.0,0.45,40
588,0.58,21,23.8267,0.2667,55.7491,0.0,100.0,0.45,40
589,0.42,24,23.76,0.2981,52.2742,0.0,96.6166,0.45,40
590,0.06,58,23.6567,0.3103,49.4468,0.063,83.9576,0.45,40
591,0.36,58,23.5033,0.1351,55.434,0.0,75.0091,0.45,40
592,0.84,3,23.4033,0.1576,57.2302,0.0,68.1804,0.45,40
593,0.93,1,23.2033,0.2258,51.8072,0.0,99.2134,0.45,40
594,0.26,37,22.9667,0.2962,46.7265,0.0,97.8658,0.45,40
595,0.03,93,22.8233,0.2709,45.7538,0.0,75.0063,0.45,40
596,0.58,11,22.5867,0.1023,78.8261,0.0,98.4012,0.45,40
597,0.92,1,22.34,0.15,72.0435,0.0,100.0,0.45,40
598,0.99,1,22.1767,0.227,64.9392,0.0,100.0,0.45,40
599,0.95,1,21.95,0.3033,58.5453,0.0,100.0,0.45,40
600,0.95,1,21.7267,0.368,52.7907,0.0,100.0,0.45,40
601,0.96,1,21.58,0.4262,47.6117,0.0,100.0,0.45,40
602,0.86,2,21.4433,0.4796,42.9505,0.0,93.7962,0.45,40
603,0.47,8,21.33,0.5176,38.8554,0.0601,83.9835,0.45,40
604,0.1,77,21.1767,0.4843,35.7699,0.2303,72.1958,0.45,40
605,0.0,100,21.01,0.2153,64.631,0.0,84.206,0.45,40
606,0.01,61,20.8067,0.0646,89.3893,0.0,100.0,0.45,40
607,0.0,100,20.59,0.0264,86.5504,0.0,100.0,0.45,40
608,0.16,40,20.3967,0.0079,95.9651,0.0,100.0,0.45,40
609,0.23,20,20.1,0.0231,90.3686,0.0,100.0,0.45,40
610,0.13,50,19.8233,0.0438,83.3317,0.0,100.0,0.45,40
611,0.89,1,19.6167,0.0524,79.9986,0.0,100.0,0.45,40
612,0.1,66,19.4033,0.1362,72.0987,0.0,100.0,0.45,40
613,0.18,46,19.13,0.1109,71.4888,0.0,100.0,0.45,40
614,0.27,64,18.8467,0.1178,68.94,0.0,100.0,0.45,40
615,0.2,34,18.65,0.133,68.446,0.0,86.1019,0.45,40
616,0.81,4,18.44,0.1397,65.0014,0.0245,96.3974,0.45,40
617,0.92,2,18.2967,0.2067,58.9012,0.0,100.0,0.45,40
618,0.54,41,18.1733,0.2781,53.2111,0.0,100.0,0.45,40
619,0.0,100,18.02,0.3042,51.99,0.0,85.4704,0.45,40
620,0.39,53,17.9,0.0913,85.597,0.0,100.0,0.45,40
621,0.9,2,17.83,0.1211,82.3373,0.0,100.0,0.45,40
622,0.95,1,17.6833,0.199,74.3036,0.0,100.0,0.45,40
623,0.91,3,17.5633,0.2741,66.9732,0.0,100.0,0.45,40
624,0.94,2,17.5267,0.3377,60.5759,0.0,100.0,0.45,40
625,0.92,1,17.5033,0.3979,54.7183,0.0,100.0,0.45,40
626,0.38,42,17.4833,0.4501,49.3465,0.0,100.0,0.45,40
627,0.88,3,17.4733,0.401,48.6118,0.0808,81.0465,0.45,40
628,0.99,1,17.4967,0.4489,44.0506,0.0,87.4091,0.45,40
629,1.0,0,17.53,0.503,39.7456,0.0,83.9903,0.45,40
630,0.92,1,17.5633,0.5527,35.771,0.0331,77.9032,0.45,40
631,0.97,1,17.6567,0.5895,32.2939,0.1624,70.2629,0.45,40
632,0.58,18,17.74,0.6275,29.1645,0.223,63.3533,0.45,40
633,0.89,3,17.7967,0.5943,28.0481,0.3689,49.1286,0.45,40
634,0.98,1,17.9833,0.6238,25.5433,0.3392,50.1417,0.45,40
635,0.92,2,18.15,0.6594,23.0889,0.3135,48.2776,0.45,40
636,0.89,2,18.3733,0.6855,20.98,0.3906,43.8877,0.45,40
637,0.94,1,18.6133,0.706,19.082,0.4661,39.7776,0.45,40
638,0.69,11,18.8267,0.7294,17.2738,0.4876,36.6218,0.45,40
639,0.94,1,19.06,0.7018,16.6465,0.5651,28.5587,0.55,20
640,0.94,2,19.3333,0.7256,15.0818,0.5059,30.1368,0.55,40
641,0.94,2,19.63,0.7471,13.7736,0.5256,27.7978,0.55,20
642,0.95,1,19.9167,0.7664,12.5963,0.5597,25.3726,0.55,20
643,0.97,1,20.23,0.7847,11.4366,0.5894,23.6876,0.55,20
644,0.9,2,20.58,0.8032,10.393,0.6102,21.6593,0.65,20
645,0.94,2,20.8733,0.8129,9.5537,0.678,19.0955,0.65,20
646,0.87,2,21.1667,0.8256,8.7983,0.6929,17.1779,0.65,20
647,0.91,2,21.4233,0.8301,8.1185,0.7478,15.5896,0.75,20
648,0.96,1,21.79,0.8381,7.5066,0.7554,14.207,0.75,10
649,0.94,2,22.1567,0.8503,6.856,0.7352,13.5867,0.75,10
650,0.9,1,22.4867,0.8592,6.3704,0.7591,11.967,0.75,10
651,0.95,1,22.79,0.8633,5.8333,0.7981,11.4085,0.75,10
652,0.95,2,23.17,0.872,5.35,0.7887,10.5356,0.75,10
653,0.95,1,23.64,0.8798,5.015,0.7982,9.0777,0.75,10
654,0.87,4,24.03,0.8868,4.6135,0.8113,8.7455,0.85,10
655,0.99,1,24.3333,0.875,4.5522,0.8312,6.877,0.85,5
656,0.96,2,24.8167,0.8865,4.1969,0.784,7.53,0.75,10
657,0.97,1,25.2833,0.8939,3.9772,0.809,6.6158,0.85,5
658,0.96,2,25.6133,0.9015,3.6795,0.8207,6.6382,0.85,5
659,1.0,0,26.06,0.9073,3.5116,0.84,5.6904,0.85,5
660,0.97,2,26.52,0.9166,3.1604,0.8282,6.4309,0.85,5
661,0.93,1,26.9033,0.9219,3.0444,0.855,5.099,0.85,5
662,0.88,3,27.31,0.9228,2.8399,0.8854,4.9397,0.85,5
663,0.9,2,27.7133,0.8928,2.952,0.8505,4.1104,0.85,5
664,0.88,1,28.1367,0.8935,2.8568,0.8695,3.898,0.85,3
665,0.97,1,28.48,0.8841,2.6711,0.8664,4.3792,0.85,5
666,0.97,2,28.74,0.8927,2.504,0.8175,4.2288,0.85,5
667,0.94,1,29.02,0.9004,2.4536,0.8217,3.4945,0.85,3
668,0.92,2,29.3267,0.9044,2.3082,0.8492,3.6917,0.85,3
669,0.96,1,29.6567,0.9059,2.2774,0.8728,3.0809,0.85,3
670,0.85,2,29.8267,0.9113,2.1497,0.861,3.3416,0.85,3
671,0.98,1,29.9833,0.8684,2.1347,0.8085,2.8003,0.85,3
672,0.98,1,30.26,0.8796,2.0212,0.7774,3.0706,0.75,3
673,0.9,1,30.5567,0.8896,1.9191,0.7861,2.9748,0.75,3
674,0.82,3,30.7133,0.8906,1.8272,0.8332,2.8119,0.85,3
675,0.89,2,30.91,0.8412,2.6482,0.7723,3.7993,0.75,3
676,0.91,2,31.2367,0.8461,2.5833,0.7894,3.428,0.75,3
677,0.88,1,31.5433,0.8525,2.525,0.7889,3.2105,0.75,3
678,0.9,1,31.7133,0.8552,2.3725,0.813,3.7472,0.85,3
679,0.93,2,32.0167,0.8597,2.2353,0.8145,3.6436,0.85,3
680,0.98,1,32.31,0.8667,2.2117,0.8009,3.0096,0.85,3
681,0.99,1,32.5933,0.8781,2.0906,0.7734,3.2286,0.75,3
682,1.0,0,32.8067,0.8892,1.9815,0.7765,3.1141,0.75,3
683,0.98,1,33.06,0.9003,1.7834,0.7862,3.6102,0.75,3
684,0.98,1,33.3133,0.9083,1.705,0.8151,2.9144,0.85,3
685,0.98,1,33.6367,0.9155,1.6345,0.835,2.5359,0.85,3
686,0.96,2,33.8167,0.9219,1.5711,0.8507,2.3103,0.85,2
687,0.99,1,34.1067,0.9257,1.8713,0.8746,2.4211,0.85,2
688,0.96,2,34.4433,0.9322,1.7842,0.8698,2.5975,0.85,3
689,0.92,1,34.69,0.9349,1.9353,0.8931,2.4185,0.85,2
690,0.93,2,35.0067,0.9245,1.8417,0.8982,2.6948,0.85,3
691,0.89,2,35.2267,0.925,1.9525,0.9098,2.4395,0.95,2
692,0.9,1,35.41,0.9005,1.9858,0.869,2.2557,0.85,2
693,0.9,2,35.4833,0.9002,1.8872,0.8829,2.7547,0.85,3
694,0.87,1,35.5967,0.9,1.9662,0.8906,2.4513,0.85,2
695,0.91,2,35.83,0.879,1.8695,0.8525,2.7485,0.85,3
696,0.9,1,36.0433,0.8821,1.9609,0.8516,2.4554,0.85,2
697,0.9,1,36.2833,0.8839,1.8648,0.8611,2.7409,0.85,3
698,0.88,2,36.54,0.8855,1.7783,0.8668,2.6686,0.85,3
699,0.94,1,36.6867,0.8817,1.9335,0.8703,2.4576,0.85,2
700,0.88,1,36.9633,0.8875,1.8401,0.8365,2.699,0.85,3
701,0.97,1,37.3567,0.8822,1.7561,0.8536,2.6233,0.85,3
702,0.95,1,37.5767,0.891,1.6805,0.8133,2.4902,0.85,2
703,0.95,1,37.7567,0.8969,1.6125,0.8304,2.3506,0.85,2
704,0.92,2,38.0067,0.9022,1.5512,0.8435,2.2187,0.85,2
705,0.97,1,38.4,0.904,1.8654,0.8683,2.3993,0.85,2
706,0.92,2,38.6633,0.9106,1.7788,0.8501,2.5842,0.85,3
707,0.97,1,38.9667,0.9115,1.9336,0.8774,2.4147,0.85,2
708,0.98,1,39.38,0.9174,1.8403,0.8634,2.6917,0.85,3
709,0.97,1,39.6367,0.9237,1.7563,0.8618,2.6213,0.85,3
710,0.91,1,39.75,0.9283,1.6806,0.8757,2.4897,0.85,2
711,0.94,2,40.03,0.9155,1.6126,0.8826,2.3506,0.85,2
712,0.92,2,40.4033,0.9179,1.8838,0.8901,2.4094,0.85,2
713,0.97,1,40.6667,0.9181,1.9651,0.9028,2.2702,0.95,2
714,0.92,2,40.97,0.9233,1.8686,0.8776,2.722,0.85,3
715,0.96,1,41.25,0.921,1.9606,0.8958,2.4417,0.85,2
716,0.95,3,41.53,0.9249,1.8645,0.8884,2.7382,0.85,3
717,0.96,2,41.7,0.9274,2.6594,0.8978,3.7541,0.85,3
718,0.96,1,41.9,0.9307,2.5934,0.8981,3.4219,0.85,3
719,0.98,1,41.9833,0.9336,2.4341,0.9025,3.8884,0.95,3
720,0.92,2,42.13,0.9382,2.2907,0.8946,3.7675,0.85,3
721,0.97,1,42.39,0.9255,2.2616,0.8968,3.1088,0.85,3
722,0.98,1,42.5567,0.9299,2.1354,0.8882,3.3238,0.85,3
723,0.95,1,42.7967,0.9349,2.0219,0.8859,3.2022,0.85,3
724,0.97,1,42.84,0.9364,1.9197,0.9066,3.0166,0.95,3
725,0.91,1,43.0033,0.9398,1.8277,0.9064,2.8262,0.95,3
726,0.95,1,43.2233,0.9189,1.745,0.8873,2.6473,0.85,3
727,0.87,3,43.38,0.922,1.6705,0.89,2.4839,0.85,2
728,0.96,1,43.56,0.8856,2.6011,0.8372,3.8371,0.85,3
729,0.98,1,43.85,0.8931,2.441,0.8233,3.9857,0.85,3
730,0.98,1,44.2967,0.9017,2.2969,0.8172,3.806,0.85,3
731,0.99,1,44.6267,0.9096,2.1672,0.8274,3.5629,0.85,3
732,0.96,1,44.88,0.9176,2.0505,0.8346,3.3189,0.85,3
733,0.96,1,45.1733,0.9219,1.9455,0.8634,3.0911,0.85,3
734,0.92,2,45.6533,0.9257,1.8509,0.8796,2.8833,0.85,3
735,0.93,1,45.99,0.9217,1.9553,0.896,2.5353,0.85,3
736,0.95,1,46.18,0.9225,1.8597,0.9067,2.7469,0.95,3
737,0.93,1,46.33,0.9253,1.7738,0.8999,2.6637,0.85,3
738,0.91,1,46.6433,0.9257,1.6964,0.9113,2.5257,0.95,3
739,0.92,2,46.8367,0.9147,1.6268,0.8989,2.3824,0.85,2
740,0.97,1,47.3267,0.9153,1.888,0.9055,2.4134,0.95,2
741,0.99,1,47.7233,0.9207,1.7992,0.873,2.6213,0.85,3
742,0.92,1,48.04,0.9277,1.7193,0.8621,2.5458,0.85,3
743,0.88,1,48.3833,0.9223,1.6474,0.8858,2.4181,0.85,2
744,0.96,1,48.65,0.8927,1.5826,0.8509,2.285,0.85,2
745,0.99,1,48.8367,0.8994,1.5244,0.8367,2.1594,0.85,2
746,0.97,1,49.1067,0.9085,1.4719,0.8228,2.0444,0.85,2
747,0.89,2,49.26,0.9146,1.4247,0.8436,1.9403,0.85,2
748,0.9,2,49.38,0.8974,1.8274,0.853,2.4006,0.85,2
749,0.86,3,49.7767,0.8977,1.9482,0.8732,2.296,0.85,2
750,0.95,1,50.02,0.8713,2.6845,0.836,3.6162,0.85,3
751,0.91,2,50.1367,0.8792,2.516,0.8082,4.0633,0.85,5
752,0.99,1,50.36,0.8822,2.4644,0.8351,3.4228,0.85,3
753,0.95,1,50.8767,0.893,2.318,0.7961,3.692,0.75,3
754,0.88,3,51.4133,0.8987,2.1862,0.8262,3.5546,0.85,3
755,0.95,1,51.69,0.8856,2.7559,0.8427,3.7853,0.85,3
756,0.86,2,52.1067,0.8921,2.5803,0.8315,4.2039,0.85,5
757,0.93,4,52.6,0.8696,2.5222,0.8263,3.544,0.85,3
758,0.87,3,53.0033,0.8757,3.5567,0.8182,4.955,0.85,5
759,0.92,2,53.4467,0.8717,3.501,0.8398,4.4063,0.85,5
760,0.95,1,53.7033,0.8765,3.3509,0.8312,4.7437,0.85,5
761,0.88,2,53.96,0.8839,3.1158,0.8155,5.2925,0.85,5
762,0.93,1,54.1733,0.8812,3.0042,0.8436,4.5397,0.85,5
763,0.94,1,54.6067,0.886,2.8038,0.839,4.7345,0.85,5
764,1.0,0,55.0667,0.8914,2.6234,0.838,4.5115,0.85,5
765,0.96,1,55.3367,0.9023,2.3611,0.8037,4.86,0.85,5
766,0.87,3,55.7567,0.9081,2.225,0.8345,4.0323,0.85,5
767,0.98,1,56.25,0.8814,2.7675,0.8293,3.964,0.85,3
768,0.9,3,56.5567,0.8913,2.5907,0.8012,4.2576,0.85,5
769,0.94,1,56.82,0.8922,2.8772,0.8422,3.8568,0.85,3
770,0.99,1,56.8933,0.8969,2.6895,0.8472,4.4035,0.85,5
771,0.96,1,57.1367,0.9062,2.5206,0.8211,4.2606,0.85,5
772,0.94,1,57.4167,0.9116,2.3685,0.8457,3.9954,0.85,3
773,0.99,1,57.63,0.9145,2.2316,0.8707,3.7156,0.85,3
774,1.0,0,57.7333,0.922,2.1085,0.8523,3.4506,0.85,3
775,0.96,2,58.0533,0.9298,1.8976,0.8521,3.8682,0.85,3
776,0.95,1,58.1933,0.9328,1.9693,0.8829,3.0523,0.85,3
777,1.0,0,58.4333,0.9345,1.8724,0.9034,2.9011,0.95,3
778,0.97,1,58.7467,0.9411,1.6851,0.8818,3.4037,0.85,3
779,0.83,2,58.98,0.944,1.6166,0.903,2.7297,0.95,3
780,0.94,1,59.1467,0.8642,1.885,0.7628,2.5794,0.75,3
781,0.92,2,59.3933,0.8718,1.7965,0.7857,2.653,0.75,3
782,0.96,1,59.85,0.8766,1.9389,0.8136,2.4402,0.85,2
783,0.95,2,59.9167,0.8849,1.8451,0.8048,2.7043,0.85,3
784,0.94,1,60.2,0.8914,1.9535,0.82,2.4429,0.85,2
785,0.91,2,60.6533,0.8963,1.8582,0.8388,2.7274,0.85,3
786,0.96,1,60.95,0.8977,1.9574,0.864,2.4492,0.85,2
787,0.94,2,61.1467,0.9039,1.8617,0.8468,2.7345,0.85,3
788,0.95,1,61.36,0.9075,1.9585,0.8633,2.4514,0.85,2
789,0.96,1,61.6267,0.9118,1.8627,0.8677,2.7366,0.85,3
790,0.95,1,61.6833,0.9166,1.7764,0.8683,2.6645,0.85,3
791,0.81,4,61.7433,0.9199,1.6988,0.8807,2.5293,0.85,3
792,0.89,3,61.99,0.843,3.3096,0.7453,5.3563,0.75,5
793,0.87,1,62.0367,0.8477,3.2787,0.7804,4.4314,0.75,5
794,0.93,1,61.83,0.8499,3.0508,0.8083,5.1251,0.85,5
795,0.85,2,61.8533,0.8579,2.8457,0.7848,4.956,0.75,5
796,0.93,1,62.0133,0.8524,2.7611,0.8118,4.13,0.85,5
797,0.94,2,61.92,0.8601,2.585,0.7892,4.2863,0.75,5
798,0.97,1,61.9,0.8681,2.5265,0.7887,3.5875,0.75,3
799,0.93,1,61.9033,0.8783,2.3739,0.7798,3.8195,0.75,3
800,0.93,1,61.8533,0.8835,2.2365,0.8134,3.667,0.85,3
801,0.96,1,61.56,0.8881,2.1128,0.8324,3.4408,0.85,3
802,0.96,1,61.4267,0.8953,2.0016,0.8259,3.21,0.85,3
803,0.91,2,61.3233,0.9018,1.9014,0.834,2.9933,0.85,3
804,1.0,0,61.1633,0.9026,1.9704,0.8648,2.5746,0.85,3
805,0.99,1,61.0633,0.9123,1.7734,0.8254,3.5138,0.85,3
806,0.96,2,61.06,0.9201,1.696,0.8376,2.8616,0.85,3
807,0.98,1,60.95,0.9241,1.9088,0.8672,2.5995,0.85,3
808,0.93,2,60.8,0.9297,1.8179,0.8721,2.6921,0.85,3
809,0.96,1,60.5633,0.9297,1.9454,0.8982,2.4495,0.85,2
810,0.97,2,60.4,0.9328,1.8508,0.9013,2.7159,0.95,3
811,0.98,1,60.4367,0.9365,1.9553,0.8999,2.4464,0.85,2
812,0.97,1,60.2633,0.9408,1.8597,0.8981,2.7307,0.85,3
813,0.99,1,60.0833,0.9437,1.7738,0.9093,2.6588,0.95,3
814,0.97,3,59.74,0.9484,1.6964,0.904,2.5241,0.95,3
815,0.96,1,59.4467,0.9505,2.6089,0.9199,3.8269,0.95,3
816,0.99,1,58.96,0.9515,2.448,0.9328,3.9945,0.95,3
817,0.95,1,58.4967,0.9553,2.3032,0.9204,3.8178,0.95,3
818,0.96,2,57.8833,0.9516,2.1729,0.9319,3.5748,0.95,3
819,0.96,1,57.3067,0.9524,2.1556,0.9394,2.938,0.95,3
820,1.0,0,56.94,0.9532,2.04,0.9435,3.1299,0.95,3
821,0.98,1,56.59,0.9579,1.836,0.9169,3.7031,0.95,3
822,0.96,1,56.24,0.9601,1.7524,0.9306,3.006,0.95,3
823,0.97,1,55.73,0.96,1.6772,0.9439,2.6244,0.95,3
824,0.97,1,55.26,0.961,1.6095,0.9486,2.393,0.95,2
825,0.91,3,54.9033,0.9619,1.5485,0.9516,2.2293,0.95,2
826,0.88,1,54.4067,0.9256,2.5646,0.8802,3.8773,0.85,3
827,0.94,2,53.8967,0.8937,2.4081,0.847,3.9435,0.85,3
828,0.89,2,53.3533,0.8983,2.3673,0.8507,3.2797,0.85,3
829,0.97,1,53.0933,0.8925,2.3306,0.8654,2.9232,0.85,3
830,0.97,1,52.7333,0.9002,2.1975,0.8314,3.3961,0.85,3
831,0.94,2,52.3833,0.9072,2.0778,0.8359,3.3063,0.85,3
832,0.96,1,51.9233,0.9105,2.07,0.8622,2.7462,0.85,3
833,0.99,1,51.4833,0.9154,1.963,0.865,2.962,0.85,3
834,0.97,1,51.2467,0.9229,1.8667,0.8526,2.865,0.85,3
835,0.9,2,50.8533,0.9276,1.78,0.8715,2.7094,0.85,3
836,0.93,1,50.4433,0.9083,1.934,0.8693,2.4776,0.85,2
837,0.97,1,50.1733,0.9105,1.8406,0.882,2.7035,0.85,3
838,0.99,1,49.9433,0.9164,1.7565,0.8625,2.6253,0.85,3
839,0.92,5,49.8167,0.9238,1.6809,0.8534,2.4913,0.85,2
840,0.88,4,49.56,0.9211,4.0043,0.8825,6.9164,0.85,5
841,0.99,1,49.2367,0.8923,4.0038,0.8509,5.5989,0.85,5
842,0.98,1,48.9133,0.9021,3.7035,0.8144,6.4508,0.85,5
843,0.93,3,48.7333,0.9099,3.4331,0.827,6.2188,0.85,5
844,0.91,3,48.3967,0.9119,3.3898,0.8633,4.9611,0.85,5
845,1.0,0,47.96,0.9106,3.3508,0.8839,4.2755,0.85,5
846,0.96,1,47.54,0.9195,3.0157,0.8406,5.9652,0.85,5
847,0.94,2,47.1833,0.9236,2.8142,0.8679,5.1943,0.85,5
848,0.91,2,46.9733,0.9252,2.7327,0.8915,4.2153,0.85,5
849,0.95,1,46.56,0.9146,2.6595,0.8919,3.6905,0.85,3
850,0.89,2,46.28,0.9181,2.4935,0.885,4.0394,0.85,5
851,0.97,1,46.0167,0.8984,2.4442,0.868,3.3929,0.85,3
852,0.94,1,46.0633,0.9056,2.2998,0.8413,3.6556,0.85,3
853,0.96,1,46.0867,0.909,2.1698,0.8629,3.5195,0.85,3
854,0.9,2,46.11,0.9141,2.0528,0.8632,3.308,0.85,3
855,0.89,3,45.9433,0.9042,2.0475,0.8738,2.7365,0.85,3
856,0.91,1,45.7767,0.8943,2.7143,0.8735,3.6223,0.85,3
857,0.94,2,45.8967,0.8958,2.5428,0.8781,4.1103,0.85,5
858,0.87,3,45.9767,0.9003,2.4885,0.8608,3.4677,0.85,3
859,0.89,2,45.8233,0.8791,2.8466,0.8451,3.5425,0.85,3
860,0.96,1,45.78,0.8802,2.7619,0.8593,3.5891,0.85,3
861,0.95,1,45.8967,0.8882,2.5857,0.818,4.1793,0.85,5
862,0.89,2,45.9533,0.8943,2.4271,0.8284,4.0558,0.85,5
863,0.97,1,45.8567,0.8913,2.3844,0.855,3.3503,0.85,3
864,0.93,1,46.0133,0.8992,2.246,0.8281,3.5579,0.85,3
865,0.9,3,46.2033,0.9023,2.1214,0.855,3.419,0.85,3
866,0.97,1,46.3767,0.9007,2.7364,0.8747,3.7783,0.85,3
867,0.9,2,46.43,0.9076,2.5628,0.8458,4.173,0.85,5
868,0.92,1,46.4767,0.9023,2.5065,0.8678,3.5145,0.85,3
869,0.86,2,46.4433,0.9041,2.3558,0.8797,3.7741,0.85,3
870,0.88,3,46.41,0.8732,2.3203,0.8328,3.1561,0.85,3
871,0.94,1,46.3333,0.8739,2.7961,0.851,3.5424,0.85,3
872,0.97,1,46.1433,0.8805,2.6165,0.8218,4.2267,0.85,5
873,0.91,2,45.99,0.8895,2.4548,0.8055,4.1109,0.85,5
874,1.0,0,45.9967,0.8915,2.4093,0.8422,3.3985,0.85,3
875,0.95,2,46.0867,0.9024,2.1684,0.8045,4.3267,0.85,5
876,0.96,1,46.2167,0.9071,2.1516,0.8394,3.3427,0.85,3
877,0.99,1,46.32,0.9124,2.0364,0.8534,3.2292,0.85,3
878,0.96,1,46.5633,0.9202,1.9328,0.8455,3.0439,0.85,3
879,0.97,1,46.85,0.9242,1.8395,0.8706,2.8517,0.85,3
880,0.99,1,47.0333,0.9287,1.7555,0.8793,2.6706,0.85,3
881,0.9,1,47.23,0.9349,1.68,0.8752,2.5049,0.85,3
882,0.89,2,47.14,0.9105,1.612,0.866,2.3548,0.85,2
883,0.89,2,47.19,0.8961,1.8836,0.866,2.4116,0.85,2
884,0.94,2,47.2367,0.8918,1.9651,0.8745,2.2714,0.85,2
885,0.89,2,47.29,0.8967,1.9895,0.8538,2.16,0.85,2
886,0.87,3,47.3767,0.892,1.9969,0.8678,2.0907,0.85,2
887,0.94,2,47.0667,0.8766,2.6991,0.8534,3.5704,0.85,3
888,0.94,1,46.83,0.8829,2.6292,0.8265,3.4007,0.85,3
889,0.94,1,46.7067,0.8886,2.4662,0.8303,3.9408,0.85,3
890,0.95,2,46.5033,0.8938,2.3196,0.839,3.8259,0.85,3
891,0.81,3,46.1667,0.8994,2.2877,0.8422,3.158,0.85,3
892,0.87,3,45.8,0.8368,2.7863,0.7532,3.5666,0.75,3
893,0.82,2,45.6433,0.8401,2.9359,0.786,3.4017,0.75,3
894,0.95,2,45.2367,0.826,2.8423,0.7917,3.693,0.75,3
895,0.84,2,44.6933,0.8384,2.7581,0.7293,3.6244,0.75,3
896,0.87,2,44.28,0.8386,2.6823,0.7788,3.493,0.75,3
897,0.85,2,43.9867,0.8417,2.614,0.7991,3.3538,0.75,3
898,0.93,2,43.38,0.8426,2.5526,0.8182,3.2217,0.85,3
899,0.87,2,42.7333,0.8513,2.4974,0.7743,3.1006,0.75,3
900,0.9,3,42.31,0.8532,2.4476,0.808,2.991,0.85,3
901,0.96,1,41.8033,0.8579,2.8343,0.8103,3.3982,0.85,3
902,0.91,1,41.41,0.8681,2.6509,0.7757,4.2712,0.75,5
903,0.81,2,40.9233,0.8723,2.4858,0.81,4.1701,0.85,5
904,0.85,3,40.5133,0.8287,2.4372,0.7648,3.4514,0.75,3
905,0.82,2,39.9733,0.8308,2.8312,0.7912,3.5706,0.75,3
906,0.86,2,39.52,0.8232,2.748,0.7996,3.5748,0.75,3
907,0.98,1,39.16,0.8269,2.6732,0.7925,3.4643,0.75,3
908,0.87,2,38.7,0.8422,2.5059,0.7082,4.0202,0.75,5
909,0.91,2,38.27,0.845,2.4553,0.7677,3.3936,0.75,3
910,0.91,2,37.7267,0.8515,2.4098,0.781,3.0579,0.75,3
911,0.97,2,37.1533,0.8574,2.3688,0.7936,2.8711,0.75,3
912,0.92,1,36.5367,0.8686,2.3319,0.7649,2.7538,0.75,3
913,0.94,1,35.9533,0.8738,2.1987,0.8016,3.3766,0.85,3
914,0.94,1,35.35,0.8804,2.0789,0.8106,3.3023,0.85,3
915,0.95,1,34.7133,0.8863,1.971,0.8221,3.1217,0.85,3
916,0.89,2,34.1133,0.8927,1.8739,0.8272,2.9256,0.85,3
917,0.83,3,33.8367,0.8908,1.9622,0.8549,2.5485,0.85,3
918,0.8,2,33.4667,0.8482,2.6886,0.792,3.6442,0.75,3
919,0.85,3,33.0033,0.8145,2.6198,0.7625,3.4138,0.75,3
920,0.86,2,32.7333,0.818,2.8859,0.7761,3.4317,0.75,3
921,0.87,2,32.3867,0.8222,2.7973,0.7792,3.6217,0.75,3
922,0.95,1,32.1,0.827,2.7176,0.7793,3.5434,0.75,3
923,0.92,2,31.6867,0.8393,2.5458,0.7295,4.1024,0.75,5
924,0.95,1,31.34,0.8474,2.4913,0.7551,3.4664,0.75,3
925,0.95,1,31.0967,0.8576,2.3421,0.7553,3.7412,0.75,3
926,0.77,4,30.6667,0.8669,2.2079,0.7691,3.6014,0.75,3
927,0.96,1,30.3133,0.7991,3.4624,0.6994,5.1937,0.65,5
928,0.91,1,30.24,0.8152,3.2161,0.6653,5.5525,0.65,5
929,0.85,2,30.1667,0.8246,2.9945,0.7084,5.3033,0.75,5
930,0.79,3,30.0867,0.8272,2.8951,0.7598,4.4257,0.75,5
931,0.89,3,29.9533,0.8012,2.9685,0.7522,3.8118,0.75,3
932,0.8,2,29.8333,0.81,2.9906,0.7285,3.4533,0.75,3
933,0.87,1,29.8433,0.803,2.8915,0.7575,3.7871,0.75,3
934,0.82,2,29.6933,0.8097,2.7024,0.7465,4.4143,0.75,5
935,0.79,3,29.6533,0.8107,2.6321,0.775,3.7502,0.75,3
936,0.84,2,29.6633,0.7962,2.8896,0.7696,3.5802,0.75,3
937,0.98,1,29.56,0.8006,2.8007,0.7599,3.6598,0.75,3
938,1.0,0,29.3633,0.8185,2.6206,0.6614,4.2514,0.65,5
939,0.9,3,29.1867,0.8367,2.3585,0.6573,4.8002,0.65,5
940,0.82,2,29.11,0.843,2.8076,0.7305,4.256,0.75,5
941,0.83,2,28.92,0.8269,2.7268,0.7621,3.785,0.75,3
942,0.92,2,28.7267,0.8272,2.6541,0.7916,3.5104,0.75,3
943,0.82,3,28.53,0.8365,2.5887,0.7537,3.3247,0.75,3
944,0.92,1,28.37,0.8249,2.8766,0.7774,3.4149,0.75,3
945,0.93,2,28.2533,0.8345,2.689,0.748,4.3427,0.75,5
946,0.91,2,28.0833,0.844,2.6201,0.7486,3.7051,0.75,3
947,0.96,3,27.8733,0.8506,2.5581,0.7731,3.3595,0.75,3
948,0.94,1,27.7,0.8615,2.8674,0.7576,3.4501,0.75,3
949,0.86,2,27.6033,0.8694,2.6807,0.7807,4.3311,0.75,5
950,0.94,1,27.4033,0.8628,2.6126,0.8136,3.6922,0.85,3
951,0.85,4,27.28,0.8705,2.4513,0.7984,3.9696,0.75,3
952,0.89,4,27.21,0.8562,3.5354,0.8128,5.1149,0.85,5
953,0.94,1,27.1133,0.8595,3.8606,0.8218,4.815,0.85,5
954,0.91,2,26.93,0.8676,3.5746,0.7948,6.1096,0.75,5
955,0.87,3,26.7467,0.8718,3.4171,0.8176,5.3644,0.85,5
956,0.82,14,26.6533,0.8705,3.3754,0.8408,4.5017,0.85,5
957,0.91,2,26.4433,0.8352,10.8126,0.7884,20.0463,0.75,20
958,0.53,40,26.24,0.8426,9.9314,0.7729,19.0952,0.75,20
959,0.36,33,26.0167,0.6238,30.9794,0.3581,50.5545,0.45,40
960,0.88,2,25.7433,0.4391,32.3938,0.1734,51.9689,0.45,40
961,0.97,1,25.4633,0.4832,29.3544,0.0742,57.8076,0.45,40
962,0.67,21,25.2,0.5319,26.519,0.054,55.6293,0.45,40
963,0.0,100,24.8767,0.5457,25.9671,0.2579,42.6142,0.45,40
964,0.87,6,24.55,0.1637,77.7901,0.0,97.3652,0.45,40
965,0.59,22,24.17,0.2343,70.6111,0.0,100.0,0.45,40
966,0.86,2,23.7667,0.2699,65.75,0.0,100.0,0.45,40
967,0.86,2,23.3133,0.3289,59.375,0.0,100.0,0.45,40
968,0.84,4,22.93,0.382,53.6375,0.0,100.0,0.45,40
969,0.32,53,22.4567,0.4278,48.6738,0.0,100.0,0.45,40
970,0.0,100,21.9733,0.3523,51.7021,0.0626,81.6897,0.45,40
971,0.2,78,21.5933,0.1057,85.5106,0.0,100.0,0.45,40
972,0.9,2,21.24,0.1151,84.7596,0.0,97.3043,0.45,40
973,0.89,1,20.85,0.1936,76.4836,0.0,100.0,0.45,40
974,0.38,54,20.4367,0.2633,68.9353,0.0,100.0,0.45,40
975,0.68,9,20.05,0.2749,67.4417,0.0,100.0,0.45,40
976,0.86,2,19.65,0.3154,61.5976,0.0,100.0,0.45,40
977,0.84,4,19.22,0.3699,55.6378,0.0,100.0,0.45,40
978,0.9,2,18.7633,0.4169,50.474,0.0,100.0,0.45,40
979,0.9,3,18.3367,0.4652,45.6266,0.0,97.5267,0.45,40
980,0.37,40,17.94,0.5087,41.364,0.0427,87.9941,0.45,40
981,0.91,3,17.5,0.4116,41.2276,0.1295,66.7953,0.45,40
982,0.84,2,17.0133,0.4614,37.4048,0.0025,73.3903,0.45,40
983,0.87,2,16.6267,0.4993,33.8643,0.0858,70.3477,0.45,40
984,0.88,2,16.22,0.5364,30.6779,0.1432,64.7774,0.45,40
985,0.92,1,15.78,0.5707,27.8101,0.2031,58.9106,0.45,40
986,0.96,1,15.34,0.6057,25.1291,0.242,53.9501,0.45,40
987,0.83,2,14.91,0.6411,22.7162,0.2749,48.9265,0.45,40
988,0.97,1,14.48,0.66,20.6446,0.401,43.6401,0.45,40
989,0.1,84,14.0733,0.691,18.6801,0.387,39.8654,0.45,40
990,0.14,42,13.6067,0.2773,64.404,0.0116,83.9791,0.45,40
991,0.74,9,13.24,0.1812,62.1636,0.0,84.3533,0.45,40
992,0.83,3,12.8433,0.2371,56.8473,0.0,100.0,0.45,40
993,0.71,3,12.4367,0.2964,51.4625,0.0,100.0,0.45,40
994,0.82,3,12.0933,0.3377,46.6163,0.0,97.8477,0.45,40
995,0.88,1,11.7433,0.386,42.2547,0.0,89.3489,0.45,40
996,0.93,1,11.38,0.4354,38.1292,0.0,82.2326,0.45,40
997,0.92,1,11.09,0.4848,34.4163,0.0,74.6672,0.45,40
998,0.9,1,10.81,0.5283,31.0746,0.0586,67.4846,0.45,40
999,0.96,1,10.6067,0.5655,28.0672,0.1531,60.8974,0.45,40
1000,0.93,2,10.3967,0.605,25.3605,0.195,54.928,0.45,40
1001,0.76,3,10.1767,0.6375,23.0244,0.2771,48.9592,0.45,40
1002,0.78,3,9.96,0.6497,21.022,0.4256,43.4562,0.45,40
1003,0.84,2,9.7767,0.6627,19.2198,0.4959,39.0997,0.45,40
1004,0.71,19,9.6,0.6805,17.4978,0.5016,35.9783,0.55,40
1005,0.79,3,9.41,0.6834,18.5493,0.5822,28.755,0.55,20
1006,0.54,29,9.23,0.6941,16.9944,0.5863,31.5907,0.55,40
1007,0.54,36,9.1,0.5862,25.3983,0.3205,44.9734,0.45,40
1008,0.48,46,8.97,0.5539,32.8195,0.4029,46.9429,0.45,40
1009,0.12,86,8.85,0.5022,42.0458,0.3976,55.847,0.45,40
1010,0.23,48,8.7467,0.2346,72.8138,0.0,92.3888,0.45,40
1011,0.0,100,8.6867,0.2314,70.3324,0.0858,94.3727,0.45,40
1012,0.0,100,8.62,0.0694,91.0997,0.0,100.0,0.45,40
1013,0.0,100,8.53,0.0208,97.3299,0.0,100.0,0.45,40
1014,0.0,100,8.4933,0.0062,99.199,0.0,100.0,0.45,40
1015,0.0,100,8.49,0.0019,99.7597,0.0,100.0,0.45,40
1016,0.8,18,8.4867,0.0006,99.9279,0.0,100.0,0.45,40
1017,0.98,1,8.5333,0.0805,91.7351,0.0,100.0,0.45,40
1018,0.91,1,8.5733,0.1705,82.6616,0.0,100.0,0.45,40
1019,0.88,1,8.6133,0.2444,74.4954,0.0,100.0,0.45,40
1020,0.87,1,8.6733,0.308,67.1459,0.0,100.0,0.45,40
1021,0.96,1,8.8,0.3642,60.5313,0.0,100.0,0.45,40
1022,0.94,1,8.9133,0.4238,54.5782,0.0,100.0,0.45,40
1023,0.88,1,9.0567,0.4754,49.2204,0.0,100.0,0.45,40
1024,0.89,1,9.2133,0.5158,44.3983,0.0493,97.0797,0.45,40
1025,0.96,2,9.3533,0.5533,40.0585,0.1403,87.4801,0.45,40
1026,0.51,44,9.51,0.5939,36.2526,0.1749,78.2501,0.45,40
1027,0.0,100,9.71,0.5352,41.6758,0.2944,65.6397,0.45,40
1028,0.1,67,9.91,0.1606,82.5027,0.0,100.0,0.45,40
1029,0.0,100,10.1,0.1182,80.9525,0.0,98.1476,0.45,40
1030,0.0,100,10.28,0.0354,94.2857,0.0,100.0,0.45,40
1031,0.0,100,10.4533,0.0106,98.2857,0.0,100.0,0.45,40
1032,0.0,100,10.66,0.0032,99.4857,0.0,100.0,0.45,40
1033,0.08,56,10.84,0.001,99.8457,0.0,100.0,0.45,40
1034,0.0,100,11.0133,0.0089,95.4611,0.0,100.0,0.45,40
1035,0.07,52,11.1867,0.0027,98.6383,0.0,100.0,0.45,40
1036,0.6,8,11.34,0.0094,93.9745,0.0,100.0,0.45,40
1037,0.79,3,11.5167,0.0685,85.3771,0.0,100.0,0.45,40
1038,0.82,2,11.71,0.1406,77.1394,0.0,100.0,0.45,40
1039,0.74,10,11.87,0.2085,69.6254,0.0,100.0,0.45,40
1040,0.86,2,11.9933,0.2617,63.6629,0.0,100.0,0.45,40
1041,0.83,2,12.1667,0.3215,57.4966,0.0,100.0,0.45,40
1042,0.8,2,12.35,0.3724,51.9469,0.0,100.0,0.45,40
1043,0.86,2,12.5233,0.4151,46.9522,0.0,100.0,0.45,40
1044,0.86,2,12.6533,0.4596,42.457,0.0,91.4962,0.45,40
1045,0.94,1,12.8333,0.4997,38.4113,0.0685,82.595,0.45,40
1046,0.88,2,13.0133,0.5437,34.6702,0.0947,75.1433,0.45,40
1047,0.98,1,13.16,0.5773,31.4032,0.1959,67.3753,0.45,40
1048,0.98,1,13.3133,0.6176,28.3628,0.2107,61.2756,0.45,40
1049,0.94,1,13.5767,0.6538,25.6266,0.2686,55.4254,0.45,40
1050,0.94,2,13.82,0.6824,23.1639,0.3567,50.0417,0.45,40
1051,0.87,2,13.98,0.7082,21.0475,0.4224,44.5746,0.45,40
1052,0.84,2,14.1633,0.7244,19.1428,0.5142,40.0919,0.55,40
1053,0.85,3,14.36,0.7359,17.4285,0.5833,36.207,0.55,40
1054,0.8,3,14.5433,0.7474,15.9856,0.6178,32.1822,0.65,40
1055,0.8,2,14.74,0.7526,14.6871,0.6683,29.0222,0.65,20
1056,0.84,2,14.9467,0.7574,13.4184,0.6955,26.9343,0.65,20
1057,0.87,2,15.0967,0.7656,12.2765,0.6864,24.6394,0.65,20
1058,0.86,1,15.2067,0.7761,11.2489,0.6757,22.4409,0.65,20
1059,0.92,1,15.32,0.7845,10.224,0.6932,21.0204,0.65,20
1060,0.95,2,15.5167,0.798,9.3016,0.6703,19.2487,0.65,20
1061,0.92,1,15.6867,0.8132,8.5714,0.664,16.9244,0.65,20
1062,0.89,3,15.82,0.8239,7.8143,0.7004,15.8166,0.75,20
1063,0.77,3,16.06,0.8305,7.3329,0.7418,13.3859,0.75,10
1064,0.76,4,16.29,0.7881,6.8996,0.7167,11.9104,0.75,10
1065,0.82,2,16.5267,0.7684,6.6096,0.7223,10.3318,0.75,10
1066,0.81,3,16.8067,0.7736,6.1487,0.7222,10.6357,0.75,10
1067,0.76,5,17.0633,0.7772,5.8338,0.735,9.5073,0.75,10
1068,0.86,3,17.3133,0.7652,5.7504,0.7376,7.8884,0.75,10
1069,0.84,2,17.5733,0.7747,5.4754,0.6911,8.1324,0.65,10
1070,0.91,1,17.92,0.7812,5.1278,0.7083,8.4745,0.75,10
1071,0.9,1,18.2333,0.7941,4.715,0.6755,8.7365,0.65,10
1072,0.91,1,18.4767,0.8047,4.3435,0.6922,8.2461,0.65,10
1073,0.94,1,18.74,0.8152,4.0092,0.705,7.6113,0.75,10
1074,0.94,1,19.1,0.8277,3.7083,0.7038,6.9796,0.75,5
1075,0.92,2,19.37,0.8389,3.4374,0.7202,6.3914,0.75,5
1076,0.82,2,19.6967,0.847,3.2937,0.7512,5.3361,0.75,5
1077,0.79,3,20.05,0.8281,3.1643,0.7707,4.7486,0.75,5
1078,0.93,3,20.3833,0.8014,3.1479,0.7558,4.0273,0.75,5
1079,0.92,2,20.5733,0.8143,3.1331,0.7,3.6315,0.75,3
1080,0.94,2,20.7833,0.8249,3.0198,0.7139,4.0396,0.75,5
1081,0.89,2,21.01,0.8364,2.9178,0.7195,3.9638,0.75,3
1082,0.98,1,21.2267,0.8417,2.826,0.7626,3.8067,0.75,3
1083,0.89,2,21.2567,0.8556,2.6434,0.7281,4.3155,0.75,5
1084,0.96,1,21.3633,0.859,2.5791,0.7831,3.6515,0.75,3
1085,0.93,1,21.4833,0.8691,2.4212,0.7722,3.9111,0.75,3
1086,0.94,2,21.65,0.8752,2.2791,0.8003,3.7571,0.85,3
1087,0.93,2,21.7833,0.8817,2.2512,0.8121,3.0961,0.85,3
1088,0.94,2,21.9433,0.8865,2.226,0.8299,2.7375,0.85,3
1089,0.91,2,22.12,0.8919,2.2034,0.8361,2.5454,0.85,3
1090,0.98,1,22.2233,0.8937,2.1831,0.8593,2.4404,0.85,2
1091,0.95,1,22.4267,0.9023,2.0648,0.8251,3.1003,0.85,3
1092,0.91,1,22.6267,0.9071,1.9583,0.8479,3.0419,0.85,3
1093,0.83,2,22.7433,0.9074,1.8625,0.8749,2.8837,0.85,3
1094,0.94,1,22.82,0.8532,1.9587,0.7838,2.5306,0.75,3
1095,0.97,1,22.88,0.8619,1.8629,0.7776,2.7513,0.75,3
1096,0.92,1,22.8433,0.8727,1.7766,0.7682,2.6691,0.75,3
1097,0.97,1,22.8633,0.8774,1.6989,0.807,2.5311,0.85,3
1098,0.92,1,22.88,0.8867,1.629,0.7976,2.3874,0.75,2
1099,0.91,1,22.8967,0.89,1.5661,0.8333,2.2517,0.85,2
1100,0.86,3,22.85,0.892,1.5095,0.8565,2.1276,0.85,2
1101,0.88,1,22.7667,0.8696,2.5529,0.8357,3.8889,0.85,3
1102,0.92,2,22.7567,0.8706,2.3976,0.85,3.9301,0.85,3
1103,0.91,1,22.79,0.8756,2.3578,0.8313,3.2653,0.85,3
1104,0.87,1,22.6933,0.879,2.222,0.8406,3.5001,0.85,3
1105,0.78,3,22.6167,0.8727,2.0998,0.8502,3.3698,0.85,3
1106,0.85,2,22.5467,0.8078,2.7299,0.7265,3.7755,0.75,3
1107,0.89,2,22.4467,0.812,2.657,0.7544,3.5105,0.75,3
1108,0.92,1,22.2933,0.8198,2.5913,0.7452,3.3282,0.75,3
1109,0.91,1,22.2167,0.8298,2.4321,0.7338,3.8698,0.75,3
1110,0.92,3,22.08,0.8379,2.2889,0.7507,3.7594,0.75,3
1111,0.88,2,21.93,0.8461,2.7867,0.7603,3.801,0.75,3
1112,0.84,2,21.84,0.8495,2.708,0.7941,3.5878,0.75,3
1113,0.81,2,21.89,0.8428,2.6372,0.8114,3.4177,0.85,3
1114,0.76,4,21.8467,0.8199,2.5735,0.7866,3.2721,0.75,3
1115,0.82,2,21.8567,0.778,3.572,0.7229,4.8669,0.75,5
1116,0.77,2,21.7933,0.7822,3.4148,0.7349,4.9515,0.75,5
1117,0.79,3,21.77,0.7736,3.2734,0.7457,4.7612,0.75,5
1118,0.86,3,21.7433,0.7753,3.246,0.7544,4.0947,0.75,5
1119,0.58,16,21.7,0.7838,3.2214,0.7094,3.7329,0.75,3
1120,0.84,5,21.6333,0.6411,12.1664,0.3754,31.7415,0.45,40
1121,0.91,2,21.5,0.661,11.4498,0.4354,23.8422,0.45,20
1122,0.93,1,21.42,0.6859,10.5048,0.4371,21.1452,0.45,20
1123,0.88,3,21.2833,0.7103,9.5543,0.4586,19.6487,0.45,20
1124,0.41,15,21.2733,0.7273,8.8989,0.5256,16.828,0.55,20
1125,0.38,26,21.28,0.5052,13.1697,0.2395,32.7447,0.45,40
1126,0.34,23,21.28,0.4176,22.1509,0.236,37.602,0.45,40
1127,0.35,23,21.24,0.3633,22.7453,0.2432,31.2402,0.45,40
1128,0.05,78,21.2433,0.354,22.9236,0.2872,27.5817,0.45,20
1129,0.48,34,21.2467,0.1412,61.4771,0.0,81.0521,0.45,40
1130,0.7,8,21.3,0.1751,58.7294,0.0,84.8571,0.45,40
1131,0.46,25,21.36,0.2276,53.6564,0.0,99.9153,0.45,40
1132,0.69,4,21.4,0.2508,50.7908,0.0,86.2795,0.45,40
1133,0.35,9,21.3867,0.2947,46.1117,0.0,91.1018,0.45,40
1134,0.16,19,21.3667,0.3003,42.4005,0.0638,82.9327,0.45,40
1135,0.33,42,21.38,0.2021,40.0605,0.0244,70.1372,0.45,40
1136,0.92,1,21.41,0.2149,41.4181,0.0673,57.9774,0.45,40
1137,0.73,8,21.4567,0.2854,37.3763,0.0,73.5792,0.45,40
1138,0.23,28,21.5967,0.3298,34.4387,0.0,66.7201,0.45,40
1139,0.29,28,21.6633,0.26,33.7948,0.0,52.3367,0.45,40
1140,0.34,30,21.8167,0.263,33.2153,0.0999,44.5463,0.45,40
1141,0.51,7,21.9867,0.2707,32.8938,0.1591,39.6975,0.45,40
1142,0.31,17,22.0933,0.2946,30.3044,0.0783,53.0652,0.45,40
1143,0.4,11,22.2467,0.2961,28.974,0.1769,45.9597,0.45,40
1144,0.72,4,22.4367,0.3065,27.1766,0.1953,45.3281,0.45,40
1145,0.89,2,22.56,0.3479,24.8589,0.0,47.281,0.45,40
1146,0.91,1,22.8067,0.4021,22.573,0.0,45.8911,0.45,40
1147,0.92,2,22.9933,0.4529,20.4157,0.0,43.0667,0.45,40
1148,0.83,4,23.1967,0.4996,18.5742,0.0039,38.7962,0.45,40
1149,0.58,13,23.41,0.5326,17.1167,0.1379,33.9214,0.45,40
1150,0.26,19,23.6467,0.5374,16.7051,0.3173,26.5774,0.45,20
1151,0.61,28,23.8833,0.3432,18.3115,0.0775,37.8866,0.45,40
1152,0.83,4,24.0167,0.3699,25.0935,0.0966,38.7146,0.45,40
1153,0.88,2,24.3033,0.4159,22.9841,0.0,42.7382,0.45,40
1154,0.89,1,24.4967,0.4623,20.8857,0.0,42.0557,0.45,40
1155,0.86,3,24.67,0.5051,18.8971,0.0551,39.6769,0.45,40
1156,0.9,2,24.91,0.5406,17.3074,0.1463,35.1839,0.45,40
1157,0.87,2,25.1767,0.5765,15.7767,0.1973,32.271,0.45,40
1158,0.59,12,25.34,0.6059,14.399,0.2774,29.3768,0.45,20
1159,0.95,1,25.4867,0.5948,14.1591,0.4143,22.6224,0.45,20
1160,0.99,1,25.6033,0.6303,12.8432,0.3068,25.1597,0.45,20
1161,0.94,2,25.8167,0.6663,11.6589,0.3075,23.9461,0.45,20
1162,0.92,2,25.9967,0.6936,10.693,0.3855,21.4375,0.45,20
1163,0.9,2,26.27,0.7163,9.8237,0.4574,19.3869,0.45,20
1164,0.87,2,26.56,0.7346,9.0413,0.5214,17.6124,0.55,20
1165,0.74,5,26.8367,0.7482,8.3372,0.5826,16.0391,0.55,20
1166,0.65,11,27.09,0.7425,8.0035,0.6515,13.1191,0.65,10
1167,0.86,2,27.3433,0.6777,10.101,0.5833,13.9224,0.55,10
1168,0.94,1,27.57,0.696,9.2909,0.5297,16.6209,0.55,20
1169,0.88,2,27.8233,0.7204,8.4618,0.49,16.6963,0.45,20
1170,0.94,1,27.9567,0.7363,7.8157,0.549,15.0087,0.55,20
1171,0.88,4,28.0867,0.7567,7.1341,0.5524,14.237,0.55,10
1172,0.9,3,28.4033,0.769,6.8207,0.6143,11.5664,0.65,10
1173,0.89,2,28.6733,0.7821,6.4386,0.6404,10.6497,0.65,10
1174,0.94,1,28.9433,0.7929,5.9948,0.6714,10.4818,0.65,10
1175,0.95,2,29.1433,0.8076,5.4953,0.6637,10.4752,0.65,10
1176,0.87,3,29.33,0.8219,5.1458,0.6754,9.2233,0.65,10
1177,0.93,1,29.58,0.8267,4.9312,0.7362,7.8381,0.75,10
1178,0.88,2,29.7233,0.837,4.5381,0.7346,8.3004,0.75,10
1179,0.94,2,29.8567,0.8413,4.2843,0.774,7.2993,0.75,5
1180,0.9,2,30.11,0.8512,4.0558,0.758,6.6347,0.75,5
1181,0.93,1,30.2833,0.8561,3.8502,0.7897,6.1247,0.75,5
1182,0.8,2,30.48,0.8635,3.5652,0.7898,6.333,0.75,5
1183,0.88,2,30.58,0.819,3.4087,0.7508,5.4435,0.75,5
1184,0.93,1,30.76,0.8251,3.2678,0.7604,4.9214,0.75,5
1185,0.9,1,30.96,0.8356,3.041,0.738,5.2061,0.75,5
1186,0.98,1,31.2933,0.8421,2.8369,0.7648,4.9674,0.75,5
1187,0.92,1,31.5067,0.8559,2.6532,0.729,4.6278,0.75,5
1188,0.92,1,31.76,0.8623,2.4879,0.7732,4.2837,0.75,5
1189,0.91,2,32.0567,0.868,2.3391,0.7982,3.9615,0.75,3
1190,0.85,2,32.4367,0.8722,2.3052,0.8194,3.2412,0.85,3
1191,0.84,2,32.6567,0.8567,2.2747,0.8219,2.8517,0.85,3
1192,0.88,2,32.8967,0.845,2.2472,0.8211,2.643,0.85,3
1193,0.85,2,33.0667,0.8485,2.2225,0.8154,2.5274,0.85,3
1194,0.86,3,33.2633,0.8487,2.2003,0.8305,2.4554,0.85,2
1195,0.83,3,33.4867,0.8498,2.7601,0.8358,3.4675,0.85,3
1196,0.89,1,33.6533,0.8359,2.928,0.8171,3.3678,0.85,3
1197,0.92,1,33.8333,0.8413,2.7352,0.7933,4.4244,0.75,5
1198,0.91,2,34.0133,0.8492,2.5617,0.7761,4.3281,0.75,5
1199,0.96,1,34.23,0.8553,2.5055,0.7891,3.5887,0.75,3
1200,0.91,1,34.6333,0.8658,2.355,0.768,3.789,0.75,3
1201,0.98,1,34.9233,0.8702,2.2195,0.8043,3.6328,0.85,3
1202,0.93,2,35.0667,0.8812,2.0975,0.7793,3.408,0.75,3
1203,0.89,4,35.2667,0.886,2.0878,0.816,2.8105,0.85,3
1204,0.82,3,35.4933,0.8864,3.4263,0.8479,5.1311,0.85,5
1205,0.88,2,35.7633,0.8399,3.3837,0.7786,4.388,0.75,5
1206,0.87,2,35.7167,0.8439,3.2453,0.7956,4.5653,0.75,5
1207,0.86,2,35.7467,0.8465,3.1208,0.8117,4.4203,0.85,5
1208,0.92,1,35.9067,0.8479,3.0087,0.8255,4.2134,0.85,5
1209,0.92,1,36.0433,0.8551,2.8078,0.7914,4.6705,0.75,5
1210,0.88,2,35.9967,0.8616,2.6271,0.7954,4.4975,0.75,5
1211,0.92,1,36.1167,0.8634,2.5644,0.8238,3.7242,0.85,3
1212,0.78,3,36.2867,0.8691,2.4079,0.8155,3.9058,0.85,3
1213,0.95,1,36.4333,0.8067,2.8224,0.7241,3.7902,0.75,3
1214,0.9,2,36.5533,0.8211,2.6401,0.6888,4.3069,0.65,5
1215,0.83,2,36.6633,0.8289,2.5761,0.7293,3.6446,0.75,3
1216,0.92,2,36.64,0.8291,2.5185,0.7745,3.288,0.75,3
1217,0.87,3,36.8367,0.8381,2.4667,0.7538,3.0829,0.75,3
1218,0.65,14,36.9267,0.8413,2.84,0.7875,3.4126,0.75,3
1219,0.88,3,36.99,0.7074,10.652,0.4417,30.2271,0.45,40
1220,0.8,6,37.0033,0.7247,9.8868,0.5159,22.4956,0.55,20
1221,0.87,2,37.06,0.7322,9.4981,0.6005,17.1828,0.65,20
1222,0.77,5,37.16,0.746,8.7483,0.6064,16.4937,0.65,20
1223,0.82,8,37.3567,0.7484,8.3735,0.6691,13.7178,0.65,10
1224,0.54,32,37.4767,0.7555,8.3361,0.6798,11.2812,0.65,10
1225,0.83,5,37.5433,0.6047,24.9008,0.339,44.4759,0.45,40
1226,0.78,8,37.6367,0.6272,22.9108,0.3836,43.2271,0.45,40
1227,0.92,2,37.8367,0.6425,21.4197,0.4544,38.4785,0.45,40
1228,0.9,3,38.1367,0.6702,19.4777,0.4085,38.7358,0.45,40
1229,0.85,3,38.2733,0.6932,17.8299,0.4477,35.5901,0.45,40
1230,0.68,8,38.3167,0.7089,16.3469,0.5177,32.4714,0.55,40
1231,0.38,19,38.3767,0.6887,15.5123,0.581,26.931,0.55,20
1232,0.88,1,38.37,0.4726,17.9537,0.2069,37.5287,0.45,40
1233,0.89,5,38.2133,0.5133,16.2583,0.1313,34.454,0.45,40
1234,0.79,4,38.13,0.551,15.1325,0.1631,29.0835,0.45,20
1235,0.9,2,38.0733,0.5749,14.0192,0.2781,26.331,0.45,20
1236,0.92,1,38.24,0.6074,12.8173,0.282,25.231,0.45,20
1237,0.88,4,38.33,0.6387,11.6356,0.3143,23.9334,0.45,20
1238,0.89,2,38.44,0.6628,10.872,0.3883,20.3171,0.45,20
1239,0.84,4,38.5967,0.6855,9.9848,0.4377,19.2557,0.45,20
1240,0.67,12,38.9533,0.701,9.3863,0.5103,16.647,0.55,20
1241,0.78,9,39.1433,0.6793,11.2159,0.5714,15.7932,0.55,20
1242,0.86,2,39.2867,0.6894,10.9943,0.5839,14.1531,0.55,10
1243,0.87,4,39.6467,0.7064,10.0949,0.5476,18.0838,0.55,20
1244,0.87,2,39.9567,0.7228,9.4854,0.5564,16.3468,0.55,20
1245,0.84,2,40.1933,0.7375,8.7369,0.5807,16.2372,0.55,20
1246,0.94,2,40.58,0.7478,8.0632,0.6241,15.2048,0.65,20
1247,0.93,1,40.86,0.767,7.4569,0.5871,14.01,0.55,10
1248,0.91,2,41.2333,0.7833,6.8112,0.611,13.4619,0.65,10
1249,0.91,2,41.65,0.796,6.33,0.6511,11.8685,0.65,10
1250,0.87,3,42.0167,0.8074,5.897,0.6806,10.7241,0.65,10
1251,0.9,2,42.4533,0.8136,5.6073,0.7255,9.2544,0.75,10
1252,0.99,1,42.8667,0.8223,5.2466,0.7331,8.9581,0.75,10
1253,0.91,1,43.2033,0.839,4.8219,0.6856,9.0282,0.65,10
1254,0.91,1,43.5967,0.8461,4.4398,0.742,8.476,0.75,10
1255,0.9,2,43.9,0.8525,4.0958,0.773,7.8085,0.75,10
1256,0.83,5,44.2467,0.8573,3.8862,0.7973,6.6135,0.75,5
1257,0.94,2,44.36,0.8382,4.6659,0.7977,6.4447,0.75,5
1258,0.84,2,44.34,0.8484,4.3993,0.7573,6.9079,0.75,5
1259,0.87,3,44.4467,0.8425,4.1593,0.7921,6.6526,0.75,5
1260,0.91,1,44.43,0.8453,4.0434,0.8088,5.7392,0.85,5
1261,0.91,1,44.5933,0.8517,3.7391,0.7921,6.5368,0.75,5
1262,0.93,1,44.82,0.8576,3.4652,0.7974,6.2918,0.75,5
1263,0.84,3,45.2,0.8648,3.2186,0.7939,5.858,0.75,5
1264,0.91,1,45.5133,0.8474,3.1968,0.803,4.6548,0.85,5
1265,0.89,3,45.7933,0.8537,2.9771,0.7942,5.0427,0.75,5
1266,0.88,3,46.1067,0.8573,2.9931,0.812,4.1247,0.85,5
1267,0.84,2,46.56,0.8596,2.9979,0.8279,3.6177,0.85,3
1268,0.9,1,46.8733,0.8459,2.8981,0.8216,3.8277,0.85,3
1269,0.94,1,47.1267,0.8513,2.7083,0.8025,4.4312,0.85,5
1270,0.93,2,47.2433,0.8602,2.5375,0.7787,4.2939,0.75,5
1271,0.87,2,47.3033,0.8671,2.4837,0.7919,3.5527,0.75,3
1272,0.88,2,47.3867,0.8674,2.4354,0.8262,3.1556,0.85,3
1273,0.88,2,47.2733,0.8687,2.3918,0.8436,2.9379,0.85,3
1274,0.88,1,47.1833,0.8698,2.3527,0.8529,2.8053,0.85,3
1275,0.93,2,47.1767,0.8708,2.2174,0.8581,3.4162,0.85,3
1276,0.91,1,47.02,0.8768,2.1956,0.825,2.8788,0.85,3
1277,0.93,2,46.66,0.8801,2.0761,0.8396,3.1783,0.85,3
1278,0.95,2,46.3367,0.8851,2.0685,0.8364,2.6758,0.85,3
1279,0.84,2,45.97,0.8916,2.0616,0.8293,2.3995,0.85,2
1280,0.87,3,45.4167,0.8555,2.0555,0.7992,2.2481,0.75,2
1281,0.91,2,44.8267,0.8569,2.7166,0.8236,3.5425,0.85,3
1282,0.88,3,44.2367,0.8622,2.645,0.8127,3.4136,0.85,3
1283,0.94,2,43.6033,0.864,2.8935,0.8328,3.415,0.85,3
1284,0.9,1,42.8567,0.8716,2.8041,0.8035,3.6299,0.85,3
1285,0.85,2,42.5,0.8744,2.6237,0.8298,4.2522,0.85,5
1286,0.92,2,41.9133,0.8573,2.5614,0.825,3.6045,0.85,3
1287,0.9,1,41.4167,0.8636,2.5052,0.8064,3.2558,0.85,3
1288,0.95,1,40.9733,0.8672,2.3547,0.8228,3.7232,0.85,3
1289,0.86,2,40.51,0.8755,2.2192,0.7997,3.6127,0.75,3
1290,0.91,2,40.09,0.8647,2.1973,0.821,2.9839,0.85,3
1291,0.89,1,39.5667,0.8692,2.1776,0.8232,2.6411,0.85,3
1292,0.83,3,39.05,0.8713,2.0598,0.8403,3.112,0.85,3
1293,0.84,2,38.4733,0.8424,2.7179,0.8028,3.7164,0.85,3
1294,0.92,1,38.4467,0.8407,2.6462,0.8189,3.4748,0.85,3
1295,0.95,2,38.3767,0.8486,2.4815,0.7789,3.9794,0.75,3
1296,0.97,1,38.2433,0.8588,2.4334,0.7629,3.3539,0.75,3
1297,0.89,2,37.7933,0.8699,2.29,0.7601,3.6314,0.75,3
1298,0.94,1,37.7533,0.8719,2.261,0.8093,3.0376,0.85,3
1299,0.88,2,37.7833,0.8787,2.1349,0.8104,3.3082,0.85,3
1300,0.88,1,38.1433,0.8788,2.1214,0.8414,2.7747,0.85,3
1301,0.92,2,38.47,0.879,2.0093,0.8584,3.0455,0.85,3
1302,0.94,2,39.0533,0.8831,2.0084,0.8457,2.576,0.85,3
1303,0.96,1,39.64,0.8888,2.0075,0.8353,2.3185,0.85,2
1304,0.89,4,40.2667,0.8959,1.9068,0.8275,2.7969,0.85,3
1305,0.92,2,40.8567,0.8918,3.372,0.854,5.2515,0.85,5
1306,0.82,3,41.4833,0.8946,3.2348,0.8625,4.8081,0.85,5
1307,0.88,2,42.5,0.8424,3.2113,0.7754,4.0968,0.75,5
1308,0.86,2,43.41,0.8461,3.0902,0.797,4.2472,0.75,5
1309,0.91,2,44.2667,0.8475,2.9812,0.8181,4.1193,0.85,5
1310,0.88,3,45.3533,0.8538,2.8831,0.7972,3.9378,0.75,3
1311,0.89,2,46.6367,0.8564,2.9649,0.818,3.5515,0.85,3
1312,0.91,2,47.92,0.8598,2.8684,0.8238,3.7647,0.85,3
1313,0.93,2,49.4333,0.8648,2.7816,0.817,3.6805,0.85,3
1314,0.86,2,51.15,0.8713,2.7034,0.809,3.5411,0.85,3
1315,0.87,1,52.5467,0.8634,2.6331,0.8279,3.3964,0.85,3
1316,1.0,0,54.1667,0.8641,2.4698,0.8438,3.9463,0.85,3
1317,0.89,3,55.9633,0.8776,2.2228,0.7592,4.5121,0.75,5
1318,0.83,2,57.5233,0.8789,2.7668,0.8131,4.1904,0.85,5
1319,0.88,2,59.0233,0.8447,2.6902,0.789,3.7149,0.75,3
1320,0.85,3,60.6033,0.8482,2.6211,0.805,3.4416,0.85,3
1321,0.93,2,62.41,0.8484,2.8863,0.8247,3.443,0.85,3
1322,0.85,2,64.1767,0.8565,2.7977,0.7846,3.6246,0.75,3
1323,0.81,3,66.15,0.852,2.7179,0.8121,3.5447,0.85,3
1324,0.86,2,67.54,0.8226,2.9154,0.7802,3.4301,0.75,3
1325,0.9,1,69.1967,0.8263,2.8238,0.7864,3.6662,0.75,3
1326,0.86,2,70.8433,0.8337,2.6415,0.7662,4.2889,0.75,5
1327,0.91,2,72.6667,0.8363,2.5773,0.7929,3.6373,0.75,3
1328,0.92,1,73.6567,0.8437,2.5196,0.7755,3.2862,0.75,3
1329,1.0,0,74.6967,0.8513,2.3676,0.7753,3.7506,0.75,3
1330,0.87,2,75.47,0.8662,2.1309,0.7307,4.3192,0.75,5
1331,0.92,2,76.35,0.8666,2.1178,0.7923,3.3217,0.75,3
1332,0.85,2,76.8367,0.8719,2.106,0.8103,2.7733,0.85,3
1333,0.85,2,77.3233,0.8566,2.0954,0.8178,2.4723,0.85,2
1334,0.94,1,77.53,0.852,2.0859,0.83,2.3082,0.85,2
1335,0.83,2,77.7733,0.8608,1.9773,0.7835,2.9267,0.75,3
1336,0.85,2,77.98,0.8392,1.9932,0.7892,2.5136,0.75,3
1337,0.91,2,77.8267,0.8403,1.998,0.8114,2.2831,0.85,2
1338,0.87,2,77.84,0.8473,1.9994,0.7848,2.1556,0.75,2
1339,0.9,2,77.8467,0.8496,1.9998,0.8101,2.0854,0.85,2
1340,0.94,1,77.9833,0.8546,1.9999,0.8058,2.0468,0.85,2
1341,0.89,1,77.9233,0.8631,1.9,0.7844,2.7674,0.75,3
1342,0.94,1,77.6,0.8658,1.81,0.8168,2.7236,0.85,3
1343,0.9,1,77.0467,0.8732,1.729,0.8035,2.5913,0.85,3
1344,0.93,2,76.6167,0.8759,1.6561,0.8312,2.4452,0.85,2
1345,0.88,2,76.2333,0.8813,1.8968,0.8284,2.4219,0.85,2
1346,0.92,2,75.54,0.8804,1.969,0.8514,2.2703,0.85,2
1347,0.87,3,74.5,0.8844,1.9907,0.8465,2.1579,0.85,2
1348,0.97,2,73.81,0.8743,2.6972,0.8501,3.5772,0.85,3
1349,0.89,2,73.2367,0.8839,2.6275,0.7998,3.4007,0.75,3
1350,0.85,1,72.7867,0.8845,2.5647,0.8382,3.2543,0.85,3
1351,0.92,1,71.9567,0.8603,2.4083,0.8211,3.8167,0.85,3
1352,0.89,1,71.0833,0.8663,2.2674,0.8103,3.7119,0.85,3
1353,0.87,1,70.04,0.8687,2.1407,0.8318,3.4949,0.85,3
1354,0.88,1,69.07,0.8688,2.0266,0.8486,3.263,0.85,3
1355,0.95,1,67.7,0.8699,1.924,0.8552,3.0425,0.85,3
1356,0.92,2,66.37,0.8779,1.8316,0.808,2.8402,0.85,3
1357,0.9,2,64.99,0.8821,1.9495,0.8293,2.5209,0.85,3
1358,0.87,2,64.1333,0.8839,1.9848,0.8511,2.3009,0.85,2
1359,0.86,2,63.2367,0.8742,1.9955,0.8525,2.169,0.85,2
1360,0.86,2,62.1867,0.8643,1.9986,0.8472,2.0938,0.85,2
1361,0.9,2,61.2,0.8613,1.9996,0.8512,2.0517,0.85,2
1362,0.89,1,60.45,0.8651,1.9999,0.8311,2.0284,0.85,2
1363,0.95,1,59.5533,0.8676,1.8999,0.8391,2.7671,0.85,3
1364,0.9,2,58.8967,0.8759,1.8099,0.8028,2.7234,0.85,3
1365,0.92,2,58.3867,0.8783,1.943,0.8331,2.4698,0.85,2
1366,0.93,2,57.7167,0.8825,1.9829,0.8386,2.2756,0.85,2
1367,0.96,1,57.1467,0.8872,1.9949,0.8395,2.1559,0.85,2
1368,0.87,2,56.43,0.8945,1.8954,0.8262,2.7626,0.85,3
1369,0.86,2,55.7867,0.8773,1.9686,0.8343,2.4522,0.85,2
1370,0.82,2,55.0633,0.8652,1.9906,0.8372,2.2568,0.85,2
1371,0.85,4,54.22,0.8336,1.9972,0.7915,2.1432,0.75,2
1372,0.86,2,53.68,0.8352,3.3992,0.8081,5.1377,0.85,5
1373,0.81,3,53.2367,0.8377,3.2592,0.8116,4.8016,0.85,5
1374,0.76,3,52.6233,0.8183,3.2333,0.7904,4.1075,0.75,5
1375,0.88,2,51.9667,0.7775,3.21,0.7247,3.7298,0.75,3
1376,0.88,2,51.5567,0.7877,3.089,0.6943,4.1762,0.65,5
1377,0.89,2,51.34,0.797,2.9801,0.702,4.0965,0.75,5
1378,0.83,3,50.8467,0.8063,2.8821,0.7103,3.9291,0.75,3
1379,0.93,1,50.3833,0.8086,2.9646,0.7522,3.5471,0.75,3
1380,0.92,1,49.8267,0.8208,2.7682,0.7111,4.5014,0.75,5
1381,0.83,1,49.4133,0.8307,2.5913,0.7258,4.3947,0.75,5
1382,0.93,2,49.0033,0.8302,2.4322,0.7727,4.1292,0.75,5
1383,0.87,2,48.5333,0.8402,2.389,0.7481,3.3912,0.75,3
1384,0.93,1,47.8533,0.8432,2.3501,0.7865,2.9944,0.75,3
1385,0.88,3,47.36,0.8519,2.2151,0.7704,3.4378,0.75,3
1386,0.79,3,46.8633,0.8547,2.7645,0.8038,3.7194,0.85,3
1387,0.81,3,46.4167,0.8094,2.9294,0.7468,3.4908,0.75,3
1388,0.9,1,46.0033,0.8095,2.9788,0.7752,3.2924,0.75,3
1389,0.88,1,45.5467,0.8185,2.7809,0.7378,4.5054,0.75,5
1390,0.91,1,45.31,0.8247,2.6028,0.7554,4.4131,0.75,5
1391,0.9,1,44.9167,0.8332,2.4426,0.75,4.1499,0.75,5
1392,0.88,1,44.4233,0.8399,2.2983,0.7662,3.8601,0.75,3
1393,0.9,1,43.96,0.8439,2.1685,0.7906,3.5824,0.75,3
1394,0.89,1,43.4667,0.8495,2.0516,0.7928,3.3269,0.75,3
1395,0.89,1,42.8267,0.8536,1.9465,0.8067,3.0951,0.85,3
1396,0.9,1,42.4267,0.8572,1.8518,0.8165,2.8859,0.85,3
1397,0.97,1,41.9667,0.8615,1.7666,0.8182,2.6974,0.85,3
1398,0.91,2,41.5933,0.8723,1.69,0.7753,2.5277,0.75,3
1399,0.89,1,41.08,0.8761,1.907,0.8137,2.4388,0.85,2
1400,0.91,1,40.45,0.8775,1.8163,0.8412,2.655,0.85,3
1401,0.93,1,39.96,0.8807,1.7347,0.8463,2.5785,0.85,3
1402,0.89,1,39.6067,0.8857,1.6612,0.839,2.4483,0.85,2
1403,0.89,1,39.0433,0.8861,1.5951,0.8602,2.3124,0.85,2
1404,0.87,1,38.4467,0.8865,1.5356,0.8719,2.1841,0.85,2
1405,0.87,2,37.8933,0.8749,1.482,0.8586,2.0667,0.85,2
1406,0.91,1,37.34,0.8715,1.8446,0.8615,2.3963,0.85,2
1407,0.89,1,36.73,0.8753,1.7601,0.8415,2.5524,0.85,3
1408,0.87,1,36.2633,0.8768,1.6841,0.8543,2.4733,0.85,2
1409,0.91,1,35.6167,0.872,1.6157,0.8584,2.3497,0.85,2
1410,0.95,1,35.11,0.8758,1.5541,0.8421,2.2225,0.85,2
1411,0.92,1,34.6567,0.8833,1.4987,0.8163,2.1028,0.85,2
1412,0.91,1,34.22,0.8869,1.4489,0.8384,1.9934,0.85,2
1413,0.95,1,33.81,0.8892,1.404,0.8559,1.8943,0.85,2
1414,0.9,3,33.5167,0.8953,1.3636,0.8396,1.805,0.85,2
1415,0.82,2,33.34,0.8958,2.5091,0.865,3.9485,0.85,3
1416,0.91,3,33.0633,0.8427,2.4582,0.7749,3.3618,0.75,3
1417,0.85,2,32.8267,0.8495,2.8374,0.7803,3.5199,0.75,3
1418,0.96,1,32.5533,0.8495,2.7537,0.8116,3.5704,0.85,3
1419,0.92,1,32.28,0.8606,2.5783,0.7625,4.1635,0.75,5
1420,0.8,2,31.8967,0.8665,2.4205,0.7921,4.0413,0.75,5
1421,0.88,3,31.74,0.82,2.3785,0.7493,3.3382,0.75,3
1422,0.91,1,31.46,0.826,2.8135,0.7611,3.5664,0.75,3
1423,0.9,2,31.2733,0.8344,2.6322,0.7533,4.2579,0.75,5
1424,0.88,1,31.01,0.8409,2.569,0.7687,3.6146,0.75,3
1425,0.9,1,30.8067,0.8448,2.4121,0.7928,3.8882,0.75,3
1426,0.91,1,30.5233,0.8503,2.2709,0.7947,3.7382,0.75,3
1427,0.87,2,30.3367,0.8563,2.1438,0.7963,3.5077,0.75,3
1428,0.89,3,30.2367,0.8577,2.1294,0.8227,2.8868,0.85,3
1429,0.95,1,30.2633,0.8609,2.7388,0.827,3.6002,0.85,3
1430,0.83,3,30.25,0.8698,2.5649,0.7904,4.1448,0.75,5
1431,0.92,2,30.2733,0.8419,2.8695,0.7864,3.8135,0.75,3
1432,0.95,1,30.1433,0.8498,2.7825,0.7755,3.6968,0.75,3
1433,0.89,3,30.1033,0.8598,2.6043,0.7638,4.2291,0.75,5
1434,0.86,2,30.12,0.8628,2.8813,0.8041,3.8351,0.85,3
1435,0.95,1,30.19,0.8608,2.7932,0.8286,3.7189,0.85,3
1436,0.75,6,30.0767,0.8698,2.6138,0.7904,4.2493,0.75,5
1437,0.95,2,30.0,0.7859,4.9842,0.6734,8.054,0.65,10
1438,0.87,2,29.9433,0.8023,4.6857,0.6473,7.7717,0.65,10
1439,0.88,2,30.0533,0.8091,4.4172,0.7059,7.2948,0.75,5
1440,0.89,1,30.06,0.8162,4.1754,0.7327,6.798,0.75,5
1441,0.91,2,30.0433,0.8236,3.8579,0.7449,6.9636,0.75,5
1442,0.91,2,29.97,0.8322,3.6721,0.7458,6.015,0.75,5
1443,0.93,1,29.8933,0.84,3.5049,0.7576,5.4412,0.75,5
1444,0.97,1,29.6667,0.849,3.2544,0.7588,5.6716,0.75,5
1445,0.96,1,29.3633,0.8611,3.029,0.7451,5.39,0.75,5
1446,0.93,2,29.18,0.871,2.8261,0.7643,5.0096,0.75,5
1447,0.85,1,28.94,0.8769,2.7435,0.7992,4.1375,0.75,5
1448,0.87,4,28.69,0.8581,2.5691,0.8095,4.2628,0.85,5
1449,0.86,2,28.44,0.8593,3.5707,0.8307,5.12,0.85,5
1450,0.95,2,28.1267,0.8593,3.4137,0.8437,5.0184,0.85,5
1451,0.9,2,27.7233,0.8684,3.2723,0.7893,4.7807,0.75,5
1452,0.94,1,27.4233,0.8716,3.1451,0.8203,4.5234,0.85,5
1453,0.92,1,27.1467,0.8784,2.9306,0.8128,4.938,0.85,5
1454,0.95,2,27.0033,0.8826,2.7375,0.8316,4.7404,0.85,5
1455,0.88,2,26.8233,0.8893,2.6638,0.8245,3.9336,0.85,3
1456,0.89,2,26.5533,0.8828,2.5974,0.8464,3.5002,0.85,3
1457,0.93,1,26.3033,0.8835,2.5376,0.8626,3.2538,0.85,3
1458,0.87,1,26.0,0.8882,2.3839,0.8463,3.7737,0.85,3
1459,0.93,1,25.6133,0.8754,2.2455,0.8476,3.6666,0.85,3
1460,0.9,1,25.2867,0.8809,2.1209,0.8312,3.4522,0.85,3
1461,0.89,1,24.9167,0.8828,2.0088,0.851,3.224,0.85,3
1462,0.92,1,24.4833,0.8835,1.908,0.865,3.0072,0.85,3
1463,0.92,1,24.0733,0.8872,1.8172,0.854,2.8083,0.85,3
1464,0.93,2,23.64,0.8905,1.7354,0.8567,2.6281,0.85,3
1465,0.88,2,23.15,0.8944,1.9206,0.8555,2.4607,0.85,2
1466,0.88,1,22.83,0.8843,1.9762,0.8596,2.2799,0.85,2
1467,0.91,1,22.54,0.8813,1.8786,0.8672,2.7413,0.85,3
1468,0.88,2,22.2767,0.8842,1.7907,0.8581,2.6872,0.85,3
1469,0.88,3,21.9233,0.8813,1.9372,0.8665,2.4607,0.85,2
1470,0.87,2,21.5033,0.8804,2.6812,0.8722,3.6463,0.85,3
1471,0.9,1,21.1233,0.8731,2.613,0.8631,3.4057,0.85,3
1472,0.86,2,20.7633,0.8758,2.4517,0.8518,3.9163,0.85,3
1473,0.88,2,20.43,0.8647,2.4066,0.8458,3.2993,0.85,3
1474,0.92,1,20.2133,0.8663,2.3659,0.8494,2.9687,0.85,3
1475,0.89,2,19.9667,0.8716,2.2293,0.8241,3.4589,0.85,3
1476,0.92,2,19.7333,0.8735,2.2064,0.843,2.9086,0.85,3
1477,0.89,2,19.5167,0.8781,2.1857,0.8345,2.61,0.85,3
1478,0.88,1,19.31,0.8793,2.1672,0.8533,2.4499,0.85,2
1479,0.85,3,19.1,0.8794,2.0505,0.8651,3.0743,0.85,3
1480,0.92,1,18.9367,0.8588,2.7151,0.8322,3.7114,0.85,3
1481,0.92,1,18.82,0.8649,2.5436,0.8099,4.1278,0.85,5
1482,0.9,1,18.6567,0.8704,2.3893,0.814,3.9844,0.85,3
1483,0.89,2,18.5167,0.8734,2.2503,0.8332,3.7385,0.85,3
1484,0.88,1,18.3633,0.8751,2.2253,0.8488,3.0688,0.85,3
1485,0.94,1,18.1433,0.8756,2.1028,0.8605,3.2614,0.85,3
1486,0.9,2,18.0267,0.882,1.9925,0.8255,3.1402,0.85,3
1487,0.9,2,17.8767,0.8838,1.9977,0.8491,2.6264,0.85,3
1488,0.91,1,17.68,0.8854,1.9993,0.8618,2.3436,0.85,2
1489,0.94,1,17.55,0.8879,1.8994,0.8629,2.7862,0.85,3
1490,0.94,1,17.4367,0.8931,1.8095,0.8459,2.7283,0.85,3
1491,0.87,1,17.31,0.8978,1.7285,0.8496,2.5922,0.85,3
1492,0.89,2,17.1867,0.8783,1.6557,0.8426,2.4449,0.85,2
1493,0.94,1,17.0633,0.8795,1.8967,0.8575,2.4221,0.85,2
1494,0.93,2,16.9533,0.8856,1.807,0.8317,2.6361,0.85,3
1495,0.87,2,16.8467,0.89,1.9421,0.8415,2.4261,0.85,2
1496,0.88,1,16.7133,0.876,1.9826,0.8443,2.2524,0.85,2
1497,0.9,1,16.57,0.8764,1.8844,0.8587,2.7492,0.85,3
1498,0.89,1,16.39,0.8788,1.7959,0.8561,2.6973,0.85,3
1499,0.9,1,16.19,0.8799,1.7163,0.8641,2.5649,0.85,3
1500,0.87,1,16.0,0.8819,1.6447,0.8624,2.4205,0.85,2
1501,0.89,1,15.76,0.8736,1.5802,0.8587,2.2824,0.85,2
1502,0.87,1,15.5567,0.8752,1.5222,0.8588,2.1555,0.85,2
1503,0.89,2,15.3167,0.8716,1.47,0.8615,2.0404,0.85,2
1504,0.88,1,15.1133,0.8734,1.841,0.8565,2.3967,0.85,2
1505,0.89,1,14.9233,0.8741,1.7569,0.8632,2.5471,0.85,3
1506,0.86,1,14.6867,0.8757,1.6812,0.8606,2.4674,0.85,2
1507,0.87,1,14.45,0.8647,1.6131,0.8488,2.3441,0.85,2
1508,0.74,15,14.1967,0.8652,1.5518,0.8554,2.2173,0.85,2
1509,0.88,1,13.9433,0.7776,10.9655,0.6688,22.6328,0.65,20
1510,0.67,19,13.6933,0.7878,9.969,0.6809,20.7167,0.65,20
1511,0.88,1,13.4033,0.7053,16.2907,0.5876,26.0877,0.55,20
1512,0.87,2,13.18,0.7228,14.7616,0.5582,29.0655,0.55,20
1513,0.87,2,12.9333,0.7375,13.4855,0.5813,27.0442,0.55,20
1514,0.86,1,12.66,0.7508,12.3369,0.6075,24.7605,0.65,20
1515,0.87,1,12.42,0.7617,11.2032,0.6387,23.1592,0.65,20
1516,0.89,1,12.1733,0.7725,10.1829,0.657,21.1904,0.65,20
1517,0.88,2,11.93,0.7843,9.2646,0.6643,19.2525,0.65,20
1518,0.87,1,11.7067,0.7938,8.5382,0.688,16.8814,0.65,20
1519,0.89,1,11.49,0.8015,7.7843,0.7136,15.76,0.75,20
1520,0.9,1,11.2633,0.8103,7.1059,0.7197,14.4334,0.75,10
1521,0.88,1,11.0433,0.8193,6.4953,0.727,13.1392,0.75,10
1522,0.88,2,10.8533,0.8254,5.9458,0.7524,11.9416,0.75,10
1523,0.91,1,10.6633,0.8308,5.5512,0.7688,10.2938,0.75,10
1524,0.89,1,10.46,0.8387,5.0961,0.7621,9.8208,0.75,10
1525,0.92,1,10.26,0.8439,4.6865,0.7827,9.0811,0.75,10
1526,0.9,2,10.09,0.8515,4.3178,0.7775,8.3194,0.75,10
1527,0.93,1,9.9367,0.8563,4.086,0.7979,7.0598,0.75,5
1528,0.98,1,9.77,0.8637,3.7774,0.7922,6.9102,0.75,5
1529,0.88,2,9.68,0.8753,3.4997,0.7671,6.4569,0.75,5
1530,0.9,1,9.5767,0.8758,3.3497,0.8164,5.4269,0.85,5
1531,0.98,1,9.5,0.8782,3.1148,0.8395,5.4484,0.85,5
1532,0.96,1,9.4467,0.8884,2.9033,0.7976,5.1386,0.75,5
1533,0.96,1,9.4133,0.8956,2.713,0.816,4.7679,0.85,5
1534,0.95,1,9.3967,0.902,2.5417,0.8311,4.4053,0.85,5
1535,0.96,1,9.38,0.9068,2.3875,0.8499,4.0695,0.85,5
1536,0.98,1,9.4133,0.9121,2.2487,0.8564,3.7641,0.85,3
1537,0.94,1,9.4367,0.9189,2.1239,0.8526,3.4882,0.85,3
1538,0.91,1,9.4733,0.921,2.0115,0.8804,3.2396,0.85,3
1539,0.88,1,9.54,0.9133,1.9103,0.8891,3.0157,0.85,3
1540,0.87,2,9.5933,0.89,1.8193,0.8582,2.8141,0.85,3
1541,0.9,1,9.6867,0.876,1.9458,0.8514,2.5128,0.85,3
1542,0.94,3,9.7733,0.8784,1.8512,0.8536,2.7282,0.85,3
1543,0.89,2,9.8467,0.8846,2.6554,0.8294,3.7613,0.85,3
1544,0.91,1,9.97,0.8851,2.5898,0.8545,3.4204,0.85,3
1545,0.99,1,10.1,0.8876,2.4308,0.8603,3.8826,0.85,3
1546,0.93,1,10.2233,0.8978,2.2878,0.8078,3.7614,0.85,3
1547,0.97,1,10.3567,0.901,2.159,0.8444,3.5368,0.85,3
1548,0.93,2,10.5167,0.9079,2.0431,0.8406,3.2999,0.85,3
1549,0.96,1,10.6867,0.9102,2.0388,0.8686,2.7282,0.85,3
1550,0.9,1,10.8433,0.9151,1.9349,0.8663,2.9116,0.85,3
1551,0.97,1,11.04,0.9045,1.8414,0.8747,2.8127,0.85,3
1552,0.85,2,11.22,0.9111,1.7573,0.852,2.6602,0.85,3
1553,0.91,1,11.4,0.8683,1.9272,0.8063,2.4647,0.85,2
1554,0.93,1,11.6333,0.8725,1.8345,0.8229,2.6907,0.85,3
1555,0.85,2,11.8633,0.8782,1.751,0.8215,2.6133,0.85,3
1556,0.92,1,12.0767,0.8585,1.9253,0.8189,2.4446,0.85,2
1557,0.96,2,12.2733,0.8646,1.8328,0.807,2.6841,0.85,3
1558,0.83,2,12.5533,0.8742,1.9498,0.7856,2.4381,0.75,2
1559,0.92,1,12.8133,0.8432,1.9849,0.7815,2.2559,0.75,2
1560,0.92,2,13.05,0.8509,1.8865,0.7763,2.7533,0.75,3
1561,0.97,1,13.27,0.8578,1.9659,0.7853,2.4509,0.75,2
1562,0.97,1,13.54,0.869,1.8693,0.764,2.748,0.75,3
1563,0.91,1,13.7833,0.8791,1.7824,0.7744,2.6768,0.75,3
1564,0.92,2,14.0167,0.8822,1.7042,0.8189,2.541,0.85,3
1565,0.93,2,14.34,0.886,1.9113,0.8383,2.4365,0.85,2
1566,0.92,1,14.5967,0.8904,1.9734,0.8442,2.2712,0.85,2
1567,0.9,1,14.8633,0.8934,1.876,0.8573,2.7357,0.85,3
1568,0.97,1,15.1867,0.894,1.7884,0.8735,2.6822,0.85,3
1569,0.99,1,15.5,0.9016,1.7096,0.8348,2.5505,0.85,3
1570,0.91,2,15.8033,0.9105,1.6386,0.8255,2.4072,0.85,2
1571,0.87,2,16.1233,0.9101,1.8916,0.8636,2.4164,0.85,2
1572,0.89,2,16.4333,0.882,1.9675,0.8389,2.2699,0.85,2
1573,0.94,1,16.73,0.8828,1.9902,0.8582,2.1583,0.85,2
1574,0.78,3,17.06,0.8886,1.8912,0.8372,2.7548,0.85,3
1575,0.63,6,17.37,0.8126,2.6674,0.7143,3.7389,0.75,3
1576,0.22,21,17.6667,0.6848,5.0002,0.4191,24.5753,0.45,20
1577,0.18,44,17.98,0.3594,16.2001,0.0937,35.7751,0.45,40
1578,0.13,31,18.3267,0.2338,35.66,0.0,55.2351,0.45,40
1579,0.83,5,18.6367,0.1611,35.194,0.0,46.6519,0.45,40
1580,0.93,1,18.94,0.228,32.1746,0.0,59.0988,0.45,40
1581,0.94,1,19.2167,0.2982,29.0572,0.0,59.8508,0.45,40
1582,0.9,3,19.57,0.3624,26.2514,0.0,55.8555,0.45,40
1583,0.9,3,19.8833,0.4162,23.9263,0.0,49.7998,0.45,40
1584,0.97,1,20.1333,0.4646,21.8337,0.0,44.8578,0.45,40
1585,0.92,1,20.41,0.5151,19.7503,0.0,41.7822,0.45,40
1586,0.91,2,20.7033,0.5556,17.8753,0.1014,38.1233,0.45,40
1587,0.87,1,21.03,0.591,16.2877,0.1956,33.9654,0.45,40
1588,0.82,3,21.3167,0.6189,14.759,0.2942,31.1751,0.45,40
1589,0.93,2,21.5267,0.639,13.5831,0.39,27.1779,0.45,20
1590,0.91,1,21.7833,0.6681,12.4248,0.3813,24.928,0.45,20
1591,0.73,5,22.1,0.6923,11.2823,0.4303,23.3258,0.45,20
1592,0.46,32,22.3067,0.6961,10.6541,0.5489,19.2092,0.55,20
1593,0.2,20,22.5433,0.5308,25.5962,0.2651,45.1713,0.45,40
1594,0.42,20,22.8633,0.2992,25.0366,0.0335,44.6117,0.45,40
1595,0.21,55,23.0767,0.3113,24.5329,0.132,36.11,0.45,40
1596,0.9,1,23.3233,0.2404,45.8599,0.1086,73.0295,0.45,40
1597,0.82,8,23.5467,0.3064,41.3739,0.0,83.0231,0.45,40
1598,0.88,2,23.7333,0.3577,38.0365,0.0,74.8864,0.45,40
1599,0.91,1,23.8133,0.4099,34.4329,0.0,71.6331,0.45,40
1600,0.93,2,23.9733,0.46,31.0896,0.0,66.5246,0.45,40
1601,0.87,2,24.03,0.507,28.1806,0.0079,60.008,0.45,40
1602,0.91,1,24.1033,0.5433,25.5625,0.1263,54.1858,0.45,40
1603,0.91,1,24.2867,0.5799,23.1063,0.1884,49.5533,0.45,40
1604,0.91,3,24.34,0.6129,20.8957,0.2553,44.9226,0.45,40
1605,0.71,4,24.42,0.6426,19.1061,0.319,39.4531,0.45,40
1606,0.65,9,24.51,0.6494,17.5955,0.4628,34.794,0.45,40
1607,0.2,25,24.6567,0.6494,16.7359,0.5472,28.7481,0.55,20
1608,0.79,6,24.6733,0.3348,22.5208,0.0691,42.0958,0.45,40
1609,0.77,3,24.71,0.3804,20.8687,0.0,38.7624,0.45,40
1610,0.14,32,24.86,0.4193,19.0818,0.0103,37.416,0.45,40
1611,0.07,36,24.9867,0.2238,28.1246,0.0,47.6996,0.45,40
1612,0.28,22,24.98,0.1161,33.6374,0.0,53.2124,0.45,40
1613,0.21,25,25.0267,0.1325,32.4736,0.0,47.1974,0.45,40
1614,0.58,13,25.1833,0.1403,31.7263,0.0102,42.0721,0.45,40
1615,0.85,2,25.2533,0.1842,29.8536,0.0,47.0523,0.45,40
1616,0.42,41,25.3167,0.2508,27.0683,0.0,52.9933,0.45,40
1617,0.0,100,25.3467,0.2677,36.8205,0.0,55.4639,0.45,40
1618,0.41,34,25.3533,0.0803,81.0461,0.0,100.0,0.45,40
1619,0.84,4,25.5367,0.1133,76.3415,0.0,100.0,0.45,40
1620,0.91,1,25.69,0.186,69.1074,0.0,100.0,0.45,40
1621,0.91,2,25.7667,0.2584,62.2966,0.0,100.0,0.45,40
1622,0.57,17,25.8833,0.3235,56.267,0.0,100.0,0.45,40
1623,0.33,40,26.0033,0.3482,52.3403,0.0,100.0,0.45,40
1624,0.32,14,26.1133,0.3355,51.1063,0.0971,80.0673,0.45,40
1625,0.06,56,26.1767,0.3246,47.3956,0.1934,83.2696,0.45,40
1626,0.02,63,26.2233,0.1394,53.4187,0.0,72.9937,0.45,40
1627,0.19,56,26.3333,0.0558,60.1256,0.0,73.6897,0.45,40
1628,0.46,18,26.4067,0.0692,59.713,0.0,67.9589,0.45,40
1629,0.1,38,26.59,0.1083,55.5417,0.0,91.9938,0.45,40
1630,0.24,52,26.8067,0.1025,53.7876,0.0,78.8875,0.45,40
1631,0.81,4,27.0367,0.1162,53.6088,0.0,67.4437,0.45,40
1632,0.11,87,27.2467,0.1856,48.6479,0.0,92.3281,0.45,40
1633,0.22,78,27.4867,0.1327,75.4944,0.0,100.0,0.45,40
1634,0.95,1,27.78,0.1414,77.2483,0.0,99.7925,0.45,40
1635,0.9,3,28.04,0.2223,69.6235,0.0,100.0,0.45,40
1636,0.77,5,28.2867,0.29,62.9611,0.0,100.0,0.45,40
1637,0.89,1,28.4533,0.338,57.165,0.0,100.0,0.45,40
1638,0.97,1,28.7667,0.3932,51.5485,0.0,100.0,0.45,40
1639,0.78,11,29.0033,0.4509,46.4937,0.0,100.0,0.45,40
1640,0.96,1,29.14,0.4838,42.9443,0.0528,85.8791,0.45,40
1641,0.98,1,29.31,0.5314,38.7499,0.0558,82.0617,0.45,40
1642,0.82,2,29.5833,0.5763,34.9749,0.1081,75.4017,0.45,40
1643,0.88,3,29.82,0.6007,31.6774,0.2684,67.8424,0.45,40
1644,0.89,2,30.0767,0.6286,28.8097,0.3256,60.6021,0.45,40
1645,0.81,4,30.2967,0.6547,26.1287,0.3738,55.175,0.45,40
1646,0.41,18,30.5567,0.6703,23.9158,0.4658,48.842,0.45,40
1647,0.8,5,30.93,0.4881,23.3242,0.2224,42.8993,0.45,40
1648,0.86,2,31.2067,0.5193,21.4918,0.2121,40.6605,0.45,40
1649,0.89,2,31.3533,0.5533,19.5426,0.2133,39.4402,0.45,40
1650,0.92,1,31.6167,0.587,17.7884,0.2407,36.5014,0.45,40
1651,0.87,2,31.8933,0.6203,16.1095,0.2748,33.9136,0.45,40
1652,0.92,1,32.1067,0.6453,14.6986,0.3577,30.3444,0.45,40
1653,0.91,2,32.4033,0.6728,13.3287,0.3872,27.9759,0.45,20
1654,0.89,1,32.55,0.6965,12.1958,0.438,24.8791,0.45,20
1655,0.87,2,32.7367,0.7158,11.0763,0.4963,23.0141,0.45,20
1656,0.97,1,32.9633,0.7312,10.1686,0.5514,20.4008,0.55,20
1657,0.89,1,33.2667,0.7551,9.2518,0.5259,18.979,0.55,20
1658,0.91,1,33.53,0.7686,8.4266,0.597,17.3477,0.55,20
1659,0.88,3,33.7533,0.7827,7.6839,0.6283,15.7678,0.65,20
1660,0.92,2,33.9,0.7925,7.2155,0.673,13.224,0.65,10
1661,0.86,2,34.21,0.8052,6.694,0.6767,12.2872,0.65,10
1662,0.91,1,34.4333,0.8107,6.2246,0.7258,11.319,0.75,10
1663,0.87,2,34.5433,0.8206,5.7021,0.7228,11.0229,0.75,10
1664,0.9,2,34.6933,0.8256,5.3319,0.757,9.6677,0.75,10
1665,0.96,2,34.8733,0.833,4.9987,0.7583,8.7387,0.75,10
1666,0.89,1,35.1,0.8457,4.6989,0.7282,8.0091,0.75,10
1667,0.87,1,35.3533,0.8501,4.329,0.7752,8.0134,0.75,10
1668,0.89,2,35.53,0.8521,3.9961,0.8076,7.5182,0.85,10
1669,0.95,1,35.77,0.8559,3.7965,0.815,6.3883,0.85,5
1670,0.91,2,36.1433,0.8653,3.5168,0.7807,6.3267,0.75,5
1671,0.9,2,36.4867,0.8698,3.3651,0.8094,5.3897,0.85,5
1672,0.9,1,36.8333,0.8728,3.2286,0.8306,4.8506,0.85,5
1673,0.92,1,37.2033,0.8755,3.0058,0.8425,5.1327,0.85,5
1674,0.79,4,37.4533,0.88,2.8052,0.8374,4.8986,0.85,5
1675,0.85,1,37.7033,0.817,3.6416,0.7356,5.1869,0.75,5
1676,0.87,1,38.0167,0.8203,3.3774,0.7673,5.8194,0.75,5
1677,0.94,1,38.24,0.8253,3.1397,0.7733,5.5971,0.75,5
1678,0.95,2,38.4,0.8367,2.9257,0.7333,5.2179,0.75,5
1679,0.86,2,38.62,0.8481,2.8331,0.7347,4.3233,0.75,5
1680,0.65,10,38.8133,0.8493,2.7498,0.7863,3.8398,0.75,3
1681,0.17,57,38.9033,0.7098,7.8249,0.4441,27.4,0.45,20
1682,0.85,3,39.0433,0.3319,42.2475,0.0662,61.8225,0.45,40
1683,0.95,1,39.2233,0.3837,38.3227,0.0,74.0048,0.45,40
1684,0.98,1,39.36,0.4404,34.5905,0.0,72.3979,0.45,40
1685,0.87,1,39.5167,0.4943,31.2314,0.0,66.97,0.45,40
1686,0.88,4,39.8,0.5319,28.2083,0.0852,60.9252,0.45,40
1687,0.89,1,39.87,0.5667,25.7874,0.1782,53.3879,0.45,40
1688,0.96,1,39.9667,0.599,23.3087,0.2471,49.5868,0.45,40
1689,0.94,2,40.11,0.6351,21.0778,0.2675,45.1897,0.45,40
1690,0.88,2,40.3667,0.6656,19.17,0.3333,40.3382,0.45,40
1691,0.95,1,40.37,0.6871,17.453,0.4269,36.3238,0.45,40
1692,0.87,3,40.48,0.7134,15.8077,0.4445,33.4254,0.45,40
1693,0.97,1,40.75,0.729,14.527,0.5287,29.2396,0.55,20
1694,0.93,2,40.9867,0.7531,13.1743,0.5171,27.4055,0.55,20
1695,0.94,1,41.1867,0.7708,12.0568,0.5702,24.4926,0.55,20
1696,0.91,2,41.39,0.7877,10.9512,0.6044,22.7122,0.65,20
1697,0.95,1,41.64,0.8,10.056,0.6539,20.1429,0.65,20
1698,0.88,1,41.78,0.815,9.1504,0.6622,18.752,0.65,20
1699,0.96,1,41.9167,0.8215,8.3354,0.7206,17.1449,0.75,20
1700,0.92,2,41.8167,0.8353,7.6019,0.7031,15.5858,0.75,20
1701,0.81,4,41.7933,0.8438,7.0417,0.7406,13.5777,0.75,10
1702,0.97,1,41.7433,0.8201,6.7375,0.7565,11.1841,0.75,10
1703,0.93,2,41.77,0.8351,6.1638,0.7006,11.7031,0.75,10
1704,0.98,1,41.7967,0.8446,5.7474,0.7342,10.4635,0.75,10
1705,0.82,4,41.8433,0.8581,5.2726,0.7261,10.1326,0.75,10
1706,0.9,3,41.6967,0.8314,5.1454,0.7519,8.027,0.75,10
1707,0.94,1,41.5967,0.8383,4.9308,0.7646,7.3705,0.75,5
1708,0.87,2,41.6733,0.8485,4.5378,0.7515,8.1989,0.75,10
1709,0.94,1,41.8,0.8506,4.284,0.7943,7.2612,0.75,5
1710,0.9,2,41.76,0.8596,3.9556,0.7761,7.2371,0.75,5
1711,0.94,1,41.8,0.8636,3.76,0.806,6.2311,0.85,5
1712,0.93,2,41.9,0.8712,3.484,0.7979,6.2335,0.75,5
1713,0.88,4,42.0067,0.8771,3.3356,0.8122,5.3165,0.85,5
1714,0.95,1,42.16,0.8774,3.8007,0.8418,5.0291,0.85,5
1715,0.96,1,42.29,0.8847,3.5206,0.8188,6.0407,0.85,5
1716,0.88,3,42.45,0.8922,3.2686,0.8176,5.8536,0.85,5
1717,0.88,2,42.7067,0.8837,3.2417,0.8414,4.6766,0.85,5
1718,0.89,1,43.0833,0.8811,3.1175,0.8578,4.4506,0.85,5
1719,0.96,1,43.4333,0.882,2.9058,0.8671,4.8818,0.85,5
1720,0.9,2,43.6933,0.8898,2.7152,0.8216,4.6907,0.85,5
1721,0.87,3,43.8933,0.8908,2.6437,0.8525,3.8908,0.85,3
1722,0.9,1,44.1267,0.8762,2.8931,0.8485,3.6428,0.85,3
1723,0.9,2,44.31,0.8786,2.7038,0.853,4.396,0.85,5
1724,0.93,2,44.3667,0.8808,2.6334,0.8575,3.7431,0.85,3
1725,0.94,1,44.4267,0.8857,2.5701,0.8411,3.3893,0.85,3
1726,0.86,3,44.6267,0.8911,2.4131,0.8381,3.8466,0.85,3
1727,0.88,2,44.76,0.8693,2.8239,0.8297,3.7596,0.85,3
1728,0.95,1,44.9467,0.8704,2.7415,0.8468,3.6208,0.85,3
1729,0.93,2,45.0967,0.8784,2.5674,0.8081,4.1525,0.85,5
1730,0.9,2,45.3167,0.8835,2.5106,0.8245,3.5085,0.85,3
1731,0.89,2,45.3867,0.8852,2.4596,0.8498,3.163,0.85,3
1732,0.85,2,45.6167,0.8857,2.4136,0.8658,2.9679,0.85,3
1733,0.89,1,45.81,0.8607,2.3723,0.8279,2.8422,0.85,3
1734,0.89,2,45.9633,0.8636,2.235,0.8325,3.4525,0.85,3
1735,0.85,3,46.3867,0.8663,2.2115,0.8377,2.9088,0.85,3
1736,0.95,1,46.8067,0.8549,2.7635,0.8338,3.5466,0.85,3
1737,0.88,1,47.1133,0.8644,2.5871,0.7811,4.1753,0.75,5
1738,0.85,1,47.5467,0.866,2.4284,0.8184,4.0565,0.85,5
1739,0.88,1,47.8833,0.8548,2.2856,0.8253,3.8118,0.85,3
1740,0.91,2,48.2633,0.8573,2.157,0.8301,3.5504,0.85,3
1741,0.92,2,48.6067,0.8626,2.1413,0.8145,2.9165,0.85,3
1742,0.89,4,49.0833,0.8683,2.1272,0.812,2.5691,0.85,3
1743,0.85,4,49.3367,0.8705,3.4382,0.8344,5.0801,0.85,5
1744,0.96,1,49.8233,0.8561,3.8314,0.8296,4.8543,0.85,5
1745,0.92,2,50.38,0.8665,3.5483,0.7753,6.0667,0.75,5
1746,0.83,2,50.7133,0.8719,3.3935,0.8037,5.3184,0.85,5
1747,0.92,1,51.0033,0.8426,3.2541,0.7905,4.8578,0.75,5
1748,0.89,2,51.2067,0.8503,3.0287,0.7774,5.1716,0.75,5
1749,0.95,1,51.54,0.8543,2.9258,0.8015,4.4001,0.85,5
1750,0.92,2,51.83,0.8638,2.7333,0.776,4.5882,0.75,5
1751,0.96,1,52.1833,0.8695,2.6599,0.801,3.8585,0.85,3
1752,0.89,2,52.4533,0.8785,2.4939,0.7915,4.076,0.75,5
1753,0.91,2,52.4233,0.8797,2.4445,0.831,3.4111,0.85,3
1754,0.91,2,52.57,0.8827,2.4001,0.8452,3.055,0.85,3
1755,0.93,2,52.7,0.8854,2.3601,0.8541,2.8591,0.85,3
1756,0.97,1,52.6567,0.8899,2.3241,0.8476,2.739,0.85,3
1757,0.93,1,52.6467,0.8979,2.1917,0.8247,3.3621,0.85,3
1758,0.89,1,52.6867,0.9011,2.0725,0.8523,3.2885,0.85,3
1759,0.9,1,52.7967,0.8933,1.9652,0.8649,3.1092,0.85,3
1760,0.9,2,52.7967,0.894,1.8687,0.8774,2.9143,0.85,3
1761,0.95,1,53.2933,0.8946,1.9606,0.8841,2.5445,0.85,3
1762,0.93,2,53.5567,0.9001,1.8646,0.8518,2.7568,0.85,3
1763,0.97,1,53.7433,0.9031,1.9594,0.8661,2.462,0.85,2
1764,0.88,2,54.0133,0.9098,1.8634,0.8484,2.7397,0.85,3
1765,0.89,1,54.0467,0.8889,1.959,0.8465,2.4534,0.85,2
1766,0.92,2,54.0367,0.889,1.8631,0.8658,2.7377,0.85,3
1767,0.91,1,54.0367,0.8921,1.9589,0.8624,2.4525,0.85,2
1768,0.87,2,54.0267,0.8939,1.863,0.8715,2.7374,0.85,3
1769,0.83,3,53.84,0.8772,1.9589,0.8531,2.4523,0.85,2
1770,0.88,2,53.95,0.8442,2.6877,0.8012,3.63,0.85,3
1771,0.93,1,54.1233,0.8477,2.6189,0.8087,3.4076,0.85,3
1772,0.89,2,53.9833,0.856,2.457,0.7815,3.9258,0.75,3
1773,0.9,1,53.88,0.8594,2.4113,0.809,3.3081,0.85,3
1774,0.95,1,53.66,0.8634,2.2702,0.8187,3.5889,0.85,3
1775,0.88,2,53.4533,0.8721,2.1432,0.7931,3.4603,0.75,3
1776,0.88,1,53.2333,0.8729,2.1288,0.8291,2.8609,0.85,3
1777,0.93,1,53.0567,0.8736,2.016,0.8488,3.0738,0.85,3
1778,0.93,1,52.7367,0.8792,1.9144,0.8285,2.9688,0.85,3
1779,0.86,1,52.2867,0.8843,1.8229,0.8322,2.8039,0.85,3
1780,0.9,1,51.9167,0.8673,1.7406,0.8318,2.6339,0.85,3
1781,0.9,5,51.5833,0.8706,1.6666,0.8362,2.4739,0.85,2
1782,0.97,1,51.2667,0.8735,4.0,0.8418,6.9242,0.85,5
1783,0.95,1,51.0467,0.8832,3.7,0.7977,6.7549,0.75,5
1784,0.98,1,50.8167,0.8898,3.43,0.8153,6.3077,0.85,5
1785,0.91,2,50.6367,0.8989,3.187,0.8107,5.8184,0.85,5
1786,0.87,2,50.5467,0.9,3.0683,0.8507,4.8394,0.85,5
1787,0.9,1,50.4233,0.879,2.9615,0.8415,4.3028,0.85,5
1788,0.93,1,50.3,0.8811,2.7653,0.8537,4.6181,0.85,5
1789,0.89,1,50.3433,0.886,2.5888,0.841,4.4254,0.85,5
1790,0.97,1,50.4933,0.8864,2.4299,0.8615,4.1358,0.85,5
1791,0.9,1,50.0633,0.8947,2.2869,0.821,3.8395,0.85,3
1792,0.92,1,49.8133,0.8953,2.1582,0.8546,3.5612,0.85,3
1793,0.88,2,49.6367,0.8977,2.0424,0.8668,3.307,0.85,3
1794,0.92,2,49.38,0.8853,2.0382,0.8624,2.7318,0.85,3
1795,0.93,2,48.7333,0.8888,2.0343,0.8562,2.4157,0.85,2
1796,0.97,1,48.35,0.8929,2.0309,0.853,2.2419,0.85,2
1797,0.98,1,48.0233,0.9006,1.9278,0.8303,2.8292,0.85,3
1798,0.89,2,47.6033,0.9086,1.835,0.8297,2.779,0.85,3
1799,0.84,2,47.4033,0.8956,1.9505,0.8495,2.487,0.85,2
1800,0.95,1,46.9667,0.8567,1.9852,0.8023,2.2821,0.85,2
1801,0.9,2,46.6067,0.866,1.8866,0.7798,2.7563,0.75,3
1802,0.92,1,46.4,0.8694,1.966,0.8137,2.4523,0.85,2
1803,0.92,1,46.08,0.8745,1.8694,0.821,2.7484,0.85,3
1804,0.86,1,45.7267,0.879,1.7825,0.8299,2.677,0.85,3
1805,0.95,2,45.1733,0.8657,1.7042,0.8341,2.5411,0.85,3
1806,0.96,1,44.68,0.8741,1.9113,0.799,2.4365,0.75,2
1807,0.87,3,44.2667,0.8827,1.8201,0.7977,2.6611,0.75,3
1808,0.88,1,43.9967,0.8738,2.646,0.8259,3.7681,0.85,3
1809,0.91,2,43.7133,0.8744,2.4814,0.8477,4.0355,0.85,5
1810,0.86,3,43.35,0.878,2.4333,0.8438,3.3813,0.85,3
1811,0.92,3,42.9467,0.8654,2.83,0.841,3.5449,0.85,3
1812,0.85,2,42.5533,0.8709,2.949,0.8217,3.3674,0.85,3
1813,0.86,3,42.3467,0.8563,2.8541,0.8238,3.7083,0.85,3
1814,0.89,1,42.1233,0.8566,2.9562,0.8386,3.4409,0.85,3
1815,0.92,1,41.7967,0.86,2.7606,0.8294,4.4776,0.85,5
1816,0.89,1,41.4,0.866,2.5845,0.8113,4.3776,0.85,5
1817,0.95,1,41.0967,0.8684,2.4261,0.8319,4.115,0.85,5
1818,0.89,1,40.7467,0.8765,2.2835,0.803,3.8278,0.85,3
1819,0.92,2,40.3133,0.8779,2.1551,0.8359,3.5531,0.85,3
1820,0.87,3,39.85,0.8821,2.1396,0.8389,2.917,0.85,3
1821,0.9,1,39.52,0.8736,2.7419,0.8478,3.6009,0.85,3
1822,0.93,1,39.16,0.8763,2.5677,0.8494,4.1497,0.85,5
1823,0.95,1,38.6333,0.8816,2.4109,0.8328,4.023,0.85,5
1824,0.95,1,38.1433,0.8885,2.2698,0.8234,3.7787,0.85,3
1825,0.93,1,38.0867,0.8946,2.1429,0.8305,3.5196,0.85,3
1826,0.94,1,37.82,0.8982,2.0286,0.8515,3.2739,0.85,3
1827,0.87,2,37.61,0.9023,1.9257,0.858,3.0485,0.85,3
1828,0.89,2,37.34,0.8797,1.9777,0.8426,2.5961,0.85,3
1829,0.87,3,37.1433,0.8807,1.9933,0.8585,2.3326,0.85,2
1830,0.89,2,36.8,0.8732,2.698,0.8579,3.5905,0.85,3
1831,0.94,1,36.38,0.8749,2.6282,0.8581,3.4062,0.85,3
1832,0.88,1,35.9567,0.8814,2.4654,0.8242,3.9402,0.85,3
1833,0.97,1,35.6867,0.8804,2.3188,0.8491,3.8245,0.85,3
1834,0.93,1,35.47,0.8894,2.187,0.8098,3.5969,0.85,3
1835,0.88,2,35.3967,0.8934,2.0683,0.8374,3.355,0.85,3
1836,0.93,2,35.2433,0.884,2.0614,0.8512,2.7687,0.85,3
1837,0.84,3,35.01,0.8886,2.0553,0.8449,2.4463,0.85,2
1838,0.93,2,34.88,0.8546,2.7166,0.8061,3.5633,0.85,3
1839,0.94,1,34.6833,0.8621,2.6449,0.7915,3.4203,0.75,3
1840,0.92,1,34.4533,0.8699,2.4804,0.7921,3.9687,0.75,3
1841,0.88,2,34.36,0.8749,2.3324,0.8141,3.8531,0.85,3
1842,0.96,2,34.31,0.8754,2.2992,0.8418,3.1805,0.85,3
1843,0.92,1,34.1667,0.8839,2.2692,0.8083,2.8173,0.85,3
1844,0.91,1,34.02,0.8875,2.1423,0.8356,3.2831,0.85,3
1845,0.87,2,34.0,0.8898,2.0281,0.8553,3.1992,0.85,3
1846,0.94,2,33.9367,0.8759,2.0253,0.8504,2.6672,0.85,3
1847,0.98,1,33.6867,0.8823,2.0227,0.825,2.375,0.85,2
1848,0.9,1,33.5233,0.8921,1.9205,0.8018,2.8281,0.85,3
1849,0.91,2,33.2933,0.8929,1.8284,0.8429,2.7688,0.85,3
1850,0.94,1,33.1133,0.8946,1.9485,0.8635,2.4846,0.85,2
1851,0.93,1,32.9533,0.8991,1.8537,0.8562,2.727,0.85,3
1852,0.94,2,32.7,0.9022,1.7683,0.8666,2.6497,0.85,3
1853,0.92,1,32.4633,0.906,1.9305,0.8679,2.4534,0.85,2
1854,0.91,1,32.3133,0.9074,1.8374,0.8833,2.6936,0.85,3
1855,0.9,1,32.1633,0.9077,1.7537,0.8942,2.6181,0.85,3
1856,0.92,1,32.1133,0.9023,1.6783,0.8924,2.4854,0.85,2
1857,0.95,1,31.9333,0.9041,1.6105,0.8878,2.3463,0.85,2
1858,0.85,2,31.82,0.9087,1.5494,0.8678,2.2148,0.85,2
1859,0.93,2,31.6067,0.8676,1.8648,0.812,2.3991,0.85,2
1860,0.97,1,31.44,0.8738,1.9595,0.8118,2.2747,0.85,2
1861,0.83,2,31.3433,0.8835,1.8635,0.7934,2.7132,0.75,3
1862,0.92,2,31.25,0.846,1.9591,0.7784,2.4393,0.75,2
1863,0.96,1,31.0567,0.8534,1.9877,0.7794,2.2531,0.75,2
1864,0.94,1,30.8333,0.8641,1.8889,0.7632,2.7577,0.75,3
1865,0.93,3,30.6733,0.8717,1.8,0.7857,2.7059,0.75,3
1866,0.83,3,30.5267,0.8775,2.64,0.8084,3.7928,0.85,3
1867,0.94,1,30.3667,0.8443,2.892,0.7883,3.5964,0.75,3
1868,0.94,2,30.12,0.8538,2.7028,0.7653,4.3882,0.75,5
1869,0.95,1,29.9233,0.8624,2.6325,0.7734,3.7387,0.75,3
1870,0.86,2,29.7833,0.8712,2.4693,0.781,4.0091,0.75,5
1871,0.92,1,29.7033,0.8634,2.4223,0.813,3.3588,0.85,3
1872,0.89,1,29.5233,0.869,2.2801,0.8127,3.6159,0.85,3
1873,0.97,1,29.3233,0.8711,2.1521,0.8353,3.4816,0.85,3
1874,0.89,1,29.12,0.881,2.0369,0.7931,3.2731,0.75,3
1875,0.96,1,28.9333,0.8819,1.9332,0.8331,3.0588,0.85,3
1876,0.96,1,28.6733,0.8897,1.8399,0.8169,2.8572,0.85,3
1877,0.87,2,28.58,0.8967,1.7559,0.8239,2.6729,0.85,3
1878,0.97,1,28.37,0.878,1.9268,0.8319,2.4718,0.85,2
1879,0.89,3,28.1233,0.8872,1.8341,0.8036,2.6914,0.85,3
1880,0.89,2,27.9067,0.8875,2.6502,0.8416,3.765,0.85,3
1881,0.99,1,27.7567,0.8877,2.5852,0.8625,3.4163,0.85,3
1882,0.99,1,27.5767,0.898,2.4267,0.8082,3.8747,0.85,3
1883,0.87,2,27.4933,0.9072,2.284,0.8135,3.7535,0.85,3
1884,0.86,1,27.34,0.8812,2.2556,0.8205,3.0973,0.85,3
1885,0.86,1,27.2467,0.8663,2.1301,0.8284,3.3124,0.85,3
1886,0.89,1,27.06,0.8619,2.017,0.8404,3.1916,0.85,3
1887,0.95,1,26.9233,0.8647,1.9153,0.8377,3.007,0.85,3
1888,0.93,1,26.7933,0.8732,1.8238,0.7978,2.8175,0.75,3
1889,0.92,1,26.58,0.8789,1.7414,0.8147,2.6395,0.85,3
1890,0.96,1,26.45,0.883,1.6673,0.8329,2.4768,0.85,2
1891,0.91,4,26.25,0.8907,1.6006,0.8186,2.3295,0.85,2
1892,0.94,1,26.03,0.8927,3.2802,0.8497,5.3988,0.85,5
1893,0.9,1,25.91,0.8974,3.0522,0.8501,5.3447,0.85,5
1894,1.0,0,25.84,0.8976,2.8469,0.8716,5.0249,0.85,5
1895,0.97,1,25.7067,0.9079,2.5622,0.818,5.304,0.85,5
1896,0.96,1,25.5433,0.9141,2.406,0.8411,4.4285,0.85,5
1897,0.93,1,25.48,0.9187,2.2654,0.8623,3.9127,0.85,3
1898,0.95,1,25.3867,0.9198,2.1389,0.8874,3.5595,0.85,3
1899,0.96,2,25.2533,0.9228,2.025,0.8912,3.2823,0.85,3
1900,0.9,1,25.1333,0.9266,2.0225,0.89,2.7115,0.85,3
1901,0.98,1,24.9633,0.908,1.9202,0.8774,2.8838,0.85,3
1902,0.86,2,24.8633,0.9152,1.8282,0.8505,2.7849,0.85,3
1903,0.89,1,24.7067,0.8766,1.9485,0.817,2.4932,0.85,2
1904,0.94,2,24.5967,0.8779,1.8536,0.8433,2.7285,0.85,3
1905,0.97,1,24.37,0.8841,1.9561,0.827,2.4518,0.85,2
1906,0.9,2,24.23,0.8927,1.8605,0.8119,2.7329,0.85,3
1907,0.91,1,24.09,0.8934,1.9581,0.8487,2.4511,0.85,2
1908,0.86,3,24.0267,0.8951,1.8623,0.8667,2.7359,0.85,3
1909,0.94,2,23.9233,0.8705,2.6587,0.8364,3.7551,0.85,3
1910,0.91,2,23.8067,0.8775,2.5928,0.8144,3.4216,0.85,3
1911,0.93,1,23.6467,0.8807,2.5335,0.8361,3.2194,0.85,3
1912,0.92,3,23.5133,0.8857,2.3802,0.8364,3.762,0.85,3
1913,0.98,1,23.41,0.8891,2.8141,0.8489,3.7423,0.85,3
1914,0.89,1,23.3567,0.8982,2.6327,0.8163,4.2858,0.85,5
1915,0.9,1,23.17,0.8925,2.4694,0.8471,4.1499,0.85,5
1916,0.9,1,23.0733,0.8932,2.3224,0.8675,3.8943,0.85,3
1917,0.89,3,23.0533,0.8939,2.1902,0.8786,3.6242,0.85,3
1918,0.9,1,22.9033,0.8912,2.7571,0.8822,3.8106,0.85,3
1919,0.89,1,22.8233,0.892,2.5814,0.8829,4.2106,0.85,5
1920,0.92,1,22.7567,0.8906,2.4232,0.8853,4.0593,0.85,5
1921,0.91,1,22.7567,0.8936,2.2809,0.8679,3.806,0.85,3
1922,0.87,1,22.7167,0.8952,2.1528,0.8752,3.5426,0.85,3
1923,0.93,2,22.74,0.8776,2.0375,0.8531,3.294,0.85,3
1924,0.95,1,22.71,0.8828,2.0338,0.8354,2.7227,0.85,3
1925,0.94,2,22.6867,0.8895,1.9304,0.8257,2.903,0.85,3
1926,0.9,2,22.6867,0.8946,1.9791,0.8386,2.5153,0.85,3
1927,0.89,1,22.6,0.8951,1.9937,0.8641,2.2879,0.85,2
1928,0.89,1,22.5433,0.8915,1.8944,0.874,2.771,0.85,3
1929,0.9,1,22.52,0.8905,1.8049,0.8807,2.7171,0.85,3
1930,0.89,1,22.4733,0.8914,1.7244,0.8816,2.5828,0.85,3
1931,0.85,2,22.4033,0.8904,1.652,0.8849,2.4366,0.85,2
1932,0.9,1,22.3633,0.8621,1.8956,0.8269,2.4207,0.85,2
1933,0.94,1,22.44,0.8659,1.806,0.8278,2.6342,0.85,3
1934,0.94,1,22.42,0.8733,1.7254,0.8058,2.5587,0.85,3
1935,0.91,1,22.5133,0.88,1.6529,0.8113,2.4301,0.85,2
1936,0.93,2,22.6333,0.883,1.5876,0.8373,2.2959,0.85,2
1937,0.9,2,22.72,0.8877,1.8763,0.8399,2.4039,0.85,2
1938,0.95,1,22.7367,0.8889,1.9629,0.8606,2.2712,0.85,2
1939,0.93,2,22.8133,0.895,1.8666,0.8398,2.7185,0.85,3
1940,0.84,1,23.0,0.8985,1.96,0.8557,2.4407,0.85,2
1941,0.89,1,23.1667,0.8576,1.864,0.8017,2.7371,0.85,3
1942,0.9,1,23.3133,0.8608,1.7776,0.8192,2.6664,0.85,3
1943,0.95,1,23.4467,0.8647,1.6998,0.8238,2.5315,0.85,3
1944,0.93,2,23.5133,0.8733,1.6298,0.796,2.3886,0.75,2
1945,0.93,2,23.6533,0.8789,1.889,0.814,2.4141,0.85,2
1946,0.95,1,23.78,0.884,1.9667,0.8272,2.27,0.85,2
1947,0.93,1,23.83,0.8906,1.87,0.8255,2.7246,0.85,3
1948,0.94,2,23.9933,0.8946,1.783,0.8452,2.6708,0.85,3
1949,0.88,1,24.09,0.8991,1.9349,0.8513,2.4563,0.85,2
1950,0.94,1,24.2267,0.8857,1.8414,0.8548,2.7009,0.85,3
1951,0.93,2,24.24,0.8912,1.7573,0.8411,2.6256,0.85,3
1952,0.94,2,24.3567,0.895,1.9272,0.8516,2.4473,0.85,2
1953,0.8,3,24.43,0.8995,1.9782,0.8539,2.2699,0.85,2
1954,0.86,2,24.5233,0.8299,2.6934,0.74,3.5938,0.75,3
1955,0.88,1,24.5533,0.8329,2.6241,0.7771,3.4018,0.75,3
1956,0.93,1,24.63,0.8376,2.4617,0.7866,3.933,0.75,3
1957,0.93,1,24.77,0.8468,2.3155,0.762,3.8175,0.75,3
1958,0.97,1,24.8167,0.8551,2.184,0.7693,3.5904,0.75,3
1959,0.95,1,24.9,0.8666,2.0656,0.7565,3.3491,0.75,3
1960,0.87,1,25.0433,0.875,1.959,0.7808,3.1201,0.75,3
1961,0.89,1,25.22,0.8715,1.8631,0.8197,2.91,0.85,3
1962,0.91,1,25.3533,0.8733,1.7768,0.8408,2.7196,0.85,3
1963,0.94,1,25.4167,0.877,1.6991,0.8406,2.5479,0.85,3
1964,0.84,2,25.4933,0.8833,1.6292,0.8251,2.3932,0.85,2
1965,0.98,1,25.47,0.853,1.8888,0.8037,2.4165,0.85,2
1966,0.84,3,25.4167,0.8657,1.7999,0.7523,2.623,0.75,3
1967,0.94,1,25.28,0.8477,2.64,0.7817,3.7741,0.75,3
1968,0.92,1,25.2633,0.8569,2.476,0.7691,4.0278,0.75,5
1969,0.89,1,25.2067,0.8632,2.3284,0.7904,3.8648,0.75,3
1970,0.87,1,25.0267,0.8659,2.1955,0.8198,3.6221,0.85,3
1971,0.88,1,24.7867,0.8663,2.076,0.8408,3.3742,0.85,3
1972,0.88,1,24.6033,0.8677,1.9684,0.8494,3.1415,0.85,3
1973,0.89,2,24.4033,0.8689,1.8715,0.8543,2.9289,0.85,3
1974,0.86,3,24.28,0.871,1.9615,0.8511,2.5512,0.85,3
1975,0.97,1,24.14,0.8633,2.6884,0.8488,3.6452,0.85,3
1976,0.9,1,24.04,0.874,2.5196,0.7811,4.0747,0.75,5
1977,0.85,2,24.05,0.8766,2.3676,0.8209,3.9367,0.85,3
1978,0.89,1,24.0067,0.858,2.3309,0.8198,3.2475,0.85,3
1979,0.88,2,24.0433,0.8612,2.1978,0.8264,3.4563,0.85,3
1980,0.89,2,23.97,0.8631,2.178,0.838,2.8883,0.85,3
1981,0.99,1,24.04,0.8658,2.1602,0.8387,2.5788,0.85,3
1982,0.99,1,24.0267,0.8782,2.0442,0.7694,3.076,0.75,3
1983,0.85,2,24.0767,0.8894,1.9398,0.7756,3.0071,0.75,3
1984,0.96,1,24.05,0.8618,1.9819,0.7907,2.5689,0.75,3
1985,0.97,1,24.0633,0.8716,1.8837,0.778,2.7939,0.75,3
1986,0.92,2,24.0533,0.8815,1.7954,0.7819,2.7096,0.75,3
1987,0.89,2,24.04,0.8853,1.9386,0.8214,2.4699,0.85,2
1988,0.87,3,24.0633,0.8858,1.9816,0.8505,2.2774,0.85,2
1989,0.89,1,24.1633,0.8747,2.6945,0.8511,3.5923,0.85,3
1990,0.91,2,24.21,0.8763,2.525,0.8577,4.0745,0.85,5
1991,0.9,1,24.2833,0.8796,2.4725,0.8487,3.4356,0.85,3
1992,0.9,1,24.3167,0.8817,2.3253,0.8572,3.7068,0.85,3
1993,0.9,2,24.38,0.8835,2.1927,0.8627,3.5687,0.85,3
1994,0.97,1,24.41,0.8852,2.1735,0.8669,2.9454,0.85,3
1995,0.86,3,24.5033,0.8936,2.0561,0.8194,3.158,0.85,3
1996,0.91,1,24.6333,0.8701,2.7168,0.82,3.7338,0.85,3
1997,0.92,2,24.8233,0.8741,2.5452,0.8299,4.1347,0.85,5
1998,0.95,1,24.9633,0.8787,2.4906,0.8321,3.4813,0.85,3
1999,0.91,2,25.1433,0.8858,2.3416,0.8189,3.7434,0.85,3
2000,0.89,2,25.3733,0.8882,2.3074,0.846,3.1304,0.85,3
2001,0.96,1,25.6633,0.8884,2.2767,0.8652,2.8004,0.85,3
2002,0.9,2,25.8767,0.8956,2.149,0.8322,3.2926,0.85,3
2003,0.87,1,26.1033,0.896,2.1341,0.8611,2.7737,0.85,3
2004,0.9,1,26.32,0.8778,2.0207,0.8482,3.0647,0.85,3
2005,0.94,1,26.5733,0.88,1.9186,0.8549,2.9724,0.85,3
2006,0.68,10,26.85,0.886,1.8268,0.8322,2.8105,0.85,3
2007,0.18,70,27.0467,0.7418,7.548,0.4761,27.1231,0.45,20
2008,0.64,20,27.22,0.3485,51.2644,0.0828,70.8395,0.45,40
2009,0.93,2,27.2467,0.3777,48.138,0.086,77.2918,0.45,40
2010,0.9,1,27.36,0.4329,43.5242,0.0,86.6013,0.45,40
2011,0.93,1,27.2333,0.4796,39.2718,0.0,83.0487,0.45,40
2012,0.91,1,27.1933,0.5247,35.4446,0.0507,76.3873,0.45,40
2013,0.9,1,27.0867,0.5632,32.0001,0.1401,69.35,0.45,40
2014,0.9,3,27.0433,0.5969,28.9001,0.224,62.6806,0.45,40
2015,0.96,1,26.9267,0.6272,26.3101,0.2943,55.409,0.45,40
2016,0.92,1,26.8533,0.6605,23.7791,0.3191,50.9032,0.45,40
2017,0.88,2,26.6433,0.6864,21.5012,0.3938,46.2172,0.45,40
2018,0.92,1,26.51,0.7058,19.5511,0.4737,41.2126,0.45,40
2019,0.89,2,26.3,0.7272,17.696,0.5021,37.6844,0.55,40
2020,0.93,1,26.07,0.7435,16.1264,0.5561,33.5938,0.55,40
2021,0.92,2,25.7667,0.7621,14.6137,0.5706,30.8489,0.55,40
2022,0.89,1,25.5267,0.7779,13.3524,0.6054,27.4489,0.65,20
2023,0.92,2,25.1967,0.7891,12.1171,0.6536,25.3211,0.65,20
2024,0.87,1,24.92,0.8022,11.1054,0.6666,22.475,0.65,20
2025,0.97,1,24.6267,0.809,10.0949,0.7143,20.8451,0.75,20
2026,0.89,1,24.31,0.8251,9.1854,0.6762,19.0275,0.65,20
2027,0.85,2,23.9767,0.8316,8.3668,0.7325,17.2798,0.75,20
2028,0.95,2,23.6433,0.8334,7.7302,0.7768,15.0999,0.75,20
2029,0.94,1,23.27,0.8451,7.1571,0.7394,13.559,0.75,10
2030,0.91,1,22.86,0.8546,6.5414,0.7539,12.929,0.75,10
2031,0.9,1,22.45,0.8601,5.9873,0.787,11.9312,0.75,10
2032,0.88,1,22.0733,0.8641,5.4886,0.8112,10.9017,0.85,10
2033,0.93,1,21.7,0.8657,5.0397,0.8336,9.9325,0.85,10
2034,0.91,2,21.26,0.8721,4.6357,0.8137,9.0463,0.85,10
2035,0.67,7,20.7733,0.8759,4.3722,0.83,7.6978,0.85,10
2036,0.55,40,20.2533,0.7318,6.2116,0.4661,25.7867,0.45,20
2037,0.75,8,19.69,0.6045,29.8635,0.3388,49.4386,0.45,40
2038,0.02,96,19.0967,0.6191,27.6771,0.4265,49.4576,0.45,40
2039,0.35,34,18.6533,0.1997,75.5031,0.0,95.0782,0.45,40
2040,0.66,8,18.1367,0.2148,71.3528,0.0194,100.0,0.45,40
2041,0.9,2,17.77,0.2593,65.0175,0.0,100.0,0.45,40
2042,0.96,2,17.3667,0.3233,58.7158,0.0,100.0,0.45,40
2043,0.88,1,16.96,0.387,53.0442,0.0,100.0,0.45,40
2044,0.9,1,16.4733,0.4363,47.8398,0.0,100.0,0.45,40
2045,0.94,1,16.0767,0.4827,43.1558,0.0,94.0175,0.45,40
2046,0.89,1,15.6433,0.5284,38.9402,0.0454,84.9005,0.45,40
2047,0.97,1,15.2867,0.5646,35.1462,0.1543,76.5719,0.45,40
2048,0.99,1,14.9,0.6051,31.7316,0.1879,69.0352,0.45,40
2049,0.89,2,14.4833,0.6436,28.6584,0.2391,62.2385,0.45,40
2050,0.92,2,14.07,0.6682,25.9926,0.3605,55.5335,0.45,40
2051,0.97,1,13.6967,0.6934,23.5933,0.4176,49.9495,0.45,40
2052,0.91,3,13.2733,0.7211,21.334,0.4376,45.6697,0.45,40
2053,0.88,1,12.95,0.74,19.5006,0.5143,40.2472,0.55,40
2054,0.95,1,12.63,0.754,17.6505,0.5807,37.31,0.55,40
2055,0.87,2,12.34,0.7736,15.9855,0.5789,33.997,0.55,40
2056,0.85,2,12.0033,0.7832,14.5869,0.6477,30.2202,0.65,40
2057,0.99,1,11.6667,0.7899,13.3282,0.6958,27.2009,0.65,20
2058,0.92,1,11.3367,0.8099,12.0954,0.6289,25.211,0.65,20
2059,0.87,2,11.0467,0.8209,10.9859,0.6833,22.9932,0.65,20
2060,0.9,2,10.72,0.8258,10.0873,0.7393,20.2838,0.75,20
2061,0.93,2,10.3967,0.8332,9.2786,0.7533,18.2435,0.75,20
2062,0.86,1,10.1033,0.8429,8.5507,0.7483,16.5474,0.75,20
2063,0.94,2,9.81,0.8446,7.7956,0.7907,15.6731,0.75,20
2064,0.92,1,9.5167,0.8542,7.2161,0.7663,13.8398,0.75,10
2065,0.93,2,9.2567,0.8607,6.5945,0.7861,13.0919,0.75,10
2066,0.89,1,8.9767,0.8677,6.135,0.795,11.4771,0.75,10
2067,0.89,1,8.7133,0.8699,5.6215,0.8257,10.9496,0.85,10
2068,0.95,1,8.5033,0.8719,5.1594,0.8421,10.1169,0.85,10
2069,0.93,2,8.2833,0.8797,4.7434,0.8101,9.258,0.85,10
2070,0.9,1,8.1167,0.8848,4.4691,0.8268,7.9004,0.85,10
2071,0.95,1,7.9567,0.8863,4.1222,0.8519,7.6692,0.85,10
2072,0.89,1,7.7833,0.8926,3.81,0.8343,7.1423,0.85,5
2073,0.9,1,7.6,0.8908,3.529,0.8587,6.5734,0.85,5
2074,0.89,2,7.4733,0.8917,3.2761,0.8724,6.031,0.85,5
2075,0.88,1,7.33,0.8905,3.1485,0.8798,5.0196,0.85,5
2076,0.85,4,7.23,0.8832,2.9336,0.8723,5.0599,0.85,5
2077,0.88,2,7.1133,0.8599,3.6801,0.8306,5.1672,0.85,5
2078,0.97,1,6.9967,0.862,3.5121,0.8383,5.1812,0.85,5
2079,0.83,4,6.92,0.8728,3.2609,0.7782,5.6233,0.75,5
2080,0.99,1,6.82,0.8428,3.7783,0.7791,5.2222,0.75,5
2081,0.85,3,6.71,0.8575,3.5004,0.7252,6.0361,0.75,5
2082,0.91,2,6.6567,0.8523,3.4504,0.7795,4.9054,0.75,5
2083,0.92,1,6.5667,0.858,3.3054,0.794,4.7943,0.75,5
2084,0.87,2,6.48,0.8642,3.0748,0.8001,5.2338,0.85,5
2085,0.89,1,6.1967,0.8648,2.9673,0.8293,4.473,0.85,5
2086,0.92,1,6.1655,0.8673,2.7706,0.8381,4.6654,0.85,5
2087,0.94,1,6.1321,0.8726,2.5935,0.8242,4.4468,0.85,5
2088,0.94,1,6.0889,0.8793,2.4342,0.8152,4.1488,0.85,5
2089,0.85,2,6.0423,0.8854,2.2908,0.8221,3.8492,0.85,3
2090,0.87,3,6.036,0.8606,2.2617,0.8143,3.1517,0.85,3
2091,0.94,1,6.025,0.8616,2.7785,0.8349,3.5832,0.85,3
2092,0.81,2,6.0087,0.8694,2.6007,0.7998,4.2046,0.75,5
2093,0.93,1,5.9909,0.8278,2.5406,0.7637,3.5619,0.75,3
2094,0.93,1,5.9714,0.838,2.3865,0.7427,3.8348,0.75,3
2095,0.89,1,5.94,0.8472,2.2479,0.7519,3.6883,0.75,3
2096,0.89,1,5.9158,0.8515,2.1231,0.7875,3.4623,0.75,3
2097,0.88,2,5.8833,0.8554,2.0108,0.8069,3.23,0.85,3
2098,0.86,2,5.8471,0.8578,2.0097,0.8238,2.6776,0.85,3
2099,0.92,1,5.8188,0.858,2.0087,0.8393,2.3746,0.85,2
