Window_ID,PDR,Max_Burst,speed_kmh,Pred_PDR_mean,Pred_B_mean,Pred_PDR_cons,Pred_B_cons,LUT_PDR,LUT_B
1,0.88,1,0.0,0.45,40.0,0.0,100.0,0.45,40
2,0.92,1,0.0,0.493,36.1,0.0,100.0,0.45,40
3,0.91,1,0.0,0.5357,32.59,0.0,100.0,0.45,40
4,0.9,2,0.0,0.5731,29.431,0.0,100.0,0.45,40
5,0.91,4,0.0,0.6058,26.6879,0.0,100.0,0.45,40
6,0.92,2,0.0,0.6362,24.4191,0.1147,65.1496,0.45,40
7,0.93,2,0.0,0.6646,22.1772,0.1808,60.2506,0.45,40
8,0.92,3,0.0,0.6912,20.1595,0.2399,54.8857,0.45,40
9,0.88,2,0.0,0.714,18.4435,0.3137,48.7655,0.45,40
10,0.88,2,0.0,0.7306,16.7992,0.414,44.869,0.45,40
11,0.9,1,0.0,0.7456,15.3193,0.4766,40.8372,0.45,40
12,0.97,2,0.0,0.761,13.8873,0.5024,38.0466,0.55,40
13,0.88,2,0.0,0.7819,12.6986,0.4613,33.7396,0.45,40
14,0.91,2,0.0,0.7917,11.6287,0.5702,30.3261,0.55,40
15,0.83,2,0.0,0.8035,10.6659,0.6005,27.4129,0.65,20
16,0.91,1,0.0,0.8062,9.7993,0.6892,24.8447,0.65,20
17,0.94,2,0.0,0.8166,8.9194,0.66,23.5668,0.65,20
18,0.96,1,0.0,0.8289,8.2274,0.6386,20.6789,0.65,20
19,0.94,1,0.0,0.842,7.5047,0.6337,19.5645,0.65,20
20,0.95,1,0.0,0.8518,6.8542,0.6752,17.9791,0.65,20
21,0.91,1,0.0,0.8616,6.2688,0.6955,16.3701,0.65,20
22,0.89,1,0.0,0.8665,5.7419,0.7537,14.8625,0.75,10
23,0.81,2,0.0,0.8688,5.2677,0.7991,13.486,0.75,10
24,0.95,1,0.0,0.8276,4.9409,0.7381,11.3037,0.75,10
25,0.87,2,0.0,0.8399,4.5469,0.6645,10.9935,0.65,10
26,0.91,1,0.0,0.8429,4.2922,0.7383,9.2673,0.75,10
27,0.91,1,0.0,0.8496,3.9629,0.7409,9.2499,0.75,10
28,0.95,1,0.0,0.8556,3.6667,0.7534,8.6679,0.75,10
29,0.83,2,0.0,0.8651,3.4,0.7237,7.9794,0.75,10
30,0.93,1,0.0,0.8405,3.26,0.7493,6.4228,0.75,5
31,0.93,2,0.0,0.8495,3.034,0.7166,6.5941,0.75,5
32,0.9,3,0.0,0.8575,2.9306,0.7249,5.3445,0.75,5
33,0.87,4,0.0,0.8618,2.9792,0.7685,4.3048,0.75,5
34,0.91,2,0.0,0.8626,3.6938,0.8103,5.2751,0.85,5
35,0.95,2,0.0,0.8673,3.5244,0.7961,6.011,0.75,5
36,0.83,3,0.0,0.8756,3.3719,0.7553,5.8731,0.75,5
37,0.79,2,0.0,0.8437,3.3347,0.7527,4.7972,0.75,5
38,0.77,2,0.0,0.8061,3.2013,0.717,5.2052,0.75,5
39,0.77,4,0.0,0.7808,3.0811,0.7112,5.0655,0.75,5
40,0.8,5,0.0,0.7732,3.7243,0.7323,5.3918,0.75,5
41,0.86,5,0.0,0.7759,4.6173,0.7328,6.5962,0.75,5
42,0.92,2,0.0,0.7843,4.8852,0.6662,6.0903,0.65,5
43,0.98,1,0.0,0.7979,4.5967,0.6003,8.6217,0.65,10
44,0.9,1,0.0,0.8161,4.237,0.5431,9.6555,0.55,10
45,0.85,2,0.0,0.8245,3.9133,0.6356,9.2661,0.65,10
46,0.87,2,0.0,0.827,3.722,0.7178,7.6626,0.75,10
47,0.81,3,0.0033,0.8313,3.5498,0.7472,6.7551,0.75,5
48,0.81,3,0.0067,0.8164,3.4948,0.7618,5.4065,0.75,5
49,0.8,3,0.01,0.8119,3.4453,0.7807,4.6944,0.75,5
50,0.8,3,0.0133,0.8036,3.4008,0.7799,4.3193,0.75,5
51,0.84,2,0.0167,0.8011,3.3607,0.7872,4.1072,0.75,5
52,0.84,2,0.02,0.805,3.2246,0.7509,5.1413,0.75,5
53,0.87,3,0.0233,0.8085,3.1022,0.7519,5.0877,0.75,5
54,0.76,3,0.0267,0.8146,3.092,0.7244,4.1885,0.75,5
55,0.93,1,0.03,0.7764,3.0828,0.6864,3.6966,0.65,3
56,0.97,1,0.0333,0.7917,2.8745,0.5747,5.7604,0.55,5
57,0.95,2,0.0367,0.8096,2.687,0.537,5.7124,0.55,5
58,0.97,2,0.04,0.8236,2.6183,0.5794,4.5262,0.55,5
59,0.84,2,0.0433,0.8383,2.5565,0.5964,3.9041,0.55,3
60,0.8,2,0.0467,0.8384,2.5008,0.706,3.5645,0.75,3
61,0.73,3,0.05,0.8115,2.4508,0.7217,3.3533,0.75,3
62,0.88,2,0.0533,0.7545,2.8352,0.632,3.7384,0.65,3
63,0.88,3,0.0567,0.767,2.7517,0.5817,4.0031,0.55,5
64,0.91,2,0.06,0.7783,2.9255,0.5926,3.6914,0.55,3
65,0.92,1,0.0633,0.7915,2.833,0.5837,4.1739,0.55,5
66,0.94,1,0.0667,0.8043,2.6497,0.594,5.2769,0.55,5
67,0.94,1,0.07,0.8179,2.4847,0.5985,5.1726,0.55,5
68,0.93,1,0.0733,0.8301,2.3362,0.6235,4.8546,0.65,5
69,0.97,1,0.0767,0.8401,2.2026,0.6621,4.5013,0.65,5
70,0.87,2,0.08,0.8531,2.0823,0.6495,4.1618,0.65,5
71,0.81,3,0.0833,0.8548,2.0741,0.7408,3.2187,0.75,3
72,0.92,1,0.0867,0.8234,2.7222,0.7357,4.1423,0.75,5
73,0.78,4,0.09,0.8331,2.55,0.6918,5.0445,0.65,5
74,0.94,1,0.0933,0.7959,3.565,0.6895,5.9834,0.65,5
75,0.98,1,0.0967,0.8103,3.3085,0.6037,7.0788,0.65,5
76,0.94,1,0.1,0.8273,3.0777,0.5678,6.8668,0.55,5
77,0.81,2,0.1,0.8386,2.8699,0.6282,6.4029,0.65,5
78,0.9,3,0.1,0.8186,2.7829,0.6968,5.0584,0.65,5
79,0.86,3,0.1,0.8267,2.9349,0.6963,4.2165,0.65,5
80,0.9,1,0.1,0.83,2.9805,0.7452,3.6881,0.75,3
81,0.83,2,0.1,0.837,2.7824,0.7301,5.5353,0.75,5
82,0.85,2,0.0967,0.8321,2.7042,0.7728,4.557,0.75,5
83,0.88,2,0.0933,0.8339,2.6338,0.7931,4.037,0.75,5
84,0.85,2,0.09,0.8385,2.5704,0.7713,3.7329,0.75,3
85,0.99,1,0.0867,0.8397,2.5133,0.7996,3.5241,0.75,3
86,1.0,0,0.0833,0.8547,2.362,0.6466,4.517,0.65,5
87,0.97,1,0.08,0.8692,2.1258,0.6391,5.584,0.65,5
88,0.92,1,0.08,0.8793,2.0132,0.6919,4.4603,0.65,5
89,0.94,2,0.08,0.8834,1.9119,0.7664,3.846,0.75,3
90,0.9,2,0.08,0.889,1.9736,0.7882,3.0398,0.75,3
91,0.93,1,0.08,0.8901,1.9921,0.8329,2.5772,0.85,3
92,0.91,1,0.08,0.8941,1.8929,0.8309,3.2953,0.85,3
93,0.91,1,0.0867,0.8957,1.8036,0.8548,3.2527,0.85,3
94,0.88,1,0.0933,0.8971,1.7232,0.8673,3.0844,0.85,3
95,0.92,1,0.1,0.8851,1.6509,0.8565,2.8945,0.85,3
96,0.88,1,0.11,0.8886,1.5858,0.8381,2.7111,0.85,3
97,0.86,1,0.12,0.8826,1.5272,0.8525,2.542,0.85,3
98,0.95,1,0.1333,0.8668,1.4745,0.8316,2.3885,0.85,2
99,0.96,2,0.1533,0.8751,1.4271,0.759,2.2499,0.75,2
100,0.94,1,0.1733,0.8836,1.8281,0.7506,2.7363,0.75,3
101,0.9,2,0.1933,0.8892,1.7453,0.7828,2.9888,0.75,3
102,0.77,3,0.2167,0.8903,1.9236,0.8301,2.6896,0.85,3
103,0.91,1,0.24,0.8061,2.6771,0.6373,4.2167,0.65,5
104,0.94,2,0.2633,0.8165,2.5094,0.6462,4.9666,0.65,5
105,0.91,3,0.2967,0.8288,2.4584,0.6349,3.9759,0.65,3
106,0.89,2,0.33,0.837,2.8375,0.6828,3.9539,0.65,3
107,0.82,5,0.3667,0.8423,2.7538,0.7306,4.0585,0.75,5
108,0.87,3,0.4033,0.8267,4.3261,0.7583,7.4989,0.75,5
109,0.8,3,0.45,0.831,4.1935,0.7606,6.7135,0.75,5
110,0.87,2,0.4967,0.8093,4.0742,0.7518,6.2196,0.75,5
111,0.88,2,0.55,0.8154,3.8668,0.7261,6.9536,0.75,5
112,0.84,2,0.6167,0.8218,3.6801,0.7203,6.7555,0.75,5
113,0.79,2,0.6833,0.8237,3.5121,0.7627,6.3727,0.75,5
114,0.82,2,0.75,0.8001,3.3609,0.743,5.9657,0.75,5
115,0.93,2,0.8167,0.8021,3.2248,0.7605,5.5791,0.75,5
116,0.95,1,0.8933,0.8149,3.1023,0.6374,5.2245,0.65,5
117,0.87,2,0.97,0.8284,2.8921,0.6186,6.01,0.65,5
118,0.86,2,1.0533,0.8326,2.8029,0.7041,4.9061,0.75,5
119,0.78,4,1.1333,0.8353,2.7226,0.7555,4.3188,0.75,5
120,0.86,2,1.2167,0.7966,3.6168,0.7088,5.5801,0.75,5
121,0.73,4,1.31,0.8029,3.4551,0.7033,5.9263,0.75,5
122,0.85,3,1.41,0.7519,3.8365,0.6376,5.3839,0.65,5
123,0.84,3,1.5033,0.7617,3.7529,0.6129,5.1824,0.65,5
124,0.88,2,1.6133,0.7695,3.6776,0.6344,4.9763,0.65,5
125,0.94,2,1.7267,0.7806,3.5098,0.6115,5.9256,0.65,5
126,0.8,2,1.8467,0.7965,3.3588,0.5584,5.8222,0.55,5
127,0.89,1,1.9667,0.7969,3.223,0.6663,5.5289,0.65,5
128,0.97,1,2.08,0.8062,3.0007,0.6594,6.3103,0.65,5
129,0.9,2,2.1833,0.8226,2.8006,0.5832,6.0971,0.55,5
130,0.9,2,2.2967,0.8303,2.7205,0.6613,4.8357,0.65,5
131,0.94,2,2.41,0.8373,2.6485,0.704,4.1734,0.75,5
132,0.86,2,2.5333,0.8475,2.5836,0.6884,3.806,0.65,3
133,0.84,2,2.6567,0.8488,2.5253,0.76,3.5709,0.75,3
134,0.88,3,2.7933,0.8426,2.4727,0.7925,3.395,0.75,3
135,0.84,2,2.9233,0.8464,2.8418,0.7881,3.7259,0.75,3
136,0.86,2,3.0667,0.8419,2.7576,0.8088,4.0133,0.85,5
137,0.83,2,3.2067,0.8437,2.6819,0.8129,3.9309,0.85,3
138,0.83,2,3.3633,0.8341,2.6137,0.8088,3.775,0.85,3
139,0.86,2,3.5033,0.8312,2.5523,0.8163,3.6096,0.85,3
140,0.95,1,3.64,0.8341,2.4971,0.7937,3.4526,0.75,3
141,0.97,1,3.7933,0.8457,2.3474,0.6847,4.4731,0.65,5
142,0.92,2,3.9333,0.8581,2.2126,0.6657,4.4021,0.65,5
143,0.93,2,4.08,0.8643,2.1914,0.7288,3.4258,0.75,3
144,0.72,2,4.24,0.8709,2.1722,0.7539,2.8978,0.75,3
145,0.8,3,4.3933,0.7653,2.155,0.3436,33.2213,0.45,40
146,0.86,2,4.5367,0.7687,2.7465,0.5329,19.8019,0.55,20
147,0.74,4,4.6867,0.7779,2.6719,0.5977,12.0698,0.55,10
148,0.84,3,4.8267,0.7514,3.6016,0.6398,9.0639,0.65,10
149,0.8,3,4.9933,0.7602,3.5414,0.6238,6.6457,0.65,5
150,0.85,2,5.1467,0.7642,3.4873,0.6716,5.3436,0.65,5
151,0.87,3,5.3133,0.7728,3.3385,0.6443,5.6239,0.65,5
152,0.92,1,5.4733,0.7825,3.3047,0.6313,4.6403,0.65,5
153,0.93,2,5.6467,0.7963,3.0742,0.5897,6.3292,0.55,5
154,0.91,1,5.8033,0.8096,2.9668,0.5936,5.2828,0.55,5
155,0.83,3,5.9667,0.8197,2.7701,0.6378,5.7593,0.65,5
156,0.82,2,6.1167,0.8207,2.931,0.7201,4.5986,0.75,5
157,0.85,2,6.26,0.8202,2.8379,0.7651,4.4114,0.75,5
158,0.85,3,6.4133,0.8232,2.7541,0.7723,4.1938,0.75,5
159,0.77,4,6.5667,0.8259,2.9262,0.7796,3.7843,0.75,3
160,0.8,3,6.7167,0.7868,3.6779,0.7058,5.2285,0.75,5
161,0.81,3,6.8733,0.7881,3.6101,0.7401,4.8717,0.75,5
162,0.85,2,7.0167,0.7903,3.5491,0.7503,4.6365,0.75,5
163,0.81,2,7.1867,0.7962,3.3942,0.7112,5.6076,0.75,5
164,0.9,1,7.33,0.7976,3.2548,0.7473,5.5243,0.75,5
165,0.94,2,7.5033,0.8079,3.0293,0.6643,6.372,0.65,5
166,0.99,1,7.6633,0.8211,2.9263,0.623,5.2412,0.65,5
167,0.97,1,7.8367,0.838,2.7337,0.5814,5.6723,0.55,5
168,0.85,2,7.9733,0.8512,2.5603,0.6215,5.4384,0.65,5
169,0.79,2,8.1167,0.8504,2.5043,0.7245,4.2592,0.75,5
170,0.84,2,8.2933,0.8081,2.4539,0.7002,3.6394,0.75,3
171,0.79,3,8.4333,0.8113,2.4085,0.7377,3.3095,0.75,3
172,0.86,2,8.5967,0.7964,2.8225,0.7465,3.7745,0.75,3
173,0.68,6,8.7533,0.8027,2.7403,0.711,3.9866,0.75,3
174,0.81,2,8.9367,0.7168,5.0221,0.5406,9.5597,0.55,10
175,0.85,1,9.1267,0.7261,4.7199,0.5656,9.5649,0.55,10
176,0.8,3,9.33,0.7385,4.3479,0.5467,10.1141,0.55,10
177,0.93,1,9.5267,0.7447,4.2131,0.6098,7.8758,0.65,10
178,0.91,1,9.7267,0.7632,3.8918,0.4977,8.7474,0.45,10
179,0.91,1,9.9033,0.7779,3.6026,0.529,8.3891,0.55,10
180,0.84,5,10.09,0.7911,3.3424,0.5638,7.781,0.55,10
181,0.87,3,10.2767,0.796,4.5027,0.6545,7.8365,0.65,10
182,0.89,4,10.4633,0.8034,4.3524,0.6754,7.1112,0.65,5
183,0.91,2,10.6367,0.8121,4.3172,0.6738,5.9042,0.65,5
184,0.87,1,10.83,0.8218,4.0855,0.6672,7.3907,0.65,5
185,0.83,2,11.0133,0.8267,3.7769,0.7191,8.3929,0.75,10
186,0.87,1,11.18,0.827,3.5992,0.7679,7.1166,0.75,5
187,0.85,2,11.3867,0.8313,3.3393,0.7638,7.4022,0.75,5
188,0.98,1,11.5667,0.8332,3.2054,0.7881,6.0949,0.75,5
189,0.91,1,11.76,0.8478,2.9848,0.6443,6.4077,0.65,5
190,0.93,2,11.9767,0.8541,2.7864,0.7135,6.0993,0.75,5
191,0.94,1,12.1967,0.8617,2.7077,0.7319,4.8205,0.75,5
192,0.95,2,12.4067,0.8695,2.5369,0.7404,5.1565,0.75,5
193,0.95,1,12.5767,0.8775,2.4833,0.7461,4.0972,0.75,5
194,0.77,2,12.8133,0.8848,2.3349,0.7618,4.5593,0.75,5
195,0.98,1,13.0,0.8044,2.3014,0.6327,3.6041,0.65,3
196,0.92,1,13.1767,0.822,2.1713,0.5627,4.0992,0.55,5
197,0.96,1,13.38,0.8318,2.0542,0.6359,3.9812,0.65,3
198,0.9,1,13.5833,0.8446,1.9487,0.6381,3.7428,0.65,3
199,0.95,1,13.7733,0.8502,1.8539,0.7138,3.488,0.75,3
200,0.96,2,13.9333,0.8601,1.7685,0.7037,3.2456,0.75,3
201,0.95,1,14.16,0.8701,1.9305,0.7082,2.8001,0.75,3
202,0.94,1,14.35,0.8781,1.8375,0.7369,3.2038,0.75,3
203,0.96,1,14.5533,0.8843,1.7537,0.7692,3.1279,0.75,3
204,0.98,1,14.7333,0.8919,1.6784,0.7701,2.96,0.75,3
205,0.94,1,14.9133,0.9007,1.6105,0.7623,2.7786,0.75,3
206,0.87,2,15.08,0.9046,1.5495,0.8115,2.6055,0.85,3
207,0.93,1,15.2833,0.8804,1.8648,0.8106,2.7128,0.85,3
208,0.96,1,15.4833,0.8853,1.7784,0.8071,3.0559,0.85,3
209,0.95,1,15.69,0.8928,1.7005,0.7815,2.98,0.75,3
210,0.92,1,15.8733,0.8985,1.6305,0.799,2.8223,0.75,3
211,0.94,2,16.02,0.9007,1.5674,0.8387,2.6532,0.85,3
212,0.87,2,16.1433,0.9046,1.8702,0.8407,2.7117,0.85,3
213,0.94,2,16.3167,0.8804,1.9611,0.8213,2.4554,0.85,2
214,0.89,1,16.4867,0.8863,1.9883,0.7981,2.2643,0.75,2
215,0.92,2,16.6,0.8867,1.8895,0.8381,3.258,0.85,3
216,0.92,1,16.7333,0.89,1.9668,0.8371,2.7317,0.85,3
217,0.97,1,16.89,0.893,1.8702,0.8426,3.2651,0.85,3
218,0.87,3,17.0367,0.9007,1.7831,0.7913,3.2036,0.75,3
219,0.96,1,17.16,0.8792,2.6349,0.8059,4.4815,0.85,5
220,0.94,2,17.2633,0.8873,2.4714,0.7691,4.9383,0.75,5
221,0.78,2,17.39,0.8926,2.4243,0.7953,3.9232,0.75,3
222,0.84,2,17.5433,0.8138,2.3819,0.65,3.3893,0.65,3
223,1.0,0,17.6933,0.8164,2.3437,0.7197,3.1057,0.75,3
224,1.0,0,17.8167,0.8348,2.1093,0.5766,5.3616,0.55,5
225,0.87,2,17.9433,0.8513,1.8984,0.5835,5.3042,0.55,5
226,0.95,2,18.09,0.8532,1.9695,0.7042,3.8402,0.75,3
227,0.97,2,18.1867,0.8628,1.9909,0.7066,3.0163,0.75,3
228,0.97,1,18.2533,0.8736,1.9973,0.703,2.5591,0.75,3
229,0.97,1,18.4033,0.8832,1.8975,0.7209,3.304,0.75,3
230,0.98,1,18.6267,0.8919,1.8078,0.743,3.2635,0.75,3
231,1.0,0,18.7967,0.9007,1.727,0.7545,3.095,0.75,3
232,0.98,1,18.9967,0.9106,1.5543,0.7522,4.0463,0.75,5
233,0.91,1,19.1833,0.9176,1.4989,0.7886,3.0625,0.75,3
234,0.96,1,19.3767,0.9123,1.449,0.8408,2.5466,0.85,3
235,0.95,1,19.5467,0.917,1.4041,0.8406,2.2662,0.85,2
236,0.96,1,19.7033,0.9203,1.3637,0.8586,2.0932,0.85,2
237,0.84,3,19.8233,0.9243,1.3273,0.8601,1.9677,0.85,2
238,0.89,1,19.8767,0.8653,2.4982,0.7441,4.8267,0.75,5
239,0.99,1,19.9233,0.8678,2.3484,0.7932,4.7727,0.75,5
240,0.98,1,20.07,0.88,2.2135,0.7069,4.4953,0.75,5
241,0.92,2,20.1733,0.89,2.0922,0.7229,4.1781,0.75,5
242,0.95,1,20.2867,0.893,2.083,0.7926,3.2325,0.75,3
243,0.99,1,20.4367,0.8987,1.9747,0.8029,3.5926,0.85,3
244,0.97,1,20.5133,0.9078,1.8772,0.7716,3.4848,0.75,3
245,1.0,0,20.6567,0.914,1.7895,0.8005,3.2837,0.85,3
246,0.94,2,20.8667,0.9226,1.6105,0.789,4.2056,0.75,5
247,0.98,1,20.9633,0.9244,1.8832,0.8474,3.4022,0.85,3
248,0.92,2,21.0833,0.9299,1.7948,0.8425,3.2678,0.85,3
249,1.0,0,21.2267,0.923,1.9385,0.8732,2.7932,0.85,3
250,0.98,1,21.35,0.9307,1.7446,0.8212,4.453,0.85,5
251,0.98,1,21.3967,0.9356,1.6701,0.8451,3.4731,0.85,3
252,0.95,1,21.4933,0.9401,1.6031,0.8614,2.9543,0.85,3
253,0.93,1,21.6233,0.941,1.5428,0.8958,2.6549,0.85,3
254,0.98,1,21.79,0.9333,1.4885,0.9043,2.4524,0.95,2
255,0.96,1,21.9067,0.938,1.4397,0.8718,2.2945,0.85,2
256,0.9,2,21.9967,0.9402,1.3957,0.8929,2.1608,0.85,2
257,0.94,1,22.11,0.9121,1.8187,0.851,2.7499,0.85,3
258,0.91,2,22.26,0.9148,1.7368,0.8639,2.9736,0.85,3
259,0.96,1,22.42,0.9115,1.9211,0.8828,2.6892,0.85,3
260,0.89,2,22.5067,0.9163,1.8289,0.8477,3.1645,0.85,3
261,0.84,3,22.5933,0.8979,1.9487,0.8457,2.7171,0.85,3
262,0.9,3,22.6,0.8574,2.6846,0.7727,4.1914,0.75,5
263,0.88,2,22.6467,0.8616,2.9054,0.7869,3.8379,0.75,3
264,0.85,3,22.6067,0.8635,2.8148,0.8153,4.1614,0.85,5
265,0.94,1,22.5767,0.854,2.9445,0.8218,3.7248,0.85,3
266,0.88,3,22.57,0.8626,2.75,0.743,5.4598,0.75,5
267,0.9,2,22.55,0.8644,2.925,0.7946,4.4486,0.75,5
268,0.85,2,22.6133,0.8679,2.8325,0.8058,4.3546,0.85,5
269,0.91,1,22.7067,0.8554,2.7493,0.8133,4.1662,0.85,5
270,0.87,2,22.7233,0.8608,2.5743,0.7822,5.1036,0.75,5
271,0.92,1,22.7433,0.8618,2.5169,0.8169,4.1119,0.85,5
272,0.87,2,22.7933,0.8676,2.3652,0.7837,4.6282,0.75,5
273,0.89,1,22.8167,0.8678,2.3287,0.8218,3.6662,0.85,3
274,0.88,2,22.8333,0.87,2.1958,0.8305,4.1656,0.85,5
275,0.9,2,22.9033,0.871,2.1762,0.8454,3.2883,0.85,3
276,0.96,2,22.9233,0.8739,2.1586,0.8317,2.8142,0.85,3
277,0.95,1,22.9833,0.8825,2.1427,0.7619,2.563,0.75,3
278,0.92,1,22.9933,0.8893,2.0285,0.7753,3.6179,0.75,3
279,0.9,2,23.0533,0.8924,1.9256,0.817,3.5873,0.85,3
280,0.94,1,23.0667,0.8931,1.9777,0.8505,2.8936,0.85,3
281,0.97,2,23.1533,0.8978,1.8799,0.8292,3.3159,0.85,3
282,0.98,1,23.1733,0.905,1.964,0.7988,2.7677,0.75,3
283,0.99,1,23.1767,0.9125,1.8676,0.7941,3.2653,0.75,3
284,0.98,1,23.1967,0.9203,1.7808,0.7955,3.1991,0.75,3
285,0.92,1,23.28,0.9262,1.7027,0.8193,3.0287,0.85,3
286,0.88,2,23.3233,0.9219,1.6325,0.8627,2.8419,0.85,3
287,0.98,1,23.3833,0.8926,1.8897,0.8264,2.7232,0.85,3
288,0.96,1,23.3933,0.9013,1.8008,0.7756,3.1075,0.75,3
289,0.95,1,23.3533,0.9072,1.7207,0.8011,3.0347,0.85,3
290,0.93,1,23.3133,0.9115,1.6486,0.8287,2.874,0.85,3
291,0.96,1,23.2733,0.9133,1.5838,0.8613,2.7006,0.85,3
292,0.99,1,23.2733,0.918,1.5254,0.8477,2.5351,0.85,3
293,1.0,0,23.2333,0.9252,1.4728,0.8189,2.3831,0.85,2
294,0.92,1,23.1767,0.9327,1.3256,0.8144,3.4129,0.85,3
295,0.98,1,23.2267,0.9238,1.293,0.8567,2.5209,0.85,3
296,0.98,1,23.2533,0.9294,1.2637,0.8438,2.0479,0.85,2
297,0.94,1,23.2533,0.9345,1.2373,0.8505,1.7996,0.85,2
298,0.97,1,23.3033,0.935,1.2136,0.8884,1.6625,0.85,2
299,0.97,1,23.3433,0.9385,1.1922,0.8841,1.5755,0.85,2
300,0.94,2,23.3633,0.9417,1.173,0.8891,1.5107,0.85,2
301,0.88,2,23.36,0.9405,1.7519,0.9116,2.9049,0.95,3
302,0.93,1,23.4233,0.8982,1.9256,0.8134,2.6435,0.85,3
303,0.91,1,23.4267,0.9013,1.833,0.8375,3.1661,0.85,3
304,1.0,0,23.4467,0.9022,1.7497,0.8653,3.1089,0.85,3
305,0.96,1,23.4867,0.912,1.5747,0.7759,4.0951,0.75,5
306,0.95,2,23.51,0.9168,1.5173,0.8172,3.1083,0.85,3
307,0.98,1,23.4933,0.9201,1.8552,0.8489,2.951,0.85,3
308,0.94,1,23.5933,0.9261,1.7697,0.8349,3.0908,0.85,3
309,0.95,3,23.5767,0.9275,1.6927,0.874,2.9755,0.85,3
310,0.89,2,23.6,0.9297,2.6078,0.8871,4.5392,0.85,5
311,0.88,2,23.65,0.9019,2.547,0.8425,3.8956,0.85,3
312,0.84,2,23.7,0.8866,2.4923,0.8422,3.547,0.85,3
313,0.95,1,23.67,0.854,2.4431,0.7854,3.3335,0.75,3
314,0.97,1,23.56,0.8636,2.2988,0.7262,4.3437,0.75,5
315,0.93,1,23.4733,0.8742,2.1689,0.7096,4.2782,0.75,5
316,0.94,1,23.46,0.8798,2.052,0.7614,4.0325,0.75,5
317,0.93,1,23.47,0.8858,1.9468,0.7806,3.7559,0.75,3
318,0.94,2,23.48,0.8902,1.8521,0.8065,3.4891,0.85,3
319,0.96,1,23.4433,0.8952,1.9556,0.8128,2.875,0.85,3
320,0.98,1,23.3733,0.9017,1.8601,0.8017,3.2683,0.85,3
321,0.98,1,23.3633,0.9095,1.7741,0.7886,3.1868,0.75,3
322,0.99,1,23.38,0.9166,1.6967,0.7991,3.0133,0.75,3
323,0.98,1,23.3533,0.9239,1.627,0.8041,2.8267,0.85,3
324,0.95,1,23.4067,0.9295,1.5643,0.8282,2.6489,0.85,3
325,0.9,1,23.45,0.9316,1.5079,0.8693,2.4856,0.85,2
326,0.97,1,23.4733,0.9095,1.4571,0.8542,2.3376,0.85,2
327,0.95,2,23.52,0.9155,1.4114,0.8269,2.204,0.85,2
328,0.97,1,23.52,0.919,1.8234,0.8511,2.7425,0.85,3
329,0.89,1,23.48,0.9241,1.7411,0.8446,2.981,0.85,3
330,0.92,1,23.46,0.9002,1.667,0.8362,2.8923,0.85,3
331,0.98,1,23.5167,0.9022,1.6003,0.8578,2.7373,0.85,3
332,0.98,2,23.5067,0.91,1.5402,0.8002,2.5748,0.85,3
333,0.88,2,23.48,0.917,1.8621,0.8034,2.7114,0.85,3
334,0.88,2,23.5167,0.8911,1.9586,0.8107,2.4611,0.85,2
335,0.93,1,23.5333,0.8833,1.9876,0.8367,2.2686,0.85,2
336,0.97,1,23.4667,0.888,1.8888,0.8189,3.2566,0.85,3
337,0.94,1,23.5133,0.8962,1.7999,0.7772,3.2343,0.75,3
338,0.85,2,23.5,0.9006,1.72,0.8118,3.0724,0.85,3
339,0.92,2,23.5433,0.8652,1.916,0.7803,2.751,0.75,3
340,0.88,2,23.5433,0.8707,1.9748,0.782,2.4465,0.75,2
341,0.88,2,23.54,0.8716,1.9924,0.8214,2.2531,0.85,2
342,0.94,1,23.47,0.8724,1.9977,0.8426,2.1409,0.85,2
343,0.96,1,23.4667,0.8792,1.898,0.7848,3.2733,0.75,3
344,0.91,1,23.4767,0.8873,1.8082,0.7646,3.2554,0.75,3
345,0.86,2,23.5233,0.8895,1.7273,0.8154,3.0931,0.85,3
346,0.97,1,23.5133,0.8689,1.9182,0.8114,2.7551,0.85,3
347,0.95,1,23.4467,0.879,1.8264,0.7363,3.1706,0.75,3
348,0.94,2,23.4467,0.8861,1.7437,0.7609,3.0985,0.75,3
349,0.95,1,23.47,0.8915,1.9231,0.7905,2.7447,0.75,3
350,0.99,1,23.53,0.8973,1.8308,0.7996,3.1785,0.75,3
351,0.82,3,23.53,0.9066,1.7477,0.7683,3.1087,0.75,3
352,0.98,1,23.5367,0.846,2.6243,0.7048,4.502,0.75,5
353,0.94,2,23.5933,0.8594,2.4619,0.6594,4.9225,0.65,5
354,0.91,2,23.6433,0.8674,2.4157,0.7115,3.9058,0.75,3
355,0.96,1,23.6733,0.8717,2.3741,0.7681,3.3708,0.75,3
356,0.96,1,23.6567,0.8805,2.2367,0.7464,4.205,0.75,5
357,0.96,1,23.6567,0.8885,2.113,0.7567,4.1277,0.75,5
358,0.95,2,23.7167,0.8956,2.0017,0.7736,3.8896,0.75,3
359,0.93,2,23.7133,0.9011,2.0016,0.8007,3.0356,0.85,3
360,0.97,1,23.79,0.904,2.0014,0.8361,2.5678,0.85,3
361,0.98,1,23.8667,0.9106,1.9013,0.8124,3.3139,0.85,3
362,0.98,1,23.87,0.9175,1.8111,0.8079,3.273,0.85,3
363,0.98,1,23.92,0.9238,1.73,0.8189,3.1038,0.85,3
364,0.86,2,23.9533,0.9294,1.657,0.833,2.9122,0.85,3
365,0.94,1,23.9233,0.8808,1.8971,0.7717,2.731,0.75,3
366,0.91,1,23.8967,0.8867,1.8074,0.7857,3.1238,0.75,3
367,0.97,1,23.89,0.8891,1.7267,0.8251,3.0512,0.85,3
368,0.92,3,23.8133,0.8972,1.654,0.7804,2.8895,0.75,3
369,0.94,1,23.7267,0.8994,2.5962,0.8282,4.5683,0.85,5
370,0.96,1,23.7133,0.9035,2.4366,0.8354,4.8844,0.85,5
371,0.92,3,23.6467,0.9091,2.2929,0.8229,4.6817,0.85,5
372,0.97,1,23.6633,0.9102,2.7879,0.8607,4.4184,0.85,5
373,0.98,1,23.6767,0.9162,2.6091,0.8296,5.2266,0.85,5
374,0.99,1,23.62,0.9226,2.4482,0.8228,5.0862,0.85,5
375,0.95,1,23.56,0.9293,2.3034,0.8217,4.765,0.85,5
376,0.97,1,23.54,0.9314,2.173,0.8659,4.4169,0.85,5
377,0.94,1,23.6033,0.9353,2.0557,0.8712,4.0846,0.85,5
378,0.92,2,23.6633,0.9357,1.9502,0.9,3.7793,0.95,3
379,0.98,1,23.64,0.9247,1.985,0.8955,2.9893,0.85,3
380,0.94,1,23.6133,0.9302,1.8865,0.8525,3.3495,0.85,3
381,0.95,1,23.6633,0.9312,1.7979,0.8866,3.2575,0.85,3
382,0.92,1,23.7067,0.9331,1.7181,0.8975,3.0764,0.85,3
383,0.98,1,23.6633,0.9239,1.6463,0.8974,2.8832,0.85,3
384,0.9,1,23.6267,0.9295,1.5817,0.851,2.6997,0.85,3
385,0.9,1,23.6067,0.9089,1.5235,0.8497,2.5313,0.85,3
386,0.9,1,23.5867,0.9027,1.4711,0.868,2.3787,0.85,2
387,0.94,2,23.65,0.9008,1.424,0.8815,2.241,0.85,2
388,0.88,3,23.5533,0.9047,1.8272,0.8497,2.7374,0.85,3
389,0.82,2,23.54,0.8874,2.6482,0.842,4.3374,0.85,5
390,0.96,1,23.4633,0.8402,2.5833,0.7442,3.8685,0.75,3
391,0.92,1,23.4267,0.8522,2.425,0.6792,4.7149,0.65,5
392,0.97,1,23.3833,0.859,2.2825,0.726,4.6104,0.75,5
393,0.9,3,23.2933,0.8701,2.1543,0.7008,4.3316,0.75,5
394,0.96,1,23.2167,0.8731,2.7463,0.7716,4.4127,0.75,5
395,0.89,2,23.1267,0.8818,2.5717,0.7499,5.1423,0.75,5
396,0.85,3,23.1167,0.8826,2.5145,0.8095,4.1274,0.85,5
397,0.89,2,23.12,0.8598,2.8543,0.7996,3.962,0.75,3
398,0.89,2,23.14,0.8628,2.7689,0.8097,4.0919,0.85,5
399,0.94,2,23.17,0.8655,2.692,0.8181,3.9745,0.85,3
400,0.87,2,23.2767,0.873,2.6228,0.7672,3.8062,0.75,3
401,0.88,3,23.3233,0.8709,2.5605,0.8128,3.6351,0.85,3
402,0.91,1,23.3367,0.8718,2.8682,0.8376,3.7121,0.85,3
403,0.96,1,23.38,0.8756,2.6813,0.8198,5.2935,0.85,5
404,0.93,1,23.56,0.8841,2.5132,0.764,5.2337,0.75,5
405,0.91,2,23.6333,0.8887,2.3619,0.7974,4.9225,0.75,5
406,0.85,3,23.6867,0.8908,2.3257,0.8328,3.814,0.85,3
407,0.95,2,23.66,0.8622,2.7977,0.7977,4.0329,0.75,5
408,0.91,1,23.73,0.871,2.7179,0.7452,4.0075,0.75,5
409,0.89,2,23.8,0.8749,2.5461,0.7876,5.0136,0.75,5
410,0.94,2,23.87,0.8764,2.4915,0.8243,4.0379,0.85,5
411,0.93,2,23.8767,0.8828,2.4424,0.7907,3.5263,0.75,3
412,0.97,1,23.8833,0.8875,2.3981,0.8053,3.2485,0.85,3
413,0.96,1,23.9867,0.8958,2.2583,0.7736,4.238,0.75,5
414,0.97,1,24.1667,0.9022,2.1325,0.7913,4.1756,0.75,5
415,0.98,1,24.21,0.909,2.0192,0.7976,3.9379,0.75,3
416,0.98,1,24.3167,0.9161,1.9173,0.8008,3.67,0.85,3
417,0.97,1,24.4233,0.9225,1.8256,0.8142,3.4115,0.85,3
418,0.84,4,24.5933,0.9272,1.743,0.8389,3.1732,0.85,3
419,0.95,2,24.7,0.8662,3.3229,0.7368,6.5262,0.75,5
420,0.91,1,24.86,0.8745,3.1906,0.7391,5.719,0.75,5
421,0.84,2,24.8967,0.8781,2.9716,0.7893,6.2891,0.75,5
422,0.89,2,24.9967,0.8514,2.8744,0.7799,5.1304,0.75,5
423,0.84,4,25.2067,0.8553,2.787,0.7893,4.5117,0.75,5
424,0.89,2,25.4033,0.8446,3.6361,0.8028,5.5542,0.85,5
425,0.9,2,25.5833,0.8491,3.4725,0.7826,5.9571,0.75,5
426,0.86,3,25.7367,0.8542,3.3252,0.7753,5.7662,0.75,5
427,0.9,3,25.82,0.8548,3.2927,0.8108,4.7026,0.85,5
428,0.96,1,26.0267,0.8593,3.2634,0.7926,4.1344,0.75,5
429,0.77,7,26.1533,0.8694,3.0371,0.7261,6.1883,0.75,5
430,0.86,4,26.19,0.7998,5.8111,0.6421,11.5314,0.65,10
431,0.98,1,26.2867,0.8058,5.63,0.6862,9.6336,0.65,10
432,0.91,2,26.4167,0.8232,5.167,0.5748,11.9055,0.55,10
433,0.92,2,26.5167,0.8319,4.8503,0.6509,10.5615,0.65,10
434,0.93,2,26.5533,0.8407,4.5653,0.6841,9.5824,0.65,10
435,0.94,1,26.6233,0.8497,4.3088,0.6998,8.7825,0.65,10
436,0.93,2,26.73,0.8587,3.9779,0.7097,9.1488,0.75,10
437,0.9,2,26.9033,0.8658,3.7801,0.7382,7.7082,0.75,10
438,0.85,2,26.91,0.8692,3.6021,0.785,6.8625,0.75,5
439,0.97,1,26.97,0.8558,3.4419,0.8026,6.2791,0.85,5
440,0.89,1,27.1133,0.8672,3.1977,0.7073,6.9001,0.75,5
441,0.9,2,27.2433,0.8695,2.9779,0.7765,6.6193,0.75,5
442,0.94,1,27.33,0.8725,2.8801,0.8065,5.2862,0.85,5
443,0.99,1,27.4,0.8793,2.6921,0.7796,5.5958,0.75,5
444,0.89,3,27.3933,0.8903,2.5229,0.7285,5.3428,0.75,5
445,0.93,3,27.4433,0.8901,2.8569,0.8014,4.5352,0.85,5
446,0.91,2,27.4367,0.8941,2.9571,0.8208,3.8972,0.85,3
447,0.95,1,27.4067,0.8957,2.8614,0.85,4.2755,0.85,5
448,0.96,1,27.3167,0.9011,2.6752,0.8223,5.3513,0.85,5
449,0.98,1,27.2733,0.907,2.5077,0.8152,5.2396,0.85,5
450,0.99,1,27.2367,0.9143,2.3569,0.802,4.9151,0.85,5
451,0.96,1,27.2833,0.9219,2.2212,0.8009,4.5558,0.85,5
452,0.98,1,27.26,0.9257,2.0991,0.8412,4.2109,0.85,5
453,0.98,1,27.1633,0.9311,1.9892,0.8432,3.8934,0.85,3
454,0.96,1,27.03,0.936,1.8903,0.8533,3.6052,0.85,3
455,0.97,1,26.9433,0.9384,1.8013,0.8823,3.3451,0.85,3
456,0.97,1,26.8933,0.9416,1.7211,0.8883,3.1107,0.85,3
457,0.83,4,26.7167,0.9444,1.649,0.8956,2.8997,0.85,3
458,0.94,1,26.5233,0.8643,3.2947,0.7046,6.6018,0.75,5
459,0.93,1,26.4333,0.8719,3.0652,0.7359,6.7058,0.75,5
460,0.89,2,26.3833,0.8777,2.8587,0.7684,6.3306,0.75,5
461,0.82,2,26.3333,0.8789,2.7728,0.8167,5.0117,0.85,5
462,0.84,4,26.1767,0.8377,2.6956,0.7497,4.3188,0.75,5
463,0.88,4,26.0367,0.8379,3.6087,0.7896,5.6119,0.75,5
464,0.94,2,25.9333,0.8421,3.8826,0.7784,5.1049,0.75,5
465,0.89,2,25.77,0.8519,3.6943,0.7128,6.3702,0.75,5
466,0.93,1,25.62,0.8557,3.5249,0.7632,6.279,0.75,5
467,0.96,1,25.4167,0.8631,3.2724,0.7491,7.0605,0.75,5
468,0.93,1,25.2,0.8728,3.0452,0.7256,6.7981,0.75,5
469,0.89,2,25.03,0.8785,2.8407,0.7659,6.3259,0.75,5
470,0.9,1,24.7533,0.8797,2.7566,0.816,4.9887,0.85,5
471,0.92,1,24.4333,0.8817,2.5809,0.837,5.2899,0.85,5
472,0.86,2,24.14,0.8856,2.4228,0.8275,5.0563,0.85,5
473,0.83,2,23.8667,0.8677,2.3806,0.8202,3.9359,0.85,3
474,0.89,2,23.51,0.8413,2.3425,0.7833,3.3425,0.75,3
475,0.94,2,23.1667,0.8462,2.3082,0.772,3.0309,0.75,3
476,0.91,1,22.8967,0.8556,2.2774,0.7202,2.8576,0.75,3
477,0.97,1,22.53,0.861,2.1497,0.7556,3.9361,0.75,3
478,0.95,1,22.24,0.8719,2.0347,0.7112,3.895,0.75,3
479,0.95,2,21.9667,0.8797,1.9312,0.7408,3.6822,0.75,3
480,0.9,2,21.6267,0.8867,1.9794,0.7637,2.9431,0.75,3
481,0.96,1,21.2133,0.8881,1.9938,0.8182,2.5224,0.85,3
482,0.82,2,20.8733,0.8953,1.8944,0.7891,3.2924,0.75,3
483,0.86,2,20.5133,0.8426,1.9683,0.7238,2.7477,0.75,3
484,0.83,3,20.19,0.8443,1.9905,0.775,2.4196,0.75,2
485,0.85,2,19.7967,0.8343,2.6971,0.7915,4.1061,0.75,5
486,0.84,2,19.4,0.8359,2.6274,0.804,3.8587,0.85,3
487,0.85,2,19.1067,0.8363,2.5647,0.8179,3.6603,0.85,3
488,0.87,1,18.72,0.8377,2.5082,0.8163,3.4901,0.85,3
489,0.86,3,18.3033,0.8409,2.3574,0.7949,4.5015,0.75,5
490,0.93,1,17.8467,0.8428,2.8072,0.8064,4.2773,0.85,5
491,0.89,1,17.3933,0.8515,2.6265,0.7299,5.2407,0.75,5
492,0.89,1,17.03,0.8554,2.4638,0.7703,5.121,0.75,5
493,0.92,2,16.6267,0.8588,2.3175,0.7922,4.8027,0.75,5
494,0.83,6,16.17,0.8649,2.2857,0.7732,3.7153,0.75,3
495,0.87,2,15.7667,0.8405,4.8857,0.7709,10.0569,0.75,10
496,0.63,28,15.34,0.8434,4.5971,0.7877,9.475,0.75,10
497,0.83,5,14.9,0.694,20.9791,0.2724,52.0454,0.45,40
498,0.95,1,14.5333,0.7076,19.3812,0.4104,47.186,0.45,40
499,0.89,2,14.1467,0.7319,17.5431,0.3607,47.0696,0.45,40
500,0.82,2,13.7667,0.7477,15.9888,0.4499,42.8045,0.45,40
501,0.97,1,13.44,0.7549,14.5899,0.5638,38.8042,0.55,40
502,0.93,1,13.1367,0.7764,13.2309,0.4625,36.1585,0.45,40
503,0.88,2,12.8167,0.7918,12.0078,0.5193,33.0083,0.55,40
504,0.93,4,12.58,0.8006,11.007,0.6082,28.9511,0.65,20
505,0.96,1,12.33,0.8135,10.3063,0.6066,24.0753,0.65,20
506,0.92,1,12.09,0.8282,9.3757,0.597,24.2384,0.55,20
507,0.86,2,11.8867,0.8374,8.5381,0.6585,22.6495,0.65,20
508,0.89,2,11.7033,0.8396,7.8843,0.7368,19.7459,0.75,20
509,0.89,2,11.52,0.8447,7.2959,0.7554,17.6779,0.75,20
510,0.84,2,11.3433,0.8492,6.7663,0.7699,16.0103,0.75,20
511,0.79,3,11.24,0.8428,6.2897,0.7975,14.5758,0.75,10
512,0.89,2,11.1267,0.8058,5.9607,0.7291,12.3711,0.75,10
513,0.93,1,11.0133,0.8142,5.5646,0.691,12.0483,0.65,10
514,0.83,4,10.9633,0.8258,5.1082,0.6528,12.3243,0.65,10
515,0.9,1,10.9667,0.8262,4.9974,0.7313,9.2338,0.75,10
516,0.89,2,10.9633,0.8336,4.5976,0.7196,10.5681,0.75,10
517,0.93,2,11.0333,0.8393,4.3379,0.7396,9.1828,0.75,10
518,0.97,1,11.1233,0.8483,4.1041,0.712,8.2746,0.75,10
519,0.92,1,11.22,0.8605,3.7937,0.6772,8.6378,0.65,10
520,0.96,1,11.3633,0.8664,3.5143,0.7369,8.1856,0.75,10
521,0.92,1,11.5033,0.8758,3.2629,0.7288,7.5662,0.75,10
522,0.91,3,11.63,0.8802,3.0366,0.7793,6.9421,0.75,5
523,0.98,1,11.7933,0.8832,3.0329,0.8144,5.1727,0.85,5
524,0.97,1,12.01,0.8929,2.8296,0.7544,5.8629,0.75,5
525,0.98,1,12.26,0.9006,2.6467,0.7702,5.6633,0.75,5
526,0.9,1,12.4733,0.9085,2.482,0.778,5.2865,0.75,5
527,0.92,2,12.7,0.9026,2.3338,0.8301,4.8871,0.85,5
528,0.98,1,12.9967,0.9043,2.3004,0.8579,3.7724,0.85,3
529,0.99,1,13.28,0.9119,2.1704,0.8046,4.1332,0.85,5
530,0.98,1,13.5667,0.9197,2.0533,0.7972,3.9898,0.75,3
531,0.95,1,13.91,0.9257,1.948,0.819,3.7442,0.85,3
532,0.97,1,14.23,0.9281,1.8532,0.8608,3.4872,0.85,3
533,0.95,1,14.5233,0.9323,1.7679,0.8639,3.2443,0.85,3
534,0.89,1,14.8267,0.9341,1.6911,0.8894,3.0217,0.85,3
535,0.94,2,15.18,0.9032,1.622,0.8378,2.8202,0.85,3
536,0.98,1,15.51,0.9069,1.8866,0.8449,2.7241,0.85,3
537,0.96,1,15.8833,0.9142,1.7979,0.808,3.1014,0.85,3
538,0.84,3,16.2533,0.9188,1.7181,0.8331,3.0279,0.85,3
539,0.95,1,16.6633,0.8636,2.6154,0.7455,4.5198,0.75,5
540,0.9,2,17.0367,0.8723,2.4539,0.7369,4.9096,0.75,5
541,0.91,1,17.3933,0.875,2.4085,0.7917,3.8915,0.75,3
542,0.92,2,17.7367,0.8785,2.2677,0.8122,4.3693,0.85,5
543,0.83,2,18.1333,0.8827,2.2409,0.8151,3.4495,0.85,3
544,0.86,2,18.4433,0.8458,2.2168,0.7644,2.9572,0.75,3
545,0.92,1,18.7367,0.8472,2.1951,0.7985,2.6986,0.75,3
546,0.92,2,19.03,0.8545,2.0756,0.7509,3.7433,0.75,3
547,0.53,12,19.3333,0.8611,2.068,0.7545,2.9874,0.75,3
548,0.04,85,19.58,0.6293,9.0204,0.2076,40.0867,0.45,40
549,0.84,12,19.8133,0.2168,62.2061,0.0,93.2724,0.45,40
550,0.97,1,20.01,0.2791,57.1855,0.0,100.0,0.45,40
551,0.89,1,20.2367,0.3482,51.567,0.0,100.0,0.45,40
552,0.93,1,20.4767,0.4024,46.5103,0.0,100.0,0.45,40
553,0.93,2,20.6933,0.4551,41.9592,0.0,100.0,0.45,40
554,0.97,1,20.8733,0.5026,37.9633,0.0,100.0,0.45,40
555,0.92,3,21.0433,0.5494,34.267,0.0,97.8225,0.45,40
556,0.88,1,21.3267,0.5864,31.1403,0.0,86.4873,0.45,40
557,0.99,1,21.6,0.6158,28.1263,0.0713,79.5019,0.45,40
558,0.93,1,21.74,0.6532,25.4136,0.0581,72.1621,0.45,40
559,0.89,2,21.8933,0.6809,22.9723,0.1795,65.2147,0.45,40
560,0.89,3,22.1467,0.7018,20.875,0.304,57.8659,0.45,40
561,0.47,21,22.3333,0.7206,19.0875,0.3822,50.9564,0.45,40
562,0.8,3,22.4833,0.5452,20.4263,0.1235,51.4925,0.45,40
563,0.96,1,22.72,0.5707,18.6836,0.1508,48.0887,0.45,40
564,0.33,45,22.98,0.6096,16.9153,0.0265,46.098,0.45,40
565,0.74,7,23.0833,0.4139,36.5746,0.0,67.6408,0.45,40
566,0.9,2,23.2533,0.4465,33.6171,0.0,77.7309,0.45,40
567,0.95,1,23.38,0.4918,30.4554,0.0,80.225,0.45,40
568,0.96,2,23.4333,0.5377,27.5099,0.0,76.3594,0.45,40
569,0.85,2,23.4967,0.5799,24.9589,0.0,69.0988,0.45,40
570,0.82,3,23.58,0.6069,22.663,0.0704,62.4472,0.45,40
571,0.89,3,23.6033,0.6282,20.6967,0.213,55.4396,0.45,40
572,0.91,2,23.6467,0.6544,18.927,0.2284,49.8339,0.45,40
573,0.9,3,23.64,0.68,17.2343,0.2578,46.0304,0.45,40
574,0.86,2,23.63,0.702,15.8109,0.321,40.9603,0.45,40
575,0.93,1,23.65,0.7178,14.4298,0.4163,37.9029,0.45,40
576,0.88,5,23.7333,0.739,13.0868,0.4035,35.6007,0.45,40
577,0.9,2,23.7133,0.7531,12.2781,0.4858,28.8889,0.45,20
578,0.94,1,23.7567,0.7678,11.2503,0.5182,28.0683,0.55,20
579,0.85,3,23.8733,0.785,10.2253,0.5114,27.0729,0.55,20
580,0.24,24,23.98,0.7915,9.5028,0.617,23.0682,0.65,20
581,0.19,51,23.9767,0.4055,19.6508,0.0,50.7171,0.45,40
582,0.12,36,23.9767,0.2546,41.5952,0.0,72.6615,0.45,40
583,0.01,94,24.0167,0.1604,41.0357,0.0,59.7126,0.45,40
584,0.4,43,24.0833,0.0551,78.1107,0.0,100.0,0.45,40
585,0.71,6,24.08,0.0896,74.5996,0.0,100.0,0.45,40
586,0.81,2,24.0067,0.1516,67.7397,0.0,100.0,0.45,40
587,0.71,7,23.92,0.2175,61.1657,0.0,100.0,0.45,40
588,0.58,21,23.8267,0.2667,55.7491,0.0,100.0,0.45,40
589,0.42,24,23.76,0.2981,52.2742,0.0,100.0,0.45,40
590,0.06,58,23.6567,0.3103,49.4468,0.0,100.0,0.45,40
591,0.36,58,23.5033,0.1351,55.434,0.0,86.5003,0.45,40
592,0.84,3,23.4033,0.1576,57.2302,0.0,74.6085,0.45,40
593,0.93,1,23.2033,0.2258,51.8072,0.0,100.0,0.45,40
594,0.26,37,22.9667,0.2962,46.7265,0.0,100.0,0.45,40
595,0.03,93,22.8233,0.2709,45.7538,0.0,92.1784,0.45,40
596,0.58,11,22.5867,0.1023,78.8261,0.0,100.0,0.45,40
597,0.92,1,22.34,0.15,72.0435,0.0,100.0,0.45,40
598,0.99,1,22.1767,0.227,64.9392,0.0,100.0,0.45,40
599,0.95,1,21.95,0.3033,58.5453,0.0,100.0,0.45,40
600,0.95,1,21.7267,0.368,52.7907,0.0,100.0,0.45,40
601,0.96,1,21.58,0.4262,47.6117,0.0,100.0,0.45,40
602,0.86,2,21.4433,0.4796,42.9505,0.0,100.0,0.45,40
603,0.47,8,21.33,0.5176,38.8554,0.0,100.0,0.45,40
604,0.1,77,21.1767,0.4843,35.7699,0.0813,93.5791,0.45,40
605,0.0,100,21.01,0.2153,64.631,0.0,95.6972,0.45,40
606,0.01,61,20.8067,0.0646,89.3893,0.0,100.0,0.45,40
607,0.0,100,20.59,0.0264,86.5504,0.0,100.0,0.45,40
608,0.16,40,20.3967,0.0079,95.9651,0.0,100.0,0.45,40
609,0.23,20,20.1,0.0231,90.3686,0.0,100.0,0.45,40
610,0.13,50,19.8233,0.0438,83.3317,0.0,100.0,0.45,40
611,0.89,1,19.6167,0.0524,79.9986,0.0,100.0,0.45,40
612,0.1,66,19.4033,0.1362,72.0987,0.0,100.0,0.45,40
613,0.18,46,19.13,0.1109,71.4888,0.0,100.0,0.45,40
614,0.27,64,18.8467,0.1178,68.94,0.0,100.0,0.45,40
615,0.2,34,18.65,0.133,68.446,0.0,96.4665,0.45,40
616,0.81,4,18.44,0.1397,65.0014,0.0,100.0,0.45,40
617,0.92,2,18.2967,0.2067,58.9012,0.0,100.0,0.45,40
618,0.54,41,18.1733,0.2781,53.2111,0.0,100.0,0.45,40
619,0.0,100,18.02,0.3042,51.99,0.0,100.0,0.45,40
620,0.39,53,17.9,0.0913,85.597,0.0,100.0,0.45,40
621,0.9,2,17.83,0.1211,82.3373,0.0,100.0,0.45,40
622,0.95,1,17.6833,0.199,74.3036,0.0,100.0,0.45,40
623,0.91,3,17.5633,0.2741,66.9732,0.0,100.0,0.45,40
624,0.94,2,17.5267,0.3377,60.5759,0.0,100.0,0.45,40
625,0.92,1,17.5033,0.3979,54.7183,0.0,100.0,0.45,40
626,0.38,42,17.4833,0.4501,49.3465,0.0,100.0,0.45,40
627,0.88,3,17.4733,0.401,48.6118,0.0,100.0,0.45,40
628,0.99,1,17.4967,0.4489,44.0506,0.0,100.0,0.45,40
629,1.0,0,17.53,0.503,39.7456,0.0,100.0,0.45,40
630,0.92,1,17.5633,0.5527,35.771,0.0,100.0,0.45,40
631,0.97,1,17.6567,0.5895,32.2939,0.0,92.5519,0.45,40
632,0.58,18,17.74,0.6275,29.1645,0.0,83.4232,0.45,40
633,0.89,3,17.7967,0.5943,28.0481,0.2366,61.5035,0.45,40
634,0.98,1,17.9833,0.6238,25.5433,0.1721,64.5819,0.45,40
635,0.92,2,18.15,0.6594,23.0889,0.1104,63.0642,0.45,40
636,0.89,2,18.3733,0.6855,20.98,0.2175,57.3352,0.45,40
637,0.94,1,18.6133,0.706,19.082,0.3253,51.9266,0.45,40
638,0.69,11,18.8267,0.7294,17.2738,0.3457,47.9797,0.45,40
639,0.94,1,19.06,0.7018,16.6465,0.4848,35.5515,0.45,40
640,0.94,2,19.3333,0.7256,15.0818,0.3769,38.9746,0.45,40
641,0.94,2,19.63,0.7471,13.7736,0.3956,36.0304,0.45,40
642,0.95,1,19.9167,0.7664,12.5963,0.4384,32.8728,0.45,40
643,0.97,1,20.23,0.7847,11.4366,0.4747,30.8793,0.45,40
644,0.9,2,20.58,0.8032,10.393,0.4969,28.2729,0.45,20
645,0.94,2,20.8733,0.8129,9.5537,0.5987,24.6969,0.55,20
646,0.87,2,21.1667,0.8256,8.7983,0.615,22.097,0.65,20
647,0.91,2,21.4233,0.8301,8.1185,0.6996,19.9754,0.65,20
648,0.96,1,21.79,0.8381,7.5066,0.7069,18.1403,0.75,20
649,0.94,2,22.1567,0.8503,6.856,0.6677,17.5378,0.65,20
650,0.9,1,22.4867,0.8592,6.3704,0.7003,15.2523,0.75,20
651,0.95,1,22.79,0.8633,5.8333,0.7598,14.6814,0.75,10
652,0.95,2,23.17,0.872,5.35,0.7399,13.5798,0.75,10
653,0.95,1,23.64,0.8798,5.015,0.7503,11.4627,0.75,10
654,0.87,4,24.03,0.8868,4.6135,0.7669,11.1711,0.75,10
655,0.99,1,24.3333,0.875,4.5522,0.8054,8.2418,0.85,10
656,0.96,2,24.8167,0.8865,4.1969,0.7238,9.4866,0.75,10
657,0.97,1,25.2833,0.8939,3.9772,0.7591,8.1647,0.75,10
658,0.96,2,25.6133,0.9015,3.6795,0.7733,8.375,0.75,10
659,1.0,0,26.06,0.9073,3.5116,0.8005,6.9694,0.85,5
660,0.97,2,26.52,0.9166,3.1604,0.7763,8.3508,0.75,10
661,0.93,1,26.9033,0.9219,3.0444,0.8156,6.3051,0.85,5
662,0.88,3,27.31,0.9228,2.8399,0.8635,6.1724,0.85,5
663,0.9,2,27.7133,0.8928,2.952,0.8256,4.7905,0.85,5
664,0.88,1,28.1367,0.8935,2.8568,0.8554,4.5092,0.85,5
665,0.97,1,28.48,0.8841,2.6711,0.8561,5.3819,0.85,5
666,0.97,2,28.74,0.8927,2.504,0.7734,5.2414,0.75,5
667,0.94,1,29.02,0.9004,2.4536,0.7755,4.1056,0.75,5
668,0.92,2,29.3267,0.9044,2.3082,0.8169,4.5038,0.85,5
669,0.96,1,29.6567,0.9059,2.2774,0.8534,3.5526,0.85,3
670,0.85,2,29.8267,0.9113,2.1497,0.8315,4.0413,0.85,5
671,0.98,1,29.9833,0.8684,2.1347,0.7734,3.1911,0.75,3
672,0.98,1,30.26,0.8796,2.0212,0.7174,3.6865,0.75,3
673,0.9,1,30.5567,0.8896,1.9191,0.7253,3.5946,0.75,3
674,0.82,3,30.7133,0.8906,1.8272,0.7995,3.3899,0.75,3
675,0.89,2,30.91,0.8412,2.6482,0.7319,4.4751,0.75,5
676,0.91,2,31.2367,0.8461,2.5833,0.7561,3.9238,0.75,3
677,0.88,1,31.5433,0.8525,2.525,0.7516,3.6129,0.75,3
678,0.9,1,31.7133,0.8552,2.3725,0.7882,4.5542,0.75,5
679,0.93,2,32.0167,0.8597,2.2353,0.788,4.4703,0.75,5
680,0.98,1,32.31,0.8667,2.2117,0.7623,3.478,0.75,3
681,0.99,1,32.5933,0.8781,2.0906,0.712,3.8966,0.75,3
682,1.0,0,32.8067,0.8892,1.9815,0.7104,3.779,0.75,3
683,0.98,1,33.06,0.9003,1.7834,0.7191,4.6825,0.75,5
684,0.98,1,33.3133,0.9083,1.705,0.7604,3.6243,0.75,3
685,0.98,1,33.6367,0.9155,1.6345,0.7878,3.0651,0.75,3
686,0.96,2,33.8167,0.9219,1.5711,0.8089,2.7443,0.85,3
687,0.99,1,34.1067,0.9257,1.8713,0.8446,2.7439,0.85,3
688,0.96,2,34.4433,0.9322,1.7842,0.8332,3.075,0.85,3
689,0.92,1,34.69,0.9349,1.9353,0.8685,2.7021,0.85,3
690,0.93,2,35.0067,0.9245,1.8417,0.8827,3.1956,0.85,3
691,0.89,2,35.2267,0.925,1.9525,0.9009,2.7254,0.95,3
692,0.9,1,35.41,0.9005,1.9858,0.8505,2.4141,0.85,2
693,0.9,2,35.4833,0.9002,1.8872,0.8728,3.2639,0.85,3
694,0.87,1,35.5967,0.9,1.9662,0.885,2.736,0.85,3
695,0.91,2,35.83,0.879,1.8695,0.8369,3.2644,0.85,3
696,0.9,1,36.0433,0.8821,1.9609,0.8336,2.7457,0.85,3
697,0.9,1,36.2833,0.8839,1.8648,0.8477,3.2552,0.85,3
698,0.88,2,36.54,0.8855,1.7783,0.8558,3.1912,0.85,3
699,0.94,1,36.6867,0.8817,1.9335,0.8637,2.7653,0.85,3
700,0.88,1,36.9633,0.8875,1.8401,0.8066,3.2032,0.85,3
701,0.97,1,37.3567,0.8822,1.7561,0.8368,3.1324,0.85,3
702,0.95,1,37.5767,0.891,1.6805,0.7677,2.9654,0.75,3
703,0.95,1,37.7567,0.8969,1.6125,0.7913,2.7839,0.75,3
704,0.92,2,38.0067,0.9022,1.5512,0.8091,2.6105,0.85,3
705,0.97,1,38.4,0.904,1.8654,0.8474,2.7128,0.85,3
706,0.92,2,38.6633,0.9106,1.7788,0.8146,3.057,0.85,3
707,0.97,1,38.9667,0.9115,1.9336,0.8574,2.697,0.85,3
708,0.98,1,39.38,0.9174,1.8403,0.8317,3.1915,0.85,3
709,0.97,1,39.6367,0.9237,1.7563,0.8255,3.1292,0.85,3
710,0.91,1,39.75,0.9283,1.6806,0.8449,2.9646,0.85,3
711,0.94,2,40.03,0.9155,1.6126,0.8633,2.7839,0.85,3
712,0.92,2,40.4033,0.9179,1.8838,0.8737,2.718,0.85,3
713,0.97,1,40.6667,0.9181,1.9651,0.8938,2.4492,0.85,2
714,0.92,2,40.97,0.9233,1.8686,0.8507,3.223,0.85,3
715,0.96,1,41.25,0.921,1.9606,0.881,2.7241,0.85,3
716,0.95,3,41.53,0.9249,1.8645,0.8669,3.251,0.85,3
717,0.96,2,41.7,0.9274,2.6594,0.8805,4.3967,0.85,5
718,0.96,1,41.9,0.9307,2.5934,0.879,3.9083,0.85,3
719,0.98,1,41.9833,0.9336,2.4341,0.8843,4.7422,0.85,5
720,0.92,2,42.13,0.9382,2.2907,0.8689,4.6344,0.85,5
721,0.97,1,42.39,0.9255,2.2616,0.88,3.6062,0.85,3
722,0.98,1,42.5567,0.9299,2.1354,0.8638,4.0214,0.85,5
723,0.95,1,42.7967,0.9349,2.0219,0.8571,3.895,0.85,3
724,0.97,1,42.84,0.9364,1.9197,0.889,3.6605,0.85,3
725,0.91,1,43.0033,0.9398,1.8277,0.8868,3.4124,0.85,3
726,0.95,1,43.2233,0.9189,1.745,0.8687,3.1771,0.85,3
727,0.87,3,43.38,0.922,1.6705,0.8712,2.9613,0.85,3
728,0.96,1,43.56,0.8856,2.6011,0.8088,4.5627,0.85,5
729,0.98,1,43.85,0.8931,2.441,0.7824,4.8925,0.75,5
730,0.98,1,44.2967,0.9017,2.2969,0.7676,4.6918,0.75,5
731,0.99,1,44.6267,0.9096,2.1672,0.7792,4.3822,0.75,5
732,0.96,1,44.88,0.9176,2.0505,0.7859,4.0635,0.75,5
733,0.96,1,45.1733,0.9219,1.9455,0.8291,3.7636,0.85,3
734,0.92,2,45.6533,0.9257,1.8509,0.8526,3.4894,0.85,3
735,0.93,1,45.99,0.9217,1.9553,0.8809,2.8759,0.85,3
736,0.95,1,46.18,0.9225,1.8597,0.8974,3.2678,0.85,3
737,0.93,1,46.33,0.9253,1.7738,0.8851,3.1861,0.85,3
738,0.91,1,46.6433,0.9257,1.6964,0.9028,3.0126,0.95,3
739,0.92,2,46.8367,0.9147,1.6268,0.8897,2.826,0.85,3
740,0.97,1,47.3267,0.9153,1.888,0.8997,2.7219,0.85,3
741,0.99,1,47.7233,0.9207,1.7992,0.8449,3.1039,0.85,3
742,0.92,1,48.04,0.9277,1.7193,0.8237,3.0309,0.85,3
743,0.88,1,48.3833,0.9223,1.6474,0.8644,2.8705,0.85,3
744,0.96,1,48.65,0.8927,1.5826,0.8264,2.6973,0.85,3
745,0.99,1,48.8367,0.8994,1.5244,0.7999,2.5322,0.75,3
746,0.97,1,49.1067,0.9085,1.4719,0.7724,2.3805,0.75,2
747,0.89,2,49.26,0.9146,1.4247,0.8018,2.2429,0.85,2
748,0.9,2,49.38,0.8974,1.8274,0.8269,2.7371,0.85,3
749,0.86,3,49.7767,0.8977,1.9482,0.8589,2.5002,0.85,3
750,0.95,1,50.02,0.8713,2.6845,0.8153,4.1631,0.85,5
751,0.91,2,50.1367,0.8792,2.516,0.7666,4.9716,0.75,5
752,0.99,1,50.36,0.8822,2.4644,0.8074,3.9853,0.85,3
753,0.95,1,50.8767,0.893,2.318,0.7392,4.4987,0.75,5
754,0.88,3,51.4133,0.8987,2.1862,0.7836,4.3579,0.75,5
755,0.95,1,51.69,0.8856,2.7559,0.8175,4.3896,0.85,5
756,0.86,2,52.1067,0.8921,2.5803,0.7959,5.157,0.75,5
757,0.93,4,52.6,0.8696,2.5222,0.8009,4.1438,0.85,5
758,0.87,3,53.0033,0.8757,3.5567,0.7844,5.7758,0.75,5
759,0.92,2,53.4467,0.8717,3.501,0.8211,4.9378,0.85,5
760,0.95,1,53.7033,0.8765,3.3509,0.8045,5.5614,0.85,5
761,0.88,2,53.96,0.8839,3.1158,0.7753,6.5702,0.75,5
762,0.93,1,54.1733,0.8812,3.0042,0.8215,5.441,0.85,5
763,0.94,1,54.6067,0.886,2.8038,0.8113,5.868,0.85,5
764,1.0,0,55.0667,0.8914,2.6234,0.8067,5.6199,0.85,5
765,0.96,1,55.3367,0.9023,2.3611,0.7458,6.3269,0.75,5
766,0.87,3,55.7567,0.9081,2.225,0.7912,5.0932,0.75,5
767,0.98,1,56.25,0.8814,2.7675,0.7987,4.6664,0.75,5
768,0.9,3,56.5567,0.8913,2.5907,0.7483,5.2362,0.75,5
769,0.94,1,56.82,0.8922,2.8772,0.8129,4.4318,0.85,5
770,0.99,1,56.8933,0.8969,2.6895,0.8181,5.4096,0.85,5
771,0.96,1,57.1367,0.9062,2.5206,0.7711,5.282,0.75,5
772,0.94,1,57.4167,0.9116,2.3685,0.807,4.9504,0.85,5
773,0.99,1,57.63,0.9145,2.2316,0.8451,4.5868,0.85,5
774,1.0,0,57.7333,0.922,2.1085,0.8113,4.2385,0.85,5
775,0.96,2,58.0533,0.9298,1.8976,0.8065,5.025,0.85,5
776,0.95,1,58.1933,0.9328,1.9693,0.8536,3.688,0.85,3
777,1.0,0,58.4333,0.9345,1.8724,0.8851,3.505,0.85,3
778,0.97,1,58.7467,0.9411,1.6851,0.847,4.4126,0.85,5
779,0.83,2,58.98,0.944,1.6166,0.8789,3.3832,0.85,3
780,0.94,1,59.1467,0.8642,1.885,0.7033,2.9871,0.75,3
781,0.92,2,59.3933,0.8718,1.7965,0.7352,3.1558,0.75,3
782,0.96,1,59.85,0.8766,1.9389,0.7766,2.7344,0.75,3
783,0.95,2,59.9167,0.8849,1.8451,0.7578,3.2087,0.75,3
784,0.94,1,60.2,0.8914,1.9535,0.778,2.7303,0.75,3
785,0.91,2,60.6533,0.8963,1.8582,0.8051,3.2376,0.85,3
786,0.96,1,60.95,0.8977,1.9574,0.8443,2.7378,0.85,3
787,0.94,2,61.1467,0.9039,1.8617,0.8133,3.2469,0.85,3
788,0.95,1,61.36,0.9075,1.9585,0.8373,2.7407,0.85,3
789,0.96,1,61.6267,0.9118,1.8627,0.8418,3.2496,0.85,3
790,0.95,1,61.6833,0.9166,1.7764,0.8399,3.1858,0.85,3
791,0.81,4,61.7433,0.9199,1.6988,0.8577,3.0169,0.85,3
792,0.89,3,61.99,0.843,3.3096,0.6879,6.5578,0.65,5
793,0.87,1,62.0367,0.8477,3.2787,0.7409,5.1081,0.75,5
794,0.93,1,61.83,0.8499,3.0508,0.7839,6.3429,0.75,5
795,0.85,2,61.8533,0.8579,2.8457,0.7419,6.1948,0.75,5
796,0.93,1,62.0133,0.8524,2.7611,0.7879,4.9336,0.75,5
797,0.94,2,61.92,0.8601,2.585,0.7476,5.285,0.75,5
798,0.97,1,61.9,0.8681,2.5265,0.7421,4.2103,0.75,5
799,0.93,1,61.9033,0.8783,2.3739,0.722,4.6682,0.75,5
800,0.93,1,61.8533,0.8835,2.2365,0.7722,4.5067,0.75,5
801,0.96,1,61.56,0.8881,2.1128,0.7997,4.2204,0.75,5
802,0.96,1,61.4267,0.8953,2.0016,0.7852,3.9193,0.75,3
803,0.91,2,61.3233,0.9018,1.9014,0.7943,3.6344,0.75,3
804,1.0,0,61.1633,0.9026,1.9704,0.8426,2.9293,0.85,3
805,0.99,1,61.0633,0.9123,1.7734,0.7744,4.5354,0.75,5
806,0.96,2,61.06,0.9201,1.696,0.7892,3.5457,0.75,3
807,0.98,1,60.95,0.9241,1.9088,0.8338,3.0049,0.85,3
808,0.93,2,60.8,0.9297,1.8179,0.8382,3.2052,0.85,3
809,0.96,1,60.5633,0.9297,1.9454,0.8796,2.7455,0.85,3
810,0.97,2,60.4,0.9328,1.8508,0.8829,3.2237,0.85,3
811,0.98,1,60.4367,0.9365,1.9553,0.8784,2.7347,0.85,3
812,0.97,1,60.2633,0.9408,1.8597,0.873,3.2419,0.85,3
813,0.99,1,60.0833,0.9437,1.7738,0.889,3.1784,0.85,3
814,0.97,3,59.74,0.9484,1.6964,0.878,3.0101,0.85,3
815,0.96,1,59.4467,0.9505,2.6089,0.9018,4.5418,0.95,5
816,0.99,1,58.96,0.9515,2.448,0.9218,4.9023,0.95,5
817,0.95,1,58.4967,0.9553,2.3032,0.8999,4.707,0.85,5
818,0.96,2,57.8833,0.9516,2.1729,0.9204,4.3977,0.95,5
819,0.96,1,57.3067,0.9524,2.1556,0.9318,3.3972,0.95,3
820,1.0,0,56.94,0.9532,2.04,0.9378,3.7697,0.95,3
821,0.98,1,56.59,0.9579,1.836,0.8929,4.7991,0.85,5
822,0.96,1,56.24,0.9601,1.7524,0.9133,3.7418,0.95,3
823,0.97,1,55.73,0.96,1.6772,0.9344,3.1804,0.95,3
824,0.97,1,55.26,0.961,1.6095,0.9414,2.853,0.95,3
825,0.91,3,54.9033,0.9619,1.5485,0.9455,2.629,0.95,3
826,0.88,1,54.4067,0.9256,2.5646,0.8536,4.6479,0.85,5
827,0.94,2,53.8967,0.8937,2.4081,0.8196,4.8449,0.85,5
828,0.89,2,53.3533,0.8983,2.3673,0.8227,3.8153,0.85,3
829,0.97,1,53.0933,0.8925,2.3306,0.8495,3.2711,0.85,3
830,0.97,1,52.7333,0.9002,2.1975,0.791,4.0997,0.75,5
831,0.94,2,52.3833,0.9072,2.0778,0.7941,4.0275,0.75,5
832,0.96,1,51.9233,0.9105,2.07,0.8339,3.1432,0.85,3
833,0.99,1,51.4833,0.9154,1.963,0.8354,3.5485,0.85,3
834,0.97,1,51.2467,0.9229,1.8667,0.8113,3.4511,0.85,3
835,0.9,2,50.8533,0.9276,1.78,0.8385,3.255,0.85,3
836,0.93,1,50.4433,0.9083,1.934,0.8464,2.7968,0.85,3
837,0.97,1,50.1733,0.9105,1.8406,0.8653,3.2101,0.85,3
838,0.99,1,49.9433,0.9164,1.7565,0.8308,3.1353,0.85,3
839,0.92,5,49.8167,0.9238,1.6809,0.8122,2.9671,0.85,3
840,0.88,4,49.56,0.9211,4.0043,0.8598,8.626,0.85,10
841,0.99,1,49.2367,0.8923,4.0038,0.8265,6.5353,0.85,5
842,0.98,1,48.9133,0.9021,3.7035,0.763,8.0636,0.75,10
843,0.93,3,48.7333,0.9099,3.4331,0.7784,7.8541,0.75,10
844,0.91,3,48.3967,0.9119,3.3898,0.8347,5.8835,0.85,5
845,1.0,0,47.96,0.9106,3.3508,0.8682,4.8183,0.85,5
846,0.96,1,47.54,0.9195,3.0157,0.7943,7.6966,0.75,10
847,0.94,2,47.1833,0.9236,2.8142,0.8352,6.5915,0.85,5
848,0.91,2,46.9733,0.9252,2.7327,0.8718,5.0856,0.85,5
849,0.95,1,46.56,0.9146,2.6595,0.8786,4.2958,0.85,5
850,0.89,2,46.28,0.9181,2.4935,0.8655,4.9468,0.85,5
851,0.97,1,46.0167,0.8984,2.4442,0.8502,3.9498,0.85,3
852,0.94,1,46.0633,0.9056,2.2998,0.8036,4.4515,0.85,5
853,0.96,1,46.0867,0.909,2.1698,0.8358,4.3118,0.85,5
854,0.9,2,46.11,0.9141,2.0528,0.8333,4.0448,0.85,5
855,0.89,3,45.9433,0.9042,2.0475,0.8559,3.141,0.85,3
856,0.91,1,45.7767,0.8943,2.7143,0.8613,4.1554,0.85,5
857,0.94,2,45.8967,0.8958,2.5428,0.8677,5.0305,0.85,5
858,0.87,3,45.9767,0.9003,2.4885,0.8376,4.0425,0.85,5
859,0.89,2,45.8233,0.8791,2.8466,0.8251,3.951,0.85,3
860,0.96,1,45.78,0.8802,2.7619,0.847,4.0746,0.85,5
861,0.95,1,45.8967,0.8882,2.5857,0.7768,5.1148,0.75,5
862,0.89,2,45.9533,0.8943,2.4271,0.7896,5.0119,0.75,5
863,0.97,1,45.8567,0.8913,2.3844,0.8336,3.9174,0.85,3
864,0.93,1,46.0133,0.8992,2.246,0.7864,4.328,0.75,5
865,0.9,3,46.2033,0.9023,2.1214,0.8273,4.1807,0.85,5
866,0.97,1,46.3767,0.9007,2.7364,0.8595,4.39,0.85,5
867,0.9,2,46.43,0.9076,2.5628,0.8096,5.1183,0.85,5
868,0.92,1,46.4767,0.9023,2.5065,0.8476,4.1062,0.85,5
869,0.86,2,46.4433,0.9041,2.3558,0.8654,4.6066,0.85,5
870,0.88,3,46.41,0.8732,2.3203,0.809,3.6468,0.85,3
871,0.94,1,46.3333,0.8739,2.7961,0.8375,3.9805,0.85,3
872,0.97,1,46.1433,0.8805,2.6165,0.7874,5.1719,0.75,5
873,0.91,2,45.99,0.8895,2.4548,0.7561,5.0831,0.75,5
874,1.0,0,45.9967,0.8915,2.4093,0.8132,3.9791,0.85,3
875,0.95,2,46.0867,0.9024,2.1684,0.747,5.5938,0.75,5
876,0.96,1,46.2167,0.9071,2.1516,0.7997,4.042,0.75,5
877,0.99,1,46.32,0.9124,2.0364,0.8188,3.9294,0.85,3
878,0.96,1,46.5633,0.9202,1.9328,0.8017,3.6961,0.85,3
879,0.97,1,46.85,0.9242,1.8395,0.8392,3.4459,0.85,3
880,0.99,1,47.0333,0.9287,1.7555,0.8503,3.2077,0.85,3
881,0.9,1,47.23,0.9349,1.68,0.8403,2.9891,0.85,3
882,0.89,2,47.14,0.9105,1.612,0.8398,2.7909,0.85,3
883,0.89,2,47.19,0.8961,1.8836,0.8483,2.7215,0.85,3
884,0.94,2,47.2367,0.8918,1.9651,0.8643,2.4512,0.85,2
885,0.89,2,47.29,0.8967,1.9895,0.8287,2.2601,0.85,2
886,0.87,3,47.3767,0.892,1.9969,0.8537,2.1457,0.85,2
887,0.94,2,47.0667,0.8766,2.6991,0.8398,4.082,0.85,5
888,0.94,1,46.83,0.8829,2.6292,0.7934,3.8536,0.75,3
889,0.94,1,46.7067,0.8886,2.4662,0.7961,4.8064,0.75,5
890,0.95,2,46.5033,0.8938,2.3196,0.8068,4.7101,0.85,5
891,0.81,3,46.1667,0.8994,2.2877,0.8085,3.6689,0.85,3
892,0.87,3,45.8,0.8368,2.7863,0.7041,4.0246,0.75,5
893,0.82,2,45.6433,0.8401,2.9359,0.7543,3.6751,0.75,3
894,0.95,2,45.2367,0.826,2.8423,0.7715,4.1924,0.75,5
895,0.84,2,44.6933,0.8384,2.7581,0.6652,4.133,0.65,5
896,0.87,2,44.28,0.8386,2.6823,0.7437,3.9689,0.75,3
897,0.85,2,43.9867,0.8417,2.614,0.7741,3.788,0.75,3
898,0.93,2,43.38,0.8426,2.5526,0.8038,3.6145,0.85,3
899,0.87,2,42.7333,0.8513,2.4974,0.7291,3.4548,0.75,3
900,0.9,3,42.31,0.8532,2.4476,0.7815,3.3099,0.75,3
901,0.96,1,41.8033,0.8579,2.8343,0.7824,3.7292,0.75,3
902,0.91,1,41.41,0.8681,2.6509,0.7216,5.2223,0.75,5
903,0.81,2,40.9233,0.8723,2.4858,0.7734,5.1588,0.75,5
904,0.85,3,40.5133,0.8287,2.4372,0.7273,4.0467,0.75,5
905,0.82,2,39.9733,0.8308,2.8312,0.768,4.0046,0.75,5
906,0.86,2,39.52,0.8232,2.748,0.7858,4.0601,0.75,5
907,0.98,1,39.16,0.8269,2.6732,0.7723,3.9287,0.75,3
908,0.87,2,38.7,0.8422,2.5059,0.6294,4.9091,0.65,5
909,0.91,2,38.27,0.845,2.4553,0.7224,3.9444,0.75,3
910,0.91,2,37.7267,0.8515,2.4098,0.7396,3.4383,0.75,3
911,0.97,2,37.1533,0.8574,2.3688,0.7562,3.1659,0.75,3
912,0.92,1,36.5367,0.8686,2.3319,0.704,3.0014,0.75,3
913,0.94,1,35.9533,0.8738,2.1987,0.7592,4.068,0.75,5
914,0.94,1,35.35,0.8804,2.0789,0.7697,4.0204,0.75,5
915,0.95,1,34.7133,0.8863,1.971,0.7843,3.7973,0.75,3
916,0.89,2,34.1133,0.8927,1.8739,0.7888,3.5431,0.75,3
917,0.83,3,33.8367,0.8908,1.9622,0.8338,2.8927,0.85,3
918,0.8,2,33.4667,0.8482,2.6886,0.7589,4.2051,0.75,5
919,0.85,3,33.0033,0.8145,2.6198,0.732,3.88,0.75,3
920,0.86,2,32.7333,0.818,2.8859,0.7515,3.7521,0.75,3
921,0.87,2,32.3867,0.8222,2.7973,0.7539,4.1056,0.75,5
922,0.95,1,32.1,0.827,2.7176,0.7514,4.0281,0.75,5
923,0.92,2,31.6867,0.8393,2.5458,0.665,5.0162,0.65,5
924,0.95,1,31.34,0.8474,2.4913,0.7009,4.0389,0.75,5
925,0.95,1,31.0967,0.8576,2.3421,0.6952,4.5626,0.65,5
926,0.77,4,30.6667,0.8669,2.2079,0.7117,4.4194,0.75,5
927,0.96,1,30.3133,0.7991,3.4624,0.641,6.21,0.65,5
928,0.91,1,30.24,0.8152,3.2161,0.5773,6.924,0.55,5
929,0.85,2,30.1667,0.8246,2.9945,0.6402,6.6586,0.65,5
930,0.79,3,30.0867,0.8272,2.8951,0.7203,5.3243,0.75,5
931,0.89,3,29.9533,0.8012,2.9685,0.7234,4.3069,0.75,5
932,0.8,2,29.8333,0.81,2.9906,0.6806,3.7249,0.65,3
933,0.87,1,29.8433,0.803,2.8915,0.7308,4.3128,0.75,5
934,0.82,2,29.6933,0.8097,2.7024,0.7094,5.4193,0.75,5
935,0.79,3,29.6533,0.8107,2.6321,0.754,4.4066,0.75,5
936,0.84,2,29.6633,0.7962,2.8896,0.754,3.9855,0.75,3
937,0.98,1,29.56,0.8006,2.8007,0.7361,4.1642,0.75,5
938,1.0,0,29.3633,0.8185,2.6206,0.5691,5.2088,0.55,5
939,0.9,3,29.1867,0.8367,2.3585,0.552,6.2336,0.55,5
940,0.82,2,29.11,0.843,2.8076,0.6644,5.1063,0.65,5
941,0.83,2,28.92,0.8269,2.7268,0.7241,4.4062,0.75,5
942,0.92,2,28.7267,0.8272,2.6541,0.7707,4.013,0.75,5
943,0.82,3,28.53,0.8365,2.5887,0.7051,3.7568,0.75,3
944,0.92,1,28.37,0.8249,2.8766,0.7495,3.7308,0.75,3
945,0.93,2,28.2533,0.8345,2.689,0.6973,5.3136,0.65,5
946,0.91,2,28.0833,0.844,2.6201,0.6926,4.3421,0.65,5
947,0.96,3,27.8733,0.8506,2.5581,0.7276,3.83,0.75,3
948,0.94,1,27.7,0.8615,2.8674,0.6966,3.7922,0.65,3
949,0.86,2,27.6033,0.8694,2.6807,0.7286,5.3,0.75,5
950,0.94,1,27.4033,0.8628,2.6126,0.7846,4.326,0.75,5
951,0.85,4,27.28,0.8705,2.4513,0.756,4.8609,0.75,5
952,0.89,4,27.21,0.8562,3.5354,0.7874,6.0422,0.75,5
953,0.94,1,27.1133,0.8595,3.8606,0.7996,5.3752,0.75,5
954,0.91,2,26.93,0.8676,3.5746,0.7521,7.5978,0.75,10
955,0.87,3,26.7467,0.8718,3.4171,0.7858,6.5076,0.75,5
956,0.82,14,26.6533,0.8705,3.3754,0.8233,5.1628,0.85,5
957,0.91,2,26.4433,0.8352,10.8126,0.7609,25.4668,0.75,20
958,0.53,40,26.24,0.8426,9.9314,0.7319,24.4746,0.75,20
959,0.36,33,26.0167,0.6238,30.9794,0.2021,62.0457,0.45,40
960,0.88,2,25.7433,0.4391,32.3938,0.0175,63.4601,0.45,40
961,0.97,1,25.4633,0.4832,29.3544,0.0,74.5105,0.45,40
962,0.67,21,25.2,0.5319,26.519,0.0,72.718,0.45,40
963,0.0,100,24.8767,0.5457,25.9671,0.0889,52.3866,0.45,40
964,0.87,6,24.55,0.1637,77.7901,0.0,100.0,0.45,40
965,0.59,22,24.17,0.2343,70.6111,0.0,100.0,0.45,40
966,0.86,2,23.7667,0.2699,65.75,0.0,100.0,0.45,40
967,0.86,2,23.3133,0.3289,59.375,0.0,100.0,0.45,40
968,0.84,4,22.93,0.382,53.6375,0.0,100.0,0.45,40
969,0.32,53,22.4567,0.4278,48.6738,0.0,100.0,0.45,40
970,0.0,100,21.9733,0.3523,51.7021,0.0,99.2933,0.45,40
971,0.2,78,21.5933,0.1057,85.5106,0.0,100.0,0.45,40
972,0.9,2,21.24,0.1151,84.7596,0.0,100.0,0.45,40
973,0.89,1,20.85,0.1936,76.4836,0.0,100.0,0.45,40
974,0.38,54,20.4367,0.2633,68.9353,0.0,100.0,0.45,40
975,0.68,9,20.05,0.2749,67.4417,0.0,100.0,0.45,40
976,0.86,2,19.65,0.3154,61.5976,0.0,100.0,0.45,40
977,0.84,4,19.22,0.3699,55.6378,0.0,100.0,0.45,40
978,0.9,2,18.7633,0.4169,50.474,0.0,100.0,0.45,40
979,0.9,3,18.3367,0.4652,45.6266,0.0,100.0,0.45,40
980,0.37,40,17.94,0.5087,41.364,0.0,100.0,0.45,40
981,0.91,3,17.5,0.4116,41.2276,0.0,81.8045,0.45,40
982,0.84,2,17.0133,0.4614,37.4048,0.0,94.5149,0.45,40
983,0.87,2,16.6267,0.4993,33.8643,0.0,91.7647,0.45,40
984,0.88,2,16.22,0.5364,30.6779,0.0,84.795,0.45,40
985,0.92,1,15.78,0.5707,27.8101,0.0,77.1676,0.45,40
986,0.96,1,15.34,0.6057,25.1291,0.0285,70.869,0.45,40
987,0.83,2,14.91,0.6411,22.7162,0.0599,64.3129,0.45,40
988,0.97,1,14.48,0.66,20.6446,0.249,57.1393,0.45,40
989,0.1,84,14.0733,0.691,18.6801,0.2086,52.3019,0.45,40
990,0.14,42,13.6067,0.2773,64.404,0.0,95.4703,0.45,40
991,0.74,9,13.24,0.1812,62.1636,0.0,97.3794,0.45,40
992,0.83,3,12.8433,0.2371,56.8473,0.0,100.0,0.45,40
993,0.71,3,12.4367,0.2964,51.4625,0.0,100.0,0.45,40
994,0.82,3,12.0933,0.3377,46.6163,0.0,100.0,0.45,40
995,0.88,1,11.7433,0.386,42.2547,0.0,100.0,0.45,40
996,0.93,1,11.38,0.4354,38.1292,0.0,100.0,0.45,40
997,0.92,1,11.09,0.4848,34.4163,0.0,98.2958,0.45,40
998,0.9,1,10.81,0.5283,31.0746,0.0,88.8585,0.45,40
999,0.96,1,10.6067,0.5655,28.0672,0.0,80.1697,0.45,40
1000,0.93,2,10.3967,0.605,25.3605,0.0,72.2851,0.45,40
1001,0.76,3,10.1767,0.6375,23.0244,0.0656,64.1837,0.45,40
1002,0.78,3,9.96,0.6497,21.022,0.294,56.6258,0.45,40
1003,0.84,2,9.7767,0.6627,19.2198,0.3979,50.7698,0.45,40
1004,0.71,19,9.6,0.6805,17.4978,0.3967,46.8269,0.45,40
1005,0.79,3,9.41,0.6834,18.5493,0.5228,34.746,0.55,40
1006,0.54,29,9.23,0.6941,16.9944,0.523,40.1592,0.55,40
1007,0.54,36,9.1,0.5862,25.3983,0.1645,56.4646,0.45,40
1008,0.48,46,8.97,0.5539,32.8195,0.3143,55.2337,0.45,40
1009,0.12,86,8.85,0.5022,42.0458,0.3362,63.9487,0.45,40
1010,0.23,48,8.7467,0.2346,72.8138,0.0,100.0,0.45,40
1011,0.0,100,8.6867,0.2314,70.3324,0.0003,100.0,0.45,40
1012,0.0,100,8.62,0.0694,91.0997,0.0,100.0,0.45,40
1013,0.0,100,8.53,0.0208,97.3299,0.0,100.0,0.45,40
1014,0.0,100,8.4933,0.0062,99.199,0.0,100.0,0.45,40
1015,0.0,100,8.49,0.0019,99.7597,0.0,100.0,0.45,40
1016,0.8,18,8.4867,0.0006,99.9279,0.0,100.0,0.45,40
1017,0.98,1,8.5333,0.0805,91.7351,0.0,100.0,0.45,40
1018,0.91,1,8.5733,0.1705,82.6616,0.0,100.0,0.45,40
1019,0.88,1,8.6133,0.2444,74.4954,0.0,100.0,0.45,40
1020,0.87,1,8.6733,0.308,67.1459,0.0,100.0,0.45,40
1021,0.96,1,8.8,0.3642,60.5313,0.0,100.0,0.45,40
1022,0.94,1,8.9133,0.4238,54.5782,0.0,100.0,0.45,40
1023,0.88,1,9.0567,0.4754,49.2204,0.0,100.0,0.45,40
1024,0.89,1,9.2133,0.5158,44.3983,0.0,100.0,0.45,40
1025,0.96,2,9.3533,0.5533,40.0585,0.0,100.0,0.45,40
1026,0.51,44,9.51,0.5939,36.2526,0.0,100.0,0.45,40
1027,0.0,100,9.71,0.5352,41.6758,0.1531,79.7072,0.45,40
1028,0.1,67,9.91,0.1606,82.5027,0.0,100.0,0.45,40
1029,0.0,100,10.1,0.1182,80.9525,0.0,100.0,0.45,40
1030,0.0,100,10.28,0.0354,94.2857,0.0,100.0,0.45,40
1031,0.0,100,10.4533,0.0106,98.2857,0.0,100.0,0.45,40
1032,0.0,100,10.66,0.0032,99.4857,0.0,100.0,0.45,40
1033,0.08,56,10.84,0.001,99.8457,0.0,100.0,0.45,40
1034,0.0,100,11.0133,0.0089,95.4611,0.0,100.0,0.45,40
1035,0.07,52,11.1867,0.0027,98.6383,0.0,100.0,0.45,40
1036,0.6,8,11.34,0.0094,93.9745,0.0,100.0,0.45,40
1037,0.79,3,11.5167,0.0685,85.3771,0.0,100.0,0.45,40
1038,0.82,2,11.71,0.1406,77.1394,0.0,100.0,0.45,40
1039,0.74,10,11.87,0.2085,69.6254,0.0,100.0,0.45,40
1040,0.86,2,11.9933,0.2617,63.6629,0.0,100.0,0.45,40
1041,0.83,2,12.1667,0.3215,57.4966,0.0,100.0,0.45,40
1042,0.8,2,12.35,0.3724,51.9469,0.0,100.0,0.45,40
1043,0.86,2,12.5233,0.4151,46.9522,0.0,100.0,0.45,40
1044,0.86,2,12.6533,0.4596,42.457,0.0,100.0,0.45,40
1045,0.94,1,12.8333,0.4997,38.4113,0.0,100.0,0.45,40
1046,0.88,2,13.0133,0.5437,34.6702,0.0,98.9023,0.45,40
1047,0.98,1,13.16,0.5773,31.4032,0.0,88.4921,0.45,40
1048,0.98,1,13.3133,0.6176,28.3628,0.0,80.5965,0.45,40
1049,0.94,1,13.5767,0.6538,25.6266,0.0424,72.9182,0.45,40
1050,0.94,2,13.82,0.6824,23.1639,0.1655,65.8198,0.45,40
1051,0.87,2,13.98,0.7082,21.0475,0.2546,58.3858,0.45,40
1052,0.84,2,14.1633,0.7244,19.1428,0.3907,52.3897,0.45,40
1053,0.85,3,14.36,0.7359,17.4285,0.4936,47.2307,0.45,40
1054,0.8,3,14.5433,0.7474,15.9856,0.5418,41.6901,0.55,40
1055,0.8,2,14.74,0.7526,14.6871,0.6187,37.4374,0.65,40
1056,0.84,2,14.9467,0.7574,13.4184,0.6592,34.8687,0.65,40
1057,0.87,2,15.0967,0.7656,12.2765,0.6398,31.8969,0.65,40
1058,0.86,1,15.2067,0.7761,11.2489,0.6167,29.011,0.65,20
1059,0.92,1,15.32,0.7845,10.224,0.6397,27.3582,0.65,20
1060,0.95,2,15.5167,0.798,9.3016,0.5953,25.088,0.55,20
1061,0.92,1,15.6867,0.8132,8.5714,0.5764,21.8278,0.55,20
1062,0.89,3,15.82,0.8239,7.8143,0.6279,20.5143,0.65,20
1063,0.77,3,16.06,0.8305,7.3329,0.6898,16.9392,0.65,20
1064,0.76,4,16.29,0.7881,6.8996,0.6747,14.8519,0.65,10
1065,0.82,2,16.5267,0.7684,6.6096,0.6952,12.5168,0.65,10
1066,0.81,3,16.8067,0.7736,6.1487,0.6921,13.2698,0.65,10
1067,0.76,5,17.0633,0.7772,5.8338,0.7101,11.6638,0.75,10
1068,0.86,3,17.3133,0.7652,5.7504,0.7214,9.1435,0.75,10
1069,0.84,2,17.5733,0.7747,5.4754,0.642,9.6921,0.65,10
1070,0.91,1,17.92,0.7812,5.1278,0.6656,10.439,0.65,10
1071,0.9,1,18.2333,0.7941,4.715,0.6058,11.0973,0.65,10
1072,0.91,1,18.4767,0.8047,4.3435,0.6261,10.537,0.65,10
1073,0.94,1,18.74,0.8152,4.0092,0.6403,9.7258,0.65,10
1074,0.94,1,19.1,0.8277,3.7083,0.631,8.8999,0.65,10
1075,0.92,2,19.37,0.8389,3.4374,0.6505,8.1254,0.65,10
1076,0.82,2,19.6967,0.847,3.2937,0.695,6.5351,0.65,5
1077,0.79,3,20.05,0.8281,3.1643,0.7369,5.6786,0.75,5
1078,0.93,3,20.3833,0.8014,3.1479,0.729,4.5435,0.75,5
1079,0.92,2,20.5733,0.8143,3.1331,0.633,3.9241,0.65,3
1080,0.94,2,20.7833,0.8249,3.0198,0.6487,4.6382,0.65,5
1081,0.89,2,21.01,0.8364,2.9178,0.6509,4.5778,0.65,5
1082,0.98,1,21.2267,0.8417,2.826,0.7162,4.3823,0.75,5
1083,0.89,2,21.2567,0.8556,2.6434,0.6532,5.297,0.65,5
1084,0.96,1,21.3633,0.859,2.5791,0.7385,4.281,0.75,5
1085,0.93,1,21.4833,0.8691,2.4212,0.7152,4.7858,0.75,5
1086,0.94,2,21.65,0.8752,2.2791,0.7563,4.6248,0.75,5
1087,0.93,2,21.7833,0.8817,2.2512,0.7713,3.5921,0.75,3
1088,0.94,2,21.9433,0.8865,2.226,0.7966,3.0378,0.75,3
1089,0.91,2,22.12,0.8919,2.2034,0.8033,2.7461,0.85,3
1090,0.98,1,22.2233,0.8937,2.1831,0.8391,2.5914,0.85,3
1091,0.95,1,22.4267,0.9023,2.0648,0.7798,3.7082,0.75,3
1092,0.91,1,22.6267,0.9071,1.9583,0.8132,3.678,0.85,3
1093,0.83,2,22.7433,0.9074,1.8625,0.8558,3.4831,0.85,3
1094,0.94,1,22.82,0.8532,1.9587,0.7431,2.8664,0.75,3
1095,0.97,1,22.88,0.8619,1.8629,0.7281,3.2728,0.75,3
1096,0.92,1,22.8433,0.8727,1.7766,0.7068,3.1931,0.75,3
1097,0.97,1,22.8633,0.8774,1.6989,0.7657,3.0196,0.75,3
1098,0.92,1,22.88,0.8867,1.629,0.7454,2.8325,0.75,3
1099,0.91,1,22.8967,0.89,1.5661,0.8,2.6542,0.85,3
1100,0.86,3,22.85,0.892,1.5095,0.8356,2.4904,0.85,2
1101,0.88,1,22.7667,0.8696,2.5529,0.8158,4.6732,0.85,5
1102,0.92,2,22.7567,0.8706,2.3976,0.8379,4.8298,0.85,5
1103,0.91,1,22.79,0.8756,2.3578,0.8053,3.798,0.85,3
1104,0.87,1,22.6933,0.879,2.222,0.818,4.2503,0.85,5
1105,0.78,3,22.6167,0.8727,2.0998,0.837,4.1154,0.85,5
1106,0.85,2,22.5467,0.8078,2.7299,0.6787,4.3893,0.65,5
1107,0.89,2,22.4467,0.812,2.657,0.7206,4.0116,0.75,5
1108,0.92,1,22.2933,0.8198,2.5913,0.7014,3.7608,0.75,3
1109,0.91,1,22.2167,0.8298,2.4321,0.6775,4.7138,0.65,5
1110,0.92,3,22.08,0.8379,2.2889,0.6995,4.6226,0.65,5
1111,0.88,2,21.93,0.8461,2.7867,0.71,4.3965,0.75,5
1112,0.84,2,21.84,0.8495,2.708,0.7615,4.1042,0.75,5
1113,0.81,2,21.89,0.8428,2.6372,0.7929,3.8758,0.75,3
1114,0.76,4,21.8467,0.8199,2.5735,0.767,3.6822,0.75,3
1115,0.82,2,21.8567,0.778,3.572,0.6907,5.627,0.65,5
1116,0.77,2,21.7933,0.7822,3.4148,0.7071,5.8535,0.75,5
1117,0.79,3,21.77,0.7736,3.2734,0.7293,5.6346,0.75,5
1118,0.86,3,21.7433,0.7753,3.246,0.7422,4.5929,0.75,5
1119,0.58,16,21.7,0.7838,3.2214,0.6658,4.0331,0.65,5
1120,0.84,5,21.6333,0.6411,12.1664,0.2195,43.2327,0.45,40
1121,0.91,2,21.5,0.661,11.4498,0.3029,31.117,0.45,40
1122,0.93,1,21.42,0.6859,10.5048,0.2911,27.3915,0.45,20
1123,0.88,3,21.2833,0.7103,9.5543,0.3108,25.5744,0.45,20
1124,0.41,15,21.2733,0.7273,8.8989,0.4073,21.4827,0.45,20
1125,0.38,26,21.28,0.5052,13.1697,0.0835,44.2359,0.45,40
1126,0.34,23,21.28,0.4176,22.1509,0.1294,46.6723,0.45,40
1127,0.35,23,21.24,0.3633,22.7453,0.1727,36.2269,0.45,40
1128,0.05,78,21.2433,0.354,22.9236,0.248,30.3161,0.45,40
1129,0.48,34,21.2467,0.1412,61.4771,0.0,92.5433,0.45,40
1130,0.7,8,21.3,0.1751,58.7294,0.0,100.0,0.45,40
1131,0.46,25,21.36,0.2276,53.6564,0.0,100.0,0.45,40
1132,0.69,4,21.4,0.2508,50.7908,0.0,100.0,0.45,40
1133,0.35,9,21.3867,0.2947,46.1117,0.0,100.0,0.45,40
1134,0.16,19,21.3667,0.3003,42.4005,0.0,100.0,0.45,40
1135,0.33,42,21.38,0.2021,40.0605,0.0,87.7931,0.45,40
1136,0.92,1,21.41,0.2149,41.4181,0.0,67.6983,0.45,40
1137,0.73,8,21.4567,0.2854,37.3763,0.0,94.8314,0.45,40
1138,0.23,28,21.5967,0.3298,34.4387,0.0,85.6704,0.45,40
1139,0.29,28,21.6633,0.26,33.7948,0.0,63.2213,0.45,40
1140,0.34,30,21.8167,0.263,33.2153,0.0042,51.1979,0.45,40
1141,0.51,7,21.9867,0.2707,32.8938,0.0937,43.6916,0.45,40
1142,0.31,17,22.0933,0.2946,30.3044,0.0,66.4265,0.45,40
1143,0.4,11,22.2467,0.2961,28.974,0.1069,55.9309,0.45,40
1144,0.72,4,22.4367,0.3065,27.1766,0.13,55.9837,0.45,40
1145,0.89,2,22.56,0.3479,24.8589,0.0,60.4435,0.45,40
1146,0.91,1,22.8067,0.4021,22.573,0.0,59.5796,0.45,40
1147,0.92,2,22.9933,0.4529,20.4157,0.0,56.3636,0.45,40
1148,0.83,4,23.1967,0.4996,18.5742,0.0,50.6672,0.45,40
1149,0.58,13,23.41,0.5326,17.1167,0.0,43.7862,0.45,40
1150,0.26,19,23.6467,0.5374,16.7051,0.1881,32.3727,0.45,40
1151,0.61,28,23.8833,0.3432,18.3115,0.0,49.3778,0.45,40
1152,0.83,4,24.0167,0.3699,25.0935,0.0,46.7107,0.45,40
1153,0.88,2,24.3033,0.4159,22.9841,0.0,54.3344,0.45,40
1154,0.89,1,24.4967,0.4623,20.8857,0.0,54.4832,0.45,40
1155,0.86,3,24.67,0.5051,18.8971,0.0,51.8752,0.45,40
1156,0.9,2,24.91,0.5406,17.3074,0.0,45.6779,0.45,40
1157,0.87,2,25.1767,0.5765,15.7767,0.0,41.9537,0.45,40
1158,0.59,12,25.34,0.6059,14.399,0.0845,38.1692,0.45,40
1159,0.95,1,25.4867,0.5948,14.1591,0.3084,27.5907,0.45,20
1160,0.99,1,25.6033,0.6303,12.8432,0.1169,32.3898,0.45,40
1161,0.94,2,25.8167,0.6663,11.6589,0.0969,31.1591,0.45,40
1162,0.92,2,25.9967,0.6936,10.693,0.2046,27.7448,0.45,20
1163,0.9,2,26.27,0.7163,9.8237,0.3054,25.0009,0.45,20
1164,0.87,2,26.56,0.7346,9.0413,0.3962,22.6438,0.45,20
1165,0.74,5,26.8367,0.7482,8.3372,0.4854,20.5604,0.45,20
1166,0.65,11,27.09,0.7425,8.0035,0.5981,16.1222,0.55,20
1167,0.86,2,27.3433,0.6777,10.101,0.5279,16.1657,0.55,20
1168,0.94,1,27.57,0.696,9.2909,0.4321,20.9238,0.45,20
1169,0.88,2,27.8233,0.7204,8.4618,0.3547,21.5302,0.45,20
1170,0.94,1,27.9567,0.7363,7.8157,0.4391,19.2312,0.45,20
1171,0.88,4,28.0867,0.7567,7.1341,0.4325,18.4067,0.45,20
1172,0.9,3,28.4033,0.769,6.8207,0.5234,14.3522,0.55,10
1173,0.89,2,28.6733,0.7821,6.4386,0.5572,13.1217,0.55,10
1174,0.94,1,28.9433,0.7929,5.9948,0.6,13.1159,0.65,10
1175,0.95,2,29.1433,0.8076,5.4953,0.5793,13.3985,0.55,10
1176,0.87,3,29.33,0.8219,5.1458,0.5894,11.6169,0.55,10
1177,0.93,1,29.58,0.8267,4.9312,0.6831,9.5445,0.65,10
1178,0.88,2,29.7233,0.837,4.5381,0.6745,10.5091,0.65,10
1179,0.94,2,29.8567,0.8413,4.2843,0.7344,9.0692,0.75,10
1180,0.9,2,30.11,0.8512,4.0558,0.7033,8.1486,0.75,10
1181,0.93,1,30.2833,0.8561,3.8502,0.7508,7.4599,0.75,5
1182,0.8,2,30.48,0.8635,3.5652,0.7465,7.9578,0.75,10
1183,0.88,2,30.58,0.819,3.4087,0.7107,6.638,0.75,5
1184,0.93,1,30.76,0.8251,3.2678,0.7224,5.8921,0.75,5
1185,0.9,1,30.96,0.8356,3.041,0.6807,6.4771,0.65,5
1186,0.98,1,31.2933,0.8421,2.8369,0.7194,6.218,0.75,5
1187,0.92,1,31.5067,0.8559,2.6532,0.6545,5.7869,0.65,5
1188,0.92,1,31.76,0.8623,2.4879,0.721,5.3379,0.75,5
1189,0.91,2,32.0567,0.868,2.3391,0.7571,4.9139,0.75,5
1190,0.85,2,32.4367,0.8722,2.3052,0.7884,3.7907,0.75,3
1191,0.84,2,32.6567,0.8567,2.2747,0.8015,3.1904,0.85,3
1192,0.88,2,32.8967,0.845,2.2472,0.8071,2.8753,0.85,3
1193,0.85,2,33.0667,0.8485,2.2225,0.796,2.7063,0.75,3
1194,0.86,3,33.2633,0.8487,2.2003,0.8198,2.6052,0.85,3
1195,0.83,3,33.4867,0.8498,2.7601,0.8276,3.8828,0.85,3
1196,0.89,1,33.6533,0.8359,2.928,0.8061,3.626,0.85,3
1197,0.92,1,33.8333,0.8413,2.7352,0.7652,5.4159,0.75,5
1198,0.91,2,34.0133,0.8492,2.5617,0.7332,5.365,0.75,5
1199,0.96,1,34.23,0.8553,2.5055,0.7502,4.2245,0.75,5
1200,0.91,1,34.6333,0.8658,2.355,0.7106,4.6308,0.75,5
1201,0.98,1,34.9233,0.8702,2.2195,0.7656,4.4624,0.75,5
1202,0.93,2,35.0667,0.8812,2.0975,0.7196,4.1774,0.75,5
1203,0.89,4,35.2667,0.886,2.0878,0.7749,3.2348,0.75,3
1204,0.82,3,35.4933,0.8864,3.4263,0.8253,6.1319,0.85,5
1205,0.88,2,35.7633,0.8399,3.3837,0.7426,4.9775,0.75,5
1206,0.87,2,35.7167,0.8439,3.2453,0.7672,5.3401,0.75,5
1207,0.86,2,35.7467,0.8465,3.1208,0.7913,5.1832,0.75,5
1208,0.92,1,35.9067,0.8479,3.0087,0.8124,4.9206,0.85,5
1209,0.92,1,36.0433,0.8551,2.8078,0.754,5.7639,0.75,5
1210,0.88,2,35.9967,0.8616,2.6271,0.7565,5.5954,0.75,5
1211,0.92,1,36.1167,0.8634,2.5644,0.8005,4.405,0.85,5
1212,0.78,3,36.2867,0.8691,2.4079,0.784,4.7851,0.75,5
1213,0.95,1,36.4333,0.8067,2.8224,0.6756,4.3584,0.65,5
1214,0.9,2,36.5533,0.8211,2.6401,0.6112,5.2854,0.65,5
1215,0.83,2,36.6633,0.8289,2.5761,0.6708,4.2718,0.65,5
1216,0.92,2,36.64,0.8291,2.5185,0.7424,3.7397,0.75,3
1217,0.87,3,36.8367,0.8381,2.4667,0.7043,3.4447,0.75,3
1218,0.65,14,36.9267,0.8413,2.84,0.7559,3.7487,0.75,3
1219,0.88,3,36.99,0.7074,10.652,0.2857,41.7183,0.45,40
1220,0.8,6,37.0033,0.7247,9.8868,0.3934,29.8975,0.45,20
1221,0.87,2,37.06,0.7322,9.4981,0.5232,21.694,0.55,20
1222,0.77,5,37.16,0.746,8.7483,0.5245,21.0405,0.55,20
1223,0.82,8,37.3567,0.7484,8.3735,0.6226,16.8551,0.65,20
1224,0.54,32,37.4767,0.7555,8.3361,0.6353,13.0101,0.65,10
1225,0.83,5,37.5433,0.6047,24.9008,0.183,55.9671,0.45,40
1226,0.78,8,37.6367,0.6272,22.9108,0.2405,55.1535,0.45,40
1227,0.92,2,37.8367,0.6425,21.4197,0.344,48.4926,0.45,40
1228,0.9,3,38.1367,0.6702,19.4777,0.2548,50.0409,0.45,40
1229,0.85,3,38.2733,0.6932,17.8299,0.3036,46.0159,0.45,40
1230,0.68,8,38.3167,0.7089,16.3469,0.4054,41.937,0.45,40
1231,0.38,19,38.3767,0.6887,15.5123,0.5178,33.6342,0.55,40
1232,0.88,1,38.37,0.4726,17.9537,0.0509,49.0199,0.45,40
1233,0.89,5,38.2133,0.5133,16.2583,0.0,45.1354,0.45,40
1234,0.79,4,38.13,0.551,15.1325,0.0,37.2733,0.45,40
1235,0.9,2,38.0733,0.5749,14.0192,0.1039,33.5583,0.45,40
1236,0.92,1,38.24,0.6074,12.8173,0.091,32.5182,0.45,40
1237,0.88,4,38.33,0.6387,11.6356,0.1238,31.1526,0.45,40
1238,0.89,2,38.44,0.6628,10.872,0.2271,25.8617,0.45,20
1239,0.84,4,38.5967,0.6855,9.9848,0.2922,24.6981,0.45,20
1240,0.67,12,38.9533,0.701,9.3863,0.3983,20.9093,0.45,20
1241,0.78,9,39.1433,0.6793,11.2159,0.5081,18.4803,0.55,20
1242,0.86,2,39.2867,0.6894,10.9943,0.522,16.0074,0.55,20
1243,0.87,4,39.6467,0.7064,10.0949,0.4543,22.7736,0.45,20
1244,0.87,2,39.9567,0.7228,9.4854,0.4587,20.3747,0.45,20
1245,0.84,2,40.1933,0.7375,8.7369,0.4886,20.6402,0.45,20
1246,0.94,2,40.58,0.7478,8.0632,0.5516,19.3972,0.55,20
1247,0.93,1,40.86,0.767,7.4569,0.4814,17.8569,0.45,20
1248,0.91,2,41.2333,0.7833,6.8112,0.5098,17.3661,0.55,20
1249,0.91,2,41.65,0.796,6.33,0.5661,15.1198,0.55,20
1250,0.87,3,42.0167,0.8074,5.897,0.6061,13.5578,0.65,10
1251,0.9,2,42.4533,0.8136,5.6073,0.6737,11.3954,0.65,10
1252,0.99,1,42.8667,0.8223,5.2466,0.6808,11.1369,0.65,10
1253,0.91,1,43.2033,0.839,4.8219,0.5955,11.4974,0.55,10
1254,0.91,1,43.5967,0.8461,4.4398,0.6808,10.8455,0.65,10
1255,0.9,2,43.9,0.8525,4.0958,0.7263,9.988,0.75,10
1256,0.83,5,44.2467,0.8573,3.8862,0.7622,8.2145,0.75,10
1257,0.94,2,44.36,0.8382,4.6659,0.774,7.4889,0.75,5
1258,0.84,2,44.34,0.8484,4.3993,0.7039,8.3805,0.75,10
1259,0.87,3,44.4467,0.8425,4.1593,0.7625,8.1163,0.75,10
1260,0.91,1,44.43,0.8453,4.0434,0.7874,6.7346,0.75,5
1261,0.91,1,44.5933,0.8517,3.7391,0.7572,8.1792,0.75,10
1262,0.93,1,44.82,0.8576,3.4652,0.7621,7.9511,0.75,10
1263,0.84,3,45.2,0.8648,3.2186,0.7522,7.4075,0.75,5
1264,0.91,1,45.5133,0.8474,3.1968,0.777,5.5107,0.75,5
1265,0.89,3,45.7933,0.8537,2.9771,0.7593,6.2552,0.75,5
1266,0.88,3,46.1067,0.8573,2.9931,0.7854,4.7889,0.75,5
1267,0.84,2,46.56,0.8596,2.9979,0.8094,3.9816,0.85,3
1268,0.9,1,46.8733,0.8459,2.8981,0.8074,4.3734,0.85,5
1269,0.94,1,47.1267,0.8513,2.7083,0.7739,5.4426,0.75,5
1270,0.93,2,47.2433,0.8602,2.5375,0.7309,5.325,0.75,5
1271,0.87,2,47.3033,0.8671,2.4837,0.7478,4.1803,0.75,5
1272,0.88,2,47.3867,0.8674,2.4354,0.8019,3.5785,0.85,3
1273,0.88,2,47.2733,0.8687,2.3918,0.8289,3.2584,0.85,3
1274,0.88,1,47.1833,0.8698,2.3527,0.843,3.071,0.85,3
1275,0.93,2,47.1767,0.8708,2.2174,0.8505,4.12,0.85,5
1276,0.91,1,47.02,0.8768,2.1956,0.7946,3.2799,0.75,3
1277,0.93,2,46.66,0.8801,2.0761,0.8159,3.8254,0.85,3
1278,0.95,2,46.3367,0.8851,2.0685,0.8079,3.0323,0.85,3
1279,0.84,2,45.97,0.8916,2.0616,0.7927,2.5979,0.75,3
1280,0.87,3,45.4167,0.8555,2.0555,0.7662,2.3612,0.75,2
1281,0.91,2,44.8267,0.8569,2.7166,0.8041,4.0272,0.85,5
1282,0.88,3,44.2367,0.8622,2.645,0.7837,3.8648,0.75,3
1283,0.94,2,43.6033,0.864,2.8935,0.8145,3.7212,0.85,3
1284,0.9,1,42.8567,0.8716,2.8041,0.7636,4.1147,0.75,5
1285,0.85,2,42.5,0.8744,2.6237,0.8035,5.2082,0.85,5
1286,0.92,2,41.9133,0.8573,2.5614,0.8059,4.2169,0.85,5
1287,0.9,1,41.4167,0.8636,2.5052,0.7729,3.6964,0.75,3
1288,0.95,1,40.9733,0.8672,2.3547,0.7967,4.5265,0.75,5
1289,0.86,2,40.51,0.8755,2.2192,0.7552,4.4307,0.75,5
1290,0.91,2,40.09,0.8647,2.1973,0.7954,3.4456,0.75,3
1291,0.89,1,39.5667,0.8692,2.1776,0.7962,2.9132,0.75,3
1292,0.83,3,39.05,0.8713,2.0598,0.8221,3.7297,0.85,3
1293,0.84,2,38.4733,0.8424,2.7179,0.7795,4.3024,0.75,5
1294,0.92,1,38.4467,0.8407,2.6462,0.8061,3.9612,0.85,3
1295,0.95,2,38.3767,0.8486,2.4815,0.7379,4.8587,0.75,5
1296,0.97,1,38.2433,0.8588,2.4334,0.7067,3.8943,0.75,3
1297,0.89,2,37.7933,0.8699,2.29,0.6956,4.4188,0.65,5
1298,0.94,1,37.7533,0.8719,2.261,0.7725,3.4934,0.75,3
1299,0.88,2,37.7833,0.8787,2.1349,0.7704,3.997,0.75,3
1300,0.88,1,38.1433,0.8788,2.1214,0.8195,3.1581,0.85,3
1301,0.92,2,38.47,0.879,2.0093,0.8464,3.6537,0.85,3
1302,0.94,2,39.0533,0.8831,2.0084,0.8238,2.9092,0.85,3
1303,0.96,1,39.64,0.8888,2.0075,0.804,2.501,0.85,3
1304,0.89,4,40.2667,0.8959,1.9068,0.7874,3.3194,0.75,3
1305,0.92,2,40.8567,0.8918,3.372,0.8318,6.3548,0.85,5
1306,0.82,3,41.4833,0.8946,3.2348,0.8437,5.7317,0.85,5
1307,0.88,2,42.5,0.8424,3.2113,0.736,4.6166,0.75,5
1308,0.86,2,43.41,0.8461,3.0902,0.7682,4.9264,0.75,5
1309,0.91,2,44.2667,0.8475,2.9812,0.8008,4.7874,0.85,5
1310,0.88,3,45.3533,0.8538,2.8831,0.7641,4.557,0.75,5
1311,0.89,2,46.6367,0.8564,2.9649,0.7954,3.8958,0.75,3
1312,0.91,2,47.92,0.8598,2.8684,0.8027,4.2909,0.85,5
1313,0.93,2,49.4333,0.8648,2.7816,0.7889,4.2082,0.75,5
1314,0.86,2,51.15,0.8713,2.7034,0.7724,4.0329,0.75,5
1315,0.87,1,52.5467,0.8634,2.6331,0.807,3.8444,0.85,3
1316,1.0,0,54.1667,0.8641,2.4698,0.8319,4.8131,0.85,5
1317,0.89,3,55.9633,0.8776,2.2228,0.6897,5.8559,0.65,5
1318,0.83,2,57.5233,0.8789,2.7668,0.7746,5.026,0.75,5
1319,0.88,2,59.0233,0.8447,2.6902,0.7564,4.3165,0.75,5
1320,0.85,3,60.6033,0.8482,2.6211,0.7796,3.9233,0.75,3
1321,0.93,2,62.41,0.8484,2.8863,0.8107,3.7698,0.85,3
1322,0.85,2,64.1767,0.8565,2.7977,0.7423,4.11,0.75,5
1323,0.81,3,66.15,0.852,2.7179,0.7888,4.0301,0.75,5
1324,0.86,2,67.54,0.8226,2.9154,0.7553,3.7322,0.75,3
1325,0.9,1,69.1967,0.8263,2.8238,0.763,4.1607,0.75,5
1326,0.86,2,70.8433,0.8337,2.6415,0.7265,5.256,0.75,5
1327,0.91,2,72.6667,0.8363,2.5773,0.7674,4.2596,0.75,5
1328,0.92,1,73.6567,0.8437,2.5196,0.7355,3.7362,0.75,3
1329,1.0,0,74.6967,0.8513,2.3676,0.7307,4.5625,0.75,5
1330,0.87,2,75.47,0.8662,2.1309,0.6512,5.6038,0.65,5
1331,0.92,2,76.35,0.8666,2.1178,0.7487,4.0285,0.75,5
1332,0.85,2,76.8367,0.8719,2.106,0.7741,3.165,0.75,3
1333,0.85,2,77.3233,0.8566,2.0954,0.7951,2.6935,0.75,3
1334,0.94,1,77.53,0.852,2.0859,0.8171,2.4388,0.85,2
1335,0.83,2,77.7733,0.8608,1.9773,0.7381,3.4841,0.75,3
1336,0.85,2,77.98,0.8392,1.9932,0.7598,2.8191,0.75,3
1337,0.91,2,77.8267,0.8403,1.998,0.7944,2.4504,0.75,2
1338,0.87,2,77.84,0.8473,1.9994,0.7481,2.2472,0.75,2
1339,0.9,2,77.8467,0.8496,1.9998,0.7869,2.1356,0.75,2
1340,0.94,1,77.9833,0.8546,1.9999,0.7771,2.0743,0.75,2
1341,0.89,1,77.9233,0.8631,1.9,0.7382,3.2767,0.75,3
1342,0.94,1,77.6,0.8658,1.81,0.788,3.2599,0.75,3
1343,0.9,1,77.0467,0.8732,1.729,0.7626,3.0976,0.75,3
1344,0.93,2,76.6167,0.8759,1.6561,0.805,2.9084,0.85,3
1345,0.88,2,76.2333,0.8813,1.8968,0.7974,2.7302,0.75,3
1346,0.92,2,75.54,0.8804,1.969,0.8344,2.4471,0.85,2
1347,0.87,3,74.5,0.8844,1.9907,0.8243,2.256,0.85,2
1348,0.97,2,73.81,0.8743,2.6972,0.8359,4.0938,0.85,5
1349,0.89,2,73.2367,0.8839,2.6275,0.7505,3.8546,0.75,3
1350,0.85,1,72.7867,0.8845,2.5647,0.811,3.659,0.85,3
1351,0.92,1,71.9567,0.8603,2.4083,0.7981,4.6435,0.75,5
1352,0.89,1,71.0833,0.8663,2.2674,0.7774,4.5598,0.75,5
1353,0.87,1,70.04,0.8687,2.1407,0.8101,4.2898,0.85,5
1354,0.88,1,69.07,0.8688,2.0266,0.8367,3.9888,0.85,3
1355,0.95,1,67.7,0.8699,1.924,0.8465,3.6991,0.85,3
1356,0.92,2,66.37,0.8779,1.8316,0.767,3.4322,0.75,3
1357,0.9,2,64.99,0.8821,1.9495,0.7982,2.8563,0.75,3
1358,0.87,2,64.1333,0.8839,1.9848,0.8318,2.4864,0.85,2
1359,0.86,2,63.2367,0.8742,1.9955,0.8398,2.271,0.85,2
1360,0.86,2,62.1867,0.8643,1.9986,0.8371,2.1497,0.85,2
1361,0.9,2,61.2,0.8613,1.9996,0.8453,2.0823,0.85,2
1362,0.89,1,60.45,0.8651,1.9999,0.8111,2.0452,0.85,2
1363,0.95,1,59.5533,0.8676,1.8999,0.8224,3.2761,0.85,3
1364,0.9,2,58.8967,0.8759,1.8099,0.7598,3.2597,0.75,3
1365,0.92,2,58.3867,0.8783,1.943,0.8066,2.779,0.85,3
1366,0.93,2,57.7167,0.8825,1.9829,0.8129,2.4475,0.85,2
1367,0.96,1,57.1467,0.8872,1.9949,0.8115,2.2504,0.85,2
1368,0.87,2,56.43,0.8945,1.8954,0.7861,3.2716,0.75,3
1369,0.86,2,55.7867,0.8773,1.9686,0.8091,2.736,0.85,3
1370,0.82,2,55.0633,0.8652,1.9906,0.8208,2.4131,0.85,2
1371,0.85,4,54.22,0.8336,1.9972,0.7668,2.229,0.75,2
1372,0.86,2,53.68,0.8352,3.3992,0.7922,6.1583,0.75,5
1373,0.81,3,53.2367,0.8377,3.2592,0.7962,5.707,0.75,5
1374,0.76,3,52.6233,0.8183,3.2333,0.774,4.6207,0.75,5
1375,0.88,2,51.9667,0.7775,3.21,0.6937,4.0349,0.65,5
1376,0.88,2,51.5567,0.7877,3.089,0.6394,4.8144,0.65,5
1377,0.89,2,51.34,0.797,2.9801,0.6462,4.7518,0.65,5
1378,0.83,3,50.8467,0.8063,2.8821,0.6539,4.5437,0.65,5
1379,0.93,1,50.3833,0.8086,2.9646,0.719,3.8891,0.75,3
1380,0.92,1,49.8267,0.8208,2.7682,0.6467,5.5188,0.65,5
1381,0.83,1,49.4133,0.8307,2.5913,0.6642,5.4533,0.65,5
1382,0.93,2,49.0033,0.8302,2.4322,0.739,5.1254,0.75,5
1383,0.87,2,48.5333,0.8402,2.389,0.6941,3.9795,0.65,3
1384,0.93,1,47.8533,0.8432,2.3501,0.7532,3.3726,0.75,3
1385,0.88,3,47.36,0.8519,2.2151,0.7226,4.1556,0.75,5
1386,0.79,3,46.8633,0.8547,2.7645,0.774,4.28,0.75,5
1387,0.81,3,46.4167,0.8094,2.9294,0.71,3.8204,0.75,3
1388,0.9,1,46.0033,0.8095,2.9788,0.755,3.4764,0.75,3
1389,0.88,1,45.5467,0.8185,2.7809,0.6904,5.5177,0.65,5
1390,0.91,1,45.31,0.8247,2.6028,0.7147,5.4758,0.75,5
1391,0.9,1,44.9167,0.8332,2.4426,0.7012,5.1521,0.75,5
1392,0.88,1,44.4233,0.8399,2.2983,0.7229,4.7769,0.75,5
1393,0.9,1,43.96,0.8439,2.1685,0.7593,4.4124,0.75,5
1394,0.89,1,43.4667,0.8495,2.0516,0.7595,4.0756,0.75,5
1395,0.89,1,42.8267,0.8536,1.9465,0.7791,3.7695,0.75,3
1396,0.9,1,42.4267,0.8572,1.8518,0.7926,3.493,0.75,3
1397,0.97,1,41.9667,0.8615,1.7666,0.7927,3.2439,0.75,3
1398,0.91,2,41.5933,0.8723,1.69,0.7183,3.0195,0.75,3
1399,0.89,1,41.08,0.8761,1.907,0.7771,2.751,0.75,3
1400,0.91,1,40.45,0.8775,1.8163,0.82,3.1473,0.85,3
1401,0.93,1,39.96,0.8807,1.7347,0.826,3.0739,0.85,3
1402,0.89,1,39.6067,0.8857,1.6612,0.8115,2.9103,0.85,3
1403,0.89,1,39.0433,0.8861,1.5951,0.8451,2.7335,0.85,3
1404,0.87,1,38.4467,0.8865,1.5356,0.8634,2.5649,0.85,3
1405,0.87,2,37.8933,0.8749,1.482,0.849,2.4099,0.85,2
1406,0.91,1,37.34,0.8715,1.8446,0.8557,2.7201,0.85,3
1407,0.89,1,36.73,0.8753,1.7601,0.8216,3.0175,0.85,3
1408,0.87,1,36.2633,0.8768,1.6841,0.8411,2.9366,0.85,3
1409,0.91,1,35.6167,0.872,1.6157,0.8504,2.7806,0.85,3
1410,0.95,1,35.11,0.8758,1.5541,0.8223,2.6148,0.85,3
1411,0.92,1,34.6567,0.8833,1.4987,0.7771,2.4574,0.75,2
1412,0.91,1,34.22,0.8869,1.4489,0.8099,2.313,0.85,2
1413,0.95,1,33.81,0.8892,1.404,0.8364,2.1822,0.85,2
1414,0.9,3,33.5167,0.8953,1.3636,0.8068,2.0641,0.85,2
1415,0.82,2,33.34,0.8958,2.5091,0.8469,4.7935,0.85,5
1416,0.91,3,33.0633,0.8427,2.4582,0.7351,3.8922,0.75,3
1417,0.85,2,32.8267,0.8495,2.8374,0.7397,3.9205,0.75,3
1418,0.96,1,32.5533,0.8495,2.7537,0.7894,4.0499,0.75,5
1419,0.92,1,32.28,0.8606,2.5783,0.705,5.094,0.75,5
1420,0.8,2,31.8967,0.8665,2.4205,0.7484,4.9928,0.75,5
1421,0.88,3,31.74,0.82,2.3785,0.7079,3.9015,0.75,3
1422,0.91,1,31.46,0.826,2.8135,0.723,4.0084,0.75,5
1423,0.9,2,31.2733,0.8344,2.6322,0.7057,5.2123,0.75,5
1424,0.88,1,31.01,0.8409,2.569,0.7264,4.2285,0.75,5
1425,0.9,1,30.8067,0.8448,2.4121,0.7622,4.7548,0.75,5
1426,0.91,1,30.5233,0.8503,2.2709,0.762,4.5995,0.75,5
1427,0.87,2,30.3367,0.8563,2.1438,0.761,4.3084,0.75,5
1428,0.89,3,30.2367,0.8577,2.1294,0.8022,3.3314,0.85,3
1429,0.95,1,30.2633,0.8609,2.7388,0.807,4.1059,0.85,5
1430,0.83,3,30.25,0.8698,2.5649,0.7437,5.0723,0.75,5
1431,0.92,2,30.2733,0.8419,2.8695,0.7538,4.3677,0.75,5
1432,0.95,1,30.1433,0.8498,2.7825,0.732,4.2334,0.75,5
1433,0.89,3,30.1033,0.8598,2.6043,0.7075,5.1829,0.75,5
1434,0.86,2,30.12,0.8628,2.8813,0.7696,4.395,0.75,5
1435,0.95,1,30.19,0.8608,2.7932,0.8096,4.2623,0.85,5
1436,0.75,6,30.0767,0.8698,2.6138,0.7439,5.2094,0.75,5
1437,0.95,2,30.0,0.7859,4.9842,0.6073,9.8562,0.65,10
1438,0.87,2,29.9433,0.8023,4.6857,0.5562,9.5833,0.55,10
1439,0.88,2,30.0533,0.8091,4.4172,0.6453,8.9841,0.65,10
1440,0.89,1,30.06,0.8162,4.1754,0.6836,8.3375,0.65,10
1441,0.91,2,30.0433,0.8236,3.8579,0.6987,8.7868,0.65,10
1442,0.91,2,29.97,0.8322,3.6721,0.695,7.3904,0.65,5
1443,0.93,1,29.8933,0.84,3.5049,0.7092,6.5778,0.75,5
1444,0.97,1,29.6667,0.849,3.2544,0.7059,7.0906,0.75,5
1445,0.96,1,29.3633,0.8611,3.029,0.677,6.776,0.65,5
1446,0.93,2,29.18,0.871,2.8261,0.7016,6.2914,0.75,5
1447,0.85,1,28.94,0.8769,2.7435,0.7536,4.9559,0.75,5
1448,0.87,4,28.69,0.8581,2.5691,0.7811,5.2571,0.75,5
1449,0.86,2,28.44,0.8593,3.5707,0.814,6.0294,0.85,5
1450,0.95,2,28.1267,0.8593,3.4137,0.8345,5.9605,0.85,5
1451,0.9,2,27.7233,0.8684,3.2723,0.7429,5.6662,0.75,5
1452,0.94,1,27.4233,0.8716,3.1451,0.7902,5.3325,0.75,5
1453,0.92,1,27.1467,0.8784,2.9306,0.7742,6.1164,0.75,5
1454,0.95,2,27.0033,0.8826,2.7375,0.8017,5.9161,0.85,5
1455,0.88,2,26.8233,0.8893,2.6638,0.7865,4.679,0.75,5
1456,0.89,2,26.5533,0.8828,2.5974,0.825,4.0301,0.85,5
1457,0.93,1,26.3033,0.8835,2.5376,0.8504,3.6742,0.85,3
1458,0.87,1,26.0,0.8882,2.3839,0.8217,4.5896,0.85,5
1459,0.93,1,25.6133,0.8754,2.2455,0.8313,4.5008,0.85,5
1460,0.9,1,25.2867,0.8809,2.1209,0.802,4.2337,0.85,5
1461,0.89,1,24.9167,0.8828,2.0088,0.8322,3.9373,0.85,3
1462,0.92,1,24.4833,0.8835,1.908,0.8541,3.6524,0.85,3
1463,0.92,1,24.0733,0.8872,1.8172,0.8345,3.3901,0.85,3
1464,0.93,2,23.64,0.8905,1.7354,0.8369,3.1521,0.85,3
1465,0.88,2,23.15,0.8944,1.9206,0.8326,2.7777,0.85,3
1466,0.88,1,22.83,0.8843,1.9762,0.8451,2.4582,0.85,2
1467,0.91,1,22.54,0.8813,1.8786,0.859,3.2477,0.85,3
1468,0.88,2,22.2767,0.8842,1.7907,0.8428,3.2135,0.85,3
1469,0.88,3,21.9233,0.8813,1.9372,0.8579,2.768,0.85,3
1470,0.87,2,21.5033,0.8804,2.6812,0.8675,4.2129,0.85,5
1471,0.9,1,21.1233,0.8731,2.613,0.8572,3.8711,0.85,3
1472,0.86,2,20.7633,0.8758,2.4517,0.8378,4.7761,0.85,5
1473,0.88,2,20.43,0.8647,2.4066,0.8346,3.8233,0.85,3
1474,0.92,1,20.2133,0.8663,2.3659,0.8396,3.3226,0.85,3
1475,0.89,2,19.9667,0.8716,2.2293,0.7963,4.1807,0.75,5
1476,0.92,2,19.7333,0.8735,2.2064,0.8251,3.3208,0.85,3
1477,0.89,2,19.5167,0.8781,2.1857,0.8088,2.859,0.85,3
1478,0.88,1,19.31,0.8793,2.1672,0.838,2.6159,0.85,3
1479,0.85,3,19.1,0.8794,2.0505,0.8567,3.6754,0.85,3
1480,0.92,1,18.9367,0.8588,2.7151,0.8165,4.2962,0.85,5
1481,0.92,1,18.82,0.8649,2.5436,0.7776,5.0578,0.75,5
1482,0.9,1,18.6567,0.8704,2.3893,0.7808,4.9209,0.75,5
1483,0.89,2,18.5167,0.8734,2.2503,0.8096,4.6121,0.85,5
1484,0.88,1,18.3633,0.8751,2.2253,0.8333,3.564,0.85,3
1485,0.94,1,18.1433,0.8756,2.1028,0.8517,3.9415,0.85,3
1486,0.9,2,18.0267,0.882,1.9925,0.7923,3.8139,0.75,3
1487,0.9,2,17.8767,0.8838,1.9977,0.8288,2.9954,0.85,3
1488,0.91,1,17.68,0.8854,1.9993,0.8479,2.5458,0.85,3
1489,0.94,1,17.55,0.8879,1.8994,0.8483,3.3068,0.85,3
1490,0.94,1,17.4367,0.8931,1.8095,0.8182,3.2676,0.85,3
1491,0.87,1,17.31,0.8978,1.7285,0.8213,3.0992,0.85,3
1492,0.89,2,17.1867,0.8783,1.6557,0.8216,2.9082,0.85,3
1493,0.94,1,17.0633,0.8795,1.8967,0.8445,2.7305,0.85,3
1494,0.93,2,16.9533,0.8856,1.807,0.8001,3.1228,0.85,3
1495,0.87,2,16.8467,0.89,1.9421,0.813,2.7102,0.85,3
1496,0.88,1,16.7133,0.876,1.9826,0.8256,2.4108,0.85,2
1497,0.9,1,16.57,0.8764,1.8844,0.8483,3.2568,0.85,3
1498,0.89,1,16.39,0.8788,1.7959,0.8428,3.2264,0.85,3
1499,0.9,1,16.19,0.8799,1.7163,0.8548,3.0631,0.85,3
1500,0.87,1,16.0,0.8819,1.6447,0.851,2.8759,0.85,3
1501,0.89,1,15.76,0.8736,1.5802,0.85,2.6947,0.85,3
1502,0.87,1,15.5567,0.8752,1.5222,0.8492,2.5273,0.85,3
1503,0.89,2,15.3167,0.8716,1.47,0.8556,2.3753,0.85,2
1504,0.88,1,15.1133,0.8734,1.841,0.8466,2.723,0.85,3
1505,0.89,1,14.9233,0.8741,1.7569,0.8568,3.011,0.85,3
1506,0.86,1,14.6867,0.8757,1.6812,0.8518,2.9289,0.85,3
1507,0.87,1,14.45,0.8647,1.6131,0.8395,2.7732,0.85,3
1508,0.74,15,14.1967,0.8652,1.5518,0.8496,2.608,0.85,3
1509,0.88,1,13.9433,0.7776,10.9655,0.605,29.4818,0.65,20
1510,0.67,19,13.6933,0.7878,9.969,0.6181,27.026,0.65,20
1511,0.88,1,13.4033,0.7053,16.2907,0.5185,31.8389,0.55,40
1512,0.87,2,13.18,0.7228,14.7616,0.4616,37.4624,0.45,40
1513,0.87,2,12.9333,0.7375,13.4855,0.4895,35.0037,0.45,40
1514,0.86,1,12.66,0.7508,12.3369,0.5234,32.0535,0.55,40
1515,0.87,1,12.42,0.7617,11.2032,0.5665,30.1778,0.55,40
1516,0.89,1,12.1733,0.7725,10.1829,0.5891,27.6521,0.55,20
1517,0.88,2,11.93,0.7843,9.2646,0.5939,25.1156,0.55,20
1518,0.87,1,11.7067,0.7938,8.5382,0.6259,21.7792,0.65,20
1519,0.89,1,11.49,0.8015,7.7843,0.662,20.4419,0.65,20
1520,0.9,1,11.2633,0.8103,7.1059,0.6665,18.7349,0.65,20
1521,0.88,1,11.0433,0.8193,6.4953,0.6729,17.0394,0.65,20
1522,0.88,2,10.8533,0.8254,5.9458,0.7095,15.4613,0.75,20
1523,0.91,1,10.6633,0.8308,5.5512,0.7324,13.0778,0.75,10
1524,0.89,1,10.46,0.8387,5.0961,0.7172,12.5943,0.75,10
1525,0.92,1,10.26,0.8439,4.6865,0.7469,11.6609,0.75,10
1526,0.9,2,10.09,0.8515,4.3178,0.734,10.6685,0.75,10
1527,0.93,1,9.9367,0.8563,4.086,0.7636,8.8056,0.75,10
1528,0.98,1,9.77,0.8637,3.7774,0.7503,8.7492,0.75,10
1529,0.88,2,9.68,0.8753,3.4997,0.7036,8.1928,0.75,10
1530,0.9,1,9.5767,0.8758,3.3497,0.7815,6.6463,0.75,5
1531,0.98,1,9.5,0.8782,3.1148,0.8168,6.8184,0.85,5
1532,0.96,1,9.4467,0.8884,2.9033,0.7443,6.4508,0.75,5
1533,0.96,1,9.4133,0.8956,2.713,0.7693,5.9742,0.75,5
1534,0.95,1,9.3967,0.902,2.5417,0.7895,5.4993,0.75,5
1535,0.96,1,9.38,0.9068,2.3875,0.8165,5.0569,0.85,5
1536,0.98,1,9.4133,0.9121,2.2487,0.8238,4.6537,0.85,5
1537,0.94,1,9.4367,0.9189,2.1239,0.8137,4.2891,0.85,5
1538,0.91,1,9.4733,0.921,2.0115,0.8565,3.9605,0.85,3
1539,0.88,1,9.54,0.9133,1.9103,0.8748,3.6645,0.85,3
1540,0.87,2,9.5933,0.89,1.8193,0.8395,3.3981,0.85,3
1541,0.9,1,9.6867,0.876,1.9458,0.837,2.8456,0.85,3
1542,0.94,3,9.7733,0.8784,1.8512,0.8391,3.243,0.85,3
1543,0.89,2,9.8467,0.8846,2.6554,0.7971,4.4105,0.75,5
1544,0.91,1,9.97,0.8851,2.5898,0.8366,3.908,0.85,3
1545,0.99,1,10.1,0.8876,2.4308,0.8442,4.7348,0.85,5
1546,0.93,1,10.2233,0.8978,2.2878,0.7549,4.6265,0.75,5
1547,0.97,1,10.3567,0.901,2.159,0.8111,4.3457,0.85,5
1548,0.93,2,10.5167,0.9079,2.0431,0.801,4.0377,0.85,5
1549,0.96,1,10.6867,0.9102,2.0388,0.8442,3.1329,0.85,3
1550,0.9,1,10.8433,0.9151,1.9349,0.8376,3.485,0.85,3
1551,0.97,1,11.04,0.9045,1.8414,0.8572,3.3829,0.85,3
1552,0.85,2,11.22,0.9111,1.7573,0.8174,3.1903,0.85,3
1553,0.91,1,11.4,0.8683,1.9272,0.7698,2.7802,0.75,3
1554,0.93,1,11.6333,0.8725,1.8345,0.7938,3.1933,0.75,3
1555,0.85,2,11.8633,0.8782,1.751,0.7881,3.1195,0.75,3
1556,0.92,1,12.0767,0.8585,1.9253,0.7956,2.7494,0.75,3
1557,0.96,2,12.2733,0.8646,1.8328,0.7732,3.1838,0.75,3
1558,0.83,2,12.5533,0.8742,1.9498,0.7337,2.7248,0.75,3
1559,0.92,1,12.8133,0.8432,1.9849,0.7452,2.415,0.75,2
1560,0.92,2,13.05,0.8509,1.8865,0.7324,3.2622,0.75,3
1561,0.97,1,13.27,0.8578,1.9659,0.7427,2.7355,0.75,3
1562,0.97,1,13.54,0.869,1.8693,0.7023,3.2639,0.75,3
1563,0.91,1,13.7833,0.8791,1.7824,0.7129,3.2018,0.75,3
1564,0.92,2,14.0167,0.8822,1.7042,0.7818,3.0322,0.75,3
1565,0.93,2,14.34,0.886,1.9113,0.8103,2.7448,0.85,3
1566,0.92,1,14.5967,0.8904,1.9734,0.817,2.446,0.85,2
1567,0.9,1,14.8633,0.8934,1.876,0.8361,3.2404,0.85,3
1568,0.97,1,15.1867,0.894,1.7884,0.8614,3.2068,0.85,3
1569,0.99,1,15.5,0.9016,1.7096,0.7956,3.0441,0.75,3
1570,0.91,2,15.8033,0.9105,1.6386,0.7757,2.8584,0.75,3
1571,0.87,2,16.1233,0.9101,1.8916,0.8363,2.7245,0.85,3
1572,0.89,2,16.4333,0.882,1.9675,0.8136,2.4474,0.85,2
1573,0.94,1,16.73,0.8828,1.9902,0.8438,2.2569,0.85,2
1574,0.78,3,17.06,0.8886,1.8912,0.807,3.2618,0.85,3
1575,0.63,6,17.37,0.8126,2.6674,0.6566,4.3679,0.65,5
1576,0.22,21,17.6667,0.6848,5.0002,0.2631,36.0665,0.45,40
1577,0.18,44,17.98,0.3594,16.2001,0.0,47.2663,0.45,40
1578,0.13,31,18.3267,0.2338,35.66,0.0,66.7263,0.45,40
1579,0.83,5,18.6367,0.1611,35.194,0.0,53.3781,0.45,40
1580,0.93,1,18.94,0.228,32.1746,0.0,74.9041,0.45,40
1581,0.94,1,19.2167,0.2982,29.0572,0.0,77.9276,0.45,40
1582,0.9,3,19.57,0.3624,26.2514,0.0,73.2341,0.45,40
1583,0.9,3,19.8833,0.4162,23.9263,0.0,64.9884,0.45,40
1584,0.97,1,20.1333,0.4646,21.8337,0.0,58.3738,0.45,40
1585,0.92,1,20.41,0.5151,19.7503,0.0,54.7157,0.45,40
1586,0.91,2,20.7033,0.5556,17.8753,0.0,50.0095,0.45,40
1587,0.87,1,21.03,0.591,16.2877,0.0,44.3428,0.45,40
1588,0.82,3,21.3167,0.6189,14.759,0.1036,40.8119,0.45,40
1589,0.93,2,21.5267,0.639,13.5831,0.2438,35.1585,0.45,40
1590,0.91,1,21.7833,0.6681,12.4248,0.2129,32.2678,0.45,40
1591,0.73,5,22.1,0.6923,11.2823,0.2764,30.3957,0.45,40
1592,0.46,32,22.3067,0.6961,10.6541,0.4625,24.2314,0.45,20
1593,0.2,20,22.5433,0.5308,25.5962,0.1091,56.6625,0.45,40
1594,0.42,20,22.8633,0.2992,25.0366,0.0,56.1029,0.45,40
1595,0.21,55,23.0767,0.3113,24.5329,0.0268,42.9062,0.45,40
1596,0.9,1,23.3233,0.2404,45.8599,0.0313,88.9789,0.45,40
1597,0.82,8,23.5467,0.3064,41.3739,0.0,100.0,0.45,40
1598,0.88,2,23.7333,0.3577,38.0365,0.0,96.5185,0.45,40
1599,0.91,1,23.8133,0.4099,34.4329,0.0,93.4709,0.45,40
1600,0.93,2,23.9733,0.46,31.0896,0.0,87.3261,0.45,40
1601,0.87,2,24.03,0.507,28.1806,0.0,78.6917,0.45,40
1602,0.91,1,24.1033,0.5433,25.5625,0.0,70.9886,0.45,40
1603,0.91,1,24.2867,0.5799,23.1063,0.0,65.0786,0.45,40
1604,0.91,3,24.34,0.6129,20.8957,0.0454,59.0273,0.45,40
1605,0.71,4,24.42,0.6426,19.1061,0.1291,51.3974,0.45,40
1606,0.65,9,24.51,0.6494,17.5955,0.3532,44.89,0.45,40
1607,0.2,25,24.6567,0.6494,16.7359,0.4872,35.7996,0.45,40
1608,0.79,6,24.6733,0.3348,22.5208,0.0,53.587,0.45,40
1609,0.77,3,24.71,0.3804,20.8687,0.0,49.2666,0.45,40
1610,0.14,32,24.86,0.4193,19.0818,0.0,48.1788,0.45,40
1611,0.07,36,24.9867,0.2238,28.1246,0.0,59.1908,0.45,40
1612,0.28,22,24.98,0.1161,33.6374,0.0,64.7036,0.45,40
1613,0.21,25,25.0267,0.1325,32.4736,0.0,55.8407,0.45,40
1614,0.58,13,25.1833,0.1403,31.7263,0.0,48.1454,0.45,40
1615,0.85,2,25.2533,0.1842,29.8536,0.0,57.1485,0.45,40
1616,0.42,41,25.3167,0.2508,27.0683,0.0,68.2122,0.45,40
1617,0.0,100,25.3467,0.2677,36.8205,0.0,66.4082,0.45,40
1618,0.41,34,25.3533,0.0803,81.0461,0.0,100.0,0.45,40
1619,0.84,4,25.5367,0.1133,76.3415,0.0,100.0,0.45,40
1620,0.91,1,25.69,0.186,69.1074,0.0,100.0,0.45,40
1621,0.91,2,25.7667,0.2584,62.2966,0.0,100.0,0.45,40
1622,0.57,17,25.8833,0.3235,56.267,0.0,100.0,0.45,40
1623,0.33,40,26.0033,0.3482,52.3403,0.0,100.0,0.45,40
1624,0.32,14,26.1133,0.3355,51.1063,0.0,97.0684,0.45,40
1625,0.06,56,26.1767,0.3246,47.3956,0.1164,100.0,0.45,40
1626,0.02,63,26.2233,0.1394,53.4187,0.0,84.4849,0.45,40
1627,0.19,56,26.3333,0.0558,60.1256,0.0,81.6522,0.45,40
1628,0.46,18,26.4067,0.0692,59.713,0.0,72.7994,0.45,40
1629,0.1,38,26.59,0.1083,55.5417,0.0,100.0,0.45,40
1630,0.24,52,26.8067,0.1025,53.7876,0.0,93.6219,0.45,40
1631,0.81,4,27.0367,0.1162,53.6088,0.0,75.5652,0.45,40
1632,0.11,87,27.2467,0.1856,48.6479,0.0,100.0,0.45,40
1633,0.22,78,27.4867,0.1327,75.4944,0.0,100.0,0.45,40
1634,0.95,1,27.78,0.1414,77.2483,0.0,100.0,0.45,40
1635,0.9,3,28.04,0.2223,69.6235,0.0,100.0,0.45,40
1636,0.77,5,28.2867,0.29,62.9611,0.0,100.0,0.45,40
1637,0.89,1,28.4533,0.338,57.165,0.0,100.0,0.45,40
1638,0.97,1,28.7667,0.3932,51.5485,0.0,100.0,0.45,40
1639,0.78,11,29.0033,0.4509,46.4937,0.0,100.0,0.45,40
1640,0.96,1,29.14,0.4838,42.9443,0.0,100.0,0.45,40
1641,0.98,1,29.31,0.5314,38.7499,0.0,100.0,0.45,40
1642,0.82,2,29.5833,0.5763,34.9749,0.0,99.1335,0.45,40
1643,0.88,3,29.82,0.6007,31.6774,0.0733,89.0725,0.45,40
1644,0.89,2,30.0767,0.6286,28.8097,0.1478,79.2653,0.45,40
1645,0.81,4,30.2967,0.6547,26.1287,0.2089,72.2261,0.45,40
1646,0.41,18,30.5567,0.6703,23.9158,0.3458,63.4744,0.45,40
1647,0.8,5,30.93,0.4881,23.3242,0.0664,54.3905,0.45,40
1648,0.86,2,31.2067,0.5193,21.4918,0.0318,51.9131,0.45,40
1649,0.89,2,31.3533,0.5533,19.5426,0.0138,51.1208,0.45,40
1650,0.92,1,31.6167,0.587,17.7884,0.0375,47.4866,0.45,40
1651,0.87,2,31.8933,0.6203,16.1095,0.072,44.3652,0.45,40
1652,0.92,1,32.1067,0.6453,14.6986,0.1889,39.5289,0.45,40
1653,0.91,2,32.4033,0.6728,13.3287,0.2195,36.5742,0.45,40
1654,0.89,1,32.55,0.6965,12.1958,0.2863,32.3246,0.45,40
1655,0.87,2,32.7367,0.7158,11.0763,0.3674,30.022,0.45,40
1656,0.97,1,32.9633,0.7312,10.1686,0.4459,26.4074,0.45,20
1657,0.89,1,33.2667,0.7551,9.2518,0.3913,24.6893,0.45,20
1658,0.91,1,33.53,0.7686,8.4266,0.4963,22.5847,0.45,20
1659,0.88,3,33.7533,0.7827,7.6839,0.5376,20.5133,0.55,20
1660,0.92,2,33.9,0.7925,7.2155,0.6029,16.7512,0.65,20
1661,0.86,2,34.21,0.8052,6.694,0.6013,15.5707,0.65,20
1662,0.91,1,34.4333,0.8107,6.2246,0.676,14.3096,0.65,10
1663,0.87,2,34.5433,0.8206,5.7021,0.6653,14.1464,0.65,10
1664,0.9,2,34.6933,0.8256,5.3319,0.7167,12.213,0.75,10
1665,0.96,2,34.8733,0.833,4.9987,0.7145,10.9342,0.75,10
1666,0.89,1,35.1,0.8457,4.6989,0.6593,9.9524,0.65,10
1667,0.87,1,35.3533,0.8501,4.329,0.7312,10.1763,0.75,10
1668,0.89,2,35.53,0.8521,3.9961,0.7815,9.5858,0.75,10
1669,0.95,1,35.77,0.8559,3.7965,0.791,7.9098,0.75,10
1670,0.91,2,36.1433,0.8653,3.5168,0.731,7.9762,0.75,10
1671,0.9,2,36.4867,0.8698,3.3651,0.7739,6.5781,0.75,5
1672,0.9,1,36.8333,0.8728,3.2286,0.8058,5.8028,0.85,5
1673,0.92,1,37.2033,0.8755,3.0058,0.8231,6.3813,0.85,5
1674,0.79,4,37.4533,0.88,2.8052,0.8124,6.1275,0.85,5
1675,0.85,1,37.7033,0.817,3.6416,0.6878,6.0941,0.65,5
1676,0.87,1,38.0167,0.8203,3.3774,0.7362,7.2529,0.75,5
1677,0.94,1,38.24,0.8253,3.1397,0.7428,7.0397,0.75,5
1678,0.95,2,38.4,0.8367,2.9257,0.6725,6.5635,0.65,5
1679,0.86,2,38.62,0.8481,2.8331,0.6681,5.1981,0.65,5
1680,0.65,10,38.8133,0.8493,2.7498,0.7493,4.4797,0.75,5
1681,0.17,57,38.9033,0.7098,7.8249,0.2881,38.8912,0.45,40
1682,0.85,3,39.0433,0.3319,42.2475,0.0,73.3137,0.45,40
1683,0.95,1,39.2233,0.3837,38.3227,0.0,94.9514,0.45,40
1684,0.98,1,39.36,0.4404,34.5905,0.0,94.592,0.45,40
1685,0.87,1,39.5167,0.4943,31.2314,0.0,87.9497,0.45,40
1686,0.88,4,39.8,0.5319,28.2083,0.0,80.1311,0.45,40
1687,0.89,1,39.87,0.5667,25.7874,0.0,69.5902,0.45,40
1688,0.96,1,39.9667,0.599,23.3087,0.0404,65.0129,0.45,40
1689,0.94,2,40.11,0.6351,21.0778,0.0517,59.3442,0.45,40
1690,0.88,2,40.3667,0.6656,19.17,0.1382,52.7647,0.45,40
1691,0.95,1,40.37,0.6871,17.453,0.2742,47.4016,0.45,40
1692,0.87,3,40.48,0.7134,15.8077,0.2866,43.7676,0.45,40
1693,0.97,1,40.75,0.729,14.527,0.4111,37.8764,0.45,40
1694,0.93,2,40.9867,0.7531,13.1743,0.3785,35.7596,0.45,40
1695,0.94,1,41.1867,0.7708,12.0568,0.4524,31.7928,0.45,40
1696,0.91,2,41.39,0.7877,10.9512,0.4968,29.6163,0.45,20
1697,0.95,1,41.64,0.8,10.056,0.5682,26.0642,0.55,20
1698,0.88,1,41.78,0.815,9.1504,0.5726,24.3885,0.55,20
1699,0.96,1,41.9167,0.8215,8.3354,0.6613,22.3164,0.65,20
1700,0.92,2,41.8167,0.8353,7.6019,0.6255,20.2726,0.65,20
1701,0.81,4,41.7933,0.8438,7.0417,0.6801,17.4145,0.65,20
1702,0.97,1,41.7433,0.8201,6.7375,0.7191,13.7944,0.75,10
1703,0.93,2,41.77,0.8351,6.1638,0.6216,14.9549,0.65,10
1704,0.98,1,41.7967,0.8446,5.7474,0.6693,13.232,0.65,10
1705,0.82,4,41.8433,0.8581,5.2726,0.6485,12.9856,0.65,10
1706,0.9,3,41.6967,0.8314,5.1454,0.7052,9.7186,0.75,10
1707,0.94,1,41.5967,0.8383,4.9308,0.7213,8.8027,0.75,10
1708,0.87,2,41.6733,0.8485,4.5378,0.6945,10.3481,0.65,10
1709,0.94,1,41.8,0.8506,4.284,0.7613,9.0089,0.75,10
1710,0.9,2,41.76,0.8596,3.9556,0.7272,9.1635,0.75,10
1711,0.94,1,41.8,0.8636,3.76,0.7722,7.6817,0.75,10
1712,0.93,2,41.9,0.8712,3.484,0.7548,7.8476,0.75,10
1713,0.88,4,42.0067,0.8771,3.3356,0.7741,6.4794,0.75,5
1714,0.95,1,42.16,0.8774,3.8007,0.8209,5.7503,0.85,5
1715,0.96,1,42.29,0.8847,3.5206,0.7801,7.5201,0.75,10
1716,0.88,3,42.45,0.8922,3.2686,0.7738,7.3712,0.75,5
1717,0.88,2,42.7067,0.8837,3.2417,0.8166,5.519,0.85,5
1718,0.89,1,43.0833,0.8811,3.1175,0.844,5.2331,0.85,5
1719,0.96,1,43.4333,0.882,2.9058,0.8583,6.0418,0.85,5
1720,0.9,2,43.6933,0.8898,2.7152,0.7816,5.8503,0.75,5
1721,0.87,3,43.8933,0.8908,2.6437,0.8299,4.6229,0.85,5
1722,0.9,1,44.1267,0.8762,2.8931,0.8323,4.0829,0.85,5
1723,0.9,2,44.31,0.8786,2.7038,0.838,5.3893,0.85,5
1724,0.93,2,44.3667,0.8808,2.6334,0.8439,4.3946,0.85,5
1725,0.94,1,44.4267,0.8857,2.5701,0.815,3.8702,0.85,3
1726,0.86,3,44.6267,0.8911,2.4131,0.8069,4.6881,0.85,5
1727,0.88,2,44.76,0.8693,2.8239,0.8064,4.3089,0.85,5
1728,0.95,1,44.9467,0.8704,2.7415,0.8329,4.1369,0.85,5
1729,0.93,2,45.0967,0.8784,2.5674,0.7669,5.083,0.75,5
1730,0.9,2,45.3167,0.8835,2.5106,0.7898,4.0943,0.75,5
1731,0.89,2,45.3867,0.8852,2.4596,0.8291,3.5759,0.85,3
1732,0.85,2,45.6167,0.8857,2.4136,0.8542,3.2933,0.85,3
1733,0.89,1,45.81,0.8607,2.3723,0.8087,3.118,0.85,3
1734,0.89,2,45.9633,0.8636,2.235,0.8143,4.1672,0.85,5
1735,0.85,3,46.3867,0.8663,2.2115,0.821,3.3181,0.85,3
1736,0.95,1,46.8067,0.8549,2.7635,0.8215,4.0063,0.85,5
1737,0.88,1,47.1133,0.8644,2.5871,0.7322,5.1076,0.75,5
1738,0.85,1,47.5467,0.866,2.4284,0.7904,5.0123,0.75,5
1739,0.88,1,47.8833,0.8548,2.2856,0.808,4.7078,0.85,5
1740,0.91,2,48.2633,0.8573,2.157,0.8142,4.3684,0.85,5
1741,0.92,2,48.6067,0.8626,2.1413,0.7863,3.3716,0.75,3
1742,0.89,4,49.0833,0.8683,2.1272,0.7789,2.8285,0.75,3
1743,0.85,4,49.3367,0.8705,3.4382,0.8132,6.044,0.85,5
1744,0.96,1,49.8233,0.8561,3.8314,0.8139,5.4547,0.85,5
1745,0.92,2,50.38,0.8665,3.5483,0.7218,7.545,0.75,10
1746,0.83,2,50.7133,0.8719,3.3935,0.7637,6.4483,0.75,5
1747,0.92,1,51.0033,0.8426,3.2541,0.7599,5.7991,0.75,5
1748,0.89,2,51.2067,0.8503,3.0287,0.7345,6.4296,0.75,5
1749,0.95,1,51.54,0.8543,2.9258,0.7706,5.2655,0.75,5
1750,0.92,2,51.83,0.8638,2.7333,0.7244,5.6771,0.75,5
1751,0.96,1,52.1833,0.8695,2.6599,0.7608,4.5621,0.75,5
1752,0.89,2,52.4533,0.8785,2.4939,0.7404,5.0047,0.75,5
1753,0.91,2,52.4233,0.8797,2.4445,0.8024,3.9786,0.85,3
1754,0.91,2,52.57,0.8827,2.4001,0.8233,3.4394,0.85,3
1755,0.93,2,52.7,0.8854,2.3601,0.8357,3.1521,0.85,3
1756,0.97,1,52.6567,0.8899,2.3241,0.8228,2.9826,0.85,3
1757,0.93,1,52.6467,0.8979,2.1917,0.7817,4.0492,0.75,5
1758,0.89,1,52.6867,0.9011,2.0725,0.8236,4.0024,0.85,5
1759,0.9,1,52.7967,0.8933,1.9652,0.8482,3.7807,0.85,3
1760,0.9,2,52.7967,0.894,1.8687,0.8676,3.528,0.85,3
1761,0.95,1,53.2933,0.8946,1.9606,0.878,2.8872,0.85,3
1762,0.93,2,53.5567,0.9001,1.8646,0.8234,3.2806,0.85,3
1763,0.97,1,53.7433,0.9031,1.9594,0.8443,2.7571,0.85,3
1764,0.88,2,54.0133,0.9098,1.8634,0.8123,3.2541,0.85,3
1765,0.89,1,54.0467,0.8889,1.959,0.8216,2.7436,0.85,3
1766,0.92,2,54.0367,0.889,1.8631,0.8521,3.2511,0.85,3
1767,0.91,1,54.0367,0.8921,1.9589,0.845,2.7422,0.85,3
1768,0.87,2,54.0267,0.8939,1.863,0.8583,3.2507,0.85,3
1769,0.83,3,53.84,0.8772,1.9589,0.8389,2.742,0.85,3
1770,0.88,2,53.95,0.8442,2.6877,0.7759,4.1832,0.75,5
1771,0.93,1,54.1233,0.8477,2.6189,0.7859,3.8705,0.75,3
1772,0.89,2,53.9833,0.856,2.457,0.7378,4.788,0.75,5
1773,0.9,1,53.88,0.8594,2.4113,0.7795,3.8346,0.75,3
1774,0.95,1,53.66,0.8634,2.2702,0.7924,4.363,0.75,5
1775,0.88,2,53.4533,0.8721,2.1432,0.7468,4.2335,0.75,5
1776,0.88,1,53.2333,0.8729,2.1288,0.8034,3.2906,0.85,3
1777,0.93,1,53.0567,0.8736,2.016,0.8343,3.6947,0.85,3
1778,0.93,1,52.7367,0.8792,1.9144,0.7987,3.5878,0.75,3
1779,0.86,1,52.2867,0.8843,1.8229,0.8017,3.3797,0.85,3
1780,0.9,1,51.9167,0.8673,1.7406,0.811,3.1582,0.85,3
1781,0.9,5,51.5833,0.8706,1.6666,0.816,2.9479,0.85,3
1782,0.97,1,51.2667,0.8735,4.0,0.8232,8.6407,0.85,10
1783,0.95,1,51.0467,0.8832,3.7,0.7475,8.5482,0.75,10
1784,0.98,1,50.8167,0.8898,3.43,0.7716,7.997,0.75,10
1785,0.91,2,50.6367,0.8989,3.187,0.7589,7.3631,0.75,5
1786,0.87,2,50.5467,0.9,3.0683,0.8218,5.8791,0.85,5
1787,0.9,1,50.4233,0.879,2.9615,0.8195,5.0902,0.85,5
1788,0.93,1,50.3,0.8811,2.7653,0.8375,5.7057,0.85,5
1789,0.89,1,50.3433,0.886,2.5888,0.8146,5.5035,0.85,5
1790,0.97,1,50.4933,0.8864,2.4299,0.8469,5.1372,0.85,5
1791,0.9,1,50.0633,0.8947,2.2869,0.7777,4.7509,0.75,5
1792,0.92,1,49.8133,0.8953,2.1582,0.8307,4.3848,0.85,5
1793,0.88,2,49.6367,0.8977,2.0424,0.8487,4.0494,0.85,5
1794,0.92,2,49.38,0.8853,2.0382,0.849,3.139,0.85,3
1795,0.93,2,48.7333,0.8888,2.0343,0.8371,2.6396,0.85,3
1796,0.97,1,48.35,0.8929,2.0309,0.8295,2.3658,0.85,2
1797,0.98,1,48.0233,0.9006,1.9278,0.789,3.3583,0.75,3
1798,0.89,2,47.6033,0.9086,1.835,0.7834,3.3331,0.75,3
1799,0.84,2,47.4033,0.8956,1.9505,0.8224,2.8019,0.85,3
1800,0.95,1,46.9667,0.8567,1.9852,0.7703,2.4564,0.75,2
1801,0.9,2,46.6067,0.866,1.8866,0.7291,3.2667,0.75,3
1802,0.92,1,46.4,0.8694,1.966,0.781,2.7378,0.75,3
1803,0.92,1,46.08,0.8745,1.8694,0.7897,3.2644,0.75,3
1804,0.86,1,45.7267,0.879,1.7825,0.801,3.2021,0.85,3
1805,0.95,2,45.1733,0.8657,1.7042,0.8156,3.0324,0.85,3
1806,0.96,1,44.68,0.8741,1.9113,0.7549,2.7449,0.75,3
1807,0.87,3,44.2667,0.8827,1.8201,0.7477,3.1547,0.75,3
1808,0.88,1,43.9967,0.8738,2.646,0.7978,4.4267,0.75,5
1809,0.91,2,43.7133,0.8744,2.4814,0.832,4.9477,0.85,5
1810,0.86,3,43.35,0.878,2.4333,0.8238,3.9379,0.85,3
1811,0.92,3,42.9467,0.8654,2.83,0.8267,3.9646,0.85,3
1812,0.85,2,42.5533,0.8709,2.949,0.7928,3.613,0.75,3
1813,0.86,3,42.3467,0.8563,2.8541,0.8048,4.2098,0.85,5
1814,0.89,1,42.1233,0.8566,2.9562,0.828,3.7254,0.85,3
1815,0.92,1,41.7967,0.86,2.7606,0.8114,5.4855,0.85,5
1816,0.89,1,41.4,0.866,2.5845,0.7792,5.4303,0.75,5
1817,0.95,1,41.0967,0.8684,2.4261,0.8105,5.1065,0.85,5
1818,0.89,1,40.7467,0.8765,2.2835,0.7598,4.7344,0.75,5
1819,0.92,2,40.3133,0.8779,2.1551,0.8113,4.3737,0.85,5
1820,0.87,3,39.85,0.8821,2.1396,0.8136,3.3734,0.85,3
1821,0.9,1,39.52,0.8736,2.7419,0.8326,4.1052,0.85,5
1822,0.93,1,39.16,0.8763,2.5677,0.8336,5.0785,0.85,5
1823,0.95,1,38.6333,0.8816,2.4109,0.8041,4.9694,0.85,5
1824,0.95,1,38.1433,0.8885,2.2698,0.7853,4.6644,0.75,5
1825,0.93,1,38.0867,0.8946,2.1429,0.7928,4.3278,0.75,5
1826,0.94,1,37.82,0.8982,2.0286,0.8241,4.0049,0.85,5
1827,0.87,2,37.61,0.9023,1.9257,0.8319,3.7077,0.85,3
1828,0.89,2,37.34,0.8797,1.9777,0.8208,2.9591,0.85,3
1829,0.87,3,37.1433,0.8807,1.9933,0.8455,2.5317,0.85,3
1830,0.89,2,36.8,0.8732,2.698,0.8489,4.1144,0.85,5
1831,0.94,1,36.38,0.8749,2.6282,0.8482,3.8629,0.85,3
1832,0.88,1,35.9567,0.8814,2.4654,0.7906,4.8059,0.75,5
1833,0.97,1,35.6867,0.8804,2.3188,0.8307,4.7084,0.85,5
1834,0.93,1,35.47,0.8894,2.187,0.7631,4.4246,0.75,5
1835,0.88,2,35.3967,0.8934,2.0683,0.8045,4.1104,0.85,5
1836,0.93,2,35.2433,0.884,2.0614,0.8319,3.1839,0.85,3
1837,0.84,3,35.01,0.8886,2.0553,0.8192,2.6759,0.85,3
1838,0.93,2,34.88,0.8546,2.7166,0.7776,4.0604,0.75,5
1839,0.94,1,34.6833,0.8621,2.6449,0.7501,3.8755,0.75,3
1840,0.92,1,34.4533,0.8699,2.4804,0.7464,4.8424,0.75,5
1841,0.88,2,34.36,0.8749,2.3324,0.7784,4.7458,0.75,5
1842,0.96,2,34.31,0.8754,2.2992,0.8221,3.6979,0.85,3
1843,0.92,1,34.1667,0.8839,2.2692,0.7639,3.139,0.75,3
1844,0.91,1,34.02,0.8875,2.1423,0.8051,3.9528,0.85,3
1845,0.87,2,34.0,0.8898,2.0281,0.835,3.8868,0.85,3
1846,0.94,2,33.9367,0.8759,2.0253,0.8355,3.044,0.85,3
1847,0.98,1,33.6867,0.8823,2.0227,0.7914,2.5818,0.75,3
1848,0.9,1,33.5233,0.8921,1.9205,0.7488,3.3609,0.75,3
1849,0.91,2,33.2933,0.8929,1.8284,0.8136,3.3208,0.85,3
1850,0.94,1,33.1133,0.8946,1.9485,0.8452,2.7993,0.85,3
1851,0.93,1,32.9533,0.8991,1.8537,0.8311,3.2397,0.85,3
1852,0.94,2,32.7,0.9022,1.7683,0.8457,3.1671,0.85,3
1853,0.92,1,32.4633,0.906,1.9305,0.8455,2.7603,0.85,3
1854,0.91,1,32.3133,0.9074,1.8374,0.8691,3.1962,0.85,3
1855,0.9,1,32.1633,0.9077,1.7537,0.8864,3.1256,0.85,3
1856,0.92,1,32.1133,0.9023,1.6783,0.8866,2.9591,0.85,3
1857,0.95,1,31.9333,0.9041,1.6105,0.8782,2.7782,0.85,3
1858,0.85,2,31.82,0.9087,1.5494,0.8439,2.6053,0.85,3
1859,0.93,2,31.6067,0.8676,1.8648,0.7794,2.7127,0.75,3
1860,0.97,1,31.44,0.8738,1.9595,0.7753,2.4597,0.75,2
1861,0.83,2,31.3433,0.8835,1.8635,0.7405,3.212,0.75,3
1862,0.92,2,31.25,0.846,1.9591,0.7386,2.7212,0.75,3
1863,0.96,1,31.0567,0.8534,1.9877,0.7359,2.4089,0.75,2
1864,0.94,1,30.8333,0.8641,1.8889,0.7039,3.2677,0.75,3
1865,0.93,3,30.6733,0.8717,1.8,0.7353,3.2377,0.75,3
1866,0.83,3,30.5267,0.8775,2.64,0.7679,4.4695,0.75,5
1867,0.94,1,30.3667,0.8443,2.892,0.7555,4.0098,0.75,5
1868,0.94,2,30.12,0.8538,2.7028,0.7134,5.3776,0.75,5
1869,0.95,1,29.9233,0.8624,2.6325,0.7211,4.388,0.75,5
1870,0.86,2,29.7833,0.8712,2.4693,0.728,4.913,0.75,5
1871,0.92,1,29.7033,0.8634,2.4223,0.7834,3.9085,0.75,3
1872,0.89,1,29.5233,0.869,2.2801,0.7796,4.4,0.75,5
1873,0.97,1,29.3233,0.8711,2.1521,0.8143,4.262,0.85,5
1874,0.89,1,29.12,0.881,2.0369,0.7414,3.9989,0.75,3
1875,0.96,1,28.9333,0.8819,1.9332,0.8045,3.7195,0.85,3
1876,0.96,1,28.6733,0.8897,1.8399,0.7742,3.4544,0.75,3
1877,0.87,2,28.58,0.8967,1.7559,0.7812,3.2112,0.75,3
1878,0.97,1,28.37,0.878,1.9268,0.8048,2.7918,0.85,3
1879,0.89,3,28.1233,0.8872,1.8341,0.7544,3.1946,0.75,3
1880,0.89,2,27.9067,0.8875,2.6502,0.8147,4.4193,0.85,5
1881,0.99,1,27.7567,0.8877,2.5852,0.8477,3.9042,0.85,3
1882,0.99,1,27.5767,0.898,2.4267,0.7556,4.7247,0.75,5
1883,0.87,2,27.4933,0.9072,2.284,0.7584,4.6162,0.75,5
1884,0.86,1,27.34,0.8812,2.2556,0.785,3.5915,0.75,3
1885,0.86,1,27.2467,0.8663,2.1301,0.8061,4.0065,0.85,5
1886,0.89,1,27.06,0.8619,2.017,0.8278,3.8811,0.85,3
1887,0.95,1,26.9233,0.8647,1.9153,0.8218,3.6478,0.85,3
1888,0.93,1,26.7933,0.8732,1.8238,0.7535,3.4009,0.75,3
1889,0.92,1,26.58,0.8789,1.7414,0.7769,3.1667,0.75,3
1890,0.96,1,26.45,0.883,1.6673,0.8036,2.952,0.85,3
1891,0.91,4,26.25,0.8907,1.6006,0.7762,2.7575,0.75,3
1892,0.94,1,26.03,0.8927,3.2802,0.8245,6.6425,0.85,5
1893,0.9,1,25.91,0.8974,3.0522,0.8223,6.6906,0.85,5
1894,1.0,0,25.84,0.8976,2.8469,0.8564,6.3034,0.85,5
1895,0.97,1,25.7067,0.9079,2.5622,0.7652,6.9136,0.75,5
1896,0.96,1,25.5433,0.9141,2.406,0.7983,5.6158,0.75,5
1897,0.93,1,25.48,0.9187,2.2654,0.8292,4.8797,0.85,5
1898,0.95,1,25.3867,0.9198,2.1389,0.8684,4.3934,0.85,5
1899,0.96,2,25.2533,0.9228,2.025,0.8726,4.0203,0.85,5
1900,0.9,1,25.1333,0.9266,2.0225,0.8685,3.1159,0.85,3
1901,0.98,1,24.9633,0.908,1.9202,0.8595,3.4495,0.85,3
1902,0.86,2,24.8633,0.9152,1.8282,0.8125,3.3466,0.85,3
1903,0.89,1,24.7067,0.8766,1.9485,0.7821,2.8131,0.75,3
1904,0.94,2,24.5967,0.8779,1.8536,0.8229,3.2421,0.85,3
1905,0.97,1,24.37,0.8841,1.9561,0.7935,2.7428,0.75,3
1906,0.9,2,24.23,0.8927,1.8605,0.7645,3.245,0.75,3
1907,0.91,1,24.09,0.8934,1.9581,0.8225,2.7404,0.85,3
1908,0.86,3,24.0267,0.8951,1.8623,0.85,3.2488,0.85,3
1909,0.94,2,23.9233,0.8705,2.6587,0.8163,4.3988,0.85,5
1910,0.91,2,23.8067,0.8775,2.5928,0.7774,3.9082,0.75,3
1911,0.93,1,23.6467,0.8807,2.5335,0.8099,3.622,0.85,3
1912,0.92,3,23.5133,0.8857,2.3802,0.8075,4.5732,0.85,5
1913,0.98,1,23.41,0.8891,2.8141,0.8253,4.2873,0.85,5
1914,0.89,1,23.3567,0.8982,2.6327,0.7683,5.2563,0.75,5
1915,0.9,1,23.17,0.8925,2.4694,0.8204,5.1365,0.85,5
1916,0.9,1,23.0733,0.8932,2.3224,0.8524,4.8171,0.85,5
1917,0.89,3,23.0533,0.8939,2.1902,0.8697,4.466,0.85,5
1918,0.9,1,22.9033,0.8912,2.7571,0.8769,4.4291,0.85,5
1919,0.89,1,22.8233,0.892,2.5814,0.8776,5.167,0.85,5
1920,0.92,1,22.7567,0.8906,2.4232,0.8822,5.0197,0.85,5
1921,0.91,1,22.7567,0.8936,2.2809,0.8529,4.7014,0.85,5
1922,0.87,1,22.7167,0.8952,2.1528,0.8634,4.3585,0.85,5
1923,0.93,2,22.74,0.8776,2.0375,0.8388,4.0316,0.85,5
1924,0.95,1,22.71,0.8828,2.0338,0.8076,3.1272,0.85,3
1925,0.94,2,22.6867,0.8895,1.9304,0.7883,3.474,0.75,3
1926,0.9,2,22.6867,0.8946,1.9791,0.8057,2.83,0.85,3
1927,0.89,1,22.6,0.8951,1.9937,0.8459,2.4607,0.85,2
1928,0.89,1,22.5433,0.8915,1.8944,0.8637,3.2856,0.85,3
1929,0.9,1,22.52,0.8905,1.8049,0.875,3.2525,0.85,3
1930,0.89,1,22.4733,0.8914,1.7244,0.8758,3.0867,0.85,3
1931,0.85,2,22.4033,0.8904,1.652,0.8817,2.8972,0.85,3
1932,0.9,1,22.3633,0.8621,1.8956,0.8063,2.729,0.85,3
1933,0.94,1,22.44,0.8659,1.806,0.8055,3.1204,0.85,3
1934,0.94,1,22.42,0.8733,1.7254,0.7661,3.0478,0.75,3
1935,0.91,1,22.5133,0.88,1.6529,0.7711,2.8863,0.75,3
1936,0.93,2,22.6333,0.883,1.5876,0.8104,2.7117,0.85,3
1937,0.9,2,22.72,0.8877,1.8763,0.8118,2.7137,0.85,3
1938,0.95,1,22.7367,0.8889,1.9629,0.844,2.4521,0.85,2
1939,0.93,2,22.8133,0.895,1.8666,0.8075,3.2185,0.85,3
1940,0.84,1,23.0,0.8985,1.96,0.8306,2.7229,0.85,3
1941,0.89,1,23.1667,0.8576,1.864,0.7688,3.2496,0.75,3
1942,0.9,1,23.3133,0.8608,1.7776,0.7948,3.1881,0.75,3
1943,0.95,1,23.4467,0.8647,1.6998,0.7998,3.0197,0.75,3
1944,0.93,2,23.5133,0.8733,1.6298,0.7506,2.8341,0.75,3
1945,0.93,2,23.6533,0.8789,1.889,0.7759,2.7223,0.75,3
1946,0.95,1,23.78,0.884,1.9667,0.7939,2.4481,0.75,2
1947,0.93,1,23.83,0.8906,1.87,0.7873,3.2262,0.75,3
1948,0.94,2,23.9933,0.8946,1.783,0.8162,3.192,0.85,3
1949,0.88,1,24.09,0.8991,1.9349,0.8233,2.7624,0.85,3
1950,0.94,1,24.2267,0.8857,1.8414,0.8366,3.2055,0.85,3
1951,0.93,2,24.24,0.8912,1.7573,0.8118,3.1353,0.85,3
1952,0.94,2,24.3567,0.895,1.9272,0.8261,2.7526,0.85,3
1953,0.8,3,24.43,0.8995,1.9782,0.8271,2.4412,0.85,2
1954,0.86,2,24.5233,0.8299,2.6934,0.6872,4.1224,0.65,5
1955,0.88,1,24.5533,0.8329,2.6241,0.7444,3.8583,0.75,3
1956,0.93,1,24.63,0.8376,2.4617,0.7566,4.7967,0.75,5
1957,0.93,1,24.77,0.8468,2.3155,0.7121,4.6992,0.75,5
1958,0.97,1,24.8167,0.8551,2.184,0.719,4.416,0.75,5
1959,0.95,1,24.9,0.8666,2.0656,0.6919,4.1026,0.65,5
1960,0.87,1,25.0433,0.875,1.959,0.7255,3.8016,0.75,3
1961,0.89,1,25.22,0.8715,1.8631,0.7894,3.5246,0.75,3
1962,0.91,1,25.3533,0.8733,1.7768,0.8216,3.2731,0.85,3
1963,0.94,1,25.4167,0.877,1.6991,0.8192,3.0462,0.85,3
1964,0.84,2,25.4933,0.8833,1.6292,0.791,2.8417,0.75,3
1965,0.98,1,25.47,0.853,1.8888,0.7748,2.7263,0.75,3
1966,0.84,3,25.4167,0.8657,1.7999,0.6857,3.1062,0.65,3
1967,0.94,1,25.28,0.8477,2.64,0.743,4.4399,0.75,5
1968,0.92,1,25.2633,0.8569,2.476,0.7176,4.9388,0.75,5
1969,0.89,1,25.2067,0.8632,2.3284,0.7477,4.7667,0.75,5
1970,0.87,1,25.0267,0.8659,2.1955,0.7927,4.4595,0.75,5
1971,0.88,1,24.7867,0.8663,2.076,0.8258,4.1362,0.85,5
1972,0.88,1,24.6033,0.8677,1.9684,0.8386,3.8301,0.85,3
1973,0.89,2,24.4033,0.8689,1.8715,0.8457,3.5496,0.85,3
1974,0.86,3,24.28,0.871,1.9615,0.8394,2.8974,0.85,3
1975,0.97,1,24.14,0.8633,2.6884,0.8403,4.2068,0.85,5
1976,0.9,1,24.04,0.874,2.5196,0.7266,4.9875,0.75,5
1977,0.85,2,24.05,0.8766,2.3676,0.7883,4.8577,0.75,5
1978,0.89,1,24.0067,0.858,2.3309,0.7973,3.7856,0.75,3
1979,0.88,2,24.0433,0.8612,2.1978,0.806,4.1951,0.85,5
1980,0.89,2,23.97,0.8631,2.178,0.8233,3.3053,0.85,3
1981,0.99,1,24.04,0.8658,2.1602,0.8227,2.8245,0.85,3
1982,0.99,1,24.0267,0.8782,2.0442,0.7056,3.6818,0.75,3
1983,0.85,2,24.0767,0.8894,1.9398,0.7088,3.6337,0.75,3
1984,0.96,1,24.05,0.8618,1.9819,0.749,2.9134,0.75,3
1985,0.97,1,24.0633,0.8716,1.8837,0.723,3.3282,0.75,3
1986,0.92,2,24.0533,0.8815,1.7954,0.7235,3.2462,0.75,3
1987,0.89,2,24.04,0.8853,1.9386,0.7838,2.7817,0.75,3
1988,0.87,3,24.0633,0.8858,1.9816,0.8298,2.451,0.85,2
1989,0.89,1,24.1633,0.8747,2.6945,0.8372,4.1194,0.85,5
1990,0.91,2,24.21,0.8763,2.525,0.8469,4.9841,0.85,5
1991,0.9,1,24.2833,0.8796,2.4725,0.8305,4.001,0.85,5
1992,0.9,1,24.3167,0.8817,2.3253,0.8428,4.5178,0.85,5
1993,0.9,2,24.38,0.8835,2.1927,0.8505,4.3764,0.85,5
1994,0.97,1,24.41,0.8852,2.1735,0.8561,3.3986,0.85,3
1995,0.86,3,24.5033,0.8936,2.0561,0.7758,3.8049,0.75,3
1996,0.91,1,24.6333,0.8701,2.7168,0.7907,4.3308,0.75,5
1997,0.92,2,24.8233,0.8741,2.5452,0.804,5.0678,0.85,5
1998,0.95,1,24.9633,0.8787,2.4906,0.8047,4.0629,0.85,5
1999,0.91,2,25.1433,0.8858,2.3416,0.7796,4.5664,0.75,5
2000,0.89,2,25.3733,0.8882,2.3074,0.8212,3.6135,0.85,3
2001,0.96,1,25.6633,0.8884,2.2767,0.8516,3.1078,0.85,3
2002,0.9,2,25.8767,0.8956,2.149,0.795,3.964,0.75,3
2003,0.87,1,26.1033,0.896,2.1341,0.8406,3.1491,0.85,3
2004,0.9,1,26.32,0.8778,2.0207,0.8309,3.6775,0.85,3
2005,0.94,1,26.5733,0.88,1.9186,0.8401,3.5909,0.85,3
2006,0.68,10,26.85,0.886,1.8268,0.8006,3.3879,0.85,3
2007,0.18,70,27.0467,0.7418,7.548,0.3201,38.6143,0.45,40
2008,0.64,20,27.22,0.3485,51.2644,0.0,82.3307,0.45,40
2009,0.93,2,27.2467,0.3777,48.138,0.0,94.406,0.45,40
2010,0.9,1,27.36,0.4329,43.5242,0.0,100.0,0.45,40
2011,0.93,1,27.2333,0.4796,39.2718,0.0,100.0,0.45,40
2012,0.91,1,27.1933,0.5247,35.4446,0.0,100.0,0.45,40
2013,0.9,1,27.0867,0.5632,32.0001,0.0,91.2755,0.45,40
2014,0.9,3,27.0433,0.5969,28.9001,0.0052,82.5108,0.45,40
2015,0.96,1,26.9267,0.6272,26.3101,0.0989,72.491,0.45,40
2016,0.92,1,26.8533,0.6605,23.7791,0.1187,66.8259,0.45,40
2017,0.88,2,26.6433,0.6864,21.5012,0.2221,60.7264,0.45,40
2018,0.92,1,26.51,0.7058,19.5511,0.3375,53.9287,0.45,40
2019,0.89,2,26.3,0.7272,17.696,0.37,49.4183,0.45,40
2020,0.93,1,26.07,0.7435,16.1264,0.446,43.8477,0.45,40
2021,0.92,2,25.7667,0.7621,14.6137,0.4581,40.3795,0.45,40
2022,0.89,1,25.5267,0.7779,13.3524,0.5042,35.724,0.55,40
2023,0.92,2,25.1967,0.7891,12.1171,0.574,33.0722,0.55,40
2024,0.87,1,24.92,0.8022,11.1054,0.587,29.1494,0.55,20
2025,0.97,1,24.6267,0.809,10.0949,0.6587,27.1558,0.65,20
2026,0.89,1,24.31,0.8251,9.1854,0.5887,24.8052,0.55,20
2027,0.85,2,23.9767,0.8316,8.3668,0.6743,22.512,0.65,20
2028,0.95,2,23.6433,0.8334,7.7302,0.7436,19.4262,0.75,20
2029,0.94,1,23.27,0.8451,7.1571,0.6773,17.3171,0.65,20
2030,0.91,1,22.86,0.8546,6.5414,0.6949,16.6787,0.65,20
2031,0.9,1,22.45,0.8601,5.9873,0.7441,15.4205,0.75,20
2032,0.88,1,22.0733,0.8641,5.4886,0.7801,14.0794,0.75,10
2033,0.93,1,21.7,0.8657,5.0397,0.8148,12.8048,0.85,10
2034,0.91,2,21.26,0.8721,4.6357,0.7793,11.6354,0.75,10
2035,0.67,7,20.7733,0.8759,4.3722,0.8031,9.65,0.85,10
2036,0.55,40,20.2533,0.7318,6.2116,0.3101,37.2779,0.45,40
2037,0.75,8,19.69,0.6045,29.8635,0.1829,60.9297,0.45,40
2038,0.02,96,19.0967,0.6191,27.6771,0.3134,62.2435,0.45,40
2039,0.35,34,18.6533,0.1997,75.5031,0.0,100.0,0.45,40
2040,0.66,8,18.1367,0.2148,71.3528,0.0,100.0,0.45,40
2041,0.9,2,17.77,0.2593,65.0175,0.0,100.0,0.45,40
2042,0.96,2,17.3667,0.3233,58.7158,0.0,100.0,0.45,40
2043,0.88,1,16.96,0.387,53.0442,0.0,100.0,0.45,40
2044,0.9,1,16.4733,0.4363,47.8398,0.0,100.0,0.45,40
2045,0.94,1,16.0767,0.4827,43.1558,0.0,100.0,0.45,40
2046,0.89,1,15.6433,0.5284,38.9402,0.0,100.0,0.45,40
2047,0.97,1,15.2867,0.5646,35.1462,0.0,100.0,0.45,40
2048,0.99,1,14.9,0.6051,31.7316,0.0,90.9336,0.45,40
2049,0.89,2,14.4833,0.6436,28.6584,0.0017,81.951,0.45,40
2050,0.92,2,14.07,0.6682,25.9926,0.1798,72.875,0.45,40
2051,0.97,1,13.6967,0.6934,23.5933,0.2557,65.4214,0.45,40
2052,0.91,3,13.2733,0.7211,21.334,0.2712,59.9555,0.45,40
2053,0.88,1,12.95,0.74,19.5006,0.3818,52.4261,0.45,40
2054,0.95,1,12.63,0.754,17.6505,0.479,48.8507,0.45,40
2055,0.87,2,12.34,0.7736,15.9855,0.4646,44.5703,0.45,40
2056,0.85,2,12.0033,0.7832,14.5869,0.5682,39.3974,0.55,40
2057,0.99,1,11.6667,0.7899,13.3282,0.6405,35.3445,0.65,40
2058,0.92,1,11.3367,0.8099,12.0954,0.5226,32.9103,0.55,40
2059,0.87,2,11.0467,0.8209,10.9859,0.6025,30.0418,0.65,40
2060,0.9,2,10.72,0.8258,10.0873,0.6884,26.2694,0.65,20
2061,0.93,2,10.3967,0.8332,9.2786,0.7064,23.5062,0.75,20
2062,0.86,1,10.1033,0.8429,8.5507,0.6927,21.2417,0.65,20
2063,0.94,2,9.81,0.8446,7.7956,0.7591,20.2974,0.75,20
2064,0.92,1,9.5167,0.8542,7.2161,0.7148,17.7281,0.75,20
2065,0.93,2,9.2567,0.8607,6.5945,0.7423,16.9061,0.75,20
2066,0.89,1,8.9767,0.8677,6.135,0.7524,14.613,0.75,10
2067,0.89,1,8.7133,0.8699,5.6215,0.7997,14.0774,0.75,10
2068,0.95,1,8.5033,0.8719,5.1594,0.8245,13.0271,0.85,10
2069,0.93,2,8.2833,0.8797,4.7434,0.7692,11.9083,0.75,10
2070,0.9,1,8.1167,0.8848,4.4691,0.7928,9.9147,0.75,10
2071,0.95,1,7.9567,0.8863,4.1222,0.8317,9.7514,0.85,10
2072,0.89,1,7.7833,0.8926,3.81,0.8,9.0984,0.85,10
2073,0.9,1,7.6,0.8908,3.529,0.8399,8.3605,0.85,10
2074,0.89,2,7.4733,0.8917,3.2761,0.8611,7.6482,0.85,10
2075,0.88,1,7.33,0.8905,3.1485,0.8736,6.1181,0.85,5
2076,0.85,4,7.23,0.8832,2.9336,0.866,6.3082,0.85,5
2077,0.88,2,7.1133,0.8599,3.6801,0.8134,6.0402,0.85,5
2078,0.97,1,6.9967,0.862,3.5121,0.8244,6.161,0.85,5
2079,0.83,4,6.92,0.8728,3.2609,0.7226,7.0101,0.75,5
2080,0.99,1,6.82,0.8428,3.7783,0.7417,6.0699,0.75,5
2081,0.85,3,6.71,0.8575,3.5004,0.6476,7.5246,0.65,10
2082,0.91,2,6.6567,0.8523,3.4504,0.7368,5.7596,0.75,5
2083,0.92,1,6.5667,0.858,3.3054,0.7565,5.6684,0.75,5
2084,0.87,2,6.48,0.8642,3.0748,0.7624,6.5012,0.75,5
2085,0.89,1,6.1967,0.8648,2.9673,0.8085,5.3569,0.85,5
2086,0.92,1,6.1655,0.8673,2.7706,0.8209,5.7778,0.85,5
2087,0.94,1,6.1321,0.8726,2.5935,0.7958,5.5347,0.75,5
2088,0.94,1,6.0889,0.8793,2.4342,0.7775,5.1553,0.75,5
2089,0.85,2,6.0423,0.8854,2.2908,0.785,4.764,0.75,5
2090,0.87,3,6.036,0.8606,2.2617,0.7871,3.6742,0.75,3
2091,0.94,1,6.025,0.8616,2.7785,0.8193,4.0556,0.85,5
2092,0.81,2,6.0087,0.8694,2.6007,0.759,5.1462,0.75,5
2093,0.93,1,5.9909,0.8278,2.5406,0.7261,4.1615,0.75,5
2094,0.93,1,5.9714,0.838,2.3865,0.6868,4.685,0.65,5
2095,0.89,1,5.94,0.8472,2.2479,0.696,4.5339,0.65,5
2096,0.89,1,5.9158,0.8515,2.1231,0.7499,4.2484,0.75,5
2097,0.88,2,5.8833,0.8554,2.0108,0.7785,3.9457,0.75,3
2098,0.86,2,5.8471,0.8578,2.0097,0.8038,3.0696,0.85,3
2099,0.92,1,5.8188,0.858,2.0087,0.8283,2.5894,0.85,3
